ISO-10303-21;
HEADER;
FILE_DESCRIPTION (( 'STEP AP203' ),
    '1' );
FILE_NAME ('USBµÆ_Ö§¼Ü.STEP',
    '2026-05-19T19:07:54',
    ( '' ),
    ( '' ),
    'SwSTEP 2.0',
    'SolidWorks 2024',
    '' );
FILE_SCHEMA (( 'CONFIG_CONTROL_DESIGN' ));
ENDSEC;

DATA;
#1 = FACE_OUTER_BOUND ( 'NONE', #541, .T. ) ;
#2 = ORIENTED_EDGE ( 'NONE', *, *, #589, .T. ) ;
#3 = LINE ( 'NONE', #710, #975 ) ;
#4 = FACE_OUTER_BOUND ( 'NONE', #1684, .T. ) ;
#5 = EDGE_CURVE ( 'NONE', #112, #2047, #472, .T. ) ;
#6 = ORIENTED_EDGE ( 'NONE', *, *, #2297, .T. ) ;
#7 = CARTESIAN_POINT ( 'NONE',  ( 63.47706726418827827, -4.235164736271501695E-19, 46.99999999999932498 ) ) ;
#8 = EDGE_CURVE ( 'NONE', #649, #959, #843, .T. ) ;
#9 = ORIENTED_EDGE ( 'NONE', *, *, #973, .T. ) ;
#10 = CARTESIAN_POINT ( 'NONE',  ( 23.00000000000105516, -4.235164736271501695E-19, 63.47706726418746115 ) ) ;
#11 = DIRECTION ( 'NONE',  ( -0.9196102940213418675, 0.000000000000000000, -0.3928319069652835838 ) ) ;
#12 = ORIENTED_EDGE ( 'NONE', *, *, #1194, .T. ) ;
#13 = CARTESIAN_POINT ( 'NONE',  ( 9.000000000000650147, 3.000000000000000000, 47.00000000000019895 ) ) ;
#14 = CARTESIAN_POINT ( 'NONE',  ( -9.999999999999996447, 0.000000000000000000, 30.55011433381687880 ) ) ;
#15 = VERTEX_POINT ( 'NONE', #816 ) ;
#16 = ADVANCED_BREP_SHAPE_REPRESENTATION ( 'USB\X2\706f\X0\_\X2\652f67b6\X0\', ( #1833, #1694 ), #1728 ) ;
#17 = EDGE_LOOP ( 'NONE', ( #786, #1999 ) ) ;
#18 = CARTESIAN_POINT ( 'NONE',  ( 9.000000000000000000, 3.000000000000000000, 9.000000000000000000 ) ) ;
#19 = ADVANCED_FACE ( 'NONE', ( #1544 ), #463, .F. ) ;
#20 = ORIENTED_EDGE ( 'NONE', *, *, #1257, .T. ) ;
#21 = DIRECTION ( 'NONE',  ( -0.000000000000000000, 1.000000000000000000, -0.000000000000000000 ) ) ;
#22 = DIRECTION ( 'NONE',  ( -0.3928319069652835838, 0.000000000000000000, -0.9196102940213418675 ) ) ;
#23 = DIRECTION ( 'NONE',  ( -0.000000000000000000, 1.000000000000000000, -0.000000000000000000 ) ) ;
#24 = EDGE_CURVE ( 'NONE', #430, #1793, #1718, .T. ) ;
#25 = CARTESIAN_POINT ( 'NONE',  ( 47.00000000000108713, -0.001000000000000132727, 58.52293273581191357 ) ) ;
#26 = EDGE_LOOP ( 'NONE', ( #1871, #160, #1120, #724 ) ) ;
#27 = CIRCLE ( 'NONE', #1084, 2.524999999999999467 ) ;
#28 = AXIS2_PLACEMENT_3D ( 'NONE', #619, #987, #1864 ) ;
#29 = AXIS2_PLACEMENT_3D ( 'NONE', #2321, #1085, #327 ) ;
#30 = ORIENTED_EDGE ( 'NONE', *, *, #1644, .F. ) ;
#31 = VECTOR ( 'NONE', #136, 1000.000000000000000 ) ;
#32 = CARTESIAN_POINT ( 'NONE',  ( 22.99999999999999645, -0.001000000000000132727, 9.000000000000000000 ) ) ;
#33 = CARTESIAN_POINT ( 'NONE',  ( 108.5120885577429135, 3.000000000000000000, 122.7524265684724156 ) ) ;
#34 = ORIENTED_EDGE ( 'NONE', *, *, #1106, .F. ) ;
#35 = AXIS2_PLACEMENT_3D ( 'NONE', #2056, #782, #955 ) ;
#36 = EDGE_CURVE ( 'NONE', #1800, #2325, #27, .T. ) ;
#37 = CARTESIAN_POINT ( 'NONE',  ( 63.47706726418827827, 3.000000000000000000, 46.99999999999932498 ) ) ;
#38 = AXIS2_PLACEMENT_3D ( 'NONE', #1772, #459, #502 ) ;
#39 = DIRECTION ( 'NONE',  ( -0.000000000000000000, -1.000000000000000000, -0.000000000000000000 ) ) ;
#40 = CARTESIAN_POINT ( 'NONE',  ( 47.00000000000108713, 0.000000000000000000, 58.52293273581191357 ) ) ;
#41 = CARTESIAN_POINT ( 'NONE',  ( 47.00000000000000000, 3.000000000000000000, 11.47706726418784839 ) ) ;
#42 = ORIENTED_EDGE ( 'NONE', *, *, #1381, .T. ) ;
#43 = EDGE_CURVE ( 'NONE', #2187, #1717, #2151, .T. ) ;
#44 = VERTEX_POINT ( 'NONE', #7 ) ;
#45 = CARTESIAN_POINT ( 'NONE',  ( 47.00000000000000000, -0.001000000000000132727, 8.999999999999994671 ) ) ;
#46 = EDGE_LOOP ( 'NONE', ( #2272, #336, #954, #122 ) ) ;
#47 = DIRECTION ( 'NONE',  ( 8.659560562354915602E-17, 0.7071067811865489050, -0.7071067811865462405 ) ) ;
#48 = DIRECTION ( 'NONE',  ( 0.000000000000000000, 0.000000000000000000, 1.000000000000000000 ) ) ;
#49 = CARTESIAN_POINT ( 'NONE',  ( 80.00000000000000000, 3.000000000000000000, 30.55011433381627128 ) ) ;
#50 = EDGE_CURVE ( 'NONE', #430, #1800, #509, .T. ) ;
#51 = ORIENTED_EDGE ( 'NONE', *, *, #1030, .F. ) ;
#52 = EDGE_CURVE ( 'NONE', #1853, #1289, #1274, .T. ) ;
#53 = ORIENTED_EDGE ( 'NONE', *, *, #2107, .T. ) ;
#54 = LINE ( 'NONE', #1340, #1549 ) ;
#55 = DIRECTION ( 'NONE',  ( 0.000000000000000000, 1.000000000000000000, 0.000000000000000000 ) ) ;
#56 = VERTEX_POINT ( 'NONE', #878 ) ;
#57 = DIRECTION ( 'NONE',  ( -0.3928319069652859707, -0.000000000000000000, -0.9196102940213407573 ) ) ;
#58 = CARTESIAN_POINT ( 'NONE',  ( -18.71468948855545023, 0.000000000000000000, 117.9106497917680798 ) ) ;
#59 = EDGE_CURVE ( 'NONE', #372, #112, #2300, .T. ) ;
#60 = CARTESIAN_POINT ( 'NONE',  ( 84.94428728306793630, 3.000000000000000000, 115.4212606103257031 ) ) ;
#61 = ORIENTED_EDGE ( 'NONE', *, *, #1932, .T. ) ;
#62 = EDGE_CURVE ( 'NONE', #1289, #1136, #149, .T. ) ;
#63 = VERTEX_POINT ( 'NONE', #1814 ) ;
#64 = AXIS2_PLACEMENT_3D ( 'NONE', #1054, #638, #1916 ) ;
#65 = DIRECTION ( 'NONE',  ( -0.000000000000000000, -1.000000000000000000, -0.000000000000000000 ) ) ;
#66 = VECTOR ( 'NONE', #849, 1000.000000000000000 ) ;
#67 = LINE ( 'NONE', #793, #1011 ) ;
#68 = VERTEX_POINT ( 'NONE', #1602 ) ;
#69 = AXIS2_PLACEMENT_3D ( 'NONE', #2331, #707, #1807 ) ;
#70 = EDGE_CURVE ( 'NONE', #2180, #1465, #1613, .T. ) ;
#71 = DIRECTION ( 'NONE',  ( 0.000000000000000000, -1.000000000000000000, 0.000000000000000000 ) ) ;
#72 = CARTESIAN_POINT ( 'NONE',  ( 35.00000000000027001, 3.000000000000000000, 35.00000000000000000 ) ) ;
#73 = VECTOR ( 'NONE', #1579, 1000.000000000000000 ) ;
#74 = VECTOR ( 'NONE', #706, 1000.000000000000000 ) ;
#75 = EDGE_CURVE ( 'NONE', #1697, #15, #690, .T. ) ;
#76 = EDGE_LOOP ( 'NONE', ( #1441, #2271, #768, #1961, #584 ) ) ;
#77 = ORIENTED_EDGE ( 'NONE', *, *, #1838, .T. ) ;
#78 = LINE ( 'NONE', #421, #1955 ) ;
#79 = DIRECTION ( 'NONE',  ( -0.000000000000000000, -1.000000000000000000, -0.000000000000000000 ) ) ;
#80 = ORIENTED_EDGE ( 'NONE', *, *, #1519, .F. ) ;
#81 = FACE_OUTER_BOUND ( 'NONE', #2032, .T. ) ;
#82 = ADVANCED_FACE ( 'NONE', ( #1764, #870, #2326, #550, #1234, #889, #1612, #540, #1588, #719, #1982, #701, #1413, #2339 ), #2141, .F. ) ;
#83 = PLANE ( 'NONE',  #445 ) ;
#84 = EDGE_LOOP ( 'NONE', ( #2062, #1860 ) ) ;
#85 = ORIENTED_EDGE ( 'NONE', *, *, #563, .F. ) ;
#86 = ORIENTED_EDGE ( 'NONE', *, *, #1970, .F. ) ;
#87 = CARTESIAN_POINT ( 'NONE',  ( 9.000000000000650147, -0.001000000000000132727, 47.00000000000019895 ) ) ;
#88 = CARTESIAN_POINT ( 'NONE',  ( 9.000000000000000000, 2.574999999999998401, 9.000000000000000000 ) ) ;
#89 = ORIENTED_EDGE ( 'NONE', *, *, #1143, .F. ) ;
#90 = DIRECTION ( 'NONE',  ( -0.000000000000000000, 1.000000000000000000, -0.000000000000000000 ) ) ;
#91 = LINE ( 'NONE', #862, #2302 ) ;
#92 = EDGE_CURVE ( 'NONE', #1717, #2187, #1836, .T. ) ;
#93 = FACE_OUTER_BOUND ( 'NONE', #704, .T. ) ;
#94 = ADVANCED_FACE ( 'NONE', ( #356 ), #1080, .F. ) ;
#95 = ORIENTED_EDGE ( 'NONE', *, *, #2297, .F. ) ;
#96 = DIRECTION ( 'NONE',  ( -1.029992063861229055E-14, -0.000000000000000000, 1.000000000000000000 ) ) ;
#97 = CARTESIAN_POINT ( 'NONE',  ( 84.94428728306793630, 0.000000000000000000, 115.4212606103257031 ) ) ;
#98 = LINE ( 'NONE', #1009, #1543 ) ;
#99 = ORIENTED_EDGE ( 'NONE', *, *, #2342, .F. ) ;
#100 = VECTOR ( 'NONE', #526, 1000.000000000000000 ) ;
#101 = DIRECTION ( 'NONE',  ( -0.000000000000000000, 1.000000000000000000, -0.000000000000000000 ) ) ;
#102 = DIRECTION ( 'NONE',  ( 0.000000000000000000, 0.000000000000000000, 1.000000000000000000 ) ) ;
#103 = VECTOR ( 'NONE', #323, 1000.000000000000000 ) ;
#104 = AXIS2_PLACEMENT_3D ( 'NONE', #2146, #343, #1608 ) ;
#105 = CIRCLE ( 'NONE', #1619, 9.999999999999994671 ) ;
#106 = VECTOR ( 'NONE', #1831, 1000.000000000000000 ) ;
#107 = CARTESIAN_POINT ( 'NONE',  ( 92.48509169404294994, 0.000000000000000000, 112.2000389732103969 ) ) ;
#108 = DIRECTION ( 'NONE',  ( -0.000000000000000000, 1.000000000000000000, -0.000000000000000000 ) ) ;
#109 = AXIS2_PLACEMENT_3D ( 'NONE', #1217, #2084, #656 ) ;
#110 = AXIS2_PLACEMENT_3D ( 'NONE', #18, #514, #1276 ) ;
#111 = ORIENTED_EDGE ( 'NONE', *, *, #926, .T. ) ;
#112 = VERTEX_POINT ( 'NONE', #903 ) ;
#113 = ADVANCED_FACE ( 'NONE', ( #1626 ), #485, .F. ) ;
#114 = CYLINDRICAL_SURFACE ( 'NONE', #1506, 2.477067264187858608 ) ;
#115 = CARTESIAN_POINT ( 'NONE',  ( 61.00000000000054001, 0.000000000000000000, 63.10000000000000142 ) ) ;
#116 = ORIENTED_EDGE ( 'NONE', *, *, #1196, .T. ) ;
#117 = CARTESIAN_POINT ( 'NONE',  ( 61.00000000000000000, 3.000000000000000000, 9.000000000000000000 ) ) ;
#118 = DIRECTION ( 'NONE',  ( 0.000000000000000000, 0.000000000000000000, -1.000000000000000000 ) ) ;
#119 = APPROVAL_ROLE ( '' ) ;
#120 = FACE_OUTER_BOUND ( 'NONE', #700, .T. ) ;
#121 = EDGE_CURVE ( 'NONE', #597, #1606, #892, .T. ) ;
#122 = ORIENTED_EDGE ( 'NONE', *, *, #613, .F. ) ;
#123 = ORIENTED_EDGE ( 'NONE', *, *, #926, .F. ) ;
#124 = EDGE_CURVE ( 'NONE', #239, #565, #1002, .T. ) ;
#125 = CARTESIAN_POINT ( 'NONE',  ( 10.00000000000000178, 3.000000000000000000, 10.00000000000000000 ) ) ;
#126 = LINE ( 'NONE', #402, #106 ) ;
#127 = VERTEX_POINT ( 'NONE', #1538 ) ;
#128 = FACE_OUTER_BOUND ( 'NONE', #1752, .T. ) ;
#129 = DIRECTION ( 'NONE',  ( 0.000000000000000000, 0.000000000000000000, 1.000000000000000000 ) ) ;
#130 = ORIENTED_EDGE ( 'NONE', *, *, #341, .T. ) ;
#131 = PERSON_AND_ORGANIZATION_ROLE ( 'classification_officer' ) ;
#132 = EDGE_CURVE ( 'NONE', #529, #847, #1992, .T. ) ;
#133 = CYLINDRICAL_SURFACE ( 'NONE', #362, 2.100000000000004530 ) ;
#134 = DIRECTION ( 'NONE',  ( -0.000000000000000000, 1.000000000000000000, -0.000000000000000000 ) ) ;
#135 = DIRECTION ( 'NONE',  ( 0.000000000000000000, -1.000000000000000000, 0.000000000000000000 ) ) ;
#136 = DIRECTION ( 'NONE',  ( -0.000000000000000000, -0.000000000000000000, -1.000000000000000000 ) ) ;
#137 = ORIENTED_EDGE ( 'NONE', *, *, #2337, .T. ) ;
#138 = CARTESIAN_POINT ( 'NONE',  ( 0.000000000000000000, 0.000000000000000000, 0.000000000000000000 ) ) ;
#139 = CARTESIAN_POINT ( 'NONE',  ( 47.00000000000108713, 3.000000000000000000, 58.52293273581191357 ) ) ;
#140 = ORIENTED_EDGE ( 'NONE', *, *, #1632, .T. ) ;
#141 = EDGE_CURVE ( 'NONE', #794, #1187, #293, .T. ) ;
#142 = EDGE_CURVE ( 'NONE', #501, #2247, #331, .T. ) ;
#143 = VECTOR ( 'NONE', #1102, 1000.000000000000114 ) ;
#144 = COORDINATED_UNIVERSAL_TIME_OFFSET ( 8, 0, .AHEAD. ) ;
#145 = FACE_OUTER_BOUND ( 'NONE', #419, .T. ) ;
#146 = AXIS2_PLACEMENT_3D ( 'NONE', #32, #756, #1480 ) ;
#147 = AXIS2_PLACEMENT_3D ( 'NONE', #1640, #21, #604 ) ;
#148 = VERTEX_POINT ( 'NONE', #1561 ) ;
#149 = LINE ( 'NONE', #1792, #100 ) ;
#150 = VECTOR ( 'NONE', #101, 1000.000000000000000 ) ;
#151 = CARTESIAN_POINT ( 'NONE',  ( 22.99999999999999645, -0.001000000000000132727, 6.522932735812144500 ) ) ;
#152 = CARTESIAN_POINT ( 'NONE',  ( 0.000000000000000000, 0.000000000000000000, 0.000000000000000000 ) ) ;
#153 = EDGE_LOOP ( 'NONE', ( #2299, #1983, #366, #1036 ) ) ;
#154 = DIRECTION ( 'NONE',  ( 0.000000000000000000, 0.000000000000000000, 1.000000000000000000 ) ) ;
#155 = CARTESIAN_POINT ( 'NONE',  ( -14.94428728306792387, 0.000000000000000000, 115.4212606103257031 ) ) ;
#156 = VERTEX_POINT ( 'NONE', #1232 ) ;
#157 = EDGE_CURVE ( 'NONE', #1675, #201, #2336, .T. ) ;
#158 = PERSON_AND_ORGANIZATION ( #2174, #2305 ) ;
#159 = CARTESIAN_POINT ( 'NONE',  ( 0.000000000000000000, 3.000000000000000000, 0.000000000000000000 ) ) ;
#160 = ORIENTED_EDGE ( 'NONE', *, *, #1390, .T. ) ;
#161 = CARTESIAN_POINT ( 'NONE',  ( 61.00000000000000000, 0.000000000000000000, 9.000000000000000000 ) ) ;
#162 = FACE_OUTER_BOUND ( 'NONE', #927, .T. ) ;
#163 = CARTESIAN_POINT ( 'NONE',  ( 76.77181541543161813, -0.001000000000000132727, 75.41562721235672484 ) ) ;
#164 = VERTEX_POINT ( 'NONE', #1777 ) ;
#165 = CARTESIAN_POINT ( 'NONE',  ( 11.47706726418850209, 3.000000000000000000, 47.00000000000023448 ) ) ;
#166 = CARTESIAN_POINT ( 'NONE',  ( 6.522932735812794647, -0.001000000000000132727, 47.00000000000017764 ) ) ;
#167 = VERTEX_POINT ( 'NONE', #462 ) ;
#168 = EDGE_CURVE ( 'NONE', #1403, #127, #1725, .T. ) ;
#169 = CARTESIAN_POINT ( 'NONE',  ( 22.99999999999999645, 3.000000000000000000, 6.522932735812144500 ) ) ;
#170 = APPROVAL_ROLE ( '' ) ;
#171 = CARTESIAN_POINT ( 'NONE',  ( 83.51208855774291351, 3.000000000000000000, 64.22801207236292953 ) ) ;
#172 = ADVANCED_FACE ( 'NONE', ( #2266 ), #506, .F. ) ;
#173 = ORIENTED_EDGE ( 'NONE', *, *, #1473, .T. ) ;
#174 = DIRECTION ( 'NONE',  ( 1.026378056619610601E-14, 0.000000000000000000, -1.000000000000000000 ) ) ;
#175 = VERTEX_POINT ( 'NONE', #2128 ) ;
#176 = CARTESIAN_POINT ( 'NONE',  ( 58.52293273581265254, 0.000000000000000000, 22.99999999999930367 ) ) ;
#177 = DIRECTION ( 'NONE',  ( 0.000000000000000000, 1.000000000000000000, 0.000000000000000000 ) ) ;
#178 = EDGE_LOOP ( 'NONE', ( #209, #1100, #1791, #2345 ) ) ;
#179 = DIRECTION ( 'NONE',  ( -1.000000000000000000, -0.000000000000000000, 1.807003620809174139E-16 ) ) ;
#180 = DIRECTION ( 'NONE',  ( -0.000000000000000000, -1.000000000000000000, -0.000000000000000000 ) ) ;
#181 = AXIS2_PLACEMENT_3D ( 'NONE', #2291, #660, #1391 ) ;
#182 = EDGE_CURVE ( 'NONE', #588, #1479, #785, .T. ) ;
#183 = AXIS2_PLACEMENT_3D ( 'NONE', #1024, #667, #275 ) ;
#184 = VERTEX_POINT ( 'NONE', #1762 ) ;
#185 = DIRECTION ( 'NONE',  ( -1.000000000000000000, 0.000000000000000000, 0.000000000000000000 ) ) ;
#186 = AXIS2_PLACEMENT_3D ( 'NONE', #151, #879, #2142 ) ;
#187 = VECTOR ( 'NONE', #620, 1000.000000000000000 ) ;
#188 = AXIS2_PLACEMENT_3D ( 'NONE', #944, #79, #1302 ) ;
#189 = ORIENTED_EDGE ( 'NONE', *, *, #1601, .F. ) ;
#190 = AXIS2_PLACEMENT_3D ( 'NONE', #392, #1658, #500 ) ;
#191 = DIRECTION ( 'NONE',  ( 0.000000000000000000, 0.000000000000000000, 1.000000000000000000 ) ) ;
#192 = CARTESIAN_POINT ( 'NONE',  ( -22.48509169404294639, -0.001000000000000132727, 112.2000389732103969 ) ) ;
#193 = VERTEX_POINT ( 'NONE', #1365 ) ;
#194 = CYLINDRICAL_SURFACE ( 'NONE', #1167, 2.477067264187851503 ) ;
#195 = DIRECTION ( 'NONE',  ( -0.9196102940213436439, 0.000000000000000000, 0.3928319069652794759 ) ) ;
#196 = CC_DESIGN_PERSON_AND_ORGANIZATION_ASSIGNMENT ( #2127, #1231, ( #2268 ) ) ;
#197 = ORIENTED_EDGE ( 'NONE', *, *, #1345, .F. ) ;
#198 = DIRECTION ( 'NONE',  ( 0.000000000000000000, 0.000000000000000000, 1.000000000000000000 ) ) ;
#199 = ADVANCED_FACE ( 'NONE', ( #2101 ), #1930, .F. ) ;
#200 = ADVANCED_FACE ( 'NONE', ( #145 ), #857, .F. ) ;
#201 = VERTEX_POINT ( 'NONE', #299 ) ;
#202 = CARTESIAN_POINT ( 'NONE',  ( 81.48791144225711491, 0.000000000000000000, 134.2964024237465992 ) ) ;
#203 = ORIENTED_EDGE ( 'NONE', *, *, #562, .T. ) ;
#204 = DIRECTION ( 'NONE',  ( 0.3928319069652780882, 0.000000000000000000, -0.9196102940213441990 ) ) ;
#205 = DIRECTION ( 'NONE',  ( 0.000000000000000000, 0.000000000000000000, 1.000000000000000000 ) ) ;
#206 = EDGE_CURVE ( 'NONE', #877, #1308, #1015, .T. ) ;
#207 = CARTESIAN_POINT ( 'NONE',  ( 60.00000000000000711, 3.000000000000000000, 0.000000000000000000 ) ) ;
#208 = CARTESIAN_POINT ( 'NONE',  ( -18.71468948855545023, -0.001000000000000132727, 117.9106497917680798 ) ) ;
#209 = ORIENTED_EDGE ( 'NONE', *, *, #1482, .T. ) ;
#210 = ORIENTED_EDGE ( 'NONE', *, *, #314, .F. ) ;
#211 = CARTESIAN_POINT ( 'NONE',  ( 35.00000000000027001, -0.001000000000000132727, 53.00000000000000711 ) ) ;
#212 = CARTESIAN_POINT ( 'NONE',  ( -11.48791144225708472, 3.000000000000000000, 134.2964024237465992 ) ) ;
#213 = ORIENTED_EDGE ( 'NONE', *, *, #1106, .T. ) ;
#214 = DIRECTION ( 'NONE',  ( 0.000000000000000000, 1.000000000000000000, 0.000000000000000000 ) ) ;
#215 = CARTESIAN_POINT ( 'NONE',  ( 88.71468948855546444, 0.000000000000000000, 113.8106497917680713 ) ) ;
#216 = PLANE ( 'NONE',  #186 ) ;
#217 = DIRECTION ( 'NONE',  ( -0.000000000000000000, -1.000000000000000000, -0.000000000000000000 ) ) ;
#218 = EDGE_LOOP ( 'NONE', ( #1309, #2027, #51, #1338 ) ) ;
#219 = AXIS2_PLACEMENT_3D ( 'NONE', #1798, #180, #1829 ) ;
#220 = ADVANCED_FACE ( 'NONE', ( #120 ), #133, .F. ) ;
#221 = VECTOR ( 'NONE', #882, 1000.000000000000000 ) ;
#222 = AXIS2_PLACEMENT_3D ( 'NONE', #295, #1409, #1713 ) ;
#223 = ORIENTED_EDGE ( 'NONE', *, *, #1150, .F. ) ;
#224 = AXIS2_PLACEMENT_3D ( 'NONE', #808, #640, #2092 ) ;
#225 = VECTOR ( 'NONE', #1744, 1000.000000000000114 ) ;
#226 = DIRECTION ( 'NONE',  ( 3.469446951953613400E-15, -0.000000000000000000, -1.000000000000000000 ) ) ;
#227 = CARTESIAN_POINT ( 'NONE',  ( 9.000000000000540012, 3.000000000000000000, 63.52499999999999858 ) ) ;
#228 = EDGE_LOOP ( 'NONE', ( #1763, #2090 ) ) ;
#229 = AXIS2_PLACEMENT_3D ( 'NONE', #1843, #90, #1326 ) ;
#230 = CARTESIAN_POINT ( 'NONE',  ( 22.58017099348378309, 3.000000000000000000, 80.00000000000000000 ) ) ;
#231 = AXIS2_PLACEMENT_3D ( 'NONE', #732, #913, #1637 ) ;
#232 = DIRECTION ( 'NONE',  ( 1.000000000000000000, 0.000000000000000000, -2.168404344971009115E-16 ) ) ;
#233 = CARTESIAN_POINT ( 'NONE',  ( 9.000000000000540012, 3.000000000000000000, 58.89999999999999858 ) ) ;
#234 = CARTESIAN_POINT ( 'NONE',  ( 83.51208855774291351, 0.000000000000000000, 64.22801207236292953 ) ) ;
#235 = VERTEX_POINT ( 'NONE', #1940 ) ;
#236 = ORIENTED_EDGE ( 'NONE', *, *, #132, .F. ) ;
#237 = DIRECTION ( 'NONE',  ( -0.000000000000000000, 1.000000000000000000, -0.000000000000000000 ) ) ;
#238 = DIRECTION ( 'NONE',  ( 0.000000000000000000, 0.000000000000000000, 1.000000000000000000 ) ) ;
#239 = VERTEX_POINT ( 'NONE', #496 ) ;
#240 = FACE_BOUND ( 'NONE', #1478, .T. ) ;
#241 = FACE_OUTER_BOUND ( 'NONE', #1389, .T. ) ;
#242 = ADVANCED_FACE ( 'NONE', ( #1221 ), #320, .F. ) ;
#243 = DIRECTION ( 'NONE',  ( -0.000000000000000000, 1.000000000000000000, -0.000000000000000000 ) ) ;
#244 = EDGE_CURVE ( 'NONE', #1263, #393, #930, .T. ) ;
#245 = ORIENTED_EDGE ( 'NONE', *, *, #821, .F. ) ;
#246 = EDGE_CURVE ( 'NONE', #127, #1697, #896, .T. ) ;
#247 = ORIENTED_EDGE ( 'NONE', *, *, #1290, .T. ) ;
#248 = LINE ( 'NONE', #1664, #1472 ) ;
#249 = CARTESIAN_POINT ( 'NONE',  ( 6.522932735812794647, -0.001000000000000132727, 47.00000000000017764 ) ) ;
#250 = ORIENTED_EDGE ( 'NONE', *, *, #1150, .T. ) ;
#251 = CARTESIAN_POINT ( 'NONE',  ( 70.80389705978656423, 3.000000000000000000, 34.47843340346906871 ) ) ;
#252 = DIRECTION ( 'NONE',  ( 3.469446951953613794E-15, 0.000000000000000000, -1.000000000000000000 ) ) ;
#253 = ORIENTED_EDGE ( 'NONE', *, *, #132, .T. ) ;
#254 = EDGE_CURVE ( 'NONE', #877, #2255, #571, .T. ) ;
#255 = ORIENTED_EDGE ( 'NONE', *, *, #2148, .F. ) ;
#256 = AXIS2_PLACEMENT_3D ( 'NONE', #2150, #1281, #2012 ) ;
#257 = EDGE_CURVE ( 'NONE', #1755, #175, #547, .T. ) ;
#258 = DIRECTION ( 'NONE',  ( 0.3928319069652835283, -0.000000000000000000, 0.9196102940213417565 ) ) ;
#259 = CIRCLE ( 'NONE', #29, 2.477067264187855056 ) ;
#260 = DIRECTION ( 'NONE',  ( -0.000000000000000000, 1.000000000000000000, -0.000000000000000000 ) ) ;
#261 = ORIENTED_EDGE ( 'NONE', *, *, #1799, .T. ) ;
#262 = CIRCLE ( 'NONE', #1124, 2.524999999999999467 ) ;
#263 = EDGE_CURVE ( 'NONE', #322, #1705, #2335, .T. ) ;
#264 = CARTESIAN_POINT ( 'NONE',  ( -11.48791144225708472, 0.000000000000000000, 134.2964024237465992 ) ) ;
#265 = DIRECTION ( 'NONE',  ( -0.000000000000000000, 1.000000000000000000, -0.000000000000000000 ) ) ;
#266 = VECTOR ( 'NONE', #2074, 1000.000000000000000 ) ;
#267 = CIRCLE ( 'NONE', #942, 2.477067264187858608 ) ;
#268 = VERTEX_POINT ( 'NONE', #388 ) ;
#269 = ORIENTED_EDGE ( 'NONE', *, *, #725, .F. ) ;
#270 = EDGE_CURVE ( 'NONE', #112, #372, #2066, .T. ) ;
#271 = CARTESIAN_POINT ( 'NONE',  ( 61.00000000000042633, 3.000000000000000000, 49.47706726418716272 ) ) ;
#272 = DIRECTION ( 'NONE',  ( 0.000000000000000000, 0.000000000000000000, 1.000000000000000000 ) ) ;
#273 = VERTEX_POINT ( 'NONE', #1820 ) ;
#274 = CYLINDRICAL_SURFACE ( 'NONE', #2269, 9.999999999999994671 ) ;
#275 = DIRECTION ( 'NONE',  ( 0.000000000000000000, 0.000000000000000000, -1.000000000000000000 ) ) ;
#276 = EDGE_CURVE ( 'NONE', #834, #376, #1262, .T. ) ;
#277 = CARTESIAN_POINT ( 'NONE',  ( 9.000000000000650147, 3.000000000000000000, 49.47706726418805800 ) ) ;
#278 = EDGE_CURVE ( 'NONE', #708, #1827, #2185, .T. ) ;
#279 = ORIENTED_EDGE ( 'NONE', *, *, #70, .T. ) ;
#280 = CARTESIAN_POINT ( 'NONE',  ( 6.522932735812794647, 3.000000000000000000, 47.00000000000017764 ) ) ;
#281 = FACE_OUTER_BOUND ( 'NONE', #1489, .T. ) ;
#282 = LINE ( 'NONE', #490, #1805 ) ;
#283 = ORIENTED_EDGE ( 'NONE', *, *, #1663, .T. ) ;
#284 = DIRECTION ( 'NONE',  ( 0.000000000000000000, 1.000000000000000000, 0.000000000000000000 ) ) ;
#285 = CARTESIAN_POINT ( 'NONE',  ( 9.000000000000540012, 3.000000000000000000, 63.52499999999999858 ) ) ;
#286 = CARTESIAN_POINT ( 'NONE',  ( 35.00000000000027001, 3.000000000000000000, 35.00000000000000000 ) ) ;
#287 = EDGE_CURVE ( 'NONE', #167, #1073, #329, .T. ) ;
#288 = EDGE_LOOP ( 'NONE', ( #423, #2083, #639, #1116 ) ) ;
#289 = ORIENTED_EDGE ( 'NONE', *, *, #471, .F. ) ;
#290 = CARTESIAN_POINT ( 'NONE',  ( 22.58017099348378309, 0.000000000000000000, 70.00000000000000000 ) ) ;
#291 = DIRECTION ( 'NONE',  ( 2.128721698673269074E-16, 0.000000000000000000, 1.000000000000000000 ) ) ;
#292 = ORIENTED_EDGE ( 'NONE', *, *, #1381, .F. ) ;
#293 = CIRCLE ( 'NONE', #968, 2.524999999999999467 ) ;
#294 = DIRECTION ( 'NONE',  ( 0.000000000000000000, 1.000000000000000000, 0.000000000000000000 ) ) ;
#295 = CARTESIAN_POINT ( 'NONE',  ( 10.00000000000000178, 0.000000000000000000, 10.00000000000000000 ) ) ;
#296 = CIRCLE ( 'NONE', #2154, 4.100000000000006750 ) ;
#297 = CIRCLE ( 'NONE', #482, 4.099999999999992539 ) ;
#298 = DATE_AND_TIME ( #1915, #939 ) ;
#299 = CARTESIAN_POINT ( 'NONE',  ( 63.47706726418836354, -4.235164736271501695E-19, 22.99999999999931788 ) ) ;
#300 = AXIS2_PLACEMENT_3D ( 'NONE', #1567, #1948, #2287 ) ;
#301 = ADVANCED_FACE ( 'NONE', ( #4 ), #1112, .F. ) ;
#302 = VERTEX_POINT ( 'NONE', #1076 ) ;
#303 = ORIENTED_EDGE ( 'NONE', *, *, #314, .T. ) ;
#304 = DIRECTION ( 'NONE',  ( 0.000000000000000000, 0.000000000000000000, 1.000000000000000000 ) ) ;
#305 = DIRECTION ( 'NONE',  ( -0.000000000000000000, 1.000000000000000000, -0.000000000000000000 ) ) ;
#306 = ORIENTED_EDGE ( 'NONE', *, *, #2172, .T. ) ;
#307 = CARTESIAN_POINT ( 'NONE',  ( 22.58017099348378309, 3.000000000000000000, 70.00000000000000000 ) ) ;
#308 = DIRECTION ( 'NONE',  ( -1.000000000000000000, 0.000000000000000000, -6.938893903907228378E-15 ) ) ;
#309 = EDGE_LOOP ( 'NONE', ( #223, #359, #533, #1662, #936, #1866, #386, #173, #85, #2276, #1609, #1967, #1339, #303, #189, #1614 ) ) ;
#310 = DIRECTION ( 'NONE',  ( 0.000000000000000000, 1.000000000000000000, 0.000000000000000000 ) ) ;
#311 = VERTEX_POINT ( 'NONE', #1270 ) ;
#312 = DIRECTION ( 'NONE',  ( -0.3928319069652838058, 0.000000000000000000, -0.9196102940213417565 ) ) ;
#313 = FACE_OUTER_BOUND ( 'NONE', #642, .T. ) ;
#314 = EDGE_CURVE ( 'NONE', #1308, #2078, #1952, .T. ) ;
#315 = ORIENTED_EDGE ( 'NONE', *, *, #1585, .T. ) ;
#316 = DIRECTION ( 'NONE',  ( -0.000000000000000000, -1.000000000000000000, -0.000000000000000000 ) ) ;
#317 = CARTESIAN_POINT ( 'NONE',  ( -24.99999999999998224, -0.001000000000000132727, 128.5244144961095287 ) ) ;
#318 = ORIENTED_EDGE ( 'NONE', *, *, #984, .T. ) ;
#319 = DATE_TIME_ROLE ( 'creation_date' ) ;
#320 = CYLINDRICAL_SURFACE ( 'NONE', #1277, 10.00000000000000178 ) ;
#321 = EDGE_LOOP ( 'NONE', ( #61, #261, #1279, #1906 ) ) ;
#322 = VERTEX_POINT ( 'NONE', #1471 ) ;
#323 = DIRECTION ( 'NONE',  ( -0.000000000000000000, 1.000000000000000000, -0.000000000000000000 ) ) ;
#324 = CARTESIAN_POINT ( 'NONE',  ( 9.000000000000000000, 3.000000000000000000, 6.899999999999999467 ) ) ;
#325 = ORIENTED_EDGE ( 'NONE', *, *, #2094, .T. ) ;
#326 = CARTESIAN_POINT ( 'NONE',  ( 9.000000000000540012, 0.000000000000000000, 58.89999999999999858 ) ) ;
#327 = DIRECTION ( 'NONE',  ( 0.000000000000000000, 0.000000000000000000, 1.000000000000000000 ) ) ;
#328 = EDGE_LOOP ( 'NONE', ( #1587, #2144, #815, #1165 ) ) ;
#329 = CIRCLE ( 'NONE', #1647, 2.477067264187851503 ) ;
#330 = COORDINATED_UNIVERSAL_TIME_OFFSET ( 8, 0, .AHEAD. ) ;
#331 = LINE ( 'NONE', #676, #1428 ) ;
#332 = VECTOR ( 'NONE', #1786, 1000.000000000000000 ) ;
#333 = VECTOR ( 'NONE', #380, 1000.000000000000000 ) ;
#334 = CIRCLE ( 'NONE', #1130, 9.999999999999998224 ) ;
#335 = EDGE_CURVE ( 'NONE', #875, #608, #1238, .T. ) ;
#336 = ORIENTED_EDGE ( 'NONE', *, *, #2040, .F. ) ;
#337 = DIRECTION ( 'NONE',  ( 0.000000000000000000, -0.000000000000000000, 1.000000000000000000 ) ) ;
#338 = DIRECTION ( 'NONE',  ( -0.000000000000000000, 1.000000000000000000, -0.000000000000000000 ) ) ;
#339 = CARTESIAN_POINT ( 'NONE',  ( 88.71468948855546444, -0.001000000000000132727, 117.9106497917680798 ) ) ;
#340 = ORIENTED_EDGE ( 'NONE', *, *, #2061, .T. ) ;
#341 = EDGE_CURVE ( 'NONE', #2044, #649, #1250, .T. ) ;
#342 = DIRECTION ( 'NONE',  ( -0.000000000000000000, 1.000000000000000000, -0.000000000000000000 ) ) ;
#343 = DIRECTION ( 'NONE',  ( -0.000000000000000000, 1.000000000000000000, -0.000000000000000000 ) ) ;
#344 = ORIENTED_EDGE ( 'NONE', *, *, #1681, .F. ) ;
#345 = LINE ( 'NONE', #1633, #524 ) ;
#346 = CARTESIAN_POINT ( 'NONE',  ( -22.48509169404294639, 3.000000000000000000, 112.2000389732103969 ) ) ;
#347 = ORIENTED_EDGE ( 'NONE', *, *, #643, .F. ) ;
#348 = CARTESIAN_POINT ( 'NONE',  ( 11.47706726418850565, 3.000000000000000000, 47.00000000000022737 ) ) ;
#349 = ORIENTED_EDGE ( 'NONE', *, *, #1096, .F. ) ;
#350 = CARTESIAN_POINT ( 'NONE',  ( 6.522932735812794647, 0.000000000000000000, 47.00000000000017764 ) ) ;
#351 = ORIENTED_EDGE ( 'NONE', *, *, #1208, .T. ) ;
#352 = LINE ( 'NONE', #169, #1886 ) ;
#353 = DIRECTION ( 'NONE',  ( -0.000000000000000000, 1.000000000000000000, -0.000000000000000000 ) ) ;
#354 = EDGE_CURVE ( 'NONE', #1166, #235, #698, .T. ) ;
#355 = ORIENTED_EDGE ( 'NONE', *, *, #866, .F. ) ;
#356 = FACE_OUTER_BOUND ( 'NONE', #382, .T. ) ;
#357 = ORIENTED_EDGE ( 'NONE', *, *, #1943, .F. ) ;
#358 = CARTESIAN_POINT ( 'NONE',  ( 22.99999999999999645, -4.235164736271501695E-19, 6.522932735812144500 ) ) ;
#359 = ORIENTED_EDGE ( 'NONE', *, *, #1943, .T. ) ;
#360 = CARTESIAN_POINT ( 'NONE',  ( 61.00000000000042633, -0.001000000000000132727, 46.99999999999931077 ) ) ;
#361 = CARTESIAN_POINT ( 'NONE',  ( 13.51208855774290107, 3.000000000000000000, 75.77198792763707047 ) ) ;
#362 = AXIS2_PLACEMENT_3D ( 'NONE', #852, #1571, #2301 ) ;
#363 = EDGE_CURVE ( 'NONE', #1759, #627, #1812, .T. ) ;
#364 = AXIS2_PLACEMENT_3D ( 'NONE', #841, #636, #826 ) ;
#365 = ADVANCED_FACE ( 'NONE', ( #2003 ), #737, .F. ) ;
#366 = ORIENTED_EDGE ( 'NONE', *, *, #2267, .F. ) ;
#367 = CARTESIAN_POINT ( 'NONE',  ( 61.00000000000054001, 3.000000000000000000, 58.47500000000000142 ) ) ;
#368 = AXIS2_PLACEMENT_3D ( 'NONE', #919, #1475, #1495 ) ;
#369 = CIRCLE ( 'NONE', #789, 10.00000000000000000 ) ;
#370 = AXIS2_PLACEMENT_3D ( 'NONE', #967, #616, #427 ) ;
#371 = VECTOR ( 'NONE', #1783, 1000.000000000000000 ) ;
#372 = VERTEX_POINT ( 'NONE', #712 ) ;
#373 = AXIS2_PLACEMENT_3D ( 'NONE', #374, #906, #1607 ) ;
#374 = CARTESIAN_POINT ( 'NONE',  ( 9.000000000000895284, 3.000000000000000000, 23.00000000000020250 ) ) ;
#375 = DIRECTION ( 'NONE',  ( -0.000000000000000000, 1.000000000000000000, -0.000000000000000000 ) ) ;
#376 = VERTEX_POINT ( 'NONE', #2166 ) ;
#377 = ADVANCED_FACE ( 'NONE', ( #727 ), #910, .F. ) ;
#378 = DIRECTION ( 'NONE',  ( -1.000000000000000000, 0.000000000000000000, -6.938893903907229955E-15 ) ) ;
#379 = CARTESIAN_POINT ( 'NONE',  ( 0.7689889955433981683, -0.001000000000000132727, 78.63684884947205944 ) ) ;
#380 = DIRECTION ( 'NONE',  ( 1.000000000000000000, -0.000000000000000000, 6.938893903907229955E-15 ) ) ;
#381 = DIRECTION ( 'NONE',  ( -0.000000000000000000, 1.000000000000000000, -0.000000000000000000 ) ) ;
#382 = EDGE_LOOP ( 'NONE', ( #512, #1721, #1223, #738 ) ) ;
#383 = ORIENTED_EDGE ( 'NONE', *, *, #276, .T. ) ;
#384 = DIRECTION ( 'NONE',  ( 0.000000000000000000, 0.000000000000000000, 1.000000000000000000 ) ) ;
#385 = CARTESIAN_POINT ( 'NONE',  ( 88.71468948855546444, 3.000000000000000000, 113.8106497917680713 ) ) ;
#386 = ORIENTED_EDGE ( 'NONE', *, *, #263, .F. ) ;
#387 = DIRECTION ( 'NONE',  ( -0.000000000000000000, 1.000000000000000000, -0.000000000000000000 ) ) ;
#388 = CARTESIAN_POINT ( 'NONE',  ( 70.80389705978656423, 0.000000000000000000, 34.47843340346908292 ) ) ;
#389 = ADVANCED_FACE ( 'NONE', ( #241 ), #956, .F. ) ;
#390 = UNCERTAINTY_MEASURE_WITH_UNIT (LENGTH_MEASURE( 1.000000000000000082E-05 ), #1724, 'distance_accuracy_value', 'NONE');
#391 = CYLINDRICAL_SURFACE ( 'NONE', #2303, 4.100000000000006750 ) ;
#392 = CARTESIAN_POINT ( 'NONE',  ( 0.000000000000000000, 3.000000000000000000, 0.000000000000000000 ) ) ;
#393 = VERTEX_POINT ( 'NONE', #1173 ) ;
#394 = ORIENTED_EDGE ( 'NONE', *, *, #1901, .F. ) ;
#395 = DIRECTION ( 'NONE',  ( 0.9196102940213418675, 0.000000000000000000, 0.3928319069652836393 ) ) ;
#396 = AXIS2_PLACEMENT_3D ( 'NONE', #1199, #1921, #1029 ) ;
#397 = CARTESIAN_POINT ( 'NONE',  ( 88.71468948855546444, -0.001000000000000132727, 113.8106497917680713 ) ) ;
#398 = ORIENTED_EDGE ( 'NONE', *, *, #1932, .F. ) ;
#399 = DIRECTION ( 'NONE',  ( 0.000000000000000000, 0.000000000000000000, -1.000000000000000000 ) ) ;
#400 = CARTESIAN_POINT ( 'NONE',  ( 9.000000000000540012, 3.000000000000000000, 61.00000000000000000 ) ) ;
#401 = LINE ( 'NONE', #528, #405 ) ;
#402 = CARTESIAN_POINT ( 'NONE',  ( 58.52293273581265254, -0.001000000000000132727, 22.99999999999930367 ) ) ;
#403 = ORIENTED_EDGE ( 'NONE', *, *, #1736, .F. ) ;
#404 = AXIS2_PLACEMENT_3D ( 'NONE', #2179, #185, #1991 ) ;
#405 = VECTOR ( 'NONE', #510, 1000.000000000000000 ) ;
#406 = CIRCLE ( 'NONE', #183, 14.69327675602263916 ) ;
#407 = VERTEX_POINT ( 'NONE', #1138 ) ;
#408 = CC_DESIGN_PERSON_AND_ORGANIZATION_ASSIGNMENT ( #1597, #697, ( #899 ) ) ;
#409 = LOCAL_TIME ( 3, 7, 54.00000000000000000, #144 ) ;
#410 = AXIS2_PLACEMENT_3D ( 'NONE', #1119, #1293, #2009 ) ;
#411 = CARTESIAN_POINT ( 'NONE',  ( 9.000000000000540012, 2.574999999999998401, 61.00000000000000000 ) ) ;
#412 = DIRECTION ( 'NONE',  ( 0.000000000000000000, 0.000000000000000000, 1.000000000000000000 ) ) ;
#413 = EDGE_CURVE ( 'NONE', #1465, #184, #2253, .T. ) ;
#414 = EDGE_LOOP ( 'NONE', ( #1981, #569, #494, #1731 ) ) ;
#415 = AXIS2_PLACEMENT_3D ( 'NONE', #1228, #2108, #154 ) ;
#416 = DIRECTION ( 'NONE',  ( 0.000000000000000000, -0.000000000000000000, 1.000000000000000000 ) ) ;
#417 = DIRECTION ( 'NONE',  ( 2.168404344971009115E-16, 0.000000000000000000, 1.000000000000000000 ) ) ;
#418 = FACE_OUTER_BOUND ( 'NONE', #1628, .T. ) ;
#419 = EDGE_LOOP ( 'NONE', ( #497, #1888, #111, #2225 ) ) ;
#420 = ORIENTED_EDGE ( 'NONE', *, *, #1345, .T. ) ;
#421 = CARTESIAN_POINT ( 'NONE',  ( 63.47706726418836354, -0.001000000000000132727, 22.99999999999931788 ) ) ;
#422 = FACE_OUTER_BOUND ( 'NONE', #574, .T. ) ;
#423 = ORIENTED_EDGE ( 'NONE', *, *, #1799, .F. ) ;
#424 = CYLINDRICAL_SURFACE ( 'NONE', #1809, 14.69327675602263916 ) ;
#425 = CARTESIAN_POINT ( 'NONE',  ( -22.48509169404294639, -0.001000000000000132727, 112.2000389732103969 ) ) ;
#426 = EDGE_CURVE ( 'NONE', #1180, #273, #898, .T. ) ;
#427 = DIRECTION ( 'NONE',  ( 0.000000000000000000, 0.000000000000000000, 1.000000000000000000 ) ) ;
#428 = EDGE_LOOP ( 'NONE', ( #1666, #1380, #1808, #912 ) ) ;
#429 = EDGE_CURVE ( 'NONE', #235, #1748, #1162, .T. ) ;
#430 = VERTEX_POINT ( 'NONE', #1344 ) ;
#431 = DIRECTION ( 'NONE',  ( -3.469446951953613794E-15, 0.000000000000000000, 1.000000000000000000 ) ) ;
#432 = CYLINDRICAL_SURFACE ( 'NONE', #1091, 2.100000000000004530 ) ;
#433 = VERTEX_POINT ( 'NONE', #1494 ) ;
#434 = FACE_BOUND ( 'NONE', #17, .T. ) ;
#435 = CYLINDRICAL_SURFACE ( 'NONE', #860, 18.00000000000000355 ) ;
#436 = DIRECTION ( 'NONE',  ( 0.000000000000000000, 1.000000000000000000, 0.000000000000000000 ) ) ;
#437 = ADVANCED_FACE ( 'NONE', ( #581 ), #435, .F. ) ;
#438 = ORIENTED_EDGE ( 'NONE', *, *, #720, .F. ) ;
#439 = VERTEX_POINT ( 'NONE', #1703 ) ;
#440 = EDGE_LOOP ( 'NONE', ( #1907, #2059, #1230, #1025 ) ) ;
#441 = AXIS2_PLACEMENT_3D ( 'NONE', #1780, #1972, #198 ) ;
#442 = DIRECTION ( 'NONE',  ( -0.000000000000000000, 1.000000000000000000, -0.000000000000000000 ) ) ;
#443 = EDGE_CURVE ( 'NONE', #1606, #597, #2114, .T. ) ;
#444 = VECTOR ( 'NONE', #1466, 1000.000000000000000 ) ;
#445 = AXIS2_PLACEMENT_3D ( 'NONE', #2037, #417, #232 ) ;
#446 = DIRECTION ( 'NONE',  ( -0.000000000000000000, -1.000000000000000000, -0.000000000000000000 ) ) ;
#447 = EDGE_LOOP ( 'NONE', ( #1342, #1019, #755, #1700 ) ) ;
#448 = VECTOR ( 'NONE', #1923, 1000.000000000000000 ) ;
#449 = CIRCLE ( 'NONE', #752, 2.477067264187851503 ) ;
#450 = FACE_BOUND ( 'NONE', #76, .T. ) ;
#451 = CARTESIAN_POINT ( 'NONE',  ( 56.48791144225712202, 3.000000000000000000, 75.77198792763707047 ) ) ;
#452 = AXIS2_PLACEMENT_3D ( 'NONE', #1307, #2203, #935 ) ;
#453 = VECTOR ( 'NONE', #2097, 1000.000000000000000 ) ;
#454 = DIRECTION ( 'NONE',  ( 0.000000000000000000, 0.000000000000000000, 1.000000000000000000 ) ) ;
#455 = ORIENTED_EDGE ( 'NONE', *, *, #1760, .F. ) ;
#456 = DIRECTION ( 'NONE',  ( 8.847089727481714604E-15, 0.000000000000000000, 1.000000000000000000 ) ) ;
#457 = DIRECTION ( 'NONE',  ( -0.000000000000000000, 1.000000000000000000, -0.000000000000000000 ) ) ;
#458 = EDGE_LOOP ( 'NONE', ( #1554, #764, #318, #1501 ) ) ;
#459 = DIRECTION ( 'NONE',  ( -0.000000000000000000, 1.000000000000000000, -0.000000000000000000 ) ) ;
#460 = CYLINDRICAL_SURFACE ( 'NONE', #1881, 4.100000000000006750 ) ;
#461 = EDGE_CURVE ( 'NONE', #1073, #1444, #929, .T. ) ;
#462 = CARTESIAN_POINT ( 'NONE',  ( 61.00000000000042633, 0.000000000000000000, 49.47706726418716272 ) ) ;
#463 = PLANE ( 'NONE',  #396 ) ;
#464 = DIRECTION ( 'NONE',  ( -1.000000000000000000, 0.000000000000000000, -6.360652745248293994E-15 ) ) ;
#465 = DIRECTION ( 'NONE',  ( -0.000000000000000000, 1.000000000000000000, -0.000000000000000000 ) ) ;
#466 = ORIENTED_EDGE ( 'NONE', *, *, #1358, .T. ) ;
#467 = DIRECTION ( 'NONE',  ( -0.3928319069652835283, 0.000000000000000000, -0.9196102940213418675 ) ) ;
#468 = PLANE ( 'NONE',  #1318 ) ;
#469 = DIRECTION ( 'NONE',  ( -0.000000000000000000, 1.000000000000000000, -0.000000000000000000 ) ) ;
#470 = ORIENTED_EDGE ( 'NONE', *, *, #1271, .T. ) ;
#471 = EDGE_CURVE ( 'NONE', #847, #235, #796, .T. ) ;
#472 = LINE ( 'NONE', #1896, #1497 ) ;
#473 = DIRECTION ( 'NONE',  ( 0.3928319069652838058, 0.000000000000000000, 0.9196102940213417565 ) ) ;
#474 = CARTESIAN_POINT ( 'NONE',  ( 47.00000000000105160, 3.000000000000000000, 63.47706726418761747 ) ) ;
#475 = AXIS2_PLACEMENT_3D ( 'NONE', #1954, #1426, #337 ) ;
#476 = VERTEX_POINT ( 'NONE', #1148 ) ;
#477 = AXIS2_PLACEMENT_3D ( 'NONE', #947, #1518, #252 ) ;
#478 = DIRECTION ( 'NONE',  ( 0.000000000000000000, 0.000000000000000000, 1.000000000000000000 ) ) ;
#479 = CARTESIAN_POINT ( 'NONE',  ( 70.00000000000000000, 3.000000000000000000, 10.00000000000000000 ) ) ;
#480 = APPROVAL ( #2100, 'æœª' ) ;
#481 = ORIENTED_EDGE ( 'NONE', *, *, #52, .T. ) ;
#482 = AXIS2_PLACEMENT_3D ( 'NONE', #1379, #1754, #272 ) ;
#483 = ADVANCED_FACE ( 'NONE', ( #591 ), #83, .F. ) ;
#484 = VECTOR ( 'NONE', #535, 1000.000000000000000 ) ;
#485 = PLANE ( 'NONE',  #593 ) ;
#486 = VECTOR ( 'NONE', #57, 1000.000000000000114 ) ;
#487 = EDGE_CURVE ( 'NONE', #2285, #1263, #970, .T. ) ;
#488 = ORIENTED_EDGE ( 'NONE', *, *, #537, .T. ) ;
#489 = FACE_OUTER_BOUND ( 'NONE', #2051, .T. ) ;
#490 = CARTESIAN_POINT ( 'NONE',  ( -13.51208855774289042, 0.000000000000000000, 64.22801207236292953 ) ) ;
#491 = VERTEX_POINT ( 'NONE', #760 ) ;
#492 = DIRECTION ( 'NONE',  ( -0.000000000000000000, 1.000000000000000000, -0.000000000000000000 ) ) ;
#493 = LINE ( 'NONE', #139, #1802 ) ;
#494 = ORIENTED_EDGE ( 'NONE', *, *, #1979, .F. ) ;
#495 = DATE_TIME_ROLE ( 'classification_date' ) ;
#496 = CARTESIAN_POINT ( 'NONE',  ( 9.000000000000540012, 0.000000000000000000, 63.10000000000000142 ) ) ;
#497 = ORIENTED_EDGE ( 'NONE', *, *, #59, .F. ) ;
#498 = EDGE_LOOP ( 'NONE', ( #2110, #2183 ) ) ;
#499 = DIRECTION ( 'NONE',  ( -0.000000000000000000, -1.000000000000000000, -0.000000000000000000 ) ) ;
#500 = DIRECTION ( 'NONE',  ( 1.000000000000000000, 0.000000000000000000, -0.000000000000000000 ) ) ;
#501 = VERTEX_POINT ( 'NONE', #1858 ) ;
#502 = DIRECTION ( 'NONE',  ( 0.000000000000000000, 0.000000000000000000, 1.000000000000000000 ) ) ;
#503 = DIRECTION ( 'NONE',  ( -3.180326372624146603E-15, 0.000000000000000000, 1.000000000000000000 ) ) ;
#504 = VERTEX_POINT ( 'NONE', #2211 ) ;
#505 = APPROVAL_DATE_TIME ( #1014, #1027 ) ;
#506 = CYLINDRICAL_SURFACE ( 'NONE', #1686, 2.477067264187851503 ) ;
#507 = EDGE_CURVE ( 'NONE', #1354, #794, #1305, .T. ) ;
#508 = ORIENTED_EDGE ( 'NONE', *, *, #413, .F. ) ;
#509 = LINE ( 'NONE', #367, #663 ) ;
#510 = DIRECTION ( 'NONE',  ( 0.000000000000000000, -1.000000000000000000, 0.000000000000000000 ) ) ;
#511 = CARTESIAN_POINT ( 'NONE',  ( -24.99999999999998224, 3.000000000000000000, 128.5244144961095287 ) ) ;
#512 = ORIENTED_EDGE ( 'NONE', *, *, #1669, .F. ) ;
#513 = ADVANCED_FACE ( 'NONE', ( #1844 ), #1158, .F. ) ;
#514 = DIRECTION ( 'NONE',  ( -0.000000000000000000, 1.000000000000000000, -0.000000000000000000 ) ) ;
#515 = FACE_OUTER_BOUND ( 'NONE', #1863, .T. ) ;
#516 = ORIENTED_EDGE ( 'NONE', *, *, #1371, .T. ) ;
#517 = VECTOR ( 'NONE', #1452, 1000.000000000000000 ) ;
#518 = CARTESIAN_POINT ( 'NONE',  ( 61.00000000000042633, 0.000000000000000000, 46.99999999999931077 ) ) ;
#519 = CIRCLE ( 'NONE', #867, 2.477067264187858608 ) ;
#520 = VECTOR ( 'NONE', #2057, 1000.000000000000000 ) ;
#521 = VECTOR ( 'NONE', #772, 1000.000000000000000 ) ;
#522 = VECTOR ( 'NONE', #1945, 1000.000000000000000 ) ;
#523 = APPROVAL_PERSON_ORGANIZATION ( #851, #480, #170 ) ;
#524 = VECTOR ( 'NONE', #1261, 1000.000000000000000 ) ;
#525 = ORIENTED_EDGE ( 'NONE', *, *, #487, .T. ) ;
#526 = DIRECTION ( 'NONE',  ( 1.000000000000000000, 0.000000000000000000, -2.168404344971008868E-16 ) ) ;
#527 = VECTOR ( 'NONE', #1323, 1000.000000000000000 ) ;
#528 = CARTESIAN_POINT ( 'NONE',  ( 22.58017099348378309, 0.000000000000000000, 70.00000000000000000 ) ) ;
#529 = VERTEX_POINT ( 'NONE', #58 ) ;
#530 = CARTESIAN_POINT ( 'NONE',  ( 15.97772105374191476, 3.000000000000000000, 70.00000000000000000 ) ) ;
#531 = DIRECTION ( 'NONE',  ( 0.000000000000000000, 0.000000000000000000, -1.000000000000000000 ) ) ;
#532 = EDGE_CURVE ( 'NONE', #1759, #311, #714, .T. ) ;
#533 = ORIENTED_EDGE ( 'NONE', *, *, #1017, .F. ) ;
#534 = EDGE_CURVE ( 'NONE', #1403, #15, #605, .T. ) ;
#535 = DIRECTION ( 'NONE',  ( -0.000000000000000000, 1.000000000000000000, -0.000000000000000000 ) ) ;
#536 = DIRECTION ( 'NONE',  ( 0.000000000000000000, 0.000000000000000000, 1.000000000000000000 ) ) ;
#537 = EDGE_CURVE ( 'NONE', #608, #585, #684, .T. ) ;
#538 = EDGE_CURVE ( 'NONE', #164, #193, #2341, .T. ) ;
#539 = ORIENTED_EDGE ( 'NONE', *, *, #1519, .T. ) ;
#540 = FACE_BOUND ( 'NONE', #1920, .T. ) ;
#541 = EDGE_LOOP ( 'NONE', ( #116, #351, #729, #289 ) ) ;
#542 = DIRECTION ( 'NONE',  ( 0.000000000000000000, 0.000000000000000000, 1.000000000000000000 ) ) ;
#543 = CARTESIAN_POINT ( 'NONE',  ( 108.5120885577429135, 0.000000000000000000, 122.7524265684724156 ) ) ;
#544 = ADVANCED_FACE ( 'NONE', ( #2124 ), #460, .F. ) ;
#545 = EDGE_LOOP ( 'NONE', ( #1526, #902, #1580, #1268 ) ) ;
#546 = CARTESIAN_POINT ( 'NONE',  ( 9.000000000000000000, 2.574999999999998401, 6.899999999999999467 ) ) ;
#547 = LINE ( 'NONE', #1449, #1467 ) ;
#548 = ADVANCED_FACE ( 'NONE', ( #2109 ), #468, .F. ) ;
#549 = ORIENTED_EDGE ( 'NONE', *, *, #2274, .F. ) ;
#550 = FACE_BOUND ( 'NONE', #1492, .T. ) ;
#551 = ORIENTED_EDGE ( 'NONE', *, *, #2112, .F. ) ;
#552 = LINE ( 'NONE', #1433, #677 ) ;
#553 = DIRECTION ( 'NONE',  ( -0.000000000000000000, 1.000000000000000000, -0.000000000000000000 ) ) ;
#554 = VERTEX_POINT ( 'NONE', #1551 ) ;
#555 = DIRECTION ( 'NONE',  ( -0.000000000000000000, 1.000000000000000000, -0.000000000000000000 ) ) ;
#556 = DIRECTION ( 'NONE',  ( 0.3928319069652857487, 0.000000000000000000, 0.9196102940213409793 ) ) ;
#557 = VECTOR ( 'NONE', #1439, 1000.000000000000000 ) ;
#558 = AXIS2_PLACEMENT_3D ( 'NONE', #171, #195, #1610 ) ;
#559 = DIRECTION ( 'NONE',  ( 5.602507452442767808E-15, 0.000000000000000000, 1.000000000000000000 ) ) ;
#560 = ORIENTED_EDGE ( 'NONE', *, *, #1384, .F. ) ;
#561 = VECTOR ( 'NONE', #1481, 1000.000000000000000 ) ;
#562 = EDGE_CURVE ( 'NONE', #617, #2005, #493, .T. ) ;
#563 = EDGE_CURVE ( 'NONE', #2018, #491, #91, .T. ) ;
#564 = VECTOR ( 'NONE', #1415, 1000.000000000000000 ) ;
#565 = VERTEX_POINT ( 'NONE', #1182 ) ;
#566 = VECTOR ( 'NONE', #467, 1000.000000000000000 ) ;
#567 = CARTESIAN_POINT ( 'NONE',  ( 35.00000000000027001, 0.000000000000000000, 35.00000000000000000 ) ) ;
#568 = LINE ( 'NONE', #578, #561 ) ;
#569 = ORIENTED_EDGE ( 'NONE', *, *, #1331, .F. ) ;
#570 = DIRECTION ( 'NONE',  ( 0.000000000000000000, 1.000000000000000000, 0.000000000000000000 ) ) ;
#571 = LINE ( 'NONE', #2200, #143 ) ;
#572 = DIRECTION ( 'NONE',  ( -6.360652745248293994E-15, 0.000000000000000000, 1.000000000000000000 ) ) ;
#573 = DIRECTION ( 'NONE',  ( -0.000000000000000000, -1.000000000000000000, -0.000000000000000000 ) ) ;
#574 = EDGE_LOOP ( 'NONE', ( #560, #1128, #1329, #1595 ) ) ;
#575 = ADVANCED_FACE ( 'NONE', ( #1582 ), #1902, .F. ) ;
#576 = ORIENTED_EDGE ( 'NONE', *, *, #1817, .T. ) ;
#577 = DIRECTION ( 'NONE',  ( 0.000000000000000000, 0.000000000000000000, 1.000000000000000000 ) ) ;
#578 = CARTESIAN_POINT ( 'NONE',  ( 47.00000000000105160, -0.001000000000000132727, 63.47706726418761747 ) ) ;
#579 = ORIENTED_EDGE ( 'NONE', *, *, #1989, .T. ) ;
#580 = CARTESIAN_POINT ( 'NONE',  ( 88.71468948855546444, 0.000000000000000000, 117.9106497917680798 ) ) ;
#581 = FACE_OUTER_BOUND ( 'NONE', #1813, .T. ) ;
#582 = DIRECTION ( 'NONE',  ( -0.000000000000000000, -1.000000000000000000, -0.000000000000000000 ) ) ;
#583 = CARTESIAN_POINT ( 'NONE',  ( -6.771815415431606588, 3.000000000000000000, 75.41562721235672484 ) ) ;
#584 = ORIENTED_EDGE ( 'NONE', *, *, #705, .F. ) ;
#585 = VERTEX_POINT ( 'NONE', #1568 ) ;
#586 = CARTESIAN_POINT ( 'NONE',  ( 22.99999999999999645, 0.000000000000000000, 11.47706726418785372 ) ) ;
#587 = DIRECTION ( 'NONE',  ( 0.000000000000000000, 0.000000000000000000, 1.000000000000000000 ) ) ;
#588 = VERTEX_POINT ( 'NONE', #2312 ) ;
#589 = EDGE_CURVE ( 'NONE', #393, #2281, #1893, .T. ) ;
#590 = CARTESIAN_POINT ( 'NONE',  ( 60.00000000000000711, 3.000000000000000000, 10.00000000000000000 ) ) ;
#591 = FACE_OUTER_BOUND ( 'NONE', #2232, .T. ) ;
#592 = CARTESIAN_POINT ( 'NONE',  ( 47.00000000000105160, -0.001000000000000132727, 63.47706726418761747 ) ) ;
#593 = AXIS2_PLACEMENT_3D ( 'NONE', #159, #1185, #1402 ) ;
#594 = ORIENTED_EDGE ( 'NONE', *, *, #124, .F. ) ;
#595 = VECTOR ( 'NONE', #630, 1000.000000000000000 ) ;
#596 = AXIS2_PLACEMENT_3D ( 'NONE', #623, #1315, #48 ) ;
#597 = VERTEX_POINT ( 'NONE', #1363 ) ;
#598 = AXIS2_PLACEMENT_3D ( 'NONE', #957, #831, #983 ) ;
#599 = CIRCLE ( 'NONE', #2157, 4.100000000000006750 ) ;
#600 = FACE_OUTER_BOUND ( 'NONE', #773, .T. ) ;
#601 = DIRECTION ( 'NONE',  ( 0.000000000000000000, 0.000000000000000000, 1.000000000000000000 ) ) ;
#602 = ORIENTED_EDGE ( 'NONE', *, *, #1778, .T. ) ;
#603 = VECTOR ( 'NONE', #692, 1000.000000000000000 ) ;
#604 = DIRECTION ( 'NONE',  ( 0.000000000000000000, 0.000000000000000000, 1.000000000000000000 ) ) ;
#605 = LINE ( 'NONE', #1327, #1765 ) ;
#606 = EDGE_CURVE ( 'NONE', #565, #801, #1559, .T. ) ;
#607 = EDGE_LOOP ( 'NONE', ( #2122, #1815, #1252, #594 ) ) ;
#608 = VERTEX_POINT ( 'NONE', #999 ) ;
#609 = CARTESIAN_POINT ( 'NONE',  ( 80.00000000000000000, 3.000000000000000000, 30.55011433381627128 ) ) ;
#610 = CARTESIAN_POINT ( 'NONE',  ( 61.00000000000000000, 3.000000000000000000, 6.474999999999999645 ) ) ;
#611 = ORIENTED_EDGE ( 'NONE', *, *, #1560, .T. ) ;
#612 = LINE ( 'NONE', #635, #486 ) ;
#613 = EDGE_CURVE ( 'NONE', #1465, #322, #657, .T. ) ;
#614 = DIRECTION ( 'NONE',  ( 0.000000000000000000, 0.000000000000000000, 1.000000000000000000 ) ) ;
#615 = EDGE_CURVE ( 'NONE', #1479, #1444, #812, .T. ) ;
#616 = DIRECTION ( 'NONE',  ( -0.000000000000000000, 1.000000000000000000, -0.000000000000000000 ) ) ;
#617 = VERTEX_POINT ( 'NONE', #2278 ) ;
#618 = ORIENTED_EDGE ( 'NONE', *, *, #168, .T. ) ;
#619 = CARTESIAN_POINT ( 'NONE',  ( 58.52293273581265254, -0.001000000000000132727, 22.99999999999930367 ) ) ;
#620 = DIRECTION ( 'NONE',  ( -1.000000000000000000, 0.000000000000000000, 2.168404344971009115E-16 ) ) ;
#621 = ORIENTED_EDGE ( 'NONE', *, *, #1225, .T. ) ;
#622 = CARTESIAN_POINT ( 'NONE',  ( 47.00000000000000000, 3.000000000000000000, 6.522932735812140059 ) ) ;
#623 = CARTESIAN_POINT ( 'NONE',  ( -18.71468948855545023, 3.000000000000000000, 113.8106497917680713 ) ) ;
#624 = PERSON_AND_ORGANIZATION ( #2174, #2305 ) ;
#625 = ORIENTED_EDGE ( 'NONE', *, *, #461, .F. ) ;
#626 = ORIENTED_EDGE ( 'NONE', *, *, #1139, .F. ) ;
#627 = VERTEX_POINT ( 'NONE', #1723 ) ;
#628 = ADVANCED_FACE ( 'NONE', ( #645 ), #2298, .F. ) ;
#629 = AXIS2_PLACEMENT_3D ( 'NONE', #2177, #1641, #22 ) ;
#630 = DIRECTION ( 'NONE',  ( -0.000000000000000000, 1.000000000000000000, -0.000000000000000000 ) ) ;
#631 = VECTOR ( 'NONE', #695, 1000.000000000000000 ) ;
#632 = FACE_OUTER_BOUND ( 'NONE', #1233, .T. ) ;
#633 = ORIENTED_EDGE ( 'NONE', *, *, #1464, .F. ) ;
#634 = AXIS2_PLACEMENT_3D ( 'NONE', #1720, #1189, #1341 ) ;
#635 = CARTESIAN_POINT ( 'NONE',  ( 83.51208855774291351, 3.000000000000000000, 64.22801207236292953 ) ) ;
#636 = DIRECTION ( 'NONE',  ( -0.000000000000000000, 1.000000000000000000, -0.000000000000000000 ) ) ;
#637 = VECTOR ( 'NONE', #1226, 1000.000000000000000 ) ;
#638 = DIRECTION ( 'NONE',  ( 0.000000000000000000, 1.000000000000000000, 0.000000000000000000 ) ) ;
#639 = ORIENTED_EDGE ( 'NONE', *, *, #461, .T. ) ;
#640 = DIRECTION ( 'NONE',  ( -0.000000000000000000, 1.000000000000000000, -0.000000000000000000 ) ) ;
#641 = DIRECTION ( 'NONE',  ( 0.000000000000000000, 0.000000000000000000, 1.000000000000000000 ) ) ;
#642 = EDGE_LOOP ( 'NONE', ( #1856, #1636, #466, #2254 ) ) ;
#643 = EDGE_CURVE ( 'NONE', #2089, #1260, #2098, .T. ) ;
#644 = LINE ( 'NONE', #1372, #453 ) ;
#645 = FACE_OUTER_BOUND ( 'NONE', #2052, .T. ) ;
#646 = DIRECTION ( 'NONE',  ( 0.000000000000000000, 0.000000000000000000, 1.000000000000000000 ) ) ;
#647 = CARTESIAN_POINT ( 'NONE',  ( 61.00000000000000000, 3.000000000000000000, 9.000000000000000000 ) ) ;
#648 = ORIENTED_EDGE ( 'NONE', *, *, #774, .F. ) ;
#649 = VERTEX_POINT ( 'NONE', #1206 ) ;
#650 = EDGE_CURVE ( 'NONE', #1705, #735, #406, .T. ) ;
#651 = LINE ( 'NONE', #1733, #1245 ) ;
#652 = CC_DESIGN_DATE_AND_TIME_ASSIGNMENT ( #1950, #495, ( #672 ) ) ;
#653 = CARTESIAN_POINT ( 'NONE',  ( 9.000000000000650147, -0.001000000000000132727, 47.00000000000019895 ) ) ;
#654 = EDGE_CURVE ( 'NONE', #873, #2319, #1505, .T. ) ;
#655 = ORIENTED_EDGE ( 'NONE', *, *, #1706, .T. ) ;
#656 = DIRECTION ( 'NONE',  ( 0.000000000000000000, 0.000000000000000000, 1.000000000000000000 ) ) ;
#657 = LINE ( 'NONE', #1385, #1689 ) ;
#658 = DIRECTION ( 'NONE',  ( 0.000000000000000000, 0.000000000000000000, 1.000000000000000000 ) ) ;
#659 = ORIENTED_EDGE ( 'NONE', *, *, #1740, .T. ) ;
#660 = DIRECTION ( 'NONE',  ( -0.000000000000000000, 1.000000000000000000, -0.000000000000000000 ) ) ;
#661 = CARTESIAN_POINT ( 'NONE',  ( 23.00000000000109068, 3.000000000000000000, 58.52293273581174304 ) ) ;
#662 = DIRECTION ( 'NONE',  ( 0.000000000000000000, 1.000000000000000000, 0.000000000000000000 ) ) ;
#663 = VECTOR ( 'NONE', #1253, 1000.000000000000000 ) ;
#664 = ORIENTED_EDGE ( 'NONE', *, *, #182, .F. ) ;
#665 = VECTOR ( 'NONE', #1757, 1000.000000000000000 ) ;
#666 = DIRECTION ( 'NONE',  ( -0.000000000000000000, 1.000000000000000000, -0.000000000000000000 ) ) ;
#667 = DIRECTION ( 'NONE',  ( 0.000000000000000000, 1.000000000000000000, -0.000000000000000000 ) ) ;
#668 = CIRCLE ( 'NONE', #1163, 2.477067264187851503 ) ;
#669 = ORIENTED_EDGE ( 'NONE', *, *, #1644, .T. ) ;
#670 = CIRCLE ( 'NONE', #1621, 9.999999999999994671 ) ;
#671 = ADVANCED_FACE ( 'NONE', ( #515 ), #1795, .F. ) ;
#672 = SECURITY_CLASSIFICATION ( '', '', #1929 ) ;
#673 = AXIS2_PLACEMENT_3D ( 'NONE', #909, #1269, #1484 ) ;
#674 = DATE_AND_TIME ( #2149, #827 ) ;
#675 = EDGE_CURVE ( 'NONE', #1660, #1827, #1594, .T. ) ;
#676 = CARTESIAN_POINT ( 'NONE',  ( 9.000000000000650147, -0.001000000000000132727, 49.47706726418805800 ) ) ;
#677 = VECTOR ( 'NONE', #1975, 1000.000000000000000 ) ;
#678 = ORIENTED_EDGE ( 'NONE', *, *, #869, .F. ) ;
#679 = ORIENTED_EDGE ( 'NONE', *, *, #2267, .T. ) ;
#680 = DIRECTION ( 'NONE',  ( 0.000000000000000000, 0.000000000000000000, -1.000000000000000000 ) ) ;
#681 = DIRECTION ( 'NONE',  ( -0.000000000000000000, 1.000000000000000000, -0.000000000000000000 ) ) ;
#682 = VERTEX_POINT ( 'NONE', #1229 ) ;
#683 = LINE ( 'NONE', #1047, #1400 ) ;
#684 = LINE ( 'NONE', #1373, #66 ) ;
#685 = ORIENTED_EDGE ( 'NONE', *, *, #206, .T. ) ;
#686 = APPROVAL_DATE_TIME ( #298, #1175 ) ;
#687 = CARTESIAN_POINT ( 'NONE',  ( 11.47706726418850565, 0.000000000000000000, 47.00000000000022737 ) ) ;
#688 = ORIENTED_EDGE ( 'NONE', *, *, #1681, .T. ) ;
#689 = EDGE_CURVE ( 'NONE', #708, #433, #734, .T. ) ;
#690 = LINE ( 'NONE', #348, #1914 ) ;
#691 = DIRECTION ( 'NONE',  ( -0.000000000000000000, 1.000000000000000000, -0.000000000000000000 ) ) ;
#692 = DIRECTION ( 'NONE',  ( -0.000000000000000000, 1.000000000000000000, -0.000000000000000000 ) ) ;
#693 = ORIENTED_EDGE ( 'NONE', *, *, #958, .F. ) ;
#694 = LINE ( 'NONE', #211, #1288 ) ;
#695 = DIRECTION ( 'NONE',  ( -0.000000000000000000, 1.000000000000000000, -0.000000000000000000 ) ) ;
#696 = EDGE_LOOP ( 'NONE', ( #1272, #1949, #974, #80 ) ) ;
#697 = PERSON_AND_ORGANIZATION_ROLE ( 'creator' ) ;
#698 = LINE ( 'NONE', #346, #709 ) ;
#699 = EDGE_CURVE ( 'NONE', #302, #1289, #259, .T. ) ;
#700 = EDGE_LOOP ( 'NONE', ( #863, #602, #986, #1483 ) ) ;
#701 = FACE_BOUND ( 'NONE', #228, .T. ) ;
#702 = DIRECTION ( 'NONE',  ( -0.3928319069652780327, 0.000000000000000000, 0.9196102940213441990 ) ) ;
#703 = DIRECTION ( 'NONE',  ( 0.000000000000000000, 1.000000000000000000, 0.000000000000000000 ) ) ;
#704 = EDGE_LOOP ( 'NONE', ( #394, #949, #53, #1410 ) ) ;
#705 = EDGE_CURVE ( 'NONE', #1748, #1660, #1841, .T. ) ;
#706 = DIRECTION ( 'NONE',  ( -0.000000000000000000, 1.000000000000000000, -0.000000000000000000 ) ) ;
#707 = DIRECTION ( 'NONE',  ( -0.000000000000000000, -1.000000000000000000, -0.000000000000000000 ) ) ;
#708 = VERTEX_POINT ( 'NONE', #907 ) ;
#709 = VECTOR ( 'NONE', #1460, 1000.000000000000000 ) ;
#710 = CARTESIAN_POINT ( 'NONE',  ( 61.00000000000000000, 3.000000000000000000, 6.899999999999995026 ) ) ;
#711 = SHAPE_DEFINITION_REPRESENTATION ( #742, #16 ) ;
#712 = CARTESIAN_POINT ( 'NONE',  ( 61.00000000000000000, 2.574999999999998401, 6.899999999999995026 ) ) ;
#713 = VECTOR ( 'NONE', #23, 1000.000000000000000 ) ;
#714 = CIRCLE ( 'NONE', #1087, 2.477067264187858608 ) ;
#715 = VECTOR ( 'NONE', #1001, 1000.000000000000000 ) ;
#716 = AXIS2_PLACEMENT_3D ( 'NONE', #249, #963, #1683 ) ;
#717 = CIRCLE ( 'NONE', #1623, 2.477067264187855056 ) ;
#718 = ORIENTED_EDGE ( 'NONE', *, *, #443, .F. ) ;
#719 = FACE_BOUND ( 'NONE', #84, .T. ) ;
#720 = EDGE_CURVE ( 'NONE', #476, #959, #1258, .T. ) ;
#721 = ORIENTED_EDGE ( 'NONE', *, *, #287, .F. ) ;
#722 = CARTESIAN_POINT ( 'NONE',  ( 9.000000000000000000, 3.000000000000000000, 9.000000000000000000 ) ) ;
#723 = DIRECTION ( 'NONE',  ( 0.000000000000000000, 0.000000000000000000, 1.000000000000000000 ) ) ;
#724 = ORIENTED_EDGE ( 'NONE', *, *, #1177, .T. ) ;
#725 = EDGE_CURVE ( 'NONE', #433, #1660, #1773, .T. ) ;
#726 = CYLINDRICAL_SURFACE ( 'NONE', #754, 4.100000000000006750 ) ;
#727 = FACE_OUTER_BOUND ( 'NONE', #2026, .T. ) ;
#728 = EDGE_CURVE ( 'NONE', #1050, #1401, #1956, .T. ) ;
#729 = ORIENTED_EDGE ( 'NONE', *, *, #354, .T. ) ;
#730 = CARTESIAN_POINT ( 'NONE',  ( 22.99999999999999645, -0.001000000000000132727, 11.47706726418785372 ) ) ;
#731 = ORIENTED_EDGE ( 'NONE', *, *, #1585, .F. ) ;
#732 = CARTESIAN_POINT ( 'NONE',  ( 9.000000000000540012, 0.000000000000000000, 61.00000000000000000 ) ) ;
#733 = EDGE_CURVE ( 'NONE', #1265, #2137, #2263, .T. ) ;
#734 = LINE ( 'NONE', #155, #1046 ) ;
#735 = VERTEX_POINT ( 'NONE', #543 ) ;
#736 = LINE ( 'NONE', #1470, #1922 ) ;
#737 = PLANE ( 'NONE',  #558 ) ;
#738 = ORIENTED_EDGE ( 'NONE', *, *, #643, .T. ) ;
#739 = ORIENTED_EDGE ( 'NONE', *, *, #487, .F. ) ;
#740 = DIRECTION ( 'NONE',  ( -0.000000000000000000, 1.000000000000000000, -0.000000000000000000 ) ) ;
#741 = FACE_OUTER_BOUND ( 'NONE', #2007, .T. ) ;
#742 = PRODUCT_DEFINITION_SHAPE ( 'NONE', 'NONE',  #899 ) ;
#743 = ORIENTED_EDGE ( 'NONE', *, *, #2227, .F. ) ;
#744 = DIRECTION ( 'NONE',  ( 0.000000000000000000, 0.000000000000000000, 1.000000000000000000 ) ) ;
#745 = DIRECTION ( 'NONE',  ( 0.000000000000000000, 1.000000000000000000, 0.000000000000000000 ) ) ;
#746 = VECTOR ( 'NONE', #556, 1000.000000000000227 ) ;
#747 = AXIS2_PLACEMENT_3D ( 'NONE', #1617, #1646, #384 ) ;
#748 = CARTESIAN_POINT ( 'NONE',  ( 95.00000000000001421, 3.000000000000000000, 128.5244144961095287 ) ) ;
#749 = CARTESIAN_POINT ( 'NONE',  ( 47.00000000000106581, 0.000000000000000000, 60.99999999999976552 ) ) ;
#750 = ORIENTED_EDGE ( 'NONE', *, *, #471, .T. ) ;
#751 = AXIS2_PLACEMENT_3D ( 'NONE', #125, #135, #680 ) ;
#752 = AXIS2_PLACEMENT_3D ( 'NONE', #953, #55, #779 ) ;
#753 = CC_DESIGN_APPROVAL ( #1175, ( #899 ) ) ;
#754 = AXIS2_PLACEMENT_3D ( 'NONE', #1810, #1448, #2176 ) ;
#755 = ORIENTED_EDGE ( 'NONE', *, *, #2006, .T. ) ;
#756 = DIRECTION ( 'NONE',  ( -0.000000000000000000, 1.000000000000000000, -0.000000000000000000 ) ) ;
#757 = FACE_OUTER_BOUND ( 'NONE', #607, .T. ) ;
#758 = ORIENTED_EDGE ( 'NONE', *, *, #1194, .F. ) ;
#759 = FACE_OUTER_BOUND ( 'NONE', #1063, .T. ) ;
#760 = CARTESIAN_POINT ( 'NONE',  ( 47.41982900651625954, 0.000000000000000000, 70.00000000000000000 ) ) ;
#761 = EDGE_CURVE ( 'NONE', #1891, #597, #2161, .T. ) ;
#762 = CYLINDRICAL_SURFACE ( 'NONE', #2192, 9.999999999999998224 ) ;
#763 = CYLINDRICAL_SURFACE ( 'NONE', #452, 4.100000000000006750 ) ;
#764 = ORIENTED_EDGE ( 'NONE', *, *, #1239, .T. ) ;
#765 = VERTEX_POINT ( 'NONE', #1638 ) ;
#766 = DIRECTION ( 'NONE',  ( -0.000000000000000000, 1.000000000000000000, -0.000000000000000000 ) ) ;
#767 = CARTESIAN_POINT ( 'NONE',  ( 9.000000000000000000, 0.000000000000000000, 11.09999999999999787 ) ) ;
#768 = ORIENTED_EDGE ( 'NONE', *, *, #1225, .F. ) ;
#769 = DIRECTION ( 'NONE',  ( 0.9196102940213409793, -0.000000000000000000, 0.3928319069652856377 ) ) ;
#770 = ADVANCED_FACE ( 'NONE', ( #741 ), #883, .F. ) ;
#771 = DIRECTION ( 'NONE',  ( 0.000000000000000000, 0.000000000000000000, 1.000000000000000000 ) ) ;
#772 = DIRECTION ( 'NONE',  ( 0.000000000000000000, -1.000000000000000000, 0.000000000000000000 ) ) ;
#773 = EDGE_LOOP ( 'NONE', ( #2130, #539, #1255, #1631 ) ) ;
#774 = EDGE_CURVE ( 'NONE', #1974, #708, #1125, .T. ) ;
#775 = ORIENTED_EDGE ( 'NONE', *, *, #733, .F. ) ;
#776 = EDGE_CURVE ( 'NONE', #2224, #780, #599, .T. ) ;
#777 = LINE ( 'NONE', #1500, #2156 ) ;
#778 = EDGE_CURVE ( 'NONE', #2255, #834, #2344, .T. ) ;
#779 = DIRECTION ( 'NONE',  ( 0.000000000000000000, 0.000000000000000000, 1.000000000000000000 ) ) ;
#780 = VERTEX_POINT ( 'NONE', #1618 ) ;
#781 = ADVANCED_FACE ( 'NONE', ( #1 ), #1985, .F. ) ;
#782 = DIRECTION ( 'NONE',  ( -0.000000000000000000, -1.000000000000000000, -0.000000000000000000 ) ) ;
#783 = CARTESIAN_POINT ( 'NONE',  ( 23.00000000000106937, 0.000000000000000000, 60.99999999999960210 ) ) ;
#784 = CARTESIAN_POINT ( 'NONE',  ( 0.000000000000000000, 3.000000000000000000, 0.000000000000000000 ) ) ;
#785 = CIRCLE ( 'NONE', #64, 2.477067264187855056 ) ;
#786 = ORIENTED_EDGE ( 'NONE', *, *, #2292, .F. ) ;
#787 = AXIS2_PLACEMENT_3D ( 'NONE', #1677, #804, #771 ) ;
#788 = AXIS2_PLACEMENT_3D ( 'NONE', #1486, #1973, #1657 ) ;
#789 = AXIS2_PLACEMENT_3D ( 'NONE', #1674, #1333, #2208 ) ;
#790 = ORIENTED_EDGE ( 'NONE', *, *, #1074, .F. ) ;
#791 = CIRCLE ( 'NONE', #1249, 2.100000000000004530 ) ;
#792 = CARTESIAN_POINT ( 'NONE',  ( 70.00000000000000000, 0.000000000000000000, 30.55011433381627128 ) ) ;
#793 = CARTESIAN_POINT ( 'NONE',  ( 6.503269127934523740E-15, 3.000000000000000000, 30.55011433381687525 ) ) ;
#794 = VERTEX_POINT ( 'NONE', #977 ) ;
#795 = CARTESIAN_POINT ( 'NONE',  ( 61.00000000000054001, 0.000000000000000000, 58.89999999999999147 ) ) ;
#796 = LINE ( 'NONE', #425, #520 ) ;
#797 = ORIENTED_EDGE ( 'NONE', *, *, #905, .F. ) ;
#798 = ORIENTED_EDGE ( 'NONE', *, *, #1016, .T. ) ;
#799 = CARTESIAN_POINT ( 'NONE',  ( 47.00000000000108713, 0.000000000000000000, 58.52293273581191357 ) ) ;
#800 = DIRECTION ( 'NONE',  ( -0.000000000000000000, 1.000000000000000000, -0.000000000000000000 ) ) ;
#801 = VERTEX_POINT ( 'NONE', #227 ) ;
#802 = ADVANCED_FACE ( 'NONE', ( #757 ), #432, .F. ) ;
#803 = DIRECTION ( 'NONE',  ( 0.000000000000000000, 1.000000000000000000, 0.000000000000000000 ) ) ;
#804 = DIRECTION ( 'NONE',  ( 0.000000000000000000, 1.000000000000000000, 0.000000000000000000 ) ) ;
#805 = EDGE_LOOP ( 'NONE', ( #2310, #130, #1946, #438 ) ) ;
#806 = ORIENTED_EDGE ( 'NONE', *, *, #168, .F. ) ;
#807 = EDGE_LOOP ( 'NONE', ( #664, #1510, #743, #1548, #1735 ) ) ;
#808 = CARTESIAN_POINT ( 'NONE',  ( 23.00000000000106937, -0.001000000000000132727, 60.99999999999960210 ) ) ;
#809 = DIRECTION ( 'NONE',  ( -0.000000000000000000, -1.000000000000000000, -0.000000000000000000 ) ) ;
#810 = VERTEX_POINT ( 'NONE', #1324 ) ;
#811 = FACE_BOUND ( 'NONE', #1294, .T. ) ;
#812 = LINE ( 'NONE', #1937, #2229 ) ;
#813 = DIRECTION ( 'NONE',  ( 0.000000000000000000, 1.000000000000000000, -0.000000000000000000 ) ) ;
#814 = EDGE_CURVE ( 'NONE', #1853, #1755, #1691, .T. ) ;
#815 = ORIENTED_EDGE ( 'NONE', *, *, #1862, .T. ) ;
#816 = CARTESIAN_POINT ( 'NONE',  ( 11.47706726418875078, 3.000000000000000000, 23.00000000000022027 ) ) ;
#817 = VECTOR ( 'NONE', #1750, 1000.000000000000000 ) ;
#818 = DIRECTION ( 'NONE',  ( 0.000000000000000000, 0.000000000000000000, 1.000000000000000000 ) ) ;
#819 = VECTOR ( 'NONE', #375, 1000.000000000000000 ) ;
#820 = CYLINDRICAL_SURFACE ( 'NONE', #1204, 4.099999999999992539 ) ;
#821 = EDGE_CURVE ( 'NONE', #372, #810, #1648, .T. ) ;
#822 = VERTEX_POINT ( 'NONE', #33 ) ;
#823 = AXIS2_PLACEMENT_3D ( 'NONE', #748, #2024, #1058 ) ;
#824 = AXIS2_PLACEMENT_3D ( 'NONE', #749, #217, #559 ) ;
#825 = CARTESIAN_POINT ( 'NONE',  ( 56.48791144225712202, 3.000000000000000000, 75.77198792763707047 ) ) ;
#826 = DIRECTION ( 'NONE',  ( 0.000000000000000000, 0.000000000000000000, 1.000000000000000000 ) ) ;
#827 = LOCAL_TIME ( 3, 7, 54.00000000000000000, #1220 ) ;
#828 = VECTOR ( 'NONE', #555, 1000.000000000000000 ) ;
#829 = CC_DESIGN_PERSON_AND_ORGANIZATION_ASSIGNMENT ( #624, #1174, ( #1782 ) ) ;
#830 = VECTOR ( 'NONE', #442, 1000.000000000000000 ) ;
#831 = DIRECTION ( 'NONE',  ( 0.000000000000000000, 1.000000000000000000, 0.000000000000000000 ) ) ;
#832 = DIRECTION ( 'NONE',  ( -0.000000000000000000, 1.000000000000000000, -0.000000000000000000 ) ) ;
#833 = EDGE_CURVE ( 'NONE', #1291, #407, #369, .T. ) ;
#834 = VERTEX_POINT ( 'NONE', #212 ) ;
#835 = EDGE_LOOP ( 'NONE', ( #850, #2282, #858, #1671 ) ) ;
#836 = CARTESIAN_POINT ( 'NONE',  ( 84.94428728306793630, -0.001000000000000132727, 115.4212606103257031 ) ) ;
#837 = ADVANCED_FACE ( 'NONE', ( #422 ), #1729, .F. ) ;
#838 = DIRECTION ( 'NONE',  ( 0.000000000000000000, 1.000000000000000000, 0.000000000000000000 ) ) ;
#839 = ORIENTED_EDGE ( 'NONE', *, *, #278, .F. ) ;
#840 = DIRECTION ( 'NONE',  ( 0.000000000000000000, 0.000000000000000000, 1.000000000000000000 ) ) ;
#841 = CARTESIAN_POINT ( 'NONE',  ( 9.000000000000000000, 3.000000000000000000, 9.000000000000000000 ) ) ;
#842 = DIRECTION ( 'NONE',  ( -0.000000000000000000, 1.000000000000000000, -0.000000000000000000 ) ) ;
#843 = LINE ( 'NONE', #280, #1382 ) ;
#844 = DIRECTION ( 'NONE',  ( -0.000000000000000000, -1.000000000000000000, -0.000000000000000000 ) ) ;
#845 = CYLINDRICAL_SURFACE ( 'NONE', #634, 4.099999999999992539 ) ;
#846 = EDGE_CURVE ( 'NONE', #997, #1079, #568, .T. ) ;
#847 = VERTEX_POINT ( 'NONE', #1875 ) ;
#848 = CARTESIAN_POINT ( 'NONE',  ( 73.00141320994410421, -0.001000000000000132727, 77.02623803091437082 ) ) ;
#849 = DIRECTION ( 'NONE',  ( -0.000000000000000000, 1.000000000000000000, -0.000000000000000000 ) ) ;
#850 = ORIENTED_EDGE ( 'NONE', *, *, #92, .F. ) ;
#851 = PERSON_AND_ORGANIZATION ( #2174, #2305 ) ;
#852 = CARTESIAN_POINT ( 'NONE',  ( 61.00000000000054001, 3.000000000000000000, 61.00000000000000000 ) ) ;
#853 = ORIENTED_EDGE ( 'NONE', *, *, #75, .T. ) ;
#854 = ORIENTED_EDGE ( 'NONE', *, *, #507, .T. ) ;
#855 = CARTESIAN_POINT ( 'NONE',  ( 61.00000000000000000, 3.000000000000000000, 11.52499999999999858 ) ) ;
#856 = DIRECTION ( 'NONE',  ( 0.000000000000000000, 1.000000000000000000, 0.000000000000000000 ) ) ;
#857 = CONICAL_SURFACE ( 'NONE', #1160, 2.524999999999999467, 0.7853981633974401744 ) ;
#858 = ORIENTED_EDGE ( 'NONE', *, *, #59, .T. ) ;
#859 = ADVANCED_FACE ( 'NONE', ( #2020 ), #2054, .F. ) ;
#860 = AXIS2_PLACEMENT_3D ( 'NONE', #1688, #1485, #614 ) ;
#861 = DIRECTION ( 'NONE',  ( -0.000000000000000000, -1.000000000000000000, -0.000000000000000000 ) ) ;
#862 = CARTESIAN_POINT ( 'NONE',  ( 15.97772105374191476, 0.000000000000000000, 70.00000000000000000 ) ) ;
#863 = ORIENTED_EDGE ( 'NONE', *, *, #1273, .F. ) ;
#864 = CIRCLE ( 'NONE', #410, 4.100000000000006750 ) ;
#865 = CARTESIAN_POINT ( 'NONE',  ( -9.999999999999996447, 3.000000000000000000, 30.55011433381687880 ) ) ;
#866 = EDGE_CURVE ( 'NONE', #1299, #1211, #864, .T. ) ;
#867 = AXIS2_PLACEMENT_3D ( 'NONE', #1445, #2330, #2194 ) ;
#868 = ORIENTED_EDGE ( 'NONE', *, *, #254, .T. ) ;
#869 = EDGE_CURVE ( 'NONE', #2281, #1299, #1353, .T. ) ;
#870 = FACE_BOUND ( 'NONE', #1693, .T. ) ;
#871 = PLANE ( 'NONE',  #2033 ) ;
#872 = CARTESIAN_POINT ( 'NONE',  ( 92.48509169404294994, 3.000000000000000000, 112.2000389732103969 ) ) ;
#873 = VERTEX_POINT ( 'NONE', #767 ) ;
#874 = CARTESIAN_POINT ( 'NONE',  ( 56.61593194672965268, 3.000000000000000000, 76.07168093034714218 ) ) ;
#875 = VERTEX_POINT ( 'NONE', #1837 ) ;
#876 = CARTESIAN_POINT ( 'NONE',  ( 6.522932735813041560, -0.001000000000000132727, 23.00000000000017408 ) ) ;
#877 = VERTEX_POINT ( 'NONE', #1665 ) ;
#878 = CARTESIAN_POINT ( 'NONE',  ( -38.51208855774287798, 0.000000000000000000, 122.7524265684724298 ) ) ;
#879 = DIRECTION ( 'NONE',  ( -1.807003620809174385E-16, 0.000000000000000000, -1.000000000000000000 ) ) ;
#880 = LINE ( 'NONE', #2213, #1512 ) ;
#881 = ORIENTED_EDGE ( 'NONE', *, *, #8, .F. ) ;
#882 = DIRECTION ( 'NONE',  ( 1.000000000000000000, 0.000000000000000000, 0.000000000000000000 ) ) ;
#883 = CYLINDRICAL_SURFACE ( 'NONE', #104, 2.477067264187855056 ) ;
#884 = EDGE_LOOP ( 'NONE', ( #915, #685, #2315, #1349 ) ) ;
#885 = CARTESIAN_POINT ( 'NONE',  ( 23.00000000000106937, 3.000000000000000000, 60.99999999999960210 ) ) ;
#886 = PERSON_AND_ORGANIZATION ( #2174, #2305 ) ;
#887 = DIRECTION ( 'NONE',  ( -0.000000000000000000, 1.000000000000000000, -0.000000000000000000 ) ) ;
#888 = ORIENTED_EDGE ( 'NONE', *, *, #1627, .F. ) ;
#889 = FACE_BOUND ( 'NONE', #1935, .T. ) ;
#890 = ORIENTED_EDGE ( 'NONE', *, *, #270, .F. ) ;
#891 = DIRECTION ( 'NONE',  ( 1.029992063861229055E-14, 0.000000000000000000, -1.000000000000000000 ) ) ;
#892 = CIRCLE ( 'NONE', #1877, 18.00000000000000355 ) ;
#893 = DIRECTION ( 'NONE',  ( 0.000000000000000000, 0.000000000000000000, 1.000000000000000000 ) ) ;
#894 = ORIENTED_EDGE ( 'NONE', *, *, #916, .F. ) ;
#895 = VECTOR ( 'NONE', #1738, 1000.000000000000000 ) ;
#896 = LINE ( 'NONE', #1422, #557 ) ;
#897 = VECTOR ( 'NONE', #691, 1000.000000000000000 ) ;
#898 = CIRCLE ( 'NONE', #787, 4.099999999999992539 ) ;
#899 = PRODUCT_DEFINITION ( 'æœ', '', #2268, #2071 ) ;
#900 = VECTOR ( 'NONE', #1934, 1000.000000000000000 ) ;
#901 = AXIS2_PLACEMENT_3D ( 'NONE', #1280, #2001, #378 ) ;
#902 = ORIENTED_EDGE ( 'NONE', *, *, #846, .T. ) ;
#903 = CARTESIAN_POINT ( 'NONE',  ( 61.00000000000000000, 2.574999999999998401, 11.10000000000000320 ) ) ;
#904 = ORIENTED_EDGE ( 'NONE', *, *, #2080, .F. ) ;
#905 = EDGE_CURVE ( 'NONE', #148, #554, #2116, .T. ) ;
#906 = DIRECTION ( 'NONE',  ( 0.000000000000000000, 1.000000000000000000, 0.000000000000000000 ) ) ;
#907 = CARTESIAN_POINT ( 'NONE',  ( 0.7689889955434168201, 0.000000000000000000, 78.63684884947205944 ) ) ;
#908 = ORIENTED_EDGE ( 'NONE', *, *, #534, .T. ) ;
#909 = CARTESIAN_POINT ( 'NONE',  ( 9.000000000000000000, 3.000000000000000000, 9.000000000000000000 ) ) ;
#910 = CYLINDRICAL_SURFACE ( 'NONE', #1008, 2.100000000000004530 ) ;
#911 = ORIENTED_EDGE ( 'NONE', *, *, #2006, .F. ) ;
#912 = ORIENTED_EDGE ( 'NONE', *, *, #1905, .T. ) ;
#913 = DIRECTION ( 'NONE',  ( 0.000000000000000000, 1.000000000000000000, 0.000000000000000000 ) ) ;
#914 = DIRECTION ( 'NONE',  ( -0.3928319069652835838, 0.000000000000000000, 0.9196102940213417565 ) ) ;
#915 = ORIENTED_EDGE ( 'NONE', *, *, #254, .F. ) ;
#916 = EDGE_CURVE ( 'NONE', #2018, #504, #670, .T. ) ;
#917 = CARTESIAN_POINT ( 'NONE',  ( 61.00000000000054001, 0.000000000000000000, 61.00000000000000000 ) ) ;
#918 = DIRECTION ( 'NONE',  ( 0.3928319069652856377, -0.000000000000000000, -0.9196102940213409793 ) ) ;
#919 = CARTESIAN_POINT ( 'NONE',  ( 9.000000000000540012, 3.000000000000000000, 61.00000000000000000 ) ) ;
#920 = DIRECTION ( 'NONE',  ( -0.000000000000000000, 1.000000000000000000, -0.000000000000000000 ) ) ;
#921 = ORIENTED_EDGE ( 'NONE', *, *, #1573, .F. ) ;
#922 = EDGE_LOOP ( 'NONE', ( #1082, #1953, #2248, #1395 ) ) ;
#923 = CC_DESIGN_DATE_AND_TIME_ASSIGNMENT ( #2323, #319, ( #899 ) ) ;
#924 = CARTESIAN_POINT ( 'NONE',  ( 61.00000000000000000, 3.000000000000000000, 9.000000000000000000 ) ) ;
#925 = DIRECTION ( 'NONE',  ( 0.000000000000000000, 0.000000000000000000, 1.000000000000000000 ) ) ;
#926 = EDGE_CURVE ( 'NONE', #810, #2047, #972, .T. ) ;
#927 = EDGE_LOOP ( 'NONE', ( #516, #1592, #1170, #2306 ) ) ;
#928 = LINE ( 'NONE', #2333, #828 ) ;
#929 = LINE ( 'NONE', #1652, #2034 ) ;
#930 = CIRCLE ( 'NONE', #256, 4.100000000000006750 ) ;
#931 = AXIS2_PLACEMENT_3D ( 'NONE', #848, #666, #1936 ) ;
#932 = AXIS2_PLACEMENT_3D ( 'NONE', #1062, #1072, #723 ) ;
#933 = DIRECTION ( 'NONE',  ( 0.000000000000000000, 0.000000000000000000, 1.000000000000000000 ) ) ;
#934 = EDGE_CURVE ( 'NONE', #1444, #1787, #449, .T. ) ;
#935 = DIRECTION ( 'NONE',  ( 0.000000000000000000, 0.000000000000000000, 1.000000000000000000 ) ) ;
#936 = ORIENTED_EDGE ( 'NONE', *, *, #1113, .F. ) ;
#937 = AXIS2_PLACEMENT_3D ( 'NONE', #1682, #395, #1118 ) ;
#938 = AXIS2_PLACEMENT_3D ( 'NONE', #397, #2046, #2242 ) ;
#939 = LOCAL_TIME ( 3, 7, 54.00000000000000000, #330 ) ;
#940 = CIRCLE ( 'NONE', #109, 2.099999999999999645 ) ;
#941 = EDGE_LOOP ( 'NONE', ( #678, #349, #1436, #731, #355 ) ) ;
#942 = AXIS2_PLACEMENT_3D ( 'NONE', #1964, #2347, #2171 ) ;
#943 = CYLINDRICAL_SURFACE ( 'NONE', #1007, 2.477067264187855056 ) ;
#944 = CARTESIAN_POINT ( 'NONE',  ( 22.99999999999999645, 0.000000000000000000, 9.000000000000000000 ) ) ;
#945 = ORIENTED_EDGE ( 'NONE', *, *, #1758, .T. ) ;
#946 = FACE_BOUND ( 'NONE', #1707, .T. ) ;
#947 = CARTESIAN_POINT ( 'NONE',  ( 63.47706726418836354, -0.001000000000000132727, 22.99999999999931788 ) ) ;
#948 = LINE ( 'NONE', #1414, #521 ) ;
#949 = ORIENTED_EDGE ( 'NONE', *, *, #1384, .T. ) ;
#950 = ADVANCED_FACE ( 'NONE', ( #2230 ), #1865, .F. ) ;
#951 = EDGE_LOOP ( 'NONE', ( #2259, #611 ) ) ;
#952 = DIRECTION ( 'NONE',  ( -0.000000000000000000, 1.000000000000000000, -0.000000000000000000 ) ) ;
#953 = CARTESIAN_POINT ( 'NONE',  ( 61.00000000000042633, 3.000000000000000000, 46.99999999999931077 ) ) ;
#954 = ORIENTED_EDGE ( 'NONE', *, *, #1473, .F. ) ;
#955 = DIRECTION ( 'NONE',  ( 0.000000000000000000, 0.000000000000000000, -1.000000000000000000 ) ) ;
#956 = CYLINDRICAL_SURFACE ( 'NONE', #1616, 2.100000000000004530 ) ;
#957 = CARTESIAN_POINT ( 'NONE',  ( 9.000000000000650147, 3.000000000000000000, 47.00000000000019895 ) ) ;
#958 = EDGE_CURVE ( 'NONE', #2078, #2106, #67, .T. ) ;
#959 = VERTEX_POINT ( 'NONE', #1360 ) ;
#960 = APPLICATION_CONTEXT ( 'configuration controlled 3d designs of mechanical parts and assemblies' ) ;
#961 = EDGE_LOOP ( 'NONE', ( #325, #20, #203, #551 ) ) ;
#962 = FACE_OUTER_BOUND ( 'NONE', #458, .T. ) ;
#963 = DIRECTION ( 'NONE',  ( -1.000000000000000000, 0.000000000000000000, -1.029992063861229055E-14 ) ) ;
#964 = ORIENTED_EDGE ( 'NONE', *, *, #335, .F. ) ;
#965 = CYLINDRICAL_SURFACE ( 'NONE', #35, 14.69327675602262495 ) ;
#966 = DIRECTION ( 'NONE',  ( -0.000000000000000000, -1.000000000000000000, -0.000000000000000000 ) ) ;
#967 = CARTESIAN_POINT ( 'NONE',  ( 61.00000000000054001, 3.000000000000000000, 61.00000000000000000 ) ) ;
#968 = AXIS2_PLACEMENT_3D ( 'NONE', #1375, #1387, #1026 ) ;
#969 = ORIENTED_EDGE ( 'NONE', *, *, #1241, .F. ) ;
#970 = CIRCLE ( 'NONE', #2070, 4.100000000000006750 ) ;
#971 = AXIS2_PLACEMENT_3D ( 'NONE', #1563, #1908, #818 ) ;
#972 = CIRCLE ( 'NONE', #2193, 2.524999999999999467 ) ;
#973 = EDGE_CURVE ( 'NONE', #1620, #1853, #1547, .T. ) ;
#974 = ORIENTED_EDGE ( 'NONE', *, *, #1331, .T. ) ;
#975 = VECTOR ( 'NONE', #387, 1000.000000000000000 ) ;
#976 = CARTESIAN_POINT ( 'NONE',  ( 0.7689889955433981683, 3.000000000000000000, 78.63684884947205944 ) ) ;
#977 = CARTESIAN_POINT ( 'NONE',  ( 9.000000000000000000, 3.000000000000000000, 6.474999999999999645 ) ) ;
#978 = ORIENTED_EDGE ( 'NONE', *, *, #534, .F. ) ;
#979 = AXIS2_PLACEMENT_3D ( 'NONE', #1926, #1550, #2277 ) ;
#980 = ADVANCED_FACE ( 'NONE', ( #1909 ), #2258, .F. ) ;
#981 = CARTESIAN_POINT ( 'NONE',  ( 95.00000000000001421, 3.000000000000000000, 124.4244144961095202 ) ) ;
#982 = DIRECTION ( 'NONE',  ( 0.3928319069652783102, -0.000000000000000000, 0.9196102940213441990 ) ) ;
#983 = DIRECTION ( 'NONE',  ( 0.000000000000000000, 0.000000000000000000, 1.000000000000000000 ) ) ;
#984 = EDGE_CURVE ( 'NONE', #1404, #585, #297, .T. ) ;
#985 = ORIENTED_EDGE ( 'NONE', *, *, #532, .T. ) ;
#986 = ORIENTED_EDGE ( 'NONE', *, *, #24, .T. ) ;
#987 = DIRECTION ( 'NONE',  ( -1.000000000000000000, 0.000000000000000000, -3.180326372624146997E-15 ) ) ;
#988 = CARTESIAN_POINT ( 'NONE',  ( -11.48791144225708472, 3.000000000000000000, 134.2964024237465992 ) ) ;
#989 = ORIENTED_EDGE ( 'NONE', *, *, #689, .T. ) ;
#990 = FACE_BOUND ( 'NONE', #1107, .T. ) ;
#991 = DIRECTION ( 'NONE',  ( 0.000000000000000000, 0.000000000000000000, 1.000000000000000000 ) ) ;
#992 = CARTESIAN_POINT ( 'NONE',  ( 61.00000000000054001, 3.000000000000000000, 61.00000000000000000 ) ) ;
#993 = EDGE_CURVE ( 'NONE', #765, #1354, #1919, .T. ) ;
#994 = ORIENTED_EDGE ( 'NONE', *, *, #2061, .F. ) ;
#995 = LINE ( 'NONE', #1753, #103 ) ;
#996 = CARTESIAN_POINT ( 'NONE',  ( 58.52293273581256727, 0.000000000000000000, 46.99999999999930367 ) ) ;
#997 = VERTEX_POINT ( 'NONE', #1021 ) ;
#998 = DIRECTION ( 'NONE',  ( 0.000000000000000000, 0.000000000000000000, 1.000000000000000000 ) ) ;
#999 = CARTESIAN_POINT ( 'NONE',  ( 95.00000000000001421, 0.000000000000000000, 132.6244144961095230 ) ) ;
#1000 = EDGE_CURVE ( 'NONE', #834, #1457, #2121, .T. ) ;
#1001 = DIRECTION ( 'NONE',  ( -1.000000000000000000, -0.000000000000000000, -0.000000000000000000 ) ) ;
#1002 = LINE ( 'NONE', #1586, #2226 ) ;
#1003 = ADVANCED_FACE ( 'NONE', ( #313 ), #820, .F. ) ;
#1004 = ORIENTED_EDGE ( 'NONE', *, *, #244, .T. ) ;
#1005 = AXIS2_PLACEMENT_3D ( 'NONE', #1904, #1038, #658 ) ;
#1006 = DIRECTION ( 'NONE',  ( 3.384826294588886418E-15, 0.000000000000000000, 1.000000000000000000 ) ) ;
#1007 = AXIS2_PLACEMENT_3D ( 'NONE', #45, #766, #1332 ) ;
#1008 = AXIS2_PLACEMENT_3D ( 'NONE', #1634, #2023, #1668 ) ;
#1009 = CARTESIAN_POINT ( 'NONE',  ( 10.00000000000000178, 3.000000000000000000, 0.000000000000000000 ) ) ;
#1010 = ORIENTED_EDGE ( 'NONE', *, *, #1290, .F. ) ;
#1011 = VECTOR ( 'NONE', #1515, 1000.000000000000000 ) ;
#1012 = DIRECTION ( 'NONE',  ( 0.000000000000000000, 0.000000000000000000, 1.000000000000000000 ) ) ;
#1013 = VECTOR ( 'NONE', #2133, 1000.000000000000000 ) ;
#1014 = DATE_AND_TIME ( #2111, #1545 ) ;
#1015 = LINE ( 'NONE', #1739, #817 ) ;
#1016 = EDGE_CURVE ( 'NONE', #1260, #68, #1201, .T. ) ;
#1017 = EDGE_CURVE ( 'NONE', #1931, #2089, #1898, .T. ) ;
#1018 = EDGE_CURVE ( 'NONE', #1079, #617, #1578, .T. ) ;
#1019 = ORIENTED_EDGE ( 'NONE', *, *, #654, .F. ) ;
#1020 = DIRECTION ( 'NONE',  ( 0.000000000000000000, 0.000000000000000000, 1.000000000000000000 ) ) ;
#1021 = CARTESIAN_POINT ( 'NONE',  ( 47.00000000000105160, -4.235164736271501695E-19, 63.47706726418761747 ) ) ;
#1022 = ORIENTED_EDGE ( 'NONE', *, *, #142, .T. ) ;
#1023 = LINE ( 'NONE', #1034, #566 ) ;
#1024 = CARTESIAN_POINT ( 'NONE',  ( 95.00000000000001421, 0.000000000000000000, 128.5244144961095287 ) ) ;
#1025 = ORIENTED_EDGE ( 'NONE', *, *, #1317, .F. ) ;
#1026 = DIRECTION ( 'NONE',  ( 0.000000000000000000, 0.000000000000000000, 1.000000000000000000 ) ) ;
#1027 = APPROVAL ( #2334, 'æœª' ) ;
#1028 = ORIENTED_EDGE ( 'NONE', *, *, #1529, .T. ) ;
#1029 = DIRECTION ( 'NONE',  ( 1.026378056619610759E-14, 0.000000000000000000, -1.000000000000000000 ) ) ;
#1030 = EDGE_CURVE ( 'NONE', #1931, #268, #334, .T. ) ;
#1031 = CARTESIAN_POINT ( 'NONE',  ( 6.503269127934524528E-15, 0.000000000000000000, 30.55011433381687525 ) ) ;
#1032 = DIRECTION ( 'NONE',  ( 0.000000000000000000, 0.000000000000000000, 1.000000000000000000 ) ) ;
#1033 = ORIENTED_EDGE ( 'NONE', *, *, #778, .T. ) ;
#1034 = CARTESIAN_POINT ( 'NONE',  ( 92.48509169404294994, 3.000000000000000000, 112.2000389732103969 ) ) ;
#1035 = CARTESIAN_POINT ( 'NONE',  ( 15.97772105374191476, 3.000000000000000000, 70.00000000000000000 ) ) ;
#1036 = ORIENTED_EDGE ( 'NONE', *, *, #1081, .T. ) ;
#1037 = CALENDAR_DATE ( 2026, 20, 5 ) ;
#1038 = DIRECTION ( 'NONE',  ( -0.000000000000000000, -1.000000000000000000, -0.000000000000000000 ) ) ;
#1039 = EDGE_LOOP ( 'NONE', ( #1153, #2204, #1779, #6 ) ) ;
#1040 = ORIENTED_EDGE ( 'NONE', *, *, #1603, .T. ) ;
#1041 = LINE ( 'NONE', #1236, #1542 ) ;
#1042 = LINE ( 'NONE', #152, #564 ) ;
#1043 = VECTOR ( 'NONE', #918, 1000.000000000000227 ) ;
#1044 = ORIENTED_EDGE ( 'NONE', *, *, #1529, .F. ) ;
#1045 = VECTOR ( 'NONE', #891, 1000.000000000000000 ) ;
#1046 = VECTOR ( 'NONE', #914, 999.9999999999998863 ) ;
#1047 = CARTESIAN_POINT ( 'NONE',  ( 61.00000000000054001, 3.000000000000000000, 63.52499999999999858 ) ) ;
#1048 = CARTESIAN_POINT ( 'NONE',  ( -18.71468948855545023, 3.000000000000000000, 113.8106497917680713 ) ) ;
#1049 = CIRCLE ( 'NONE', #2264, 10.00000000000000178 ) ;
#1050 = VERTEX_POINT ( 'NONE', #115 ) ;
#1051 = AXIS2_PLACEMENT_3D ( 'NONE', #1491, #2219, #587 ) ;
#1052 = APPROVAL_PERSON_ORGANIZATION ( #886, #1175, #119 ) ;
#1053 = AXIS2_PLACEMENT_3D ( 'NONE', #1517, #769, #1687 ) ;
#1054 = CARTESIAN_POINT ( 'NONE',  ( 61.00000000000051159, 3.000000000000000000, 22.99999999999931433 ) ) ;
#1055 = EDGE_CURVE ( 'NONE', #1308, #56, #282, .T. ) ;
#1056 = ORIENTED_EDGE ( 'NONE', *, *, #1970, .T. ) ;
#1057 = DIRECTION ( 'NONE',  ( -0.000000000000000000, 1.000000000000000000, -0.000000000000000000 ) ) ;
#1058 = DIRECTION ( 'NONE',  ( 0.000000000000000000, 0.000000000000000000, 1.000000000000000000 ) ) ;
#1059 = CARTESIAN_POINT ( 'NONE',  ( 108.5120885577429135, 3.000000000000000000, 122.7524265684724156 ) ) ;
#1060 = EDGE_LOOP ( 'NONE', ( #1823, #1300, #1207, #269 ) ) ;
#1061 = CARTESIAN_POINT ( 'NONE',  ( 92.48509169404294994, -0.001000000000000132727, 112.2000389732103969 ) ) ;
#1062 = CARTESIAN_POINT ( 'NONE',  ( 61.00000000000054001, 0.000000000000000000, 61.00000000000000000 ) ) ;
#1063 = EDGE_LOOP ( 'NONE', ( #1611, #2175, #2060, #911 ) ) ;
#1064 = CARTESIAN_POINT ( 'NONE',  ( 2.128721698673269370E-15, 3.000000000000000000, 10.00000000000000178 ) ) ;
#1065 = PERSON_AND_ORGANIZATION ( #2174, #2305 ) ;
#1066 = ADVANCED_FACE ( 'NONE', ( #632 ), #845, .F. ) ;
#1067 = CARTESIAN_POINT ( 'NONE',  ( 23.00000000000105516, -0.001000000000000132727, 63.47706726418746115 ) ) ;
#1068 = ORIENTED_EDGE ( 'NONE', *, *, #270, .T. ) ;
#1069 = DIRECTION ( 'NONE',  ( 0.000000000000000000, 0.000000000000000000, 1.000000000000000000 ) ) ;
#1070 = ORIENTED_EDGE ( 'NONE', *, *, #426, .T. ) ;
#1071 = LINE ( 'NONE', #1061, #444 ) ;
#1072 = DIRECTION ( 'NONE',  ( 0.000000000000000000, 1.000000000000000000, 0.000000000000000000 ) ) ;
#1073 = VERTEX_POINT ( 'NONE', #996 ) ;
#1074 = EDGE_CURVE ( 'NONE', #407, #2106, #1556, .T. ) ;
#1075 = DIRECTION ( 'NONE',  ( 0.000000000000000000, 1.000000000000000000, 0.000000000000000000 ) ) ;
#1076 = CARTESIAN_POINT ( 'NONE',  ( 22.99999999999999645, 3.000000000000000000, 6.522932735812144500 ) ) ;
#1077 = EDGE_CURVE ( 'NONE', #439, #1891, #1883, .T. ) ;
#1078 = CLOSED_SHELL ( 'NONE', ( #1348, #172, #859, #2036, #437, #628, #1869, #200, #199, #1661, #1283, #2231, #220, #2286, #802, #113, #1388, #1423, #2164, #548, #1520, #1416, #365, #94, #1193, #1450, #82, #389, #837, #1456, #1685, #575, #1509, #377, #1596, #1066, #1003, #1590, #1458, #242, #2131, #1430, #2016, #671, #980, #950, #770, #19, #1152, #2087, #1599, #301, #1868, #2139, #1880, #483, #2017, #513, #1259, #1861, #2202, #2216, #2050, #1359, #544, #781, #2217, #1872 ) ) ;
#1079 = VERTEX_POINT ( 'NONE', #474 ) ;
#1080 = PLANE ( 'NONE',  #404 ) ;
#1081 = EDGE_CURVE ( 'NONE', #184, #1705, #1710, .T. ) ;
#1082 = ORIENTED_EDGE ( 'NONE', *, *, #563, .T. ) ;
#1083 = CARTESIAN_POINT ( 'NONE',  ( 9.000000000000540012, 0.000000000000000000, 61.00000000000000000 ) ) ;
#1084 = AXIS2_PLACEMENT_3D ( 'NONE', #2118, #134, #1069 ) ;
#1085 = DIRECTION ( 'NONE',  ( 0.000000000000000000, 1.000000000000000000, 0.000000000000000000 ) ) ;
#1086 = ORIENTED_EDGE ( 'NONE', *, *, #1286, .F. ) ;
#1087 = AXIS2_PLACEMENT_3D ( 'NONE', #783, #966, #2236 ) ;
#1088 = DIRECTION ( 'NONE',  ( 0.000000000000000000, 0.000000000000000000, 1.000000000000000000 ) ) ;
#1089 = DIRECTION ( 'NONE',  ( 0.000000000000000000, 0.000000000000000000, 1.000000000000000000 ) ) ;
#1090 = VECTOR ( 'NONE', #312, 1000.000000000000000 ) ;
#1091 = AXIS2_PLACEMENT_3D ( 'NONE', #1699, #260, #601 ) ;
#1092 = CIRCLE ( 'NONE', #1963, 4.099999999999992539 ) ;
#1093 = CIRCLE ( 'NONE', #2002, 18.00000000000000355 ) ;
#1094 = VERTEX_POINT ( 'NONE', #1924 ) ;
#1095 = CARTESIAN_POINT ( 'NONE',  ( 61.00000000000000000, 2.574999999999998401, 9.000000000000000000 ) ) ;
#1096 = EDGE_CURVE ( 'NONE', #780, #2281, #1533, .T. ) ;
#1097 = ORIENTED_EDGE ( 'NONE', *, *, #1482, .F. ) ;
#1098 = EDGE_CURVE ( 'NONE', #193, #1291, #98, .T. ) ;
#1099 = FACE_OUTER_BOUND ( 'NONE', #1522, .T. ) ;
#1100 = ORIENTED_EDGE ( 'NONE', *, *, #1573, .T. ) ;
#1101 = LINE ( 'NONE', #1819, #1321 ) ;
#1102 = DIRECTION ( 'NONE',  ( -0.3928319069652790874, -0.000000000000000000, 0.9196102940213437549 ) ) ;
#1103 = DIRECTION ( 'NONE',  ( 0.000000000000000000, 0.000000000000000000, 1.000000000000000000 ) ) ;
#1104 = LINE ( 'NONE', #208, #2159 ) ;
#1105 = ORIENTED_EDGE ( 'NONE', *, *, #728, .F. ) ;
#1106 = EDGE_CURVE ( 'NONE', #1675, #1479, #126, .T. ) ;
#1107 = EDGE_LOOP ( 'NONE', ( #718, #2043 ) ) ;
#1108 = LINE ( 'NONE', #1825, #74 ) ;
#1109 = DIRECTION ( 'NONE',  ( 0.000000000000000000, 1.000000000000000000, -0.000000000000000000 ) ) ;
#1110 = ORIENTED_EDGE ( 'NONE', *, *, #1947, .F. ) ;
#1111 = DIRECTION ( 'NONE',  ( -0.000000000000000000, 1.000000000000000000, -0.000000000000000000 ) ) ;
#1112 = PLANE ( 'NONE',  #629 ) ;
#1113 = EDGE_CURVE ( 'NONE', #735, #268, #1768, .T. ) ;
#1114 = CARTESIAN_POINT ( 'NONE',  ( -24.99999999999998224, 0.000000000000000000, 124.4244144961095202 ) ) ;
#1115 = LINE ( 'NONE', #1406, #1013 ) ;
#1116 = ORIENTED_EDGE ( 'NONE', *, *, #934, .T. ) ;
#1117 = EDGE_LOOP ( 'NONE', ( #1818, #2055 ) ) ;
#1118 = DIRECTION ( 'NONE',  ( 0.3928319069652836393, 0.000000000000000000, -0.9196102940213418675 ) ) ;
#1119 = CARTESIAN_POINT ( 'NONE',  ( 88.71468948855546444, 3.000000000000000000, 113.8106497917680713 ) ) ;
#1120 = ORIENTED_EDGE ( 'NONE', *, *, #1443, .F. ) ;
#1121 = CYLINDRICAL_SURFACE ( 'NONE', #229, 2.100000000000004530 ) ;
#1122 = DIRECTION ( 'NONE',  ( -0.000000000000000000, 1.000000000000000000, -0.000000000000000000 ) ) ;
#1123 = AXIS2_PLACEMENT_3D ( 'NONE', #1988, #887, #536 ) ;
#1124 = AXIS2_PLACEMENT_3D ( 'NONE', #1849, #338, #933 ) ;
#1125 = CIRCLE ( 'NONE', #69, 4.100000000000006750 ) ;
#1126 = CARTESIAN_POINT ( 'NONE',  ( 9.000000000000895284, 0.000000000000000000, 23.00000000000020250 ) ) ;
#1127 = CARTESIAN_POINT ( 'NONE',  ( 58.52293273581265254, 0.000000000000000000, 22.99999999999930367 ) ) ;
#1128 = ORIENTED_EDGE ( 'NONE', *, *, #1740, .F. ) ;
#1129 = AXIS2_PLACEMENT_3D ( 'NONE', #2053, #1357, #304 ) ;
#1130 = AXIS2_PLACEMENT_3D ( 'NONE', #2093, #856, #2294 ) ;
#1131 = CIRCLE ( 'NONE', #415, 4.099999999999992539 ) ;
#1132 = EDGE_LOOP ( 'NONE', ( #1769, #1105, #470, #42 ) ) ;
#1133 = CIRCLE ( 'NONE', #2069, 9.999999999999998224 ) ;
#1134 = CARTESIAN_POINT ( 'NONE',  ( 61.00000000000054001, 3.000000000000000000, 58.89999999999999147 ) ) ;
#1135 = DIRECTION ( 'NONE',  ( -0.3928319069652835838, 0.000000000000000000, 0.9196102940213418675 ) ) ;
#1136 = VERTEX_POINT ( 'NONE', #41 ) ;
#1137 = DIRECTION ( 'NONE',  ( 0.000000000000000000, 0.000000000000000000, -1.000000000000000000 ) ) ;
#1138 = CARTESIAN_POINT ( 'NONE',  ( 2.128721698673269764E-15, 3.000000000000000000, 10.00000000000000178 ) ) ;
#1139 = EDGE_CURVE ( 'NONE', #1839, #997, #1846, .T. ) ;
#1140 = LINE ( 'NONE', #784, #715 ) ;
#1141 = ORIENTED_EDGE ( 'NONE', *, *, #1018, .F. ) ;
#1142 = ORIENTED_EDGE ( 'NONE', *, *, #1989, .F. ) ;
#1143 = EDGE_CURVE ( 'NONE', #1073, #1675, #1591, .T. ) ;
#1144 = DIRECTION ( 'NONE',  ( -1.387778780781445873E-15, 0.000000000000000000, 1.000000000000000000 ) ) ;
#1145 = DIRECTION ( 'NONE',  ( -0.000000000000000000, 1.000000000000000000, -0.000000000000000000 ) ) ;
#1146 = ORIENTED_EDGE ( 'NONE', *, *, #1313, .F. ) ;
#1147 = FACE_OUTER_BOUND ( 'NONE', #1742, .T. ) ;
#1148 = CARTESIAN_POINT ( 'NONE',  ( 6.522932735812794647, -4.235164736271501695E-19, 47.00000000000017764 ) ) ;
#1149 = CARTESIAN_POINT ( 'NONE',  ( 9.000000000000000000, 3.000000000000000000, 11.52499999999999858 ) ) ;
#1150 = EDGE_CURVE ( 'NONE', #63, #193, #1042, .T. ) ;
#1151 = ORIENTED_EDGE ( 'NONE', *, *, #2337, .F. ) ;
#1152 = ADVANCED_FACE ( 'NONE', ( #1476 ), #763, .F. ) ;
#1153 = ORIENTED_EDGE ( 'NONE', *, *, #142, .F. ) ;
#1154 = DIRECTION ( 'NONE',  ( -0.000000000000000000, 1.000000000000000000, -0.000000000000000000 ) ) ;
#1155 = DIRECTION ( 'NONE',  ( 8.659560562354862600E-17, 0.7071067811865532349, -0.7071067811865417996 ) ) ;
#1156 = ORIENTED_EDGE ( 'NONE', *, *, #246, .F. ) ;
#1157 = FACE_BOUND ( 'NONE', #1117, .T. ) ;
#1158 = PLANE ( 'NONE',  #477 ) ;
#1159 = DIRECTION ( 'NONE',  ( -0.000000000000000000, -1.000000000000000000, -0.000000000000000000 ) ) ;
#1160 = AXIS2_PLACEMENT_3D ( 'NONE', #647, #469, #1195 ) ;
#1161 = ORIENTED_EDGE ( 'NONE', *, *, #2126, .T. ) ;
#1162 = CIRCLE ( 'NONE', #596, 4.100000000000006750 ) ;
#1163 = AXIS2_PLACEMENT_3D ( 'NONE', #1328, #436, #454 ) ;
#1164 = AXIS2_PLACEMENT_3D ( 'NONE', #1202, #446, #1890 ) ;
#1165 = ORIENTED_EDGE ( 'NONE', *, *, #1838, .F. ) ;
#1166 = VERTEX_POINT ( 'NONE', #583 ) ;
#1167 = AXIS2_PLACEMENT_3D ( 'NONE', #360, #1111, #744 ) ;
#1168 = CARTESIAN_POINT ( 'NONE',  ( 92.48509169404294994, 0.000000000000000000, 112.2000389732103969 ) ) ;
#1169 = DIRECTION ( 'NONE',  ( 0.000000000000000000, 0.000000000000000000, 1.000000000000000000 ) ) ;
#1170 = ORIENTED_EDGE ( 'NONE', *, *, #276, .F. ) ;
#1171 = CONICAL_SURFACE ( 'NONE', #1477, 2.524999999999999467, 0.7853981633974401744 ) ;
#1172 = FACE_BOUND ( 'NONE', #941, .T. ) ;
#1173 = CARTESIAN_POINT ( 'NONE',  ( 84.94428728306793630, -4.235164736271501695E-19, 115.4212606103257031 ) ) ;
#1174 = PERSON_AND_ORGANIZATION_ROLE ( 'design_owner' ) ;
#1175 = APPROVAL ( #1570, 'æœª' ) ;
#1176 = DIRECTION ( 'NONE',  ( 0.000000000000000000, 0.7071067811865532349, 0.7071067811865417996 ) ) ;
#1177 = EDGE_CURVE ( 'NONE', #822, #735, #1850, .T. ) ;
#1178 = CARTESIAN_POINT ( 'NONE',  ( 61.00000000000000000, 3.000000000000000000, 11.10000000000000320 ) ) ;
#1179 = CARTESIAN_POINT ( 'NONE',  ( 70.00000000000000000, 0.000000000000000000, 0.000000000000000000 ) ) ;
#1180 = VERTEX_POINT ( 'NONE', #2318 ) ;
#1181 = DIRECTION ( 'NONE',  ( 0.9196102940213409793, 0.000000000000000000, -0.3928319069652856932 ) ) ;
#1182 = CARTESIAN_POINT ( 'NONE',  ( 9.000000000000540012, 2.574999999999998401, 63.10000000000000142 ) ) ;
#1183 = EDGE_CURVE ( 'NONE', #2319, #1354, #2309, .T. ) ;
#1184 = MECHANICAL_CONTEXT ( 'NONE', #1235, 'mechanical' ) ;
#1185 = DIRECTION ( 'NONE',  ( 1.000000000000000000, 0.000000000000000000, -2.128721698673268828E-16 ) ) ;
#1186 = EDGE_LOOP ( 'NONE', ( #1600, #123 ) ) ;
#1187 = VERTEX_POINT ( 'NONE', #2014 ) ;
#1188 = CARTESIAN_POINT ( 'NONE',  ( -18.71468948855545023, 0.000000000000000000, 113.8106497917680713 ) ) ;
#1189 = DIRECTION ( 'NONE',  ( -0.000000000000000000, 1.000000000000000000, -0.000000000000000000 ) ) ;
#1190 = ORIENTED_EDGE ( 'NONE', *, *, #43, .F. ) ;
#1191 = FACE_OUTER_BOUND ( 'NONE', #46, .T. ) ;
#1192 = DIRECTION ( 'NONE',  ( -1.000000000000000000, 0.000000000000000000, -0.000000000000000000 ) ) ;
#1193 = ADVANCED_FACE ( 'NONE', ( #1487 ), #1462, .F. ) ;
#1194 = EDGE_CURVE ( 'NONE', #554, #2224, #1298, .T. ) ;
#1195 = DIRECTION ( 'NONE',  ( 0.000000000000000000, 0.000000000000000000, 1.000000000000000000 ) ) ;
#1196 = EDGE_CURVE ( 'NONE', #847, #1974, #880, .T. ) ;
#1197 = AXIS2_PLACEMENT_3D ( 'NONE', #2289, #2314, #1209 ) ;
#1198 = ORIENTED_EDGE ( 'NONE', *, *, #1656, .F. ) ;
#1199 = CARTESIAN_POINT ( 'NONE',  ( 11.47706726418850565, -0.001000000000000132727, 47.00000000000022737 ) ) ;
#1200 = CARTESIAN_POINT ( 'NONE',  ( 70.00000000000000000, 0.000000000000000000, 10.00000000000000000 ) ) ;
#1201 = CIRCLE ( 'NONE', #2073, 10.00000000000000000 ) ;
#1202 = CARTESIAN_POINT ( 'NONE',  ( 35.00000000000027001, 0.000000000000000000, 35.00000000000000000 ) ) ;
#1203 = ORIENTED_EDGE ( 'NONE', *, *, #2029, .T. ) ;
#1204 = AXIS2_PLACEMENT_3D ( 'NONE', #1394, #465, #1369 ) ;
#1205 = PLANE ( 'NONE',  #1774 ) ;
#1206 = CARTESIAN_POINT ( 'NONE',  ( 6.522932735813041560, 3.000000000000000000, 23.00000000000017408 ) ) ;
#1207 = ORIENTED_EDGE ( 'NONE', *, *, #705, .T. ) ;
#1208 = EDGE_CURVE ( 'NONE', #1974, #1166, #1115, .T. ) ;
#1209 = DIRECTION ( 'NONE',  ( 0.000000000000000000, 0.000000000000000000, 1.000000000000000000 ) ) ;
#1210 = EDGE_CURVE ( 'NONE', #2137, #1180, #1605, .T. ) ;
#1211 = VERTEX_POINT ( 'NONE', #872 ) ;
#1212 = EDGE_CURVE ( 'NONE', #273, #1180, #1092, .T. ) ;
#1213 = DIRECTION ( 'NONE',  ( -0.000000000000000000, 1.000000000000000000, -0.000000000000000000 ) ) ;
#1214 = DIRECTION ( 'NONE',  ( -0.3928319069652856932, 0.000000000000000000, 0.9196102940213409793 ) ) ;
#1215 = ORIENTED_EDGE ( 'NONE', *, *, #341, .F. ) ;
#1216 = EDGE_CURVE ( 'NONE', #1263, #1299, #1960, .T. ) ;
#1217 = CARTESIAN_POINT ( 'NONE',  ( 9.000000000000000000, 2.574999999999998401, 9.000000000000000000 ) ) ;
#1218 = DIRECTION ( 'NONE',  ( 1.000000000000000000, 0.000000000000000000, 0.000000000000000000 ) ) ;
#1219 = ORIENTED_EDGE ( 'NONE', *, *, #1706, .F. ) ;
#1220 = COORDINATED_UNIVERSAL_TIME_OFFSET ( 8, 0, .AHEAD. ) ;
#1221 = FACE_OUTER_BOUND ( 'NONE', #1716, .T. ) ;
#1222 = ORIENTED_EDGE ( 'NONE', *, *, #589, .F. ) ;
#1223 = ORIENTED_EDGE ( 'NONE', *, *, #1017, .T. ) ;
#1224 = DIRECTION ( 'NONE',  ( 0.000000000000000000, 0.000000000000000000, 1.000000000000000000 ) ) ;
#1225 = EDGE_CURVE ( 'NONE', #1827, #1166, #1695, .T. ) ;
#1226 = DIRECTION ( 'NONE',  ( -0.000000000000000000, 1.000000000000000000, -0.000000000000000000 ) ) ;
#1227 = ORIENTED_EDGE ( 'NONE', *, *, #363, .F. ) ;
#1228 = CARTESIAN_POINT ( 'NONE',  ( -24.99999999999998224, 0.000000000000000000, 128.5244144961095287 ) ) ;
#1229 = CARTESIAN_POINT ( 'NONE',  ( 70.00000000000000000, 3.000000000000000000, 30.55011433381627128 ) ) ;
#1230 = ORIENTED_EDGE ( 'NONE', *, *, #538, .F. ) ;
#1231 = PERSON_AND_ORGANIZATION_ROLE ( 'creator' ) ;
#1232 = CARTESIAN_POINT ( 'NONE',  ( 70.80389705978636528, 3.000000000000000000, 34.47843340346914687 ) ) ;
#1233 = EDGE_LOOP ( 'NONE', ( #1625, #1407, #488, #1161 ) ) ;
#1234 = FACE_BOUND ( 'NONE', #1574, .T. ) ;
#1235 = APPLICATION_CONTEXT ( 'configuration controlled 3d designs of mechanical parts and assemblies' ) ;
#1236 = CARTESIAN_POINT ( 'NONE',  ( 13.38406805327033666, 3.000000000000000000, 76.07168093034721323 ) ) ;
#1237 = DIRECTION ( 'NONE',  ( 0.000000000000000000, 0.000000000000000000, 1.000000000000000000 ) ) ;
#1238 = CIRCLE ( 'NONE', #219, 4.099999999999992539 ) ;
#1239 = EDGE_CURVE ( 'NONE', #875, #1404, #1287, .T. ) ;
#1240 = ORIENTED_EDGE ( 'NONE', *, *, #2188, .F. ) ;
#1241 = EDGE_CURVE ( 'NONE', #529, #1748, #1104, .T. ) ;
#1242 = VECTOR ( 'NONE', #2160, 1000.000000000000000 ) ;
#1243 = AXIS2_PLACEMENT_3D ( 'NONE', #1630, #1278, #1419 ) ;
#1244 = CARTESIAN_POINT ( 'NONE',  ( 61.00000000000000000, 0.000000000000000000, 6.899999999999995026 ) ) ;
#1245 = VECTOR ( 'NONE', #464, 1000.000000000000000 ) ;
#1246 = EDGE_LOOP ( 'NONE', ( #2147, #292, #1028, #1463 ) ) ;
#1247 = AXIS2_PLACEMENT_3D ( 'NONE', #1564, #662, #1032 ) ;
#1248 = CC_DESIGN_SECURITY_CLASSIFICATION ( #672, ( #2268 ) ) ;
#1249 = AXIS2_PLACEMENT_3D ( 'NONE', #917, #570, #2198 ) ;
#1250 = LINE ( 'NONE', #876, #1539 ) ;
#1251 = CIRCLE ( 'NONE', #231, 2.100000000000004530 ) ;
#1252 = ORIENTED_EDGE ( 'NONE', *, *, #1901, .T. ) ;
#1253 = DIRECTION ( 'NONE',  ( 8.659560562354862600E-17, 0.7071067811865532349, -0.7071067811865417996 ) ) ;
#1254 = DIRECTION ( 'NONE',  ( 0.000000000000000000, -1.000000000000000000, 0.000000000000000000 ) ) ;
#1255 = ORIENTED_EDGE ( 'NONE', *, *, #699, .T. ) ;
#1256 = DIRECTION ( 'NONE',  ( 0.000000000000000000, 0.000000000000000000, 1.000000000000000000 ) ) ;
#1257 = EDGE_CURVE ( 'NONE', #1839, #617, #1643, .T. ) ;
#1258 = LINE ( 'NONE', #166, #332 ) ;
#1259 = ADVANCED_FACE ( 'NONE', ( #2210 ), #194, .F. ) ;
#1260 = VERTEX_POINT ( 'NONE', #1651 ) ;
#1261 = DIRECTION ( 'NONE',  ( 1.000000000000000000, -0.000000000000000000, 6.360652745248292417E-15 ) ) ;
#1262 = LINE ( 'NONE', #361, #1043 ) ;
#1263 = VERTEX_POINT ( 'NONE', #580 ) ;
#1264 = CARTESIAN_POINT ( 'NONE',  ( 61.00000000000000000, 0.000000000000000000, 9.000000000000000000 ) ) ;
#1265 = VERTEX_POINT ( 'NONE', #2165 ) ;
#1266 = LINE ( 'NONE', #350, #1045 ) ;
#1267 = CARTESIAN_POINT ( 'NONE',  ( 73.00141320994410421, 3.000000000000000000, 77.02623803091437082 ) ) ;
#1268 = ORIENTED_EDGE ( 'NONE', *, *, #1257, .F. ) ;
#1269 = DIRECTION ( 'NONE',  ( -0.000000000000000000, 1.000000000000000000, -0.000000000000000000 ) ) ;
#1270 = CARTESIAN_POINT ( 'NONE',  ( 23.00000000000109068, 0.000000000000000000, 58.52293273581174304 ) ) ;
#1271 = EDGE_CURVE ( 'NONE', #1050, #1793, #928, .T. ) ;
#1272 = ORIENTED_EDGE ( 'NONE', *, *, #257, .T. ) ;
#1273 = EDGE_CURVE ( 'NONE', #1401, #1050, #791, .T. ) ;
#1274 = LINE ( 'NONE', #730, #517 ) ;
#1275 = ORIENTED_EDGE ( 'NONE', *, *, #1096, .T. ) ;
#1276 = DIRECTION ( 'NONE',  ( 0.000000000000000000, 0.000000000000000000, 1.000000000000000000 ) ) ;
#1277 = AXIS2_PLACEMENT_3D ( 'NONE', #865, #1296, #1598 ) ;
#1278 = DIRECTION ( 'NONE',  ( -0.000000000000000000, -1.000000000000000000, -0.000000000000000000 ) ) ;
#1279 = ORIENTED_EDGE ( 'NONE', *, *, #2227, .T. ) ;
#1280 = CARTESIAN_POINT ( 'NONE',  ( 47.00000000000108713, -0.001000000000000132727, 58.52293273581191357 ) ) ;
#1281 = DIRECTION ( 'NONE',  ( -0.000000000000000000, -1.000000000000000000, -0.000000000000000000 ) ) ;
#1282 = AXIS2_PLACEMENT_3D ( 'NONE', #88, #457, #641 ) ;
#1283 = ADVANCED_FACE ( 'NONE', ( #759 ), #1295, .F. ) ;
#1284 = CONICAL_SURFACE ( 'NONE', #2196, 2.524999999999999467, 0.7853981633974463916 ) ;
#1285 = AXIS2_PLACEMENT_3D ( 'NONE', #2261, #2235, #416 ) ;
#1286 = EDGE_CURVE ( 'NONE', #1717, #372, #3, .T. ) ;
#1287 = LINE ( 'NONE', #2004, #2237 ) ;
#1288 = VECTOR ( 'NONE', #1984, 1000.000000000000000 ) ;
#1289 = VERTEX_POINT ( 'NONE', #2011 ) ;
#1290 = EDGE_CURVE ( 'NONE', #2247, #1697, #2000, .T. ) ;
#1291 = VERTEX_POINT ( 'NONE', #1828 ) ;
#1292 = LINE ( 'NONE', #530, #221 ) ;
#1293 = DIRECTION ( 'NONE',  ( 0.000000000000000000, 1.000000000000000000, -0.000000000000000000 ) ) ;
#1294 = EDGE_LOOP ( 'NONE', ( #95, #881, #30, #1488, #1010 ) ) ;
#1295 = CYLINDRICAL_SURFACE ( 'NONE', #673, 2.099999999999999645 ) ;
#1296 = DIRECTION ( 'NONE',  ( 0.000000000000000000, 1.000000000000000000, 0.000000000000000000 ) ) ;
#1297 = FACE_OUTER_BOUND ( 'NONE', #1925, .T. ) ;
#1298 = LINE ( 'NONE', #163, #603 ) ;
#1299 = VERTEX_POINT ( 'NONE', #1437 ) ;
#1300 = ORIENTED_EDGE ( 'NONE', *, *, #1241, .T. ) ;
#1301 = FACE_OUTER_BOUND ( 'NONE', #1834, .T. ) ;
#1302 = DIRECTION ( 'NONE',  ( 0.000000000000000000, 0.000000000000000000, 1.000000000000000000 ) ) ;
#1303 = VERTEX_POINT ( 'NONE', #37 ) ;
#1304 = CARTESIAN_POINT ( 'NONE',  ( -0.8038970597865884304, 0.000000000000000000, 34.47843340346973662 ) ) ;
#1305 = LINE ( 'NONE', #1336, #2234 ) ;
#1306 = LINE ( 'NONE', #40, #333 ) ;
#1307 = CARTESIAN_POINT ( 'NONE',  ( 88.71468948855546444, -0.001000000000000132727, 113.8106497917680713 ) ) ;
#1308 = VERTEX_POINT ( 'NONE', #1304 ) ;
#1309 = ORIENTED_EDGE ( 'NONE', *, *, #1842, .F. ) ;
#1310 = CYLINDRICAL_SURFACE ( 'NONE', #1653, 4.099999999999992539 ) ;
#1311 = CARTESIAN_POINT ( 'NONE',  ( 22.58017099348378309, 0.000000000000000000, 80.00000000000000000 ) ) ;
#1312 = EDGE_LOOP ( 'NONE', ( #2256, #945 ) ) ;
#1313 = EDGE_CURVE ( 'NONE', #627, #1079, #345, .T. ) ;
#1314 = CARTESIAN_POINT ( 'NONE',  ( 11.47706726418874723, 0.000000000000000000, 23.00000000000021316 ) ) ;
#1315 = DIRECTION ( 'NONE',  ( 0.000000000000000000, 1.000000000000000000, 0.000000000000000000 ) ) ;
#1316 = AXIS2_PLACEMENT_3D ( 'NONE', #1095, #1057, #2153 ) ;
#1317 = EDGE_CURVE ( 'NONE', #407, #164, #1978, .T. ) ;
#1318 = AXIS2_PLACEMENT_3D ( 'NONE', #1035, #118, #1192 ) ;
#1319 = LINE ( 'NONE', #233, #713 ) ;
#1320 = EDGE_LOOP ( 'NONE', ( #2134, #964 ) ) ;
#1321 = VECTOR ( 'NONE', #204, 1000.000000000000114 ) ;
#1322 = ORIENTED_EDGE ( 'NONE', *, *, #1947, .T. ) ;
#1323 = DIRECTION ( 'NONE',  ( -0.000000000000000000, 1.000000000000000000, -0.000000000000000000 ) ) ;
#1324 = CARTESIAN_POINT ( 'NONE',  ( 61.00000000000000000, 3.000000000000000000, 6.474999999999999645 ) ) ;
#1325 = ORIENTED_EDGE ( 'NONE', *, *, #1627, .T. ) ;
#1326 = DIRECTION ( 'NONE',  ( 0.000000000000000000, 0.000000000000000000, 1.000000000000000000 ) ) ;
#1327 = CARTESIAN_POINT ( 'NONE',  ( 11.47706726418875078, -0.001000000000000132727, 23.00000000000022027 ) ) ;
#1328 = CARTESIAN_POINT ( 'NONE',  ( 61.00000000000042633, 3.000000000000000000, 46.99999999999931077 ) ) ;
#1329 = ORIENTED_EDGE ( 'NONE', *, *, #606, .T. ) ;
#1330 = ORIENTED_EDGE ( 'NONE', *, *, #973, .F. ) ;
#1331 = EDGE_CURVE ( 'NONE', #1412, #302, #352, .T. ) ;
#1332 = DIRECTION ( 'NONE',  ( 0.000000000000000000, 0.000000000000000000, 1.000000000000000000 ) ) ;
#1333 = DIRECTION ( 'NONE',  ( 0.000000000000000000, 1.000000000000000000, 0.000000000000000000 ) ) ;
#1334 = EDGE_LOOP ( 'NONE', ( #2158, #213, #2167, #625 ) ) ;
#1335 = FACE_BOUND ( 'NONE', #2065, .T. ) ;
#1336 = CARTESIAN_POINT ( 'NONE',  ( 9.000000000000000000, 3.000000000000000000, 6.474999999999999645 ) ) ;
#1337 = DIRECTION ( 'NONE',  ( 0.000000000000000000, 0.000000000000000000, 1.000000000000000000 ) ) ;
#1338 = ORIENTED_EDGE ( 'NONE', *, *, #2099, .F. ) ;
#1339 = ORIENTED_EDGE ( 'NONE', *, *, #1055, .F. ) ;
#1340 = CARTESIAN_POINT ( 'NONE',  ( 63.47706726418836354, 0.000000000000000000, 22.99999999999931788 ) ) ;
#1341 = DIRECTION ( 'NONE',  ( 0.000000000000000000, 0.000000000000000000, 1.000000000000000000 ) ) ;
#1342 = ORIENTED_EDGE ( 'NONE', *, *, #1183, .F. ) ;
#1343 = LINE ( 'NONE', #251, #1438 ) ;
#1344 = CARTESIAN_POINT ( 'NONE',  ( 61.00000000000054001, 2.574999999999998401, 58.89999999999999147 ) ) ;
#1345 = EDGE_CURVE ( 'NONE', #2005, #627, #1771, .T. ) ;
#1346 = DIRECTION ( 'NONE',  ( 0.000000000000000000, 0.000000000000000000, 1.000000000000000000 ) ) ;
#1347 = VECTOR ( 'NONE', #353, 1000.000000000000000 ) ;
#1348 = ADVANCED_FACE ( 'NONE', ( #1622 ), #726, .F. ) ;
#1349 = ORIENTED_EDGE ( 'NONE', *, *, #1905, .F. ) ;
#1350 = VECTOR ( 'NONE', #226, 1000.000000000000000 ) ;
#1351 = AXIS2_PLACEMENT_3D ( 'NONE', #1048, #2173, #1446 ) ;
#1352 = AXIS2_PLACEMENT_3D ( 'NONE', #836, #2104, #473 ) ;
#1353 = CIRCLE ( 'NONE', #2039, 4.100000000000006750 ) ;
#1354 = VERTEX_POINT ( 'NONE', #546 ) ;
#1355 = ORIENTED_EDGE ( 'NONE', *, *, #2112, .T. ) ;
#1356 = APPROVAL_PERSON_ORGANIZATION ( #158, #1027, #1761 ) ;
#1357 = DIRECTION ( 'NONE',  ( -0.000000000000000000, -1.000000000000000000, -0.000000000000000000 ) ) ;
#1358 = EDGE_CURVE ( 'NONE', #1265, #273, #736, .T. ) ;
#1359 = ADVANCED_FACE ( 'NONE', ( #1459 ), #2184, .F. ) ;
#1360 = CARTESIAN_POINT ( 'NONE',  ( 6.522932735812794647, 3.000000000000000000, 47.00000000000017764 ) ) ;
#1361 = EDGE_LOOP ( 'NONE', ( #549, #2239, #250, #1447 ) ) ;
#1362 = CIRCLE ( 'NONE', #1887, 2.524999999999999467 ) ;
#1363 = CARTESIAN_POINT ( 'NONE',  ( 35.00000000000027001, 3.000000000000000000, 16.99999999999999645 ) ) ;
#1364 = DIRECTION ( 'NONE',  ( 0.000000000000000000, 0.000000000000000000, 1.000000000000000000 ) ) ;
#1365 = CARTESIAN_POINT ( 'NONE',  ( 10.00000000000000178, 0.000000000000000000, 0.000000000000000000 ) ) ;
#1366 = ORIENTED_EDGE ( 'NONE', *, *, #141, .F. ) ;
#1367 = EDGE_LOOP ( 'NONE', ( #283, #1022, #247, #1156 ) ) ;
#1368 = DIRECTION ( 'NONE',  ( 0.000000000000000000, 0.000000000000000000, 1.000000000000000000 ) ) ;
#1369 = DIRECTION ( 'NONE',  ( 0.000000000000000000, 0.000000000000000000, 1.000000000000000000 ) ) ;
#1370 = ORIENTED_EDGE ( 'NONE', *, *, #257, .F. ) ;
#1371 = EDGE_CURVE ( 'NONE', #1457, #504, #1101, .T. ) ;
#1372 = CARTESIAN_POINT ( 'NONE',  ( 47.00000000000000000, -0.001000000000000132727, 11.47706726418784839 ) ) ;
#1373 = CARTESIAN_POINT ( 'NONE',  ( 95.00000000000001421, -0.001000000000000132727, 132.6244144961095230 ) ) ;
#1374 = DIRECTION ( 'NONE',  ( -0.000000000000000000, 1.000000000000000000, -0.000000000000000000 ) ) ;
#1375 = CARTESIAN_POINT ( 'NONE',  ( 9.000000000000000000, 3.000000000000000000, 9.000000000000000000 ) ) ;
#1376 = EDGE_LOOP ( 'NONE', ( #1635, #344 ) ) ;
#1377 = ORIENTED_EDGE ( 'NONE', *, *, #1817, .F. ) ;
#1378 = PLANE ( 'NONE',  #1352 ) ;
#1379 = CARTESIAN_POINT ( 'NONE',  ( 95.00000000000001421, 3.000000000000000000, 128.5244144961095287 ) ) ;
#1380 = ORIENTED_EDGE ( 'NONE', *, *, #1000, .F. ) ;
#1381 = EDGE_CURVE ( 'NONE', #1793, #430, #2076, .T. ) ;
#1382 = VECTOR ( 'NONE', #96, 1000.000000000000000 ) ;
#1383 = DIRECTION ( 'NONE',  ( -0.3928319069652856932, 0.000000000000000000, -0.9196102940213409793 ) ) ;
#1384 = EDGE_CURVE ( 'NONE', #1094, #1424, #1527, .T. ) ;
#1385 = CARTESIAN_POINT ( 'NONE',  ( 56.61593194672965978, 8.673617379884035472E-16, 76.07168093034714218 ) ) ;
#1386 = APPLICATION_PROTOCOL_DEFINITION ( 'international standard', 'config_control_design', 1994, #960 ) ;
#1387 = DIRECTION ( 'NONE',  ( -0.000000000000000000, 1.000000000000000000, -0.000000000000000000 ) ) ;
#1388 = ADVANCED_FACE ( 'NONE', ( #2252 ), #1867, .F. ) ;
#1389 = EDGE_LOOP ( 'NONE', ( #1730, #455, #1824, #659 ) ) ;
#1390 = EDGE_CURVE ( 'NONE', #268, #156, #1343, .T. ) ;
#1391 = DIRECTION ( 'NONE',  ( 0.000000000000000000, 0.000000000000000000, 1.000000000000000000 ) ) ;
#1392 = FACE_OUTER_BOUND ( 'NONE', #1367, .T. ) ;
#1393 = VECTOR ( 'NONE', #1555, 1000.000000000000000 ) ;
#1394 = CARTESIAN_POINT ( 'NONE',  ( -24.99999999999998224, -0.001000000000000132727, 128.5244144961095287 ) ) ;
#1395 = ORIENTED_EDGE ( 'NONE', *, *, #2148, .T. ) ;
#1396 = CC_DESIGN_APPROVAL ( #480, ( #672 ) ) ;
#1397 = VECTOR ( 'NONE', #573, 1000.000000000000000 ) ;
#1398 = DIRECTION ( 'NONE',  ( 0.000000000000000000, 0.000000000000000000, 1.000000000000000000 ) ) ;
#1399 = DIRECTION ( 'NONE',  ( 0.000000000000000000, 1.000000000000000000, 0.000000000000000000 ) ) ;
#1400 = VECTOR ( 'NONE', #2123, 1000.000000000000000 ) ;
#1401 = VERTEX_POINT ( 'NONE', #795 ) ;
#1402 = DIRECTION ( 'NONE',  ( -2.128721698673268828E-16, 0.000000000000000000, -1.000000000000000000 ) ) ;
#1403 = VERTEX_POINT ( 'NONE', #1314 ) ;
#1404 = VERTEX_POINT ( 'NONE', #981 ) ;
#1405 = FACE_OUTER_BOUND ( 'NONE', #440, .T. ) ;
#1406 = CARTESIAN_POINT ( 'NONE',  ( -6.771815415431606588, -0.001000000000000132727, 75.41562721235672484 ) ) ;
#1407 = ORIENTED_EDGE ( 'NONE', *, *, #335, .T. ) ;
#1408 = CARTESIAN_POINT ( 'NONE',  ( 95.00000000000001421, 0.000000000000000000, 128.5244144961095287 ) ) ;
#1409 = DIRECTION ( 'NONE',  ( -0.000000000000000000, -1.000000000000000000, -0.000000000000000000 ) ) ;
#1410 = ORIENTED_EDGE ( 'NONE', *, *, #606, .F. ) ;
#1411 = DIRECTION ( 'NONE',  ( -0.000000000000000000, 1.000000000000000000, -0.000000000000000000 ) ) ;
#1412 = VERTEX_POINT ( 'NONE', #622 ) ;
#1413 = FACE_BOUND ( 'NONE', #1312, .T. ) ;
#1414 = CARTESIAN_POINT ( 'NONE',  ( 70.00000000000000000, 0.000000000000000000, 30.55011433381627128 ) ) ;
#1415 = DIRECTION ( 'NONE',  ( -1.000000000000000000, -0.000000000000000000, -0.000000000000000000 ) ) ;
#1416 = ADVANCED_FACE ( 'NONE', ( #1676 ), #424, .T. ) ;
#1417 = EDGE_LOOP ( 'NONE', ( #1708, #2152, #2178, #1325 ) ) ;
#1418 = CARTESIAN_POINT ( 'NONE',  ( 35.00000000000027001, 3.000000000000000000, 53.00000000000000711 ) ) ;
#1419 = DIRECTION ( 'NONE',  ( 0.000000000000000000, 0.000000000000000000, 1.000000000000000000 ) ) ;
#1420 = ORIENTED_EDGE ( 'NONE', *, *, #1669, .T. ) ;
#1421 = COORDINATED_UNIVERSAL_TIME_OFFSET ( 8, 0, .AHEAD. ) ;
#1422 = CARTESIAN_POINT ( 'NONE',  ( 11.47706726418850565, -0.001000000000000132727, 47.00000000000022737 ) ) ;
#1423 = ADVANCED_FACE ( 'NONE', ( #1535 ), #965, .T. ) ;
#1424 = VERTEX_POINT ( 'NONE', #2221 ) ;
#1425 = PRODUCT_RELATED_PRODUCT_CATEGORY ( 'detail', '', ( #1782 ) ) ;
#1426 = DIRECTION ( 'NONE',  ( 0.000000000000000000, 1.000000000000000000, 0.000000000000000000 ) ) ;
#1427 = CARTESIAN_POINT ( 'NONE',  ( 61.00000000000000000, 0.000000000000000000, 11.10000000000000320 ) ) ;
#1428 = VECTOR ( 'NONE', #842, 1000.000000000000000 ) ;
#1429 = EDGE_LOOP ( 'NONE', ( #1986, #1876, #621, #1523 ) ) ;
#1430 = ADVANCED_FACE ( 'NONE', ( #1147 ), #2244, .T. ) ;
#1431 = CIRCLE ( 'NONE', #823, 4.099999999999992539 ) ;
#1432 = AXIS2_PLACEMENT_3D ( 'NONE', #1747, #1399, #991 ) ;
#1433 = CARTESIAN_POINT ( 'NONE',  ( 70.00000000000000000, 3.000000000000000000, 0.000000000000000000 ) ) ;
#1434 = DIRECTION ( 'NONE',  ( 0.000000000000000000, 1.000000000000000000, -0.000000000000000000 ) ) ;
#1435 = LOCAL_TIME ( 3, 7, 54.00000000000000000, #1749 ) ;
#1436 = ORIENTED_EDGE ( 'NONE', *, *, #776, .F. ) ;
#1437 = CARTESIAN_POINT ( 'NONE',  ( 88.71468948855546444, 3.000000000000000000, 117.9106497917680798 ) ) ;
#1438 = VECTOR ( 'NONE', #1493, 1000.000000000000000 ) ;
#1439 = DIRECTION ( 'NONE',  ( -0.000000000000000000, 1.000000000000000000, -0.000000000000000000 ) ) ;
#1440 = CIRCLE ( 'NONE', #110, 2.524999999999999467 ) ;
#1441 = ORIENTED_EDGE ( 'NONE', *, *, #429, .F. ) ;
#1442 = DIRECTION ( 'NONE',  ( 0.000000000000000000, 1.000000000000000000, 0.000000000000000000 ) ) ;
#1443 = EDGE_CURVE ( 'NONE', #822, #156, #612, .T. ) ;
#1444 = VERTEX_POINT ( 'NONE', #1712 ) ;
#1445 = CARTESIAN_POINT ( 'NONE',  ( 9.000000000000650147, 0.000000000000000000, 47.00000000000019895 ) ) ;
#1446 = DIRECTION ( 'NONE',  ( 0.000000000000000000, 0.000000000000000000, 1.000000000000000000 ) ) ;
#1447 = ORIENTED_EDGE ( 'NONE', *, *, #1098, .T. ) ;
#1448 = DIRECTION ( 'NONE',  ( -0.000000000000000000, 1.000000000000000000, -0.000000000000000000 ) ) ;
#1449 = CARTESIAN_POINT ( 'NONE',  ( 22.99999999999999645, 0.000000000000000000, 6.522932735812144500 ) ) ;
#1450 = ADVANCED_FACE ( 'NONE', ( #450, #946, #1667, #1857, #1172, #811, #990, #240, #1892, #2035, #1335, #434, #1157, #1503 ), #1878, .T. ) ;
#1451 = ORIENTED_EDGE ( 'NONE', *, *, #157, .F. ) ;
#1452 = DIRECTION ( 'NONE',  ( -0.000000000000000000, 1.000000000000000000, -0.000000000000000000 ) ) ;
#1453 = EDGE_LOOP ( 'NONE', ( #2215, #1451, #89, #721, #398 ) ) ;
#1454 = CARTESIAN_POINT ( 'NONE',  ( -14.94428728306791676, 3.000000000000000000, 115.4212606103257031 ) ) ;
#1455 = DIRECTION ( 'NONE',  ( 0.3928319069652836393, 0.000000000000000000, -0.9196102940213418675 ) ) ;
#1456 = ADVANCED_FACE ( 'NONE', ( #2022 ), #1121, .F. ) ;
#1457 = VERTEX_POINT ( 'NONE', #264 ) ;
#1458 = ADVANCED_FACE ( 'NONE', ( #81 ), #274, .F. ) ;
#1459 = FACE_OUTER_BOUND ( 'NONE', #961, .T. ) ;
#1460 = DIRECTION ( 'NONE',  ( -0.3928319069652835283, -0.000000000000000000, 0.9196102940213418675 ) ) ;
#1461 = EDGE_CURVE ( 'NONE', #1354, #765, #940, .T. ) ;
#1462 = PLANE ( 'NONE',  #190 ) ;
#1463 = ORIENTED_EDGE ( 'NONE', *, *, #2292, .T. ) ;
#1464 = EDGE_CURVE ( 'NONE', #2137, #1265, #1131, .T. ) ;
#1465 = VERTEX_POINT ( 'NONE', #874 ) ;
#1466 = DIRECTION ( 'NONE',  ( -0.000000000000000000, 1.000000000000000000, -0.000000000000000000 ) ) ;
#1467 = VECTOR ( 'NONE', #1969, 1000.000000000000000 ) ;
#1468 = DIRECTION ( 'NONE',  ( 0.000000000000000000, 0.000000000000000000, 1.000000000000000000 ) ) ;
#1469 = ORIENTED_EDGE ( 'NONE', *, *, #1210, .T. ) ;
#1470 = CARTESIAN_POINT ( 'NONE',  ( -24.99999999999998224, -0.001000000000000132727, 132.6244144961095230 ) ) ;
#1471 = CARTESIAN_POINT ( 'NONE',  ( 56.61593194672965978, 0.000000000000000000, 76.07168093034714218 ) ) ;
#1472 = VECTOR ( 'NONE', #952, 1000.000000000000000 ) ;
#1473 = EDGE_CURVE ( 'NONE', #322, #491, #1732, .T. ) ;
#1474 = VECTOR ( 'NONE', #47, 1000.000000000000000 ) ;
#1475 = DIRECTION ( 'NONE',  ( -0.000000000000000000, 1.000000000000000000, -0.000000000000000000 ) ) ;
#1476 = FACE_OUTER_BOUND ( 'NONE', #1977, .T. ) ;
#1477 = AXIS2_PLACEMENT_3D ( 'NONE', #117, #492, #840 ) ;
#1478 = EDGE_LOOP ( 'NONE', ( #2021, #2329 ) ) ;
#1479 = VERTEX_POINT ( 'NONE', #2296 ) ;
#1480 = DIRECTION ( 'NONE',  ( 0.000000000000000000, 0.000000000000000000, 1.000000000000000000 ) ) ;
#1481 = DIRECTION ( 'NONE',  ( -0.000000000000000000, 1.000000000000000000, -0.000000000000000000 ) ) ;
#1482 = EDGE_CURVE ( 'NONE', #175, #1620, #717, .T. ) ;
#1483 = ORIENTED_EDGE ( 'NONE', *, *, #1271, .F. ) ;
#1484 = DIRECTION ( 'NONE',  ( 0.000000000000000000, 0.000000000000000000, 1.000000000000000000 ) ) ;
#1485 = DIRECTION ( 'NONE',  ( -0.000000000000000000, 1.000000000000000000, -0.000000000000000000 ) ) ;
#1486 = CARTESIAN_POINT ( 'NONE',  ( 47.00000000000106581, -0.001000000000000132727, 60.99999999999976552 ) ) ;
#1487 = FACE_OUTER_BOUND ( 'NONE', #1361, .T. ) ;
#1488 = ORIENTED_EDGE ( 'NONE', *, *, #75, .F. ) ;
#1489 = EDGE_LOOP ( 'NONE', ( #1803, #77, #2295, #34 ) ) ;
#1490 = LINE ( 'NONE', #2207, #1350 ) ;
#1491 = CARTESIAN_POINT ( 'NONE',  ( 73.00141320994410421, 0.000000000000000000, 77.02623803091437082 ) ) ;
#1492 = EDGE_LOOP ( 'NONE', ( #1370, #1994, #1330, #1097 ) ) ;
#1493 = DIRECTION ( 'NONE',  ( -0.000000000000000000, 1.000000000000000000, -0.000000000000000000 ) ) ;
#1494 = CARTESIAN_POINT ( 'NONE',  ( -14.94428728306792387, 0.000000000000000000, 115.4212606103257031 ) ) ;
#1495 = DIRECTION ( 'NONE',  ( 0.000000000000000000, 0.000000000000000000, 1.000000000000000000 ) ) ;
#1496 = VERTEX_POINT ( 'NONE', #326 ) ;
#1497 = VECTOR ( 'NONE', #1176, 1000.000000000000000 ) ;
#1498 = EDGE_CURVE ( 'NONE', #608, #875, #1840, .T. ) ;
#1499 = ORIENTED_EDGE ( 'NONE', *, *, #1074, .T. ) ;
#1500 = CARTESIAN_POINT ( 'NONE',  ( -38.51208855774287798, 3.000000000000000000, 122.7524265684724298 ) ) ;
#1501 = ORIENTED_EDGE ( 'NONE', *, *, #537, .F. ) ;
#1502 = VECTOR ( 'NONE', #2138, 1000.000000000000000 ) ;
#1503 = FACE_OUTER_BOUND ( 'NONE', #1832, .T. ) ;
#1504 = DIRECTION ( 'NONE',  ( 8.659560562354915602E-17, 0.7071067811865489050, -0.7071067811865462405 ) ) ;
#1505 = CIRCLE ( 'NONE', #1432, 2.099999999999999645 ) ;
#1506 = AXIS2_PLACEMENT_3D ( 'NONE', #87, #1213, #1368 ) ;
#1507 = VECTOR ( 'NONE', #1155, 1000.000000000000000 ) ;
#1508 = CARTESIAN_POINT ( 'NONE',  ( 61.00000000000054001, 3.000000000000000000, 63.52499999999999858 ) ) ;
#1509 = ADVANCED_FACE ( 'NONE', ( #1581 ), #2077, .F. ) ;
#1510 = ORIENTED_EDGE ( 'NONE', *, *, #1862, .F. ) ;
#1511 = AXIS2_PLACEMENT_3D ( 'NONE', #2328, #703, #2186 ) ;
#1512 = VECTOR ( 'NONE', #2025, 999.9999999999998863 ) ;
#1513 = ORIENTED_EDGE ( 'NONE', *, *, #5, .T. ) ;
#1514 = LINE ( 'NONE', #1134, #527 ) ;
#1515 = DIRECTION ( 'NONE',  ( -0.000000000000000000, 1.000000000000000000, -0.000000000000000000 ) ) ;
#1516 = ORIENTED_EDGE ( 'NONE', *, *, #1461, .F. ) ;
#1517 = CARTESIAN_POINT ( 'NONE',  ( -13.51208855774289042, 3.000000000000000000, 64.22801207236292953 ) ) ;
#1518 = DIRECTION ( 'NONE',  ( 1.000000000000000000, 0.000000000000000000, 3.469446951953613794E-15 ) ) ;
#1519 = EDGE_CURVE ( 'NONE', #1755, #302, #2311, .T. ) ;
#1520 = ADVANCED_FACE ( 'NONE', ( #2320 ), #1205, .F. ) ;
#1521 = CARTESIAN_POINT ( 'NONE',  ( 0.000000000000000000, 0.000000000000000000, 0.000000000000000000 ) ) ;
#1522 = EDGE_LOOP ( 'NONE', ( #1516, #854, #1557, #99 ) ) ;
#1523 = ORIENTED_EDGE ( 'NONE', *, *, #1208, .F. ) ;
#1524 = DIRECTION ( 'NONE',  ( -0.000000000000000000, -1.000000000000000000, -0.000000000000000000 ) ) ;
#1525 = CARTESIAN_POINT ( 'NONE',  ( 9.000000000000540012, 3.000000000000000000, 61.00000000000000000 ) ) ;
#1526 = ORIENTED_EDGE ( 'NONE', *, *, #1139, .T. ) ;
#1527 = LINE ( 'NONE', #2048, #1474 ) ;
#1528 = ORIENTED_EDGE ( 'NONE', *, *, #532, .F. ) ;
#1529 = EDGE_CURVE ( 'NONE', #1793, #2325, #683, .T. ) ;
#1530 = ORIENTED_EDGE ( 'NONE', *, *, #761, .T. ) ;
#1531 = EDGE_LOOP ( 'NONE', ( #1645, #236, #904, #2140, #648 ) ) ;
#1532 = DIRECTION ( 'NONE',  ( -0.000000000000000000, -1.000000000000000000, -0.000000000000000000 ) ) ;
#1533 = LINE ( 'NONE', #2284, #225 ) ;
#1534 = ORIENTED_EDGE ( 'NONE', *, *, #562, .F. ) ;
#1535 = FACE_OUTER_BOUND ( 'NONE', #428, .T. ) ;
#1536 = DIRECTION ( 'NONE',  ( -0.000000000000000000, 1.000000000000000000, -0.000000000000000000 ) ) ;
#1537 = CARTESIAN_POINT ( 'NONE',  ( 9.000000000000540012, 3.000000000000000000, 61.00000000000000000 ) ) ;
#1538 = CARTESIAN_POINT ( 'NONE',  ( 11.47706726418850565, 0.000000000000000000, 47.00000000000022737 ) ) ;
#1539 = VECTOR ( 'NONE', #2324, 1000.000000000000000 ) ;
#1540 = CIRCLE ( 'NONE', #373, 2.477067264187855056 ) ;
#1541 = AXIS2_PLACEMENT_3D ( 'NONE', #317, #1536, #129 ) ;
#1542 = VECTOR ( 'NONE', #1821, 1000.000000000000000 ) ;
#1543 = VECTOR ( 'NONE', #1734, 1000.000000000000000 ) ;
#1544 = FACE_OUTER_BOUND ( 'NONE', #1971, .T. ) ;
#1545 = LOCAL_TIME ( 3, 7, 54.00000000000000000, #1421 ) ;
#1546 = CYLINDRICAL_SURFACE ( 'NONE', #224, 2.477067264187858608 ) ;
#1547 = LINE ( 'NONE', #2275, #187 ) ;
#1548 = ORIENTED_EDGE ( 'NONE', *, *, #934, .F. ) ;
#1549 = VECTOR ( 'NONE', #431, 1000.000000000000000 ) ;
#1550 = DIRECTION ( 'NONE',  ( 0.000000000000000000, 1.000000000000000000, 0.000000000000000000 ) ) ;
#1551 = CARTESIAN_POINT ( 'NONE',  ( 76.77181541543161813, 0.000000000000000000, 75.41562721235672484 ) ) ;
#1552 = CARTESIAN_POINT ( 'NONE',  ( -38.51208855774287798, 3.000000000000000000, 122.7524265684724298 ) ) ;
#1553 = DIRECTION ( 'NONE',  ( 0.000000000000000000, 0.000000000000000000, 1.000000000000000000 ) ) ;
#1554 = ORIENTED_EDGE ( 'NONE', *, *, #1498, .T. ) ;
#1555 = DIRECTION ( 'NONE',  ( -0.000000000000000000, 1.000000000000000000, -0.000000000000000000 ) ) ;
#1556 = LINE ( 'NONE', #2064, #1959 ) ;
#1557 = ORIENTED_EDGE ( 'NONE', *, *, #141, .T. ) ;
#1558 = CYLINDRICAL_SURFACE ( 'NONE', #931, 4.100000000000006750 ) ;
#1559 = LINE ( 'NONE', #285, #1993 ) ;
#1560 = EDGE_CURVE ( 'NONE', #2319, #873, #1851, .T. ) ;
#1561 = CARTESIAN_POINT ( 'NONE',  ( 69.23101100445660450, -4.235164736271501695E-19, 78.63684884947205944 ) ) ;
#1562 = ORIENTED_EDGE ( 'NONE', *, *, #761, .F. ) ;
#1563 = CARTESIAN_POINT ( 'NONE',  ( 61.00000000000051159, -0.001000000000000132727, 22.99999999999931433 ) ) ;
#1564 = CARTESIAN_POINT ( 'NONE',  ( 47.00000000000106581, 3.000000000000000000, 60.99999999999976552 ) ) ;
#1565 = EDGE_CURVE ( 'NONE', #56, #1457, #1811, .T. ) ;
#1566 = ORIENTED_EDGE ( 'NONE', *, *, #1313, .T. ) ;
#1567 = CARTESIAN_POINT ( 'NONE',  ( 47.41982900651625954, 0.000000000000000000, 80.00000000000000000 ) ) ;
#1568 = CARTESIAN_POINT ( 'NONE',  ( 95.00000000000001421, 3.000000000000000000, 132.6244144961095230 ) ) ;
#1569 = ORIENTED_EDGE ( 'NONE', *, *, #413, .T. ) ;
#1570 = APPROVAL_STATUS ( 'not_yet_approved' ) ;
#1571 = DIRECTION ( 'NONE',  ( -0.000000000000000000, 1.000000000000000000, -0.000000000000000000 ) ) ;
#1572 = AXIS2_PLACEMENT_3D ( 'NONE', #1264, #2316, #1801 ) ;
#1573 = EDGE_CURVE ( 'NONE', #1620, #1136, #644, .T. ) ;
#1574 = EDGE_LOOP ( 'NONE', ( #1142, #2332, #739, #1377, #797 ) ) ;
#1575 = AXIS2_PLACEMENT_3D ( 'NONE', #2182, #553, #1468 ) ;
#1576 = DIRECTION ( 'NONE',  ( 0.000000000000000000, 1.000000000000000000, 0.000000000000000000 ) ) ;
#1577 = CIRCLE ( 'NONE', #1847, 14.69327675602263916 ) ;
#1578 = CIRCLE ( 'NONE', #1247, 2.477067264187851503 ) ;
#1579 = DIRECTION ( 'NONE',  ( 3.180326372624146997E-15, 0.000000000000000000, -1.000000000000000000 ) ) ;
#1580 = ORIENTED_EDGE ( 'NONE', *, *, #1018, .T. ) ;
#1581 = FACE_OUTER_BOUND ( 'NONE', #1417, .T. ) ;
#1582 = FACE_OUTER_BOUND ( 'NONE', #447, .T. ) ;
#1583 = CIRCLE ( 'NONE', #1650, 2.100000000000004530 ) ;
#1584 = VERTEX_POINT ( 'NONE', #307 ) ;
#1585 = EDGE_CURVE ( 'NONE', #1211, #2224, #1023, .T. ) ;
#1586 = CARTESIAN_POINT ( 'NONE',  ( 9.000000000000540012, 3.000000000000000000, 63.10000000000000142 ) ) ;
#1587 = ORIENTED_EDGE ( 'NONE', *, *, #1770, .T. ) ;
#1588 = FACE_BOUND ( 'NONE', #1320, .T. ) ;
#1589 = CARTESIAN_POINT ( 'NONE',  ( 47.41982900651625954, 3.000000000000000000, 70.00000000000000000 ) ) ;
#1590 = ADVANCED_FACE ( 'NONE', ( #1191 ), #1912, .F. ) ;
#1591 = LINE ( 'NONE', #1127, #73 ) ;
#1592 = ORIENTED_EDGE ( 'NONE', *, *, #2096, .T. ) ;
#1593 = CARTESIAN_POINT ( 'NONE',  ( 22.99999999999999645, -0.001000000000000132727, 6.522932735812144500 ) ) ;
#1594 = LINE ( 'NONE', #2195, #1727 ) ;
#1595 = ORIENTED_EDGE ( 'NONE', *, *, #2205, .T. ) ;
#1596 = ADVANCED_FACE ( 'NONE', ( #1737 ), #1171, .F. ) ;
#1597 = PERSON_AND_ORGANIZATION ( #2174, #2305 ) ;
#1598 = DIRECTION ( 'NONE',  ( 0.000000000000000000, 0.000000000000000000, 1.000000000000000000 ) ) ;
#1599 = ADVANCED_FACE ( 'NONE', ( #128 ), #1558, .F. ) ;
#1600 = ORIENTED_EDGE ( 'NONE', *, *, #1632, .F. ) ;
#1601 = EDGE_CURVE ( 'NONE', #164, #2078, #1756, .T. ) ;
#1602 = CARTESIAN_POINT ( 'NONE',  ( 60.00000000000000711, 3.000000000000000000, 0.000000000000000000 ) ) ;
#1603 = EDGE_CURVE ( 'NONE', #1584, #2180, #1292, .T. ) ;
#1604 = FACE_OUTER_BOUND ( 'NONE', #696, .T. ) ;
#1605 = LINE ( 'NONE', #2143, #637 ) ;
#1606 = VERTEX_POINT ( 'NONE', #1418 ) ;
#1607 = DIRECTION ( 'NONE',  ( 0.000000000000000000, 0.000000000000000000, 1.000000000000000000 ) ) ;
#1608 = DIRECTION ( 'NONE',  ( 0.000000000000000000, 0.000000000000000000, 1.000000000000000000 ) ) ;
#1609 = ORIENTED_EDGE ( 'NONE', *, *, #1371, .F. ) ;
#1610 = DIRECTION ( 'NONE',  ( 0.3928319069652794759, 0.000000000000000000, 0.9196102940213436439 ) ) ;
#1611 = ORIENTED_EDGE ( 'NONE', *, *, #1560, .F. ) ;
#1612 = FACE_BOUND ( 'NONE', #1376, .T. ) ;
#1613 = CIRCLE ( 'NONE', #441, 9.999999999999994671 ) ;
#1614 = ORIENTED_EDGE ( 'NONE', *, *, #538, .T. ) ;
#1615 = VECTOR ( 'NONE', #1254, 1000.000000000000000 ) ;
#1616 = AXIS2_PLACEMENT_3D ( 'NONE', #400, #265, #2068 ) ;
#1617 = CARTESIAN_POINT ( 'NONE',  ( 61.00000000000054001, 3.000000000000000000, 61.00000000000000000 ) ) ;
#1618 = CARTESIAN_POINT ( 'NONE',  ( 69.23101100445660450, 3.000000000000000000, 78.63684884947205944 ) ) ;
#1619 = AXIS2_PLACEMENT_3D ( 'NONE', #2238, #1159, #1364 ) ;
#1620 = VERTEX_POINT ( 'NONE', #2181 ) ;
#1621 = AXIS2_PLACEMENT_3D ( 'NONE', #1311, #2031, #412 ) ;
#1622 = FACE_OUTER_BOUND ( 'NONE', #1060, .T. ) ;
#1623 = AXIS2_PLACEMENT_3D ( 'NONE', #1722, #861, #478 ) ;
#1624 = CARTESIAN_POINT ( 'NONE',  ( 56.48791144225712202, 0.000000000000000000, 75.77198792763707047 ) ) ;
#1625 = ORIENTED_EDGE ( 'NONE', *, *, #1239, .F. ) ;
#1626 = FACE_OUTER_BOUND ( 'NONE', #2191, .T. ) ;
#1627 = EDGE_CURVE ( 'NONE', #1187, #794, #1440, .T. ) ;
#1628 = EDGE_LOOP ( 'NONE', ( #1911, #1928, #1873, #1044 ) ) ;
#1629 = CARTESIAN_POINT ( 'NONE',  ( 9.000000000000540012, 2.574999999999998401, 61.00000000000000000 ) ) ;
#1630 = CARTESIAN_POINT ( 'NONE',  ( -24.99999999999998224, 0.000000000000000000, 128.5244144961095287 ) ) ;
#1631 = ORIENTED_EDGE ( 'NONE', *, *, #52, .F. ) ;
#1632 = EDGE_CURVE ( 'NONE', #2047, #810, #1362, .T. ) ;
#1633 = CARTESIAN_POINT ( 'NONE',  ( 47.00000000000105160, 3.000000000000000000, 63.47706726418761747 ) ) ;
#1634 = CARTESIAN_POINT ( 'NONE',  ( 61.00000000000000000, 3.000000000000000000, 9.000000000000000000 ) ) ;
#1635 = ORIENTED_EDGE ( 'NONE', *, *, #1077, .F. ) ;
#1636 = ORIENTED_EDGE ( 'NONE', *, *, #1464, .T. ) ;
#1637 = DIRECTION ( 'NONE',  ( 0.000000000000000000, 0.000000000000000000, 1.000000000000000000 ) ) ;
#1638 = CARTESIAN_POINT ( 'NONE',  ( 9.000000000000000000, 2.574999999999998401, 11.09999999999999787 ) ) ;
#1639 = ORIENTED_EDGE ( 'NONE', *, *, #1216, .T. ) ;
#1640 = CARTESIAN_POINT ( 'NONE',  ( 61.00000000000054001, 2.574999999999998401, 61.00000000000000000 ) ) ;
#1641 = DIRECTION ( 'NONE',  ( 0.9196102940213418675, 0.000000000000000000, -0.3928319069652835838 ) ) ;
#1642 = DIRECTION ( 'NONE',  ( 0.000000000000000000, 1.000000000000000000, 0.000000000000000000 ) ) ;
#1643 = LINE ( 'NONE', #25, #484 ) ;
#1644 = EDGE_CURVE ( 'NONE', #15, #649, #1540, .T. ) ;
#1645 = ORIENTED_EDGE ( 'NONE', *, *, #1196, .F. ) ;
#1646 = DIRECTION ( 'NONE',  ( -0.000000000000000000, 1.000000000000000000, -0.000000000000000000 ) ) ;
#1647 = AXIS2_PLACEMENT_3D ( 'NONE', #518, #1980, #205 ) ;
#1648 = LINE ( 'NONE', #610, #1507 ) ;
#1649 = ORIENTED_EDGE ( 'NONE', *, *, #1656, .T. ) ;
#1650 = AXIS2_PLACEMENT_3D ( 'NONE', #1629, #342, #542 ) ;
#1651 = CARTESIAN_POINT ( 'NONE',  ( 70.00000000000000000, 3.000000000000000000, 10.00000000000000000 ) ) ;
#1652 = CARTESIAN_POINT ( 'NONE',  ( 58.52293273581257438, -0.001000000000000132727, 46.99999999999930367 ) ) ;
#1653 = AXIS2_PLACEMENT_3D ( 'NONE', #2228, #1154, #577 ) ;
#1654 = AXIS2_PLACEMENT_3D ( 'NONE', #1525, #800, #925 ) ;
#1655 = VECTOR ( 'NONE', #681, 1000.000000000000000 ) ;
#1656 = EDGE_CURVE ( 'NONE', #2285, #1211, #1071, .T. ) ;
#1657 = DIRECTION ( 'NONE',  ( 0.000000000000000000, 0.000000000000000000, 1.000000000000000000 ) ) ;
#1658 = DIRECTION ( 'NONE',  ( 0.000000000000000000, 0.000000000000000000, 1.000000000000000000 ) ) ;
#1659 = CONICAL_SURFACE ( 'NONE', #747, 2.524999999999999467, 0.7853981633974401744 ) ;
#1660 = VERTEX_POINT ( 'NONE', #1454 ) ;
#1661 = ADVANCED_FACE ( 'NONE', ( #1099 ), #2119, .F. ) ;
#1662 = ORIENTED_EDGE ( 'NONE', *, *, #1030, .T. ) ;
#1663 = EDGE_CURVE ( 'NONE', #127, #501, #519, .T. ) ;
#1664 = CARTESIAN_POINT ( 'NONE',  ( 47.00000000000000000, -0.001000000000000132727, 6.522932735812140059 ) ) ;
#1665 = CARTESIAN_POINT ( 'NONE',  ( -0.8038970597868035917, 3.000000000000000000, 34.47843340346965135 ) ) ;
#1666 = ORIENTED_EDGE ( 'NONE', *, *, #1565, .T. ) ;
#1667 = FACE_BOUND ( 'NONE', #807, .T. ) ;
#1668 = DIRECTION ( 'NONE',  ( 0.000000000000000000, 0.000000000000000000, 1.000000000000000000 ) ) ;
#1669 = EDGE_CURVE ( 'NONE', #682, #1260, #552, .T. ) ;
#1670 = FACE_OUTER_BOUND ( 'NONE', #545, .T. ) ;
#1671 = ORIENTED_EDGE ( 'NONE', *, *, #2029, .F. ) ;
#1672 = ORIENTED_EDGE ( 'NONE', *, *, #62, .T. ) ;
#1673 = DIRECTION ( 'NONE',  ( 0.000000000000000000, 0.000000000000000000, 1.000000000000000000 ) ) ;
#1674 = CARTESIAN_POINT ( 'NONE',  ( 10.00000000000000178, 3.000000000000000000, 10.00000000000000000 ) ) ;
#1675 = VERTEX_POINT ( 'NONE', #176 ) ;
#1676 = FACE_OUTER_BOUND ( 'NONE', #153, .T. ) ;
#1677 = CARTESIAN_POINT ( 'NONE',  ( -24.99999999999998224, 3.000000000000000000, 128.5244144961095287 ) ) ;
#1678 = CARTESIAN_POINT ( 'NONE',  ( 95.00000000000001421, 3.000000000000000000, 128.5244144961095287 ) ) ;
#1679 = ORIENTED_EDGE ( 'NONE', *, *, #246, .T. ) ;
#1680 = ORIENTED_EDGE ( 'NONE', *, *, #833, .T. ) ;
#1681 = EDGE_CURVE ( 'NONE', #1891, #439, #1093, .T. ) ;
#1682 = CARTESIAN_POINT ( 'NONE',  ( -14.94428728306792387, -0.001000000000000132727, 115.4212606103257031 ) ) ;
#1683 = DIRECTION ( 'NONE',  ( -1.029992063861229055E-14, 0.000000000000000000, 1.000000000000000000 ) ) ;
#1684 = EDGE_LOOP ( 'NONE', ( #576, #1649, #315, #758 ) ) ;
#1685 = ADVANCED_FACE ( 'NONE', ( #1785 ), #1659, .F. ) ;
#1686 = AXIS2_PLACEMENT_3D ( 'NONE', #2113, #108, #1951 ) ;
#1687 = DIRECTION ( 'NONE',  ( 0.3928319069652856377, 0.000000000000000000, -0.9196102940213409793 ) ) ;
#1688 = CARTESIAN_POINT ( 'NONE',  ( 35.00000000000027001, -0.001000000000000132727, 35.00000000000000000 ) ) ;
#1689 = VECTOR ( 'NONE', #2136, 1000.000000000000000 ) ;
#1690 = AXIS2_PLACEMENT_3D ( 'NONE', #592, #572, #2013 ) ;
#1691 = CIRCLE ( 'NONE', #188, 2.477067264187855056 ) ;
#1692 =( NAMED_UNIT ( * ) SI_UNIT ( $, .STERADIAN. ) SOLID_ANGLE_UNIT ( ) );
#1693 = EDGE_LOOP ( 'NONE', ( #994, #626, #2125, #1528 ) ) ;
#1694 = AXIS2_PLACEMENT_3D ( 'NONE', #1521, #1337, #2058 ) ;
#1695 = CIRCLE ( 'NONE', #1511, 4.100000000000006750 ) ;
#1696 = AXIS2_PLACEMENT_3D ( 'NONE', #722, #2008, #1256 ) ;
#1697 = VERTEX_POINT ( 'NONE', #165 ) ;
#1698 = CARTESIAN_POINT ( 'NONE',  ( 61.00000000000054001, 2.574999999999998401, 63.10000000000000142 ) ) ;
#1699 = CARTESIAN_POINT ( 'NONE',  ( 9.000000000000540012, 3.000000000000000000, 61.00000000000000000 ) ) ;
#1700 = ORIENTED_EDGE ( 'NONE', *, *, #993, .T. ) ;
#1701 = EDGE_CURVE ( 'NONE', #44, #1303, #1108, .T. ) ;
#1702 = DIRECTION ( 'NONE',  ( -0.000000000000000000, -1.000000000000000000, -0.000000000000000000 ) ) ;
#1703 = CARTESIAN_POINT ( 'NONE',  ( 35.00000000000027001, 0.000000000000000000, 53.00000000000000711 ) ) ;
#1704 = APPLICATION_PROTOCOL_DEFINITION ( 'international standard', 'config_control_design', 1994, #1235 ) ;
#1705 = VERTEX_POINT ( 'NONE', #202 ) ;
#1706 = EDGE_CURVE ( 'NONE', #439, #1606, #694, .T. ) ;
#1707 = EDGE_LOOP ( 'NONE', ( #1141, #1146, #197, #1534 ) ) ;
#1708 = ORIENTED_EDGE ( 'NONE', *, *, #507, .F. ) ;
#1709 = CARTESIAN_POINT ( 'NONE',  ( 60.00000000000000711, 0.000000000000000000, 10.00000000000000000 ) ) ;
#1710 = LINE ( 'NONE', #2082, #2265 ) ;
#1711 = ORIENTED_EDGE ( 'NONE', *, *, #1443, .T. ) ;
#1712 = CARTESIAN_POINT ( 'NONE',  ( 58.52293273581257438, 3.000000000000000000, 46.99999999999930367 ) ) ;
#1713 = DIRECTION ( 'NONE',  ( 0.000000000000000000, 0.000000000000000000, 1.000000000000000000 ) ) ;
#1714 = DIRECTION ( 'NONE',  ( -0.000000000000000000, 1.000000000000000000, -0.000000000000000000 ) ) ;
#1715 = EDGE_CURVE ( 'NONE', #476, #2044, #1266, .T. ) ;
#1716 = EDGE_LOOP ( 'NONE', ( #1110, #693, #210, #2197 ) ) ;
#1717 = VERTEX_POINT ( 'NONE', #1244 ) ;
#1718 = CIRCLE ( 'NONE', #181, 2.100000000000004530 ) ;
#1719 = CARTESIAN_POINT ( 'NONE',  ( 6.522932735813041560, -4.235164736271501695E-19, 23.00000000000017408 ) ) ;
#1720 = CARTESIAN_POINT ( 'NONE',  ( 95.00000000000001421, -0.001000000000000132727, 128.5244144961095287 ) ) ;
#1721 = ORIENTED_EDGE ( 'NONE', *, *, #2099, .T. ) ;
#1722 = CARTESIAN_POINT ( 'NONE',  ( 47.00000000000000000, 0.000000000000000000, 8.999999999999994671 ) ) ;
#1723 = CARTESIAN_POINT ( 'NONE',  ( 23.00000000000105516, 3.000000000000000000, 63.47706726418746115 ) ) ;
#1724 =( LENGTH_UNIT ( ) NAMED_UNIT ( * ) SI_UNIT ( .MILLI., .METRE. ) );
#1725 = LINE ( 'NONE', #687, #1502 ) ;
#1726 = AXIS2_PLACEMENT_3D ( 'NONE', #1709, #844, #1020 ) ;
#1727 = VECTOR ( 'NONE', #1455, 1000.000000000000000 ) ;
#1728 =( GEOMETRIC_REPRESENTATION_CONTEXT ( 3 ) GLOBAL_UNCERTAINTY_ASSIGNED_CONTEXT ( ( #390 ) ) GLOBAL_UNIT_ASSIGNED_CONTEXT ( ( #1724, #1884, #1692 ) ) REPRESENTATION_CONTEXT ( 'NONE', 'WORKASPACE' ) );
#1729 = CONICAL_SURFACE ( 'NONE', #1654, 2.524999999999999467, 0.7853981633974463916 ) ;
#1730 = ORIENTED_EDGE ( 'NONE', *, *, #2091, .F. ) ;
#1731 = ORIENTED_EDGE ( 'NONE', *, *, #62, .F. ) ;
#1732 = CIRCLE ( 'NONE', #300, 9.999999999999994671 ) ;
#1733 = CARTESIAN_POINT ( 'NONE',  ( 47.00000000000105160, 0.000000000000000000, 63.47706726418761747 ) ) ;
#1734 = DIRECTION ( 'NONE',  ( -0.000000000000000000, 1.000000000000000000, -0.000000000000000000 ) ) ;
#1735 = ORIENTED_EDGE ( 'NONE', *, *, #615, .F. ) ;
#1736 = EDGE_CURVE ( 'NONE', #501, #476, #267, .T. ) ;
#1737 = FACE_OUTER_BOUND ( 'NONE', #1784, .T. ) ;
#1738 = DIRECTION ( 'NONE',  ( -0.000000000000000000, 1.000000000000000000, -0.000000000000000000 ) ) ;
#1739 = CARTESIAN_POINT ( 'NONE',  ( -0.8038970597865854328, 0.000000000000000000, 34.47843340346972951 ) ) ;
#1740 = EDGE_CURVE ( 'NONE', #565, #1094, #1583, .T. ) ;
#1741 = ORIENTED_EDGE ( 'NONE', *, *, #1216, .F. ) ;
#1742 = EDGE_LOOP ( 'NONE', ( #2095, #347, #357, #1240 ) ) ;
#1743 = CARTESIAN_POINT ( 'NONE',  ( -9.999999999999996447, 3.000000000000000000, 30.55011433381687880 ) ) ;
#1744 = DIRECTION ( 'NONE',  ( 0.3928319069652837503, -0.000000000000000000, 0.9196102940213417565 ) ) ;
#1745 = ORIENTED_EDGE ( 'NONE', *, *, #905, .T. ) ;
#1746 = CARTESIAN_POINT ( 'NONE',  ( 47.41982900651625954, 3.000000000000000000, 80.00000000000000000 ) ) ;
#1747 = CARTESIAN_POINT ( 'NONE',  ( 9.000000000000000000, 0.000000000000000000, 9.000000000000000000 ) ) ;
#1748 = VERTEX_POINT ( 'NONE', #1794 ) ;
#1749 = COORDINATED_UNIVERSAL_TIME_OFFSET ( 8, 0, .AHEAD. ) ;
#1750 = DIRECTION ( 'NONE',  ( 0.000000000000000000, -1.000000000000000000, 0.000000000000000000 ) ) ;
#1751 = ORIENTED_EDGE ( 'NONE', *, *, #2096, .F. ) ;
#1752 = EDGE_LOOP ( 'NONE', ( #1745, #12, #2214, #86 ) ) ;
#1753 = CARTESIAN_POINT ( 'NONE',  ( 47.41982900651625954, 3.000000000000000000, 70.00000000000000000 ) ) ;
#1754 = DIRECTION ( 'NONE',  ( 0.000000000000000000, 1.000000000000000000, 0.000000000000000000 ) ) ;
#1755 = VERTEX_POINT ( 'NONE', #358 ) ;
#1756 = LINE ( 'NONE', #138, #1242 ) ;
#1757 = DIRECTION ( 'NONE',  ( -0.000000000000000000, 1.000000000000000000, -0.000000000000000000 ) ) ;
#1758 = EDGE_CURVE ( 'NONE', #1496, #239, #2199, .T. ) ;
#1759 = VERTEX_POINT ( 'NONE', #10 ) ;
#1760 = EDGE_CURVE ( 'NONE', #239, #1496, #1251, .T. ) ;
#1761 = APPROVAL_ROLE ( '' ) ;
#1762 = CARTESIAN_POINT ( 'NONE',  ( 81.48791144225711491, 3.000000000000000000, 134.2964024237465992 ) ) ;
#1763 = ORIENTED_EDGE ( 'NONE', *, *, #728, .T. ) ;
#1764 = FACE_BOUND ( 'NONE', #1531, .T. ) ;
#1765 = VECTOR ( 'NONE', #2049, 1000.000000000000000 ) ;
#1766 = FACE_OUTER_BOUND ( 'NONE', #218, .T. ) ;
#1767 = AXIS2_PLACEMENT_3D ( 'NONE', #192, #11, #1135 ) ;
#1768 = LINE ( 'NONE', #234, #522 ) ;
#1769 = ORIENTED_EDGE ( 'NONE', *, *, #1778, .F. ) ;
#1770 = EDGE_CURVE ( 'NONE', #201, #44, #54, .T. ) ;
#1771 = CIRCLE ( 'NONE', #2041, 2.477067264187858608 ) ;
#1772 = CARTESIAN_POINT ( 'NONE',  ( 9.000000000000000000, 3.000000000000000000, 9.000000000000000000 ) ) ;
#1773 = LINE ( 'NONE', #1965, #631 ) ;
#1774 = AXIS2_PLACEMENT_3D ( 'NONE', #825, #1181, #1383 ) ;
#1775 = ORIENTED_EDGE ( 'NONE', *, *, #958, .T. ) ;
#1776 = APPROVAL_DATE_TIME ( #674, #480 ) ;
#1777 = CARTESIAN_POINT ( 'NONE',  ( 2.128721698673269764E-15, 0.000000000000000000, 10.00000000000000178 ) ) ;
#1778 = EDGE_CURVE ( 'NONE', #1401, #430, #1514, .T. ) ;
#1779 = ORIENTED_EDGE ( 'NONE', *, *, #720, .T. ) ;
#1780 = CARTESIAN_POINT ( 'NONE',  ( 47.41982900651625954, 3.000000000000000000, 80.00000000000000000 ) ) ;
#1781 = CARTESIAN_POINT ( 'NONE',  ( 13.51208855774290107, 3.000000000000000000, 75.77198792763707047 ) ) ;
#1782 = PRODUCT ( 'USB\X2\706f\X0\_\X2\652f67b6\X0\', 'USB\X2\706f\X0\_\X2\652f67b6\X0\', '', ( #1184 ) ) ;
#1783 = DIRECTION ( 'NONE',  ( -0.000000000000000000, 1.000000000000000000, -0.000000000000000000 ) ) ;
#1784 = EDGE_LOOP ( 'NONE', ( #245, #890, #1513, #140 ) ) ;
#1785 = FACE_OUTER_BOUND ( 'NONE', #1246, .T. ) ;
#1786 = DIRECTION ( 'NONE',  ( -0.000000000000000000, 1.000000000000000000, -0.000000000000000000 ) ) ;
#1787 = VERTEX_POINT ( 'NONE', #271 ) ;
#1788 = DIRECTION ( 'NONE',  ( 0.000000000000000000, -1.000000000000000000, 0.000000000000000000 ) ) ;
#1789 = PERSON_AND_ORGANIZATION_ROLE ( 'design_supplier' ) ;
#1790 = DIRECTION ( 'NONE',  ( -0.000000000000000000, 1.000000000000000000, -0.000000000000000000 ) ) ;
#1791 = ORIENTED_EDGE ( 'NONE', *, *, #1979, .T. ) ;
#1792 = CARTESIAN_POINT ( 'NONE',  ( 22.99999999999999645, 3.000000000000000000, 11.47706726418785372 ) ) ;
#1793 = VERTEX_POINT ( 'NONE', #1698 ) ;
#1794 = CARTESIAN_POINT ( 'NONE',  ( -18.71468948855545023, 3.000000000000000000, 117.9106497917680798 ) ) ;
#1795 = CYLINDRICAL_SURFACE ( 'NONE', #1575, 18.00000000000000355 ) ;
#1796 = ORIENTED_EDGE ( 'NONE', *, *, #1077, .T. ) ;
#1797 = DIRECTION ( 'NONE',  ( 0.000000000000000000, 0.000000000000000000, 1.000000000000000000 ) ) ;
#1798 = CARTESIAN_POINT ( 'NONE',  ( 95.00000000000001421, 0.000000000000000000, 128.5244144961095287 ) ) ;
#1799 = EDGE_CURVE ( 'NONE', #167, #1787, #1874, .T. ) ;
#1800 = VERTEX_POINT ( 'NONE', #2045 ) ;
#1801 = DIRECTION ( 'NONE',  ( 0.000000000000000000, 0.000000000000000000, 1.000000000000000000 ) ) ;
#1802 = VECTOR ( 'NONE', #308, 1000.000000000000000 ) ;
#1803 = ORIENTED_EDGE ( 'NONE', *, *, #157, .T. ) ;
#1804 = CIRCLE ( 'NONE', #368, 2.524999999999999467 ) ;
#1805 = VECTOR ( 'NONE', #1214, 1000.000000000000227 ) ;
#1806 = DIRECTION ( 'NONE',  ( 0.000000000000000000, 1.000000000000000000, 0.000000000000000000 ) ) ;
#1807 = DIRECTION ( 'NONE',  ( 0.000000000000000000, 0.000000000000000000, 1.000000000000000000 ) ) ;
#1808 = ORIENTED_EDGE ( 'NONE', *, *, #778, .F. ) ;
#1809 = AXIS2_PLACEMENT_3D ( 'NONE', #2067, #1702, #1137 ) ;
#1810 = CARTESIAN_POINT ( 'NONE',  ( -18.71468948855545023, -0.001000000000000132727, 113.8106497917680713 ) ) ;
#1811 = CIRCLE ( 'NONE', #979, 14.69327675602261074 ) ;
#1812 = LINE ( 'NONE', #1067, #2030 ) ;
#1813 = EDGE_LOOP ( 'NONE', ( #1796, #1530, #1938, #1219 ) ) ;
#1814 = CARTESIAN_POINT ( 'NONE',  ( 60.00000000000000711, 0.000000000000000000, 0.000000000000000000 ) ) ;
#1815 = ORIENTED_EDGE ( 'NONE', *, *, #2091, .T. ) ;
#1816 = DIRECTION ( 'NONE',  ( 0.000000000000000000, 0.000000000000000000, 1.000000000000000000 ) ) ;
#1817 = EDGE_CURVE ( 'NONE', #554, #2285, #2218, .T. ) ;
#1818 = ORIENTED_EDGE ( 'NONE', *, *, #2205, .F. ) ;
#1819 = CARTESIAN_POINT ( 'NONE',  ( 13.51208855774290107, 0.000000000000000000, 75.77198792763707047 ) ) ;
#1820 = CARTESIAN_POINT ( 'NONE',  ( -24.99999999999998224, 3.000000000000000000, 132.6244144961095230 ) ) ;
#1821 = DIRECTION ( 'NONE',  ( -0.000000000000000000, 1.000000000000000000, -0.000000000000000000 ) ) ;
#1822 = DIRECTION ( 'NONE',  ( 0.000000000000000000, 1.000000000000000000, 0.000000000000000000 ) ) ;
#1823 = ORIENTED_EDGE ( 'NONE', *, *, #2080, .T. ) ;
#1824 = ORIENTED_EDGE ( 'NONE', *, *, #124, .T. ) ;
#1825 = CARTESIAN_POINT ( 'NONE',  ( 63.47706726418827827, -0.001000000000000132727, 46.99999999999932498 ) ) ;
#1826 = DIRECTION ( 'NONE',  ( 0.000000000000000000, 0.000000000000000000, -1.000000000000000000 ) ) ;
#1827 = VERTEX_POINT ( 'NONE', #976 ) ;
#1828 = CARTESIAN_POINT ( 'NONE',  ( 10.00000000000000178, 3.000000000000000000, 0.000000000000000000 ) ) ;
#1829 = DIRECTION ( 'NONE',  ( 0.000000000000000000, 0.000000000000000000, 1.000000000000000000 ) ) ;
#1830 = CYLINDRICAL_SURFACE ( 'NONE', #788, 2.477067264187851503 ) ;
#1831 = DIRECTION ( 'NONE',  ( -0.000000000000000000, 1.000000000000000000, -0.000000000000000000 ) ) ;
#1832 = EDGE_LOOP ( 'NONE', ( #1420, #798, #2010, #1680, #1499, #1322, #868, #1033, #383, #137, #1040, #279, #1569, #679, #1711, #2220 ) ) ;
#1833 = MANIFOLD_SOLID_BREP ( 'ÇÐ³ý-À­Éì3', #1078 ) ;
#1834 = EDGE_LOOP ( 'NONE', ( #989, #1852, #2102, #839 ) ) ;
#1835 = FACE_OUTER_BOUND ( 'NONE', #178, .T. ) ;
#1836 = CIRCLE ( 'NONE', #1917, 2.100000000000004530 ) ;
#1837 = CARTESIAN_POINT ( 'NONE',  ( 95.00000000000001421, 0.000000000000000000, 124.4244144961095202 ) ) ;
#1838 = EDGE_CURVE ( 'NONE', #201, #588, #78, .T. ) ;
#1839 = VERTEX_POINT ( 'NONE', #799 ) ;
#1840 = CIRCLE ( 'NONE', #1966, 4.099999999999992539 ) ;
#1841 = CIRCLE ( 'NONE', #1351, 4.100000000000006750 ) ;
#1842 = EDGE_CURVE ( 'NONE', #156, #682, #1133, .T. ) ;
#1843 = CARTESIAN_POINT ( 'NONE',  ( 61.00000000000054001, 3.000000000000000000, 61.00000000000000000 ) ) ;
#1844 = FACE_OUTER_BOUND ( 'NONE', #328, .T. ) ;
#1845 = CIRCLE ( 'NONE', #1129, 2.477067264187851503 ) ;
#1846 = CIRCLE ( 'NONE', #824, 2.477067264187851503 ) ;
#1847 = AXIS2_PLACEMENT_3D ( 'NONE', #1678, #813, #2279 ) ;
#1848 = VECTOR ( 'NONE', #1788, 1000.000000000000000 ) ;
#1849 = CARTESIAN_POINT ( 'NONE',  ( 9.000000000000540012, 3.000000000000000000, 61.00000000000000000 ) ) ;
#1850 = LINE ( 'NONE', #1059, #1397 ) ;
#1851 = CIRCLE ( 'NONE', #2262, 2.099999999999999645 ) ;
#1852 = ORIENTED_EDGE ( 'NONE', *, *, #725, .T. ) ;
#1853 = VERTEX_POINT ( 'NONE', #586 ) ;
#1854 = CYLINDRICAL_SURFACE ( 'NONE', #146, 2.477067264187855056 ) ;
#1855 = CARTESIAN_POINT ( 'NONE',  ( 61.00000000000000000, 3.000000000000000000, 9.000000000000000000 ) ) ;
#1856 = ORIENTED_EDGE ( 'NONE', *, *, #1210, .F. ) ;
#1857 = FACE_BOUND ( 'NONE', #414, .T. ) ;
#1858 = CARTESIAN_POINT ( 'NONE',  ( 9.000000000000650147, 0.000000000000000000, 49.47706726418805800 ) ) ;
#1859 = DIRECTION ( 'NONE',  ( 0.000000000000000000, 0.000000000000000000, 1.000000000000000000 ) ) ;
#1860 = ORIENTED_EDGE ( 'NONE', *, *, #92, .T. ) ;
#1861 = ADVANCED_FACE ( 'NONE', ( #2249 ), #1889, .F. ) ;
#1862 = EDGE_CURVE ( 'NONE', #1303, #588, #1490, .T. ) ;
#1863 = EDGE_LOOP ( 'NONE', ( #1562, #688, #655, #2313 ) ) ;
#1864 = DIRECTION ( 'NONE',  ( -3.180326372624146997E-15, 0.000000000000000000, 1.000000000000000000 ) ) ;
#1865 = PLANE ( 'NONE',  #716 ) ;
#1866 = ORIENTED_EDGE ( 'NONE', *, *, #650, .F. ) ;
#1867 = PLANE ( 'NONE',  #1053 ) ;
#1868 = ADVANCED_FACE ( 'NONE', ( #600 ), #1854, .F. ) ;
#1869 = ADVANCED_FACE ( 'NONE', ( #962 ), #1310, .F. ) ;
#1870 = EDGE_CURVE ( 'NONE', #175, #1412, #248, .T. ) ;
#1871 = ORIENTED_EDGE ( 'NONE', *, *, #1113, .T. ) ;
#1872 = ADVANCED_FACE ( 'NONE', ( #1301 ), #2019, .F. ) ;
#1873 = ORIENTED_EDGE ( 'NONE', *, *, #36, .T. ) ;
#1874 = LINE ( 'NONE', #2063, #830 ) ;
#1875 = CARTESIAN_POINT ( 'NONE',  ( -22.48509169404294639, -4.235164736271501695E-19, 112.2000389732103969 ) ) ;
#1876 = ORIENTED_EDGE ( 'NONE', *, *, #278, .T. ) ;
#1877 = AXIS2_PLACEMENT_3D ( 'NONE', #286, #310, #1553 ) ;
#1878 = PLANE ( 'NONE',  #1285 ) ;
#1879 = DIRECTION ( 'NONE',  ( 0.000000000000000000, 1.000000000000000000, 0.000000000000000000 ) ) ;
#1880 = ADVANCED_FACE ( 'NONE', ( #1835 ), #943, .F. ) ;
#1881 = AXIS2_PLACEMENT_3D ( 'NONE', #1913, #1927, #102 ) ;
#1882 = AXIS2_PLACEMENT_3D ( 'NONE', #1126, #582, #1103 ) ;
#1883 = CIRCLE ( 'NONE', #1164, 18.00000000000000355 ) ;
#1884 =( NAMED_UNIT ( * ) PLANE_ANGLE_UNIT ( ) SI_UNIT ( $, .RADIAN. ) );
#1885 = CIRCLE ( 'NONE', #598, 2.477067264187858608 ) ;
#1886 = VECTOR ( 'NONE', #179, 1000.000000000000000 ) ;
#1887 = AXIS2_PLACEMENT_3D ( 'NONE', #924, #740, #1997 ) ;
#1888 = ORIENTED_EDGE ( 'NONE', *, *, #821, .T. ) ;
#1889 = PLANE ( 'NONE',  #28 ) ;
#1890 = DIRECTION ( 'NONE',  ( 0.000000000000000000, 0.000000000000000000, 1.000000000000000000 ) ) ;
#1891 = VERTEX_POINT ( 'NONE', #2028 ) ;
#1892 = FACE_BOUND ( 'NONE', #498, .T. ) ;
#1893 = LINE ( 'NONE', #2085, #895 ) ;
#1894 = CARTESIAN_POINT ( 'NONE',  ( -3.001413209944097993, -0.001000000000000132727, 77.02623803091437082 ) ) ;
#1895 = ORIENTED_EDGE ( 'NONE', *, *, #846, .F. ) ;
#1896 = CARTESIAN_POINT ( 'NONE',  ( 61.00000000000000000, 3.000000000000000000, 11.52499999999999858 ) ) ;
#1897 = CARTESIAN_POINT ( 'NONE',  ( -6.771815415431606588, -4.235164736271501695E-19, 75.41562721235672484 ) ) ;
#1898 = LINE ( 'NONE', #1179, #31 ) ;
#1899 = ORIENTED_EDGE ( 'NONE', *, *, #1358, .F. ) ;
#1900 = CARTESIAN_POINT ( 'NONE',  ( 9.000000000000000000, 0.000000000000000000, 9.000000000000000000 ) ) ;
#1901 = EDGE_CURVE ( 'NONE', #1094, #565, #1958, .T. ) ;
#1902 = CYLINDRICAL_SURFACE ( 'NONE', #364, 2.099999999999999645 ) ;
#1903 = LINE ( 'NONE', #1149, #266 ) ;
#1904 = CARTESIAN_POINT ( 'NONE',  ( -18.71468948855545023, 0.000000000000000000, 113.8106497917680713 ) ) ;
#1905 = EDGE_CURVE ( 'NONE', #2255, #56, #777, .T. ) ;
#1906 = ORIENTED_EDGE ( 'NONE', *, *, #1701, .F. ) ;
#1907 = ORIENTED_EDGE ( 'NONE', *, *, #833, .F. ) ;
#1908 = DIRECTION ( 'NONE',  ( -0.000000000000000000, 1.000000000000000000, -0.000000000000000000 ) ) ;
#1909 = FACE_OUTER_BOUND ( 'NONE', #1039, .T. ) ;
#1910 = CC_DESIGN_PERSON_AND_ORGANIZATION_ASSIGNMENT ( #1065, #1789, ( #2268 ) ) ;
#1911 = ORIENTED_EDGE ( 'NONE', *, *, #24, .F. ) ;
#1912 = CYLINDRICAL_SURFACE ( 'NONE', #2307, 9.999999999999994671 ) ;
#1913 = CARTESIAN_POINT ( 'NONE',  ( -18.71468948855545023, -0.001000000000000132727, 113.8106497917680713 ) ) ;
#1914 = VECTOR ( 'NONE', #174, 1000.000000000000000 ) ;
#1915 = CALENDAR_DATE ( 2026, 20, 5 ) ;
#1916 = DIRECTION ( 'NONE',  ( 0.000000000000000000, 0.000000000000000000, 1.000000000000000000 ) ) ;
#1917 = AXIS2_PLACEMENT_3D ( 'NONE', #161, #1442, #2168 ) ;
#1918 = AXIS2_PLACEMENT_3D ( 'NONE', #72, #1879, #2222 ) ;
#1919 = CIRCLE ( 'NONE', #1282, 2.099999999999999645 ) ;
#1920 = EDGE_LOOP ( 'NONE', ( #775, #633 ) ) ;
#1921 = DIRECTION ( 'NONE',  ( 1.000000000000000000, 0.000000000000000000, 1.026378056619610759E-14 ) ) ;
#1922 = VECTOR ( 'NONE', #1987, 1000.000000000000000 ) ;
#1923 = DIRECTION ( 'NONE',  ( -0.000000000000000000, 1.000000000000000000, -0.000000000000000000 ) ) ;
#1924 = CARTESIAN_POINT ( 'NONE',  ( 9.000000000000540012, 2.574999999999998401, 58.89999999999999858 ) ) ;
#1925 = EDGE_LOOP ( 'NONE', ( #340, #1941, #1566, #1895 ) ) ;
#1926 = CARTESIAN_POINT ( 'NONE',  ( -24.99999999999998224, 0.000000000000000000, 128.5244144961095287 ) ) ;
#1927 = DIRECTION ( 'NONE',  ( -0.000000000000000000, 1.000000000000000000, -0.000000000000000000 ) ) ;
#1928 = ORIENTED_EDGE ( 'NONE', *, *, #50, .T. ) ;
#1929 = SECURITY_CLASSIFICATION_LEVEL ( 'unclassified' ) ;
#1930 = CYLINDRICAL_SURFACE ( 'NONE', #2189, 2.100000000000004530 ) ;
#1931 = VERTEX_POINT ( 'NONE', #792 ) ;
#1932 = EDGE_CURVE ( 'NONE', #44, #167, #1845, .T. ) ;
#1933 = CARTESIAN_POINT ( 'NONE',  ( 9.000000000000000000, 3.000000000000000000, 11.09999999999999787 ) ) ;
#1934 = DIRECTION ( 'NONE',  ( -0.000000000000000000, -1.000000000000000000, -0.000000000000000000 ) ) ;
#1935 = EDGE_LOOP ( 'NONE', ( #2015, #403, #2251, #806, #2243 ) ) ;
#1936 = DIRECTION ( 'NONE',  ( 0.000000000000000000, 0.000000000000000000, 1.000000000000000000 ) ) ;
#1937 = CARTESIAN_POINT ( 'NONE',  ( 58.52293273581265254, 3.000000000000000000, 22.99999999999930367 ) ) ;
#1938 = ORIENTED_EDGE ( 'NONE', *, *, #121, .T. ) ;
#1939 = PERSON_AND_ORGANIZATION ( #2174, #2305 ) ;
#1940 = CARTESIAN_POINT ( 'NONE',  ( -22.48509169404294639, 3.000000000000000000, 112.2000389732103969 ) ) ;
#1941 = ORIENTED_EDGE ( 'NONE', *, *, #363, .T. ) ;
#1942 = ORIENTED_EDGE ( 'NONE', *, *, #613, .T. ) ;
#1943 = EDGE_CURVE ( 'NONE', #63, #2089, #2072, .T. ) ;
#1944 = CYLINDRICAL_SURFACE ( 'NONE', #751, 10.00000000000000000 ) ;
#1945 = DIRECTION ( 'NONE',  ( -0.3928319069652794759, 0.000000000000000000, -0.9196102940213436439 ) ) ;
#1946 = ORIENTED_EDGE ( 'NONE', *, *, #8, .T. ) ;
#1947 = EDGE_CURVE ( 'NONE', #2106, #877, #1049, .T. ) ;
#1948 = DIRECTION ( 'NONE',  ( 0.000000000000000000, 1.000000000000000000, 0.000000000000000000 ) ) ;
#1949 = ORIENTED_EDGE ( 'NONE', *, *, #1870, .T. ) ;
#1950 = DATE_AND_TIME ( #1968, #409 ) ;
#1951 = DIRECTION ( 'NONE',  ( 0.000000000000000000, 0.000000000000000000, 1.000000000000000000 ) ) ;
#1952 = CIRCLE ( 'NONE', #2260, 10.00000000000000178 ) ;
#1953 = ORIENTED_EDGE ( 'NONE', *, *, #2040, .T. ) ;
#1954 = CARTESIAN_POINT ( 'NONE',  ( -24.99999999999998224, 0.000000000000000000, 128.5244144961095287 ) ) ;
#1955 = VECTOR ( 'NONE', #2241, 1000.000000000000000 ) ;
#1956 = CIRCLE ( 'NONE', #932, 2.100000000000004530 ) ;
#1957 = DIRECTION ( 'NONE',  ( 0.000000000000000000, 0.000000000000000000, 1.000000000000000000 ) ) ;
#1958 = CIRCLE ( 'NONE', #1995, 2.100000000000004530 ) ;
#1959 = VECTOR ( 'NONE', #291, 1000.000000000000000 ) ;
#1960 = LINE ( 'NONE', #339, #371 ) ;
#1961 = ORIENTED_EDGE ( 'NONE', *, *, #675, .F. ) ;
#1962 = CIRCLE ( 'NONE', #370, 2.524999999999999467 ) ;
#1963 = AXIS2_PLACEMENT_3D ( 'NONE', #511, #1822, #1237 ) ;
#1964 = CARTESIAN_POINT ( 'NONE',  ( 9.000000000000650147, 0.000000000000000000, 47.00000000000019895 ) ) ;
#1965 = CARTESIAN_POINT ( 'NONE',  ( -14.94428728306792387, -0.001000000000000132727, 115.4212606103257031 ) ) ;
#1966 = AXIS2_PLACEMENT_3D ( 'NONE', #1408, #316, #2135 ) ;
#1967 = ORIENTED_EDGE ( 'NONE', *, *, #1565, .F. ) ;
#1968 = CALENDAR_DATE ( 2026, 20, 5 ) ;
#1969 = DIRECTION ( 'NONE',  ( 1.000000000000000000, 0.000000000000000000, -1.807003620809174385E-16 ) ) ;
#1970 = EDGE_CURVE ( 'NONE', #148, #780, #2132, .T. ) ;
#1971 = EDGE_LOOP ( 'NONE', ( #618, #1679, #853, #978 ) ) ;
#1972 = DIRECTION ( 'NONE',  ( -0.000000000000000000, -1.000000000000000000, -0.000000000000000000 ) ) ;
#1973 = DIRECTION ( 'NONE',  ( -0.000000000000000000, 1.000000000000000000, -0.000000000000000000 ) ) ;
#1974 = VERTEX_POINT ( 'NONE', #1897 ) ;
#1975 = DIRECTION ( 'NONE',  ( -0.000000000000000000, -0.000000000000000000, -1.000000000000000000 ) ) ;
#1976 = CARTESIAN_POINT ( 'NONE',  ( -24.99999999999998224, 3.000000000000000000, 128.5244144961095287 ) ) ;
#1977 = EDGE_LOOP ( 'NONE', ( #1741, #1004, #2, #2338 ) ) ;
#1978 = LINE ( 'NONE', #1064, #1848 ) ;
#1979 = EDGE_CURVE ( 'NONE', #1136, #1412, #2233, .T. ) ;
#1980 = DIRECTION ( 'NONE',  ( -0.000000000000000000, -1.000000000000000000, -0.000000000000000000 ) ) ;
#1981 = ORIENTED_EDGE ( 'NONE', *, *, #699, .F. ) ;
#1982 = FACE_BOUND ( 'NONE', #951, .T. ) ;
#1983 = ORIENTED_EDGE ( 'NONE', *, *, #1177, .F. ) ;
#1984 = DIRECTION ( 'NONE',  ( -0.000000000000000000, 1.000000000000000000, -0.000000000000000000 ) ) ;
#1985 = PLANE ( 'NONE',  #1767 ) ;
#1986 = ORIENTED_EDGE ( 'NONE', *, *, #774, .T. ) ;
#1987 = DIRECTION ( 'NONE',  ( -0.000000000000000000, 1.000000000000000000, -0.000000000000000000 ) ) ;
#1988 = CARTESIAN_POINT ( 'NONE',  ( 61.00000000000000000, 2.574999999999998401, 9.000000000000000000 ) ) ;
#1989 = EDGE_CURVE ( 'NONE', #393, #148, #2283, .T. ) ;
#1990 = ORIENTED_EDGE ( 'NONE', *, *, #733, .T. ) ;
#1991 = DIRECTION ( 'NONE',  ( 0.000000000000000000, 0.000000000000000000, 1.000000000000000000 ) ) ;
#1992 = CIRCLE ( 'NONE', #1005, 4.100000000000006750 ) ;
#1993 = VECTOR ( 'NONE', #2288, 1000.000000000000000 ) ;
#1994 = ORIENTED_EDGE ( 'NONE', *, *, #814, .F. ) ;
#1995 = AXIS2_PLACEMENT_3D ( 'NONE', #411, #237, #1673 ) ;
#1996 = AXIS2_PLACEMENT_3D ( 'NONE', #1976, #177, #893 ) ;
#1997 = DIRECTION ( 'NONE',  ( 0.000000000000000000, 0.000000000000000000, 1.000000000000000000 ) ) ;
#1998 = CARTESIAN_POINT ( 'NONE',  ( 35.00000000000027001, -0.001000000000000132727, 16.99999999999999645 ) ) ;
#1999 = ORIENTED_EDGE ( 'NONE', *, *, #36, .F. ) ;
#2000 = CIRCLE ( 'NONE', #2346, 2.477067264187858608 ) ;
#2001 = DIRECTION ( 'NONE',  ( 6.938893903907229955E-15, 0.000000000000000000, -1.000000000000000000 ) ) ;
#2002 = AXIS2_PLACEMENT_3D ( 'NONE', #567, #2145, #1816 ) ;
#2003 = FACE_OUTER_BOUND ( 'NONE', #26, .T. ) ;
#2004 = CARTESIAN_POINT ( 'NONE',  ( 95.00000000000001421, -0.001000000000000132727, 124.4244144961095202 ) ) ;
#2005 = VERTEX_POINT ( 'NONE', #661 ) ;
#2006 = EDGE_CURVE ( 'NONE', #873, #765, #2120, .T. ) ;
#2007 = EDGE_LOOP ( 'NONE', ( #306, #908, #669, #1215 ) ) ;
#2008 = DIRECTION ( 'NONE',  ( -0.000000000000000000, 1.000000000000000000, -0.000000000000000000 ) ) ;
#2009 = DIRECTION ( 'NONE',  ( 0.000000000000000000, 0.000000000000000000, -1.000000000000000000 ) ) ;
#2010 = ORIENTED_EDGE ( 'NONE', *, *, #2274, .T. ) ;
#2011 = CARTESIAN_POINT ( 'NONE',  ( 22.99999999999999645, 3.000000000000000000, 11.47706726418786261 ) ) ;
#2012 = DIRECTION ( 'NONE',  ( 0.000000000000000000, 0.000000000000000000, 1.000000000000000000 ) ) ;
#2013 = DIRECTION ( 'NONE',  ( 1.000000000000000000, 0.000000000000000000, 6.360652745248293994E-15 ) ) ;
#2014 = CARTESIAN_POINT ( 'NONE',  ( 9.000000000000000000, 3.000000000000000000, 11.52499999999999858 ) ) ;
#2015 = ORIENTED_EDGE ( 'NONE', *, *, #1715, .F. ) ;
#2016 = ADVANCED_FACE ( 'NONE', ( #1405 ), #1944, .T. ) ;
#2017 = ADVANCED_FACE ( 'NONE', ( #281 ), #2081, .F. ) ;
#2018 = VERTEX_POINT ( 'NONE', #290 ) ;
#2019 = PLANE ( 'NONE',  #937 ) ;
#2020 = FACE_OUTER_BOUND ( 'NONE', #2163, .T. ) ;
#2021 = ORIENTED_EDGE ( 'NONE', *, *, #1212, .F. ) ;
#2022 = FACE_OUTER_BOUND ( 'NONE', #1132, .T. ) ;
#2023 = DIRECTION ( 'NONE',  ( -0.000000000000000000, 1.000000000000000000, -0.000000000000000000 ) ) ;
#2024 = DIRECTION ( 'NONE',  ( 0.000000000000000000, 1.000000000000000000, 0.000000000000000000 ) ) ;
#2025 = DIRECTION ( 'NONE',  ( 0.3928319069652835283, 0.000000000000000000, -0.9196102940213417565 ) ) ;
#2026 = EDGE_LOOP ( 'NONE', ( #1086, #1190, #1203, #1068 ) ) ;
#2027 = ORIENTED_EDGE ( 'NONE', *, *, #1390, .F. ) ;
#2028 = CARTESIAN_POINT ( 'NONE',  ( 35.00000000000027001, 0.000000000000000000, 16.99999999999999645 ) ) ;
#2029 = EDGE_CURVE ( 'NONE', #2187, #112, #2308, .T. ) ;
#2030 = VECTOR ( 'NONE', #1790, 1000.000000000000000 ) ;
#2031 = DIRECTION ( 'NONE',  ( 0.000000000000000000, 1.000000000000000000, 0.000000000000000000 ) ) ;
#2032 = EDGE_LOOP ( 'NONE', ( #1151, #1751, #894, #255 ) ) ;
#2033 = AXIS2_PLACEMENT_3D ( 'NONE', #1781, #2327, #702 ) ;
#2034 = VECTOR ( 'NONE', #1122, 1000.000000000000000 ) ;
#2035 = FACE_BOUND ( 'NONE', #1186, .T. ) ;
#2036 = ADVANCED_FACE ( 'NONE', ( #1392 ), #114, .F. ) ;
#2037 = CARTESIAN_POINT ( 'NONE',  ( 22.99999999999999645, -0.001000000000000132727, 11.47706726418785372 ) ) ;
#2038 = CC_DESIGN_APPROVAL ( #1027, ( #2268 ) ) ;
#2039 = AXIS2_PLACEMENT_3D ( 'NONE', #385, #1109, #1826 ) ;
#2040 = EDGE_CURVE ( 'NONE', #491, #2180, #995, .T. ) ;
#2041 = AXIS2_PLACEMENT_3D ( 'NONE', #885, #1075, #1797 ) ;
#2042 = CARTESIAN_POINT ( 'NONE',  ( 23.00000000000109068, -0.001000000000000132727, 58.52293273581174304 ) ) ;
#2043 = ORIENTED_EDGE ( 'NONE', *, *, #121, .F. ) ;
#2044 = VERTEX_POINT ( 'NONE', #1719 ) ;
#2045 = CARTESIAN_POINT ( 'NONE',  ( 61.00000000000054001, 3.000000000000000000, 58.47500000000000142 ) ) ;
#2046 = DIRECTION ( 'NONE',  ( -0.000000000000000000, 1.000000000000000000, -0.000000000000000000 ) ) ;
#2047 = VERTEX_POINT ( 'NONE', #855 ) ;
#2048 = CARTESIAN_POINT ( 'NONE',  ( 9.000000000000540012, 3.000000000000000000, 58.47500000000000142 ) ) ;
#2049 = DIRECTION ( 'NONE',  ( -0.000000000000000000, 1.000000000000000000, -0.000000000000000000 ) ) ;
#2050 = ADVANCED_FACE ( 'NONE', ( #489 ), #1546, .F. ) ;
#2051 = EDGE_LOOP ( 'NONE', ( #985, #1355, #420, #1227 ) ) ;
#2052 = EDGE_LOOP ( 'NONE', ( #1990, #1469, #1070, #1899 ) ) ;
#2053 = CARTESIAN_POINT ( 'NONE',  ( 61.00000000000042633, 0.000000000000000000, 46.99999999999931077 ) ) ;
#2054 = CYLINDRICAL_SURFACE ( 'NONE', #938, 4.100000000000006750 ) ;
#2055 = ORIENTED_EDGE ( 'NONE', *, *, #2107, .F. ) ;
#2056 = CARTESIAN_POINT ( 'NONE',  ( -24.99999999999998224, 3.000000000000000000, 128.5244144961095287 ) ) ;
#2057 = DIRECTION ( 'NONE',  ( -0.000000000000000000, 1.000000000000000000, -0.000000000000000000 ) ) ;
#2058 = DIRECTION ( 'NONE',  ( 1.000000000000000000, 0.000000000000000000, 0.000000000000000000 ) ) ;
#2059 = ORIENTED_EDGE ( 'NONE', *, *, #1098, .F. ) ;
#2060 = ORIENTED_EDGE ( 'NONE', *, *, #1461, .T. ) ;
#2061 = EDGE_CURVE ( 'NONE', #997, #1759, #651, .T. ) ;
#2062 = ORIENTED_EDGE ( 'NONE', *, *, #43, .T. ) ;
#2063 = CARTESIAN_POINT ( 'NONE',  ( 61.00000000000042633, -0.001000000000000132727, 49.47706726418716272 ) ) ;
#2064 = CARTESIAN_POINT ( 'NONE',  ( 0.000000000000000000, 3.000000000000000000, 0.000000000000000000 ) ) ;
#2065 = EDGE_LOOP ( 'NONE', ( #888, #1366 ) ) ;
#2066 = CIRCLE ( 'NONE', #1123, 2.100000000000004530 ) ;
#2067 = CARTESIAN_POINT ( 'NONE',  ( 95.00000000000001421, 3.000000000000000000, 128.5244144961095287 ) ) ;
#2068 = DIRECTION ( 'NONE',  ( 0.000000000000000000, 0.000000000000000000, 1.000000000000000000 ) ) ;
#2069 = AXIS2_PLACEMENT_3D ( 'NONE', #609, #1524, #1144 ) ;
#2070 = AXIS2_PLACEMENT_3D ( 'NONE', #215, #39, #2245 ) ;
#2071 = DESIGN_CONTEXT ( 'detailed design', #960, 'design' ) ;
#2072 = CIRCLE ( 'NONE', #1726, 10.00000000000000000 ) ;
#2073 = AXIS2_PLACEMENT_3D ( 'NONE', #2105, #838, #1169 ) ;
#2074 = DIRECTION ( 'NONE',  ( 0.000000000000000000, 0.7071067811865489050, 0.7071067811865462405 ) ) ;
#2075 = AXIS2_PLACEMENT_3D ( 'NONE', #992, #243, #1346 ) ;
#2076 = CIRCLE ( 'NONE', #147, 2.100000000000004530 ) ;
#2077 = CONICAL_SURFACE ( 'NONE', #38, 2.524999999999999467, 0.7853981633974463916 ) ;
#2078 = VERTEX_POINT ( 'NONE', #1031 ) ;
#2079 = ORIENTED_EDGE ( 'NONE', *, *, #263, .T. ) ;
#2080 = EDGE_CURVE ( 'NONE', #433, #529, #296, .T. ) ;
#2081 = CYLINDRICAL_SURFACE ( 'NONE', #971, 2.477067264187855056 ) ;
#2082 = CARTESIAN_POINT ( 'NONE',  ( 81.48791144225711491, 3.000000000000000000, 134.2964024237465992 ) ) ;
#2083 = ORIENTED_EDGE ( 'NONE', *, *, #287, .T. ) ;
#2084 = DIRECTION ( 'NONE',  ( -0.000000000000000000, 1.000000000000000000, -0.000000000000000000 ) ) ;
#2085 = CARTESIAN_POINT ( 'NONE',  ( 84.94428728306793630, -0.001000000000000132727, 115.4212606103257031 ) ) ;
#2086 = CARTESIAN_POINT ( 'NONE',  ( 76.77181541543161813, 3.000000000000000000, 75.41562721235672484 ) ) ;
#2087 = ADVANCED_FACE ( 'NONE', ( #2257 ), #1378, .F. ) ;
#2088 = CARTESIAN_POINT ( 'NONE',  ( 61.00000000000000000, 3.000000000000000000, 9.000000000000000000 ) ) ;
#2089 = VERTEX_POINT ( 'NONE', #1200 ) ;
#2090 = ORIENTED_EDGE ( 'NONE', *, *, #1273, .T. ) ;
#2091 = EDGE_CURVE ( 'NONE', #1496, #1094, #1319, .T. ) ;
#2092 = DIRECTION ( 'NONE',  ( 0.000000000000000000, 0.000000000000000000, 1.000000000000000000 ) ) ;
#2093 = CARTESIAN_POINT ( 'NONE',  ( 80.00000000000000000, 0.000000000000000000, 30.55011433381627128 ) ) ;
#2094 = EDGE_CURVE ( 'NONE', #311, #1839, #1306, .T. ) ;
#2095 = ORIENTED_EDGE ( 'NONE', *, *, #1016, .F. ) ;
#2096 = EDGE_CURVE ( 'NONE', #504, #376, #1041, .T. ) ;
#2097 = DIRECTION ( 'NONE',  ( -0.000000000000000000, 1.000000000000000000, -0.000000000000000000 ) ) ;
#2098 = LINE ( 'NONE', #479, #665 ) ;
#2099 = EDGE_CURVE ( 'NONE', #682, #1931, #948, .T. ) ;
#2100 = APPROVAL_STATUS ( 'not_yet_approved' ) ;
#2101 = FACE_OUTER_BOUND ( 'NONE', #835, .T. ) ;
#2102 = ORIENTED_EDGE ( 'NONE', *, *, #675, .T. ) ;
#2103 = ORIENTED_EDGE ( 'NONE', *, *, #1317, .T. ) ;
#2104 = DIRECTION ( 'NONE',  ( -0.9196102940213417565, 0.000000000000000000, 0.3928319069652838058 ) ) ;
#2105 = CARTESIAN_POINT ( 'NONE',  ( 60.00000000000000711, 3.000000000000000000, 10.00000000000000000 ) ) ;
#2106 = VERTEX_POINT ( 'NONE', #2317 ) ;
#2107 = EDGE_CURVE ( 'NONE', #1424, #801, #262, .T. ) ;
#2108 = DIRECTION ( 'NONE',  ( -0.000000000000000000, -1.000000000000000000, -0.000000000000000000 ) ) ;
#2109 = FACE_OUTER_BOUND ( 'NONE', #922, .T. ) ;
#2110 = ORIENTED_EDGE ( 'NONE', *, *, #2126, .F. ) ;
#2111 = CALENDAR_DATE ( 2026, 20, 5 ) ;
#2112 = EDGE_CURVE ( 'NONE', #311, #2005, #2223, .T. ) ;
#2113 = CARTESIAN_POINT ( 'NONE',  ( 61.00000000000042633, -0.001000000000000132727, 46.99999999999931077 ) ) ;
#2114 = CIRCLE ( 'NONE', #1918, 18.00000000000000355 ) ;
#2115 = AXIS2_PLACEMENT_3D ( 'NONE', #2293, #1576, #1224 ) ;
#2116 = CIRCLE ( 'NONE', #1051, 4.100000000000006750 ) ;
#2117 = AXIS2_PLACEMENT_3D ( 'NONE', #590, #71, #399 ) ;
#2118 = CARTESIAN_POINT ( 'NONE',  ( 61.00000000000054001, 3.000000000000000000, 61.00000000000000000 ) ) ;
#2119 = CONICAL_SURFACE ( 'NONE', #1696, 2.524999999999999467, 0.7853981633974463916 ) ;
#2120 = LINE ( 'NONE', #1933, #595 ) ;
#2121 = LINE ( 'NONE', #988, #900 ) ;
#2122 = ORIENTED_EDGE ( 'NONE', *, *, #1758, .F. ) ;
#2123 = DIRECTION ( 'NONE',  ( 0.000000000000000000, 0.7071067811865532349, 0.7071067811865417996 ) ) ;
#2124 = FACE_OUTER_BOUND ( 'NONE', #2129, .T. ) ;
#2125 = ORIENTED_EDGE ( 'NONE', *, *, #2094, .F. ) ;
#2126 = EDGE_CURVE ( 'NONE', #585, #1404, #1431, .T. ) ;
#2127 = PERSON_AND_ORGANIZATION ( #2174, #2305 ) ;
#2128 = CARTESIAN_POINT ( 'NONE',  ( 47.00000000000000000, -4.235164736271501695E-19, 6.522932735812140059 ) ) ;
#2129 = EDGE_LOOP ( 'NONE', ( #969, #253, #750, #2322 ) ) ;
#2130 = ORIENTED_EDGE ( 'NONE', *, *, #814, .T. ) ;
#2131 = ADVANCED_FACE ( 'NONE', ( #1766 ), #762, .F. ) ;
#2132 = LINE ( 'NONE', #2273, #1393 ) ;
#2133 = DIRECTION ( 'NONE',  ( -0.000000000000000000, 1.000000000000000000, -0.000000000000000000 ) ) ;
#2134 = ORIENTED_EDGE ( 'NONE', *, *, #1498, .F. ) ;
#2135 = DIRECTION ( 'NONE',  ( 0.000000000000000000, 0.000000000000000000, 1.000000000000000000 ) ) ;
#2136 = DIRECTION ( 'NONE',  ( 0.000000000000000000, -1.000000000000000000, 0.000000000000000000 ) ) ;
#2137 = VERTEX_POINT ( 'NONE', #1114 ) ;
#2138 = DIRECTION ( 'NONE',  ( -1.026378056619610759E-14, 0.000000000000000000, 1.000000000000000000 ) ) ;
#2139 = ADVANCED_FACE ( 'NONE', ( #1604 ), #216, .F. ) ;
#2140 = ORIENTED_EDGE ( 'NONE', *, *, #689, .F. ) ;
#2141 = PLANE ( 'NONE',  #475 ) ;
#2142 = DIRECTION ( 'NONE',  ( -1.000000000000000000, 0.000000000000000000, 1.807003620809174385E-16 ) ) ;
#2143 = CARTESIAN_POINT ( 'NONE',  ( -24.99999999999998224, -0.001000000000000132727, 124.4244144961095202 ) ) ;
#2144 = ORIENTED_EDGE ( 'NONE', *, *, #1701, .T. ) ;
#2145 = DIRECTION ( 'NONE',  ( -0.000000000000000000, -1.000000000000000000, -0.000000000000000000 ) ) ;
#2146 = CARTESIAN_POINT ( 'NONE',  ( 9.000000000000895284, -0.001000000000000132727, 23.00000000000020250 ) ) ;
#2147 = ORIENTED_EDGE ( 'NONE', *, *, #50, .F. ) ;
#2148 = EDGE_CURVE ( 'NONE', #1584, #2018, #401, .T. ) ;
#2149 = CALENDAR_DATE ( 2026, 20, 5 ) ;
#2150 = CARTESIAN_POINT ( 'NONE',  ( 88.71468948855546444, 0.000000000000000000, 113.8106497917680713 ) ) ;
#2151 = CIRCLE ( 'NONE', #1572, 2.100000000000004530 ) ;
#2152 = ORIENTED_EDGE ( 'NONE', *, *, #993, .F. ) ;
#2153 = DIRECTION ( 'NONE',  ( 0.000000000000000000, 0.000000000000000000, 1.000000000000000000 ) ) ;
#2154 = AXIS2_PLACEMENT_3D ( 'NONE', #1188, #1532, #1006 ) ;
#2155 = LINE ( 'NONE', #207, #1615 ) ;
#2156 = VECTOR ( 'NONE', #65, 1000.000000000000000 ) ;
#2157 = AXIS2_PLACEMENT_3D ( 'NONE', #1267, #1434, #531 ) ;
#2158 = ORIENTED_EDGE ( 'NONE', *, *, #1143, .T. ) ;
#2159 = VECTOR ( 'NONE', #920, 1000.000000000000000 ) ;
#2160 = DIRECTION ( 'NONE',  ( 2.128721698673269074E-16, 0.000000000000000000, 1.000000000000000000 ) ) ;
#2161 = LINE ( 'NONE', #1998, #819 ) ;
#2162 = VECTOR ( 'NONE', #258, 999.9999999999998863 ) ;
#2163 = EDGE_LOOP ( 'NONE', ( #525, #1639, #2170, #1198 ) ) ;
#2164 = ADVANCED_FACE ( 'NONE', ( #162 ), #871, .F. ) ;
#2165 = CARTESIAN_POINT ( 'NONE',  ( -24.99999999999998224, 0.000000000000000000, 132.6244144961095230 ) ) ;
#2166 = CARTESIAN_POINT ( 'NONE',  ( 13.38406805327033489, 3.000000000000000000, 76.07168093034721323 ) ) ;
#2167 = ORIENTED_EDGE ( 'NONE', *, *, #615, .T. ) ;
#2168 = DIRECTION ( 'NONE',  ( 0.000000000000000000, 0.000000000000000000, 1.000000000000000000 ) ) ;
#2169 = CC_DESIGN_PERSON_AND_ORGANIZATION_ASSIGNMENT ( #1939, #131, ( #672 ) ) ;
#2170 = ORIENTED_EDGE ( 'NONE', *, *, #866, .T. ) ;
#2171 = DIRECTION ( 'NONE',  ( 0.000000000000000000, 0.000000000000000000, 1.000000000000000000 ) ) ;
#2172 = EDGE_CURVE ( 'NONE', #2044, #1403, #2340, .T. ) ;
#2173 = DIRECTION ( 'NONE',  ( 0.000000000000000000, 1.000000000000000000, 0.000000000000000000 ) ) ;
#2174 = PERSON ( 'æœª', 'æœª', 'æœª', ('æœª'), ('æœª'), ('æœª') ) ;
#2175 = ORIENTED_EDGE ( 'NONE', *, *, #1183, .T. ) ;
#2176 = DIRECTION ( 'NONE',  ( 0.000000000000000000, 0.000000000000000000, 1.000000000000000000 ) ) ;
#2177 = CARTESIAN_POINT ( 'NONE',  ( 92.48509169404294994, -0.001000000000000132727, 112.2000389732103969 ) ) ;
#2178 = ORIENTED_EDGE ( 'NONE', *, *, #2342, .T. ) ;
#2179 = CARTESIAN_POINT ( 'NONE',  ( 70.00000000000000000, 3.000000000000000000, 0.000000000000000000 ) ) ;
#2180 = VERTEX_POINT ( 'NONE', #1589 ) ;
#2181 = CARTESIAN_POINT ( 'NONE',  ( 47.00000000000000000, 0.000000000000000000, 11.47706726418785728 ) ) ;
#2182 = CARTESIAN_POINT ( 'NONE',  ( 35.00000000000027001, -0.001000000000000132727, 35.00000000000000000 ) ) ;
#2183 = ORIENTED_EDGE ( 'NONE', *, *, #984, .F. ) ;
#2184 = PLANE ( 'NONE',  #901 ) ;
#2185 = LINE ( 'NONE', #379, #1347 ) ;
#2186 = DIRECTION ( 'NONE',  ( 0.000000000000000000, 0.000000000000000000, 1.000000000000000000 ) ) ;
#2187 = VERTEX_POINT ( 'NONE', #1427 ) ;
#2188 = EDGE_CURVE ( 'NONE', #68, #63, #2155, .T. ) ;
#2189 = AXIS2_PLACEMENT_3D ( 'NONE', #2088, #832, #2280 ) ;
#2190 = VECTOR ( 'NONE', #982, 999.9999999999998863 ) ;
#2191 = EDGE_LOOP ( 'NONE', ( #2290, #1775, #790, #2103 ) ) ;
#2192 = AXIS2_PLACEMENT_3D ( 'NONE', #49, #1642, #1957 ) ;
#2193 = AXIS2_PLACEMENT_3D ( 'NONE', #1855, #1145, #238 ) ;
#2194 = DIRECTION ( 'NONE',  ( -2.100940294666031913E-15, 0.000000000000000000, 1.000000000000000000 ) ) ;
#2195 = CARTESIAN_POINT ( 'NONE',  ( -14.94428728306792387, 3.000000000000000000, 115.4212606103257031 ) ) ;
#2196 = AXIS2_PLACEMENT_3D ( 'NONE', #1537, #1714, #1859 ) ;
#2197 = ORIENTED_EDGE ( 'NONE', *, *, #206, .F. ) ;
#2198 = DIRECTION ( 'NONE',  ( 0.000000000000000000, 0.000000000000000000, 1.000000000000000000 ) ) ;
#2199 = CIRCLE ( 'NONE', #2270, 2.100000000000004530 ) ;
#2200 = CARTESIAN_POINT ( 'NONE',  ( -13.51208855774289042, 3.000000000000000000, 64.22801207236292953 ) ) ;
#2201 = PLANE ( 'NONE',  #1690 ) ;
#2202 = ADVANCED_FACE ( 'NONE', ( #1670 ), #1830, .F. ) ;
#2203 = DIRECTION ( 'NONE',  ( -0.000000000000000000, 1.000000000000000000, -0.000000000000000000 ) ) ;
#2204 = ORIENTED_EDGE ( 'NONE', *, *, #1736, .T. ) ;
#2205 = EDGE_CURVE ( 'NONE', #801, #1424, #1804, .T. ) ;
#2206 = EDGE_LOOP ( 'NONE', ( #508, #1942, #2079, #2240 ) ) ;
#2207 = CARTESIAN_POINT ( 'NONE',  ( 63.47706726418836354, 3.000000000000000000, 22.99999999999931788 ) ) ;
#2208 = DIRECTION ( 'NONE',  ( 0.000000000000000000, 0.000000000000000000, 1.000000000000000000 ) ) ;
#2209 = EDGE_LOOP ( 'NONE', ( #579, #1056, #1275, #1222 ) ) ;
#2210 = FACE_OUTER_BOUND ( 'NONE', #288, .T. ) ;
#2211 = CARTESIAN_POINT ( 'NONE',  ( 13.38406805327033666, 0.000000000000000000, 76.07168093034721323 ) ) ;
#2212 = FACE_OUTER_BOUND ( 'NONE', #1429, .T. ) ;
#2213 = CARTESIAN_POINT ( 'NONE',  ( -22.48509169404294639, 0.000000000000000000, 112.2000389732103969 ) ) ;
#2214 = ORIENTED_EDGE ( 'NONE', *, *, #776, .T. ) ;
#2215 = ORIENTED_EDGE ( 'NONE', *, *, #1770, .F. ) ;
#2216 = ADVANCED_FACE ( 'NONE', ( #1297 ), #2201, .F. ) ;
#2217 = ADVANCED_FACE ( 'NONE', ( #2212 ), #391, .F. ) ;
#2218 = LINE ( 'NONE', #1168, #2162 ) ;
#2219 = DIRECTION ( 'NONE',  ( -0.000000000000000000, -1.000000000000000000, -0.000000000000000000 ) ) ;
#2220 = ORIENTED_EDGE ( 'NONE', *, *, #1842, .T. ) ;
#2221 = CARTESIAN_POINT ( 'NONE',  ( 9.000000000000540012, 3.000000000000000000, 58.47500000000000142 ) ) ;
#2222 = DIRECTION ( 'NONE',  ( 0.000000000000000000, 0.000000000000000000, 1.000000000000000000 ) ) ;
#2223 = LINE ( 'NONE', #2042, #897 ) ;
#2224 = VERTEX_POINT ( 'NONE', #2086 ) ;
#2225 = ORIENTED_EDGE ( 'NONE', *, *, #5, .F. ) ;
#2226 = VECTOR ( 'NONE', #1411, 1000.000000000000000 ) ;
#2227 = EDGE_CURVE ( 'NONE', #1787, #1303, #668, .T. ) ;
#2228 = CARTESIAN_POINT ( 'NONE',  ( 95.00000000000001421, -0.001000000000000132727, 128.5244144961095287 ) ) ;
#2229 = VECTOR ( 'NONE', #503, 1000.000000000000000 ) ;
#2230 = FACE_OUTER_BOUND ( 'NONE', #805, .T. ) ;
#2231 = ADVANCED_FACE ( 'NONE', ( #418 ), #2343, .F. ) ;
#2232 = EDGE_LOOP ( 'NONE', ( #9, #481, #1672, #921 ) ) ;
#2233 = CIRCLE ( 'NONE', #2115, 2.477067264187855056 ) ;
#2234 = VECTOR ( 'NONE', #1504, 1000.000000000000000 ) ;
#2235 = DIRECTION ( 'NONE',  ( 0.000000000000000000, 1.000000000000000000, 0.000000000000000000 ) ) ;
#2236 = DIRECTION ( 'NONE',  ( -5.602507452442752031E-15, 0.000000000000000000, 1.000000000000000000 ) ) ;
#2237 = VECTOR ( 'NONE', #381, 1000.000000000000000 ) ;
#2238 = CARTESIAN_POINT ( 'NONE',  ( 22.58017099348378309, 3.000000000000000000, 80.00000000000000000 ) ) ;
#2239 = ORIENTED_EDGE ( 'NONE', *, *, #2188, .T. ) ;
#2240 = ORIENTED_EDGE ( 'NONE', *, *, #1081, .F. ) ;
#2241 = DIRECTION ( 'NONE',  ( -0.000000000000000000, 1.000000000000000000, -0.000000000000000000 ) ) ;
#2242 = DIRECTION ( 'NONE',  ( 0.000000000000000000, 0.000000000000000000, 1.000000000000000000 ) ) ;
#2243 = ORIENTED_EDGE ( 'NONE', *, *, #2172, .F. ) ;
#2244 = CYLINDRICAL_SURFACE ( 'NONE', #2117, 10.00000000000000000 ) ;
#2245 = DIRECTION ( 'NONE',  ( 0.000000000000000000, 0.000000000000000000, 1.000000000000000000 ) ) ;
#2246 = CARTESIAN_POINT ( 'NONE',  ( 9.000000000000000000, 0.000000000000000000, 6.899999999999999467 ) ) ;
#2247 = VERTEX_POINT ( 'NONE', #277 ) ;
#2248 = ORIENTED_EDGE ( 'NONE', *, *, #1603, .F. ) ;
#2249 = FACE_OUTER_BOUND ( 'NONE', #1334, .T. ) ;
#2250 = DIRECTION ( 'NONE',  ( 0.000000000000000000, 0.000000000000000000, 1.000000000000000000 ) ) ;
#2251 = ORIENTED_EDGE ( 'NONE', *, *, #1663, .F. ) ;
#2252 = FACE_OUTER_BOUND ( 'NONE', #884, .T. ) ;
#2253 = LINE ( 'NONE', #451, #2190 ) ;
#2254 = ORIENTED_EDGE ( 'NONE', *, *, #1212, .T. ) ;
#2255 = VERTEX_POINT ( 'NONE', #1552 ) ;
#2256 = ORIENTED_EDGE ( 'NONE', *, *, #1760, .T. ) ;
#2257 = FACE_OUTER_BOUND ( 'NONE', #2209, .T. ) ;
#2258 = CYLINDRICAL_SURFACE ( 'NONE', #2304, 2.477067264187858608 ) ;
#2259 = ORIENTED_EDGE ( 'NONE', *, *, #654, .T. ) ;
#2260 = AXIS2_PLACEMENT_3D ( 'NONE', #14, #745, #1089 ) ;
#2261 = CARTESIAN_POINT ( 'NONE',  ( -24.99999999999998224, 3.000000000000000000, 128.5244144961095287 ) ) ;
#2262 = AXIS2_PLACEMENT_3D ( 'NONE', #1900, #284, #998 ) ;
#2263 = CIRCLE ( 'NONE', #1243, 4.099999999999992539 ) ;
#2264 = AXIS2_PLACEMENT_3D ( 'NONE', #1743, #499, #456 ) ;
#2265 = VECTOR ( 'NONE', #809, 1000.000000000000000 ) ;
#2266 = FACE_OUTER_BOUND ( 'NONE', #321, .T. ) ;
#2267 = EDGE_CURVE ( 'NONE', #184, #822, #1577, .T. ) ;
#2268 = PRODUCT_DEFINITION_FORMATION_WITH_SPECIFIED_SOURCE ( 'ä»', '', #1782, .NOT_KNOWN. ) ;
#2269 = AXIS2_PLACEMENT_3D ( 'NONE', #230, #803, #1398 ) ;
#2270 = AXIS2_PLACEMENT_3D ( 'NONE', #1083, #1806, #191 ) ;
#2271 = ORIENTED_EDGE ( 'NONE', *, *, #354, .F. ) ;
#2272 = ORIENTED_EDGE ( 'NONE', *, *, #70, .F. ) ;
#2273 = CARTESIAN_POINT ( 'NONE',  ( 69.23101100445660450, -0.001000000000000132727, 78.63684884947205944 ) ) ;
#2274 = EDGE_CURVE ( 'NONE', #68, #1291, #1140, .T. ) ;
#2275 = CARTESIAN_POINT ( 'NONE',  ( 22.99999999999999645, 0.000000000000000000, 11.47706726418785372 ) ) ;
#2276 = ORIENTED_EDGE ( 'NONE', *, *, #916, .T. ) ;
#2277 = DIRECTION ( 'NONE',  ( 0.000000000000000000, 0.000000000000000000, 1.000000000000000000 ) ) ;
#2278 = CARTESIAN_POINT ( 'NONE',  ( 47.00000000000109424, 3.000000000000000000, 58.52293273581191357 ) ) ;
#2279 = DIRECTION ( 'NONE',  ( 0.000000000000000000, 0.000000000000000000, -1.000000000000000000 ) ) ;
#2280 = DIRECTION ( 'NONE',  ( 0.000000000000000000, 0.000000000000000000, 1.000000000000000000 ) ) ;
#2281 = VERTEX_POINT ( 'NONE', #60 ) ;
#2282 = ORIENTED_EDGE ( 'NONE', *, *, #1286, .T. ) ;
#2283 = LINE ( 'NONE', #97, #1090 ) ;
#2284 = CARTESIAN_POINT ( 'NONE',  ( 84.94428728306793630, 3.000000000000000000, 115.4212606103257031 ) ) ;
#2285 = VERTEX_POINT ( 'NONE', #107 ) ;
#2286 = ADVANCED_FACE ( 'NONE', ( #93 ), #1284, .F. ) ;
#2287 = DIRECTION ( 'NONE',  ( 0.000000000000000000, 0.000000000000000000, 1.000000000000000000 ) ) ;
#2288 = DIRECTION ( 'NONE',  ( 0.000000000000000000, 0.7071067811865489050, 0.7071067811865462405 ) ) ;
#2289 = CARTESIAN_POINT ( 'NONE',  ( 61.00000000000051159, 0.000000000000000000, 22.99999999999931433 ) ) ;
#2290 = ORIENTED_EDGE ( 'NONE', *, *, #1601, .T. ) ;
#2291 = CARTESIAN_POINT ( 'NONE',  ( 61.00000000000054001, 2.574999999999998401, 61.00000000000000000 ) ) ;
#2292 = EDGE_CURVE ( 'NONE', #2325, #1800, #1962, .T. ) ;
#2293 = CARTESIAN_POINT ( 'NONE',  ( 47.00000000000000000, 3.000000000000000000, 8.999999999999994671 ) ) ;
#2294 = DIRECTION ( 'NONE',  ( 0.000000000000000000, 0.000000000000000000, 1.000000000000000000 ) ) ;
#2295 = ORIENTED_EDGE ( 'NONE', *, *, #182, .T. ) ;
#2296 = CARTESIAN_POINT ( 'NONE',  ( 58.52293273581264543, 3.000000000000000000, 22.99999999999930012 ) ) ;
#2297 = EDGE_CURVE ( 'NONE', #959, #2247, #1885, .T. ) ;
#2298 = CYLINDRICAL_SURFACE ( 'NONE', #1541, 4.099999999999992539 ) ;
#2299 = ORIENTED_EDGE ( 'NONE', *, *, #650, .T. ) ;
#2300 = CIRCLE ( 'NONE', #1316, 2.100000000000004530 ) ;
#2301 = DIRECTION ( 'NONE',  ( 0.000000000000000000, 0.000000000000000000, 1.000000000000000000 ) ) ;
#2302 = VECTOR ( 'NONE', #1218, 1000.000000000000000 ) ;
#2303 = AXIS2_PLACEMENT_3D ( 'NONE', #1894, #1374, #646 ) ;
#2304 = AXIS2_PLACEMENT_3D ( 'NONE', #653, #305, #2250 ) ;
#2305 = ORGANIZATION ( 'æœª', 'æœª', '' ) ;
#2306 = ORIENTED_EDGE ( 'NONE', *, *, #1000, .T. ) ;
#2307 = AXIS2_PLACEMENT_3D ( 'NONE', #1746, #294, #1012 ) ;
#2308 = LINE ( 'NONE', #1178, #448 ) ;
#2309 = LINE ( 'NONE', #324, #1655 ) ;
#2310 = ORIENTED_EDGE ( 'NONE', *, *, #1715, .T. ) ;
#2311 = LINE ( 'NONE', #1593, #150 ) ;
#2312 = CARTESIAN_POINT ( 'NONE',  ( 63.47706726418836354, 3.000000000000000000, 22.99999999999931788 ) ) ;
#2313 = ORIENTED_EDGE ( 'NONE', *, *, #443, .T. ) ;
#2314 = DIRECTION ( 'NONE',  ( -0.000000000000000000, -1.000000000000000000, -0.000000000000000000 ) ) ;
#2315 = ORIENTED_EDGE ( 'NONE', *, *, #1055, .T. ) ;
#2316 = DIRECTION ( 'NONE',  ( 0.000000000000000000, 1.000000000000000000, 0.000000000000000000 ) ) ;
#2317 = CARTESIAN_POINT ( 'NONE',  ( 6.503269127934524528E-15, 3.000000000000000000, 30.55011433381687525 ) ) ;
#2318 = CARTESIAN_POINT ( 'NONE',  ( -24.99999999999998224, 3.000000000000000000, 124.4244144961095202 ) ) ;
#2319 = VERTEX_POINT ( 'NONE', #2246 ) ;
#2320 = FACE_OUTER_BOUND ( 'NONE', #2206, .T. ) ;
#2321 = CARTESIAN_POINT ( 'NONE',  ( 22.99999999999999645, 3.000000000000000000, 9.000000000000000000 ) ) ;
#2322 = ORIENTED_EDGE ( 'NONE', *, *, #429, .T. ) ;
#2323 = DATE_AND_TIME ( #1037, #1435 ) ;
#2324 = DIRECTION ( 'NONE',  ( -0.000000000000000000, 1.000000000000000000, -0.000000000000000000 ) ) ;
#2325 = VERTEX_POINT ( 'NONE', #1508 ) ;
#2326 = FACE_BOUND ( 'NONE', #1453, .T. ) ;
#2327 = DIRECTION ( 'NONE',  ( -0.9196102940213441990, 0.000000000000000000, -0.3928319069652780327 ) ) ;
#2328 = CARTESIAN_POINT ( 'NONE',  ( -3.001413209944097993, 3.000000000000000000, 77.02623803091437082 ) ) ;
#2329 = ORIENTED_EDGE ( 'NONE', *, *, #426, .F. ) ;
#2330 = DIRECTION ( 'NONE',  ( -0.000000000000000000, -1.000000000000000000, -0.000000000000000000 ) ) ;
#2331 = CARTESIAN_POINT ( 'NONE',  ( -3.001413209944097993, 0.000000000000000000, 77.02623803091437082 ) ) ;
#2332 = ORIENTED_EDGE ( 'NONE', *, *, #244, .F. ) ;
#2333 = CARTESIAN_POINT ( 'NONE',  ( 61.00000000000054001, 3.000000000000000000, 63.10000000000000142 ) ) ;
#2334 = APPROVAL_STATUS ( 'not_yet_approved' ) ;
#2335 = LINE ( 'NONE', #1624, #746 ) ;
#2336 = CIRCLE ( 'NONE', #1197, 2.477067264187855056 ) ;
#2337 = EDGE_CURVE ( 'NONE', #376, #1584, #105, .T. ) ;
#2338 = ORIENTED_EDGE ( 'NONE', *, *, #869, .T. ) ;
#2339 = FACE_OUTER_BOUND ( 'NONE', #309, .T. ) ;
#2340 = CIRCLE ( 'NONE', #1882, 2.477067264187855056 ) ;
#2341 = CIRCLE ( 'NONE', #222, 10.00000000000000000 ) ;
#2342 = EDGE_CURVE ( 'NONE', #765, #1187, #1903, .T. ) ;
#2343 = CONICAL_SURFACE ( 'NONE', #2075, 2.524999999999999467, 0.7853981633974401744 ) ;
#2344 = CIRCLE ( 'NONE', #1996, 14.69327675602261074 ) ;
#2345 = ORIENTED_EDGE ( 'NONE', *, *, #1870, .F. ) ;
#2346 = AXIS2_PLACEMENT_3D ( 'NONE', #13, #214, #1088 ) ;
#2347 = DIRECTION ( 'NONE',  ( -0.000000000000000000, -1.000000000000000000, -0.000000000000000000 ) ) ;
ENDSEC;
END-ISO-10303-21;
