ISO-10303-21;
HEADER;
FILE_DESCRIPTION (( 'STEP AP203' ),
    '1' );
FILE_NAME ('¸×Ìå.STEP',
    '2026-02-27T04:42:18',
    ( '' ),
    ( '' ),
    'SwSTEP 2.0',
    'SolidWorks 2024',
    '' );
FILE_SCHEMA (( 'CONFIG_CONTROL_DESIGN' ));
ENDSEC;

DATA;
#1 = DIRECTION ( 'NONE',  ( 1.000000000000000000, -0.000000000000000000, -0.000000000000000000 ) ) ;
#2 = CARTESIAN_POINT ( 'NONE',  ( -167.0000000000000568, 4.000000000000003553, 78.50000000000002842 ) ) ;
#3 = VERTEX_POINT ( 'NONE', #2128 ) ;
#4 = DIRECTION ( 'NONE',  ( 0.000000000000000000, 0.000000000000000000, 1.000000000000000000 ) ) ;
#5 = AXIS2_PLACEMENT_3D ( 'NONE', #2428, #582, #4 ) ;
#6 = CARTESIAN_POINT ( 'NONE',  ( 145.4000000000001478, 109.0000000000000711, 99.00000000000002842 ) ) ;
#7 = COORDINATED_UNIVERSAL_TIME_OFFSET ( 8, 0, .AHEAD. ) ;
#8 = EDGE_LOOP ( 'NONE', ( #2231, #625, #2206, #822 ) ) ;
#9 = VERTEX_POINT ( 'NONE', #2509 ) ;
#10 = AXIS2_PLACEMENT_3D ( 'NONE', #1079, #35, #24 ) ;
#11 = AXIS2_PLACEMENT_3D ( 'NONE', #1834, #2229, #173 ) ;
#12 = EDGE_CURVE ( 'NONE', #834, #237, #738, .T. ) ;
#13 = VECTOR ( 'NONE', #551, 1000.000000000000000 ) ;
#14 = AXIS2_PLACEMENT_3D ( 'NONE', #1455, #1256, #646 ) ;
#15 = FACE_OUTER_BOUND ( 'NONE', #517, .T. ) ;
#16 = VECTOR ( 'NONE', #1204, 1000.000000000000000 ) ;
#17 = AXIS2_PLACEMENT_3D ( 'NONE', #1493, #2479, #421 ) ;
#18 = CARTESIAN_POINT ( 'NONE',  ( -187.5000000000000568, 6.000000000000003553, -78.49999999999982947 ) ) ;
#19 = ORIENTED_EDGE ( 'NONE', *, *, #1853, .F. ) ;
#20 = DIRECTION ( 'NONE',  ( 1.000000000000000000, 0.000000000000000000, 0.000000000000000000 ) ) ;
#21 = PLANE ( 'NONE',  #2391 ) ;
#22 = ORIENTED_EDGE ( 'NONE', *, *, #2258, .T. ) ;
#23 = CARTESIAN_POINT ( 'NONE',  ( 147.0000000000001137, 179.0000000000000284, 99.00000000000002842 ) ) ;
#24 = DIRECTION ( 'NONE',  ( 1.000000000000000000, 0.000000000000000000, 0.000000000000000000 ) ) ;
#25 = EDGE_LOOP ( 'NONE', ( #1147, #47, #94, #1681 ) ) ;
#26 = DIRECTION ( 'NONE',  ( 1.000000000000000000, 0.000000000000000000, 0.000000000000000000 ) ) ;
#27 = CARTESIAN_POINT ( 'NONE',  ( -189.9999999999999432, 199.0000000000000000, -78.49999999999998579 ) ) ;
#28 = FACE_OUTER_BOUND ( 'NONE', #1447, .T. ) ;
#29 = VERTEX_POINT ( 'NONE', #696 ) ;
#30 = EDGE_CURVE ( 'NONE', #2024, #2275, #1095, .T. ) ;
#31 = FACE_OUTER_BOUND ( 'NONE', #2656, .T. ) ;
#32 = EDGE_LOOP ( 'NONE', ( #689, #1128, #631, #816 ) ) ;
#33 = EDGE_CURVE ( 'NONE', #1964, #1321, #2027, .T. ) ;
#34 = DIRECTION ( 'NONE',  ( -1.000000000000000000, -0.000000000000000000, 0.000000000000000000 ) ) ;
#35 = DIRECTION ( 'NONE',  ( -0.000000000000000000, 0.000000000000000000, 1.000000000000000000 ) ) ;
#36 = ORIENTED_EDGE ( 'NONE', *, *, #1738, .T. ) ;
#37 = EDGE_LOOP ( 'NONE', ( #1674, #552 ) ) ;
#38 = CARTESIAN_POINT ( 'NONE',  ( 167.0000000000000568, 199.0000000000000000, -101.4999999999999858 ) ) ;
#39 = DIRECTION ( 'NONE',  ( 0.000000000000000000, 0.000000000000000000, 1.000000000000000000 ) ) ;
#40 = VERTEX_POINT ( 'NONE', #1513 ) ;
#41 = DIRECTION ( 'NONE',  ( 1.000000000000000000, -0.000000000000000000, -1.767871058320312323E-16 ) ) ;
#42 = ADVANCED_FACE ( 'NONE', ( #1666 ), #495, .F. ) ;
#43 = CARTESIAN_POINT ( 'NONE',  ( 147.0000000000001421, 143.9999999999997158, -101.5009999999999764 ) ) ;
#44 = ORIENTED_EDGE ( 'NONE', *, *, #2118, .T. ) ;
#45 = CARTESIAN_POINT ( 'NONE',  ( -166.9999999999999147, 199.0000000000000000, 78.50000000000004263 ) ) ;
#46 = FACE_OUTER_BOUND ( 'NONE', #1843, .T. ) ;
#47 = ORIENTED_EDGE ( 'NONE', *, *, #651, .T. ) ;
#48 = DIRECTION ( 'NONE',  ( -0.000000000000000000, -0.000000000000000000, 1.000000000000000000 ) ) ;
#49 = AXIS2_PLACEMENT_3D ( 'NONE', #78, #656, #2320 ) ;
#50 = AXIS2_PLACEMENT_3D ( 'NONE', #699, #1748, #1322 ) ;
#51 = DIRECTION ( 'NONE',  ( 1.767871058320312570E-16, 0.000000000000000000, 1.000000000000000000 ) ) ;
#52 = AXIS2_PLACEMENT_3D ( 'NONE', #1291, #2307, #63 ) ;
#53 = AXIS2_PLACEMENT_3D ( 'NONE', #1663, #215, #425 ) ;
#54 = DIRECTION ( 'NONE',  ( 0.000000000000000000, 0.000000000000000000, 1.000000000000000000 ) ) ;
#55 = ORIENTED_EDGE ( 'NONE', *, *, #1862, .T. ) ;
#56 = DIRECTION ( 'NONE',  ( -0.000000000000000000, -0.000000000000000000, -1.000000000000000000 ) ) ;
#57 = AXIS2_PLACEMENT_3D ( 'NONE', #1018, #810, #1032 ) ;
#58 = LINE ( 'NONE', #2530, #2559 ) ;
#59 = CIRCLE ( 'NONE', #2259, 18.50000000000000355 ) ;
#60 = ORIENTED_EDGE ( 'NONE', *, *, #996, .F. ) ;
#61 = CARTESIAN_POINT ( 'NONE',  ( -2.000000000000003109, 169.0000000000000000, -72.99999999999994316 ) ) ;
#62 = EDGE_CURVE ( 'NONE', #333, #1654, #2158, .T. ) ;
#63 = DIRECTION ( 'NONE',  ( 1.226572154731075579E-16, 0.000000000000000000, 1.000000000000000000 ) ) ;
#64 = ORIENTED_EDGE ( 'NONE', *, *, #1735, .T. ) ;
#65 = ORIENTED_EDGE ( 'NONE', *, *, #673, .F. ) ;
#66 = EDGE_CURVE ( 'NONE', #1338, #1120, #1927, .T. ) ;
#67 = EDGE_CURVE ( 'NONE', #2598, #2421, #1306, .T. ) ;
#68 = CARTESIAN_POINT ( 'NONE',  ( 6.000000000000023981, 6.000000000000003553, 99.00000000000002842 ) ) ;
#69 = DIRECTION ( 'NONE',  ( 0.000000000000000000, 0.000000000000000000, 1.000000000000000000 ) ) ;
#70 = EDGE_LOOP ( 'NONE', ( #1589, #19 ) ) ;
#71 = FACE_OUTER_BOUND ( 'NONE', #969, .T. ) ;
#72 = LINE ( 'NONE', #387, #16 ) ;
#73 = ORIENTED_EDGE ( 'NONE', *, *, #876, .T. ) ;
#74 = DIRECTION ( 'NONE',  ( 0.000000000000000000, -0.000000000000000000, -1.000000000000000000 ) ) ;
#75 = DIRECTION ( 'NONE',  ( -0.000000000000000000, -0.000000000000000000, 1.000000000000000000 ) ) ;
#76 = EDGE_CURVE ( 'NONE', #2493, #2627, #455, .T. ) ;
#77 = ORIENTED_EDGE ( 'NONE', *, *, #996, .T. ) ;
#78 = CARTESIAN_POINT ( 'NONE',  ( -6.000000000000000000, 6.000000000000003553, -96.99999999999995737 ) ) ;
#79 = EDGE_CURVE ( 'NONE', #276, #1980, #2423, .T. ) ;
#80 = UNCERTAINTY_MEASURE_WITH_UNIT (LENGTH_MEASURE( 1.000000000000000082E-05 ), #2527, 'distance_accuracy_value', 'NONE');
#81 = LINE ( 'NONE', #922, #873 ) ;
#82 = APPROVAL_STATUS ( 'not_yet_approved' ) ;
#83 = EDGE_LOOP ( 'NONE', ( #1669, #849 ) ) ;
#84 = CARTESIAN_POINT ( 'NONE',  ( 4.000000000000023981, 199.0000000000001137, 96.99999999999997158 ) ) ;
#85 = DIRECTION ( 'NONE',  ( -1.000000000000000000, 0.000000000000000000, 0.000000000000000000 ) ) ;
#86 = ORIENTED_EDGE ( 'NONE', *, *, #1006, .T. ) ;
#87 = DIRECTION ( 'NONE',  ( -1.000000000000000000, 0.000000000000000000, 0.000000000000000000 ) ) ;
#88 = DIRECTION ( 'NONE',  ( -1.000000000000000000, -0.000000000000000000, -0.000000000000000000 ) ) ;
#89 = VERTEX_POINT ( 'NONE', #441 ) ;
#90 = DIRECTION ( 'NONE',  ( -0.000000000000000000, 1.000000000000000000, -0.000000000000000000 ) ) ;
#91 = CARTESIAN_POINT ( 'NONE',  ( 145.4000000000001478, 109.0000000000000711, 101.5000000000000284 ) ) ;
#92 = EDGE_CURVE ( 'NONE', #1048, #2523, #2334, .T. ) ;
#93 = LINE ( 'NONE', #309, #755 ) ;
#94 = ORIENTED_EDGE ( 'NONE', *, *, #1249, .T. ) ;
#95 = FACE_OUTER_BOUND ( 'NONE', #930, .T. ) ;
#96 = CIRCLE ( 'NONE', #1510, 2.000000000000001776 ) ;
#97 = VECTOR ( 'NONE', #474, 1000.000000000000000 ) ;
#98 = LINE ( 'NONE', #2175, #2600 ) ;
#99 = ORIENTED_EDGE ( 'NONE', *, *, #1091, .F. ) ;
#100 = CIRCLE ( 'NONE', #829, 2.000000000000001776 ) ;
#101 = AXIS2_PLACEMENT_3D ( 'NONE', #2283, #1104, #1920 ) ;
#102 = DIRECTION ( 'NONE',  ( -1.000000000000000000, 0.000000000000000000, 0.000000000000000000 ) ) ;
#103 = AXIS2_PLACEMENT_3D ( 'NONE', #588, #1790, #770 ) ;
#104 = AXIS2_PLACEMENT_3D ( 'NONE', #1598, #2006, #2018 ) ;
#105 = FACE_OUTER_BOUND ( 'NONE', #2138, .T. ) ;
#106 = ORIENTED_EDGE ( 'NONE', *, *, #126, .F. ) ;
#107 = DIRECTION ( 'NONE',  ( 0.000000000000000000, 0.000000000000000000, -1.000000000000000000 ) ) ;
#108 = LOCAL_TIME ( 12, 42, 18.00000000000000000, #7 ) ;
#109 = DIRECTION ( 'NONE',  ( -0.000000000000000000, -0.000000000000000000, 1.000000000000000000 ) ) ;
#110 = EDGE_LOOP ( 'NONE', ( #523, #2389, #641, #709 ) ) ;
#111 = CARTESIAN_POINT ( 'NONE',  ( 153.5000000000000853, 42.50000000000000000, -101.5009999999999764 ) ) ;
#112 = EDGE_CURVE ( 'NONE', #1756, #2324, #518, .T. ) ;
#113 = FACE_OUTER_BOUND ( 'NONE', #2631, .T. ) ;
#114 = EDGE_CURVE ( 'NONE', #128, #208, #1172, .T. ) ;
#115 = ORIENTED_EDGE ( 'NONE', *, *, #2314, .F. ) ;
#116 = DIRECTION ( 'NONE',  ( -1.000000000000000000, 0.000000000000000000, 1.226572154731075579E-16 ) ) ;
#117 = FACE_OUTER_BOUND ( 'NONE', #2145, .T. ) ;
#118 = ORIENTED_EDGE ( 'NONE', *, *, #535, .F. ) ;
#119 = LINE ( 'NONE', #970, #1425 ) ;
#120 = EDGE_CURVE ( 'NONE', #2421, #1305, #2550, .T. ) ;
#121 = CARTESIAN_POINT ( 'NONE',  ( -187.5000000000000568, 4.000000000000003553, 78.49999999999988631 ) ) ;
#122 = ORIENTED_EDGE ( 'NONE', *, *, #1091, .T. ) ;
#123 = DIRECTION ( 'NONE',  ( -1.000000000000000000, 0.000000000000000000, 0.000000000000000000 ) ) ;
#124 = ORIENTED_EDGE ( 'NONE', *, *, #241, .T. ) ;
#125 = DIRECTION ( 'NONE',  ( -0.000000000000000000, -0.000000000000000000, 1.000000000000000000 ) ) ;
#126 = EDGE_CURVE ( 'NONE', #1547, #734, #2197, .T. ) ;
#127 = CARTESIAN_POINT ( 'NONE',  ( -166.9999999999999147, 4.000000000000003553, 99.00000000000002842 ) ) ;
#128 = VERTEX_POINT ( 'NONE', #2365 ) ;
#129 = CARTESIAN_POINT ( 'NONE',  ( -166.9999999999998863, 199.0000000000000000, -98.99999999999997158 ) ) ;
#130 = EDGE_CURVE ( 'NONE', #2635, #2148, #390, .T. ) ;
#131 = EDGE_LOOP ( 'NONE', ( #2016, #589 ) ) ;
#132 = CARTESIAN_POINT ( 'NONE',  ( 185.4999999999999432, 6.000000000000003553, -78.49999999999985789 ) ) ;
#133 = VECTOR ( 'NONE', #1023, 1000.000000000000000 ) ;
#134 = LINE ( 'NONE', #366, #1056 ) ;
#135 = VERTEX_POINT ( 'NONE', #129 ) ;
#136 = CARTESIAN_POINT ( 'NONE',  ( 77.00000000000009948, 179.0000000000000000, -101.5009999999999764 ) ) ;
#137 = CIRCLE ( 'NONE', #1861, 2.000000000000001776 ) ;
#138 = DIRECTION ( 'NONE',  ( -0.000000000000000000, -0.000000000000000000, 1.000000000000000000 ) ) ;
#139 = CIRCLE ( 'NONE', #2207, 2.000000000000001776 ) ;
#140 = AXIS2_PLACEMENT_3D ( 'NONE', #2620, #1792, #1002 ) ;
#141 = VERTEX_POINT ( 'NONE', #304 ) ;
#142 = EDGE_CURVE ( 'NONE', #1506, #141, #1730, .T. ) ;
#143 = CYLINDRICAL_SURFACE ( 'NONE', #174, 1.599999999999976552 ) ;
#144 = VECTOR ( 'NONE', #975, 1000.000000000000000 ) ;
#145 = AXIS2_PLACEMENT_3D ( 'NONE', #1942, #499, #1586 ) ;
#146 = ADVANCED_FACE ( 'NONE', ( #344 ), #954, .F. ) ;
#147 = ADVANCED_FACE ( 'NONE', ( #1152 ), #2599, .F. ) ;
#148 = ORIENTED_EDGE ( 'NONE', *, *, #510, .T. ) ;
#149 = FACE_OUTER_BOUND ( 'NONE', #2484, .T. ) ;
#150 = CARTESIAN_POINT ( 'NONE',  ( 190.0000000000000568, 169.0000000000000000, -44.49999999999999289 ) ) ;
#151 = ORIENTED_EDGE ( 'NONE', *, *, #2004, .F. ) ;
#152 = CARTESIAN_POINT ( 'NONE',  ( -6.000000000000000000, 6.000000000000005329, -96.99999999999997158 ) ) ;
#153 = LINE ( 'NONE', #978, #2253 ) ;
#154 = ORIENTED_EDGE ( 'NONE', *, *, #2273, .F. ) ;
#155 = FACE_OUTER_BOUND ( 'NONE', #2199, .T. ) ;
#156 = DIRECTION ( 'NONE',  ( -0.000000000000000000, 1.000000000000000000, -0.000000000000000000 ) ) ;
#157 = DATE_AND_TIME ( #2655, #1519 ) ;
#158 = ORIENTED_EDGE ( 'NONE', *, *, #2217, .T. ) ;
#159 = EDGE_CURVE ( 'NONE', #1200, #339, #1173, .T. ) ;
#160 = DIRECTION ( 'NONE',  ( -1.000000000000000000, 0.000000000000000000, 0.000000000000000000 ) ) ;
#161 = CARTESIAN_POINT ( 'NONE',  ( 113.6000000000002075, 179.0000000000000284, 101.5000000000000284 ) ) ;
#162 = EDGE_LOOP ( 'NONE', ( #757, #182 ) ) ;
#163 = CARTESIAN_POINT ( 'NONE',  ( -4.000000000000000000, 199.0000000000001137, -99.00000000000000000 ) ) ;
#164 = VERTEX_POINT ( 'NONE', #2152 ) ;
#165 = CARTESIAN_POINT ( 'NONE',  ( 75.40000000000009095, 179.0000000000000000, 99.00000000000002842 ) ) ;
#166 = DIRECTION ( 'NONE',  ( -1.000000000000000000, -8.673617379884035472E-16, 0.000000000000000000 ) ) ;
#167 = PERSON_AND_ORGANIZATION_ROLE ( 'classification_officer' ) ;
#168 = VERTEX_POINT ( 'NONE', #1540 ) ;
#169 = EDGE_CURVE ( 'NONE', #2421, #950, #1090, .T. ) ;
#170 = DIRECTION ( 'NONE',  ( 0.000000000000000000, 0.000000000000000000, -1.000000000000000000 ) ) ;
#171 = DIRECTION ( 'NONE',  ( 1.767871058320312570E-16, 0.000000000000000000, 1.000000000000000000 ) ) ;
#172 = VERTEX_POINT ( 'NONE', #1968 ) ;
#173 = DIRECTION ( 'NONE',  ( 0.000000000000000000, 0.000000000000000000, 1.000000000000000000 ) ) ;
#174 = AXIS2_PLACEMENT_3D ( 'NONE', #1937, #944, #1953 ) ;
#175 = CARTESIAN_POINT ( 'NONE',  ( 78.60000000000009379, 179.0000000000000000, 99.00000000000002842 ) ) ;
#176 = ORIENTED_EDGE ( 'NONE', *, *, #519, .F. ) ;
#177 = AXIS2_PLACEMENT_3D ( 'NONE', #838, #1083, #1860 ) ;
#178 = DIRECTION ( 'NONE',  ( -0.000000000000000000, -0.000000000000000000, 1.000000000000000000 ) ) ;
#179 = AXIS2_PLACEMENT_3D ( 'NONE', #683, #1449, #2277 ) ;
#180 = AXIS2_PLACEMENT_3D ( 'NONE', #2574, #125, #721 ) ;
#181 = DIRECTION ( 'NONE',  ( -1.000000000000000000, 0.000000000000000000, 0.000000000000000000 ) ) ;
#182 = ORIENTED_EDGE ( 'NONE', *, *, #407, .F. ) ;
#183 = CIRCLE ( 'NONE', #700, 1.600000000000004086 ) ;
#184 = VECTOR ( 'NONE', #171, 1000.000000000000000 ) ;
#185 = CIRCLE ( 'NONE', #1695, 2.000000000000001776 ) ;
#186 = DIRECTION ( 'NONE',  ( 0.000000000000000000, -0.000000000000000000, 1.000000000000000000 ) ) ;
#187 = LINE ( 'NONE', #377, #184 ) ;
#188 = ORIENTED_EDGE ( 'NONE', *, *, #1108, .F. ) ;
#189 = PLANE ( 'NONE',  #1732 ) ;
#190 = EDGE_CURVE ( 'NONE', #2039, #219, #726, .T. ) ;
#191 = CYLINDRICAL_SURFACE ( 'NONE', #1471, 1.599999999999990319 ) ;
#192 = ORIENTED_EDGE ( 'NONE', *, *, #1331, .F. ) ;
#193 = DIRECTION ( 'NONE',  ( 0.000000000000000000, 0.000000000000000000, -1.000000000000000000 ) ) ;
#194 = DIRECTION ( 'NONE',  ( 1.000000000000000000, 0.000000000000000000, 0.000000000000000000 ) ) ;
#195 = ORIENTED_EDGE ( 'NONE', *, *, #735, .T. ) ;
#196 = ORIENTED_EDGE ( 'NONE', *, *, #2619, .T. ) ;
#197 = ADVANCED_FACE ( 'NONE', ( #764 ), #143, .F. ) ;
#198 = DIRECTION ( 'NONE',  ( -0.000000000000000000, -0.000000000000000000, 1.000000000000000000 ) ) ;
#199 = CARTESIAN_POINT ( 'NONE',  ( 75.40000000000009095, 179.0000000000000000, -101.5009999999999764 ) ) ;
#200 = ORIENTED_EDGE ( 'NONE', *, *, #361, .F. ) ;
#201 = FACE_OUTER_BOUND ( 'NONE', #1102, .T. ) ;
#202 = CARTESIAN_POINT ( 'NONE',  ( 6.000000000000000000, 6.000000000000003553, -96.99999999999995737 ) ) ;
#203 = ORIENTED_EDGE ( 'NONE', *, *, #1588, .F. ) ;
#204 = CARTESIAN_POINT ( 'NONE',  ( 78.50000000000005684, 64.00000000000000000, -98.99999999999997158 ) ) ;
#205 = EDGE_CURVE ( 'NONE', #1305, #1584, #119, .T. ) ;
#206 = CARTESIAN_POINT ( 'NONE',  ( 148.6000000000000796, 179.0000000000000284, 99.00000000000002842 ) ) ;
#207 = VERTEX_POINT ( 'NONE', #1747 ) ;
#208 = VERTEX_POINT ( 'NONE', #1552 ) ;
#209 = DIRECTION ( 'NONE',  ( 0.000000000000000000, 0.000000000000000000, 1.000000000000000000 ) ) ;
#210 = CARTESIAN_POINT ( 'NONE',  ( -2.000000000000000444, 169.0000000000000000, -52.99999999999995026 ) ) ;
#211 = ORIENTED_EDGE ( 'NONE', *, *, #1273, .T. ) ;
#212 = DIRECTION ( 'NONE',  ( 0.000000000000000000, 0.000000000000000000, 1.000000000000000000 ) ) ;
#213 = DIRECTION ( 'NONE',  ( 0.000000000000000000, 0.000000000000000000, 1.000000000000000000 ) ) ;
#214 = ORIENTED_EDGE ( 'NONE', *, *, #295, .F. ) ;
#215 = DIRECTION ( 'NONE',  ( -0.000000000000000000, -1.000000000000000000, -0.000000000000000000 ) ) ;
#216 = AXIS2_PLACEMENT_3D ( 'NONE', #1162, #2201, #2577 ) ;
#217 = DIRECTION ( 'NONE',  ( -0.000000000000000000, -0.000000000000000000, 1.000000000000000000 ) ) ;
#218 = CIRCLE ( 'NONE', #2337, 20.49999999999998934 ) ;
#219 = VERTEX_POINT ( 'NONE', #1530 ) ;
#220 = ORIENTED_EDGE ( 'NONE', *, *, #358, .F. ) ;
#221 = VECTOR ( 'NONE', #2483, 1000.000000000000000 ) ;
#222 = CIRCLE ( 'NONE', #1386, 2.500000000000002220 ) ;
#223 = EDGE_CURVE ( 'NONE', #2627, #3, #263, .T. ) ;
#224 = AXIS2_PLACEMENT_3D ( 'NONE', #2441, #138, #2241 ) ;
#225 = AXIS2_PLACEMENT_3D ( 'NONE', #1682, #2515, #1085 ) ;
#226 = CARTESIAN_POINT ( 'NONE',  ( 147.0000000000001421, 143.9999999999997158, 101.5000000000000284 ) ) ;
#227 = AXIS2_PLACEMENT_3D ( 'NONE', #1232, #1062, #2311 ) ;
#228 = AXIS2_PLACEMENT_3D ( 'NONE', #2366, #1958, #2333 ) ;
#229 = PRODUCT_RELATED_PRODUCT_CATEGORY ( 'detail', '', ( #2495 ) ) ;
#230 = CARTESIAN_POINT ( 'NONE',  ( 145.4000000000001194, 179.0000000000000284, 99.00000000000002842 ) ) ;
#231 = ORIENTED_EDGE ( 'NONE', *, *, #241, .F. ) ;
#232 = CARTESIAN_POINT ( 'NONE',  ( 80.50000000000005684, 64.00000000000000000, -98.99999999999997158 ) ) ;
#233 = DIRECTION ( 'NONE',  ( 1.000000000000000000, 0.000000000000000000, 0.000000000000000000 ) ) ;
#234 = EDGE_LOOP ( 'NONE', ( #1742, #269, #2360, #2098 ) ) ;
#235 = CARTESIAN_POINT ( 'NONE',  ( 148.6000000000001364, 143.9999999999997158, 99.00000000000002842 ) ) ;
#236 = CARTESIAN_POINT ( 'NONE',  ( 167.0000000000000568, 0.000000000000000000, -78.49999999999998579 ) ) ;
#237 = VERTEX_POINT ( 'NONE', #1784 ) ;
#238 = EDGE_LOOP ( 'NONE', ( #408, #1572, #611, #917 ) ) ;
#239 = EDGE_CURVE ( 'NONE', #2449, #2039, #1757, .T. ) ;
#240 = DIRECTION ( 'NONE',  ( -1.000000000000000000, 0.000000000000000000, 0.000000000000000000 ) ) ;
#241 = EDGE_CURVE ( 'NONE', #2039, #1289, #918, .T. ) ;
#242 = CARTESIAN_POINT ( 'NONE',  ( -190.0010000000000332, 169.0000000000000000, -53.49999999999992895 ) ) ;
#243 = ORIENTED_EDGE ( 'NONE', *, *, #1943, .T. ) ;
#244 = CARTESIAN_POINT ( 'NONE',  ( 99.00000000000008527, 42.50000000000000000, 101.5000000000000284 ) ) ;
#245 = FACE_BOUND ( 'NONE', #2618, .T. ) ;
#246 = ORIENTED_EDGE ( 'NONE', *, *, #2326, .F. ) ;
#247 = CARTESIAN_POINT ( 'NONE',  ( 6.000000000000005329, 6.000000000000003553, -98.99999999999997158 ) ) ;
#248 = CARTESIAN_POINT ( 'NONE',  ( 21.99999999999998934, 169.0000000000000284, 101.5010000000000332 ) ) ;
#249 = ORIENTED_EDGE ( 'NONE', *, *, #1623, .T. ) ;
#250 = EDGE_LOOP ( 'NONE', ( #2064, #2593, #1550, #1022 ) ) ;
#251 = SPHERICAL_SURFACE ( 'NONE', #177, 2.000000000000000000 ) ;
#252 = DIRECTION ( 'NONE',  ( 1.000000000000000000, 0.000000000000000000, 0.000000000000000000 ) ) ;
#253 = EDGE_CURVE ( 'NONE', #812, #1167, #2040, .T. ) ;
#254 = ORIENTED_EDGE ( 'NONE', *, *, #507, .T. ) ;
#255 = DIRECTION ( 'NONE',  ( -1.000000000000000000, 0.000000000000000000, 0.000000000000000000 ) ) ;
#256 = DIRECTION ( 'NONE',  ( 0.000000000000000000, -0.000000000000000000, 1.000000000000000000 ) ) ;
#257 = EDGE_LOOP ( 'NONE', ( #2573, #243, #1123, #716 ) ) ;
#258 = LINE ( 'NONE', #650, #744 ) ;
#259 = DIRECTION ( 'NONE',  ( 1.000000000000000000, 0.000000000000000000, 0.000000000000000000 ) ) ;
#260 = CC_DESIGN_PERSON_AND_ORGANIZATION_ASSIGNMENT ( #2015, #572, ( #2213 ) ) ;
#261 = ORIENTED_EDGE ( 'NONE', *, *, #722, .T. ) ;
#262 = VERTEX_POINT ( 'NONE', #371 ) ;
#263 = CIRCLE ( 'NONE', #1767, 2.000000000000001776 ) ;
#264 = CIRCLE ( 'NONE', #2248, 2.500000000000002220 ) ;
#265 = AXIS2_PLACEMENT_3D ( 'NONE', #2013, #2453, #2232 ) ;
#266 = DIRECTION ( 'NONE',  ( -1.000000000000000000, 0.000000000000000000, -0.000000000000000000 ) ) ;
#267 = CIRCLE ( 'NONE', #1556, 22.99999999999999289 ) ;
#268 = CARTESIAN_POINT ( 'NONE',  ( 40.00000000000002132, 169.0000000000000284, 101.5010000000000332 ) ) ;
#269 = ORIENTED_EDGE ( 'NONE', *, *, #2397, .T. ) ;
#270 = CARTESIAN_POINT ( 'NONE',  ( 167.0000000000000853, 199.0000000000000000, 101.5000000000000284 ) ) ;
#271 = CIRCLE ( 'NONE', #1099, 18.49999999999998934 ) ;
#272 = VECTOR ( 'NONE', #2146, 1000.000000000000000 ) ;
#273 = CARTESIAN_POINT ( 'NONE',  ( 78.50000000000005684, 119.0000000000000142, 101.5010000000000332 ) ) ;
#274 = SECURITY_CLASSIFICATION ( '', '', #2641 ) ;
#275 = AXIS2_PLACEMENT_3D ( 'NONE', #2458, #2657, #575 ) ;
#276 = VERTEX_POINT ( 'NONE', #789 ) ;
#277 = DIRECTION ( 'NONE',  ( -0.000000000000000000, 1.000000000000000000, -0.000000000000000000 ) ) ;
#278 = ADVANCED_FACE ( 'NONE', ( #1825 ), #2624, .F. ) ;
#279 = EDGE_CURVE ( 'NONE', #976, #933, #2002, .T. ) ;
#280 = DIRECTION ( 'NONE',  ( -0.000000000000000000, -0.000000000000000000, 1.000000000000000000 ) ) ;
#281 = ORIENTED_EDGE ( 'NONE', *, *, #506, .T. ) ;
#282 = ORIENTED_EDGE ( 'NONE', *, *, #1926, .T. ) ;
#283 = DIRECTION ( 'NONE',  ( 1.000000000000000000, 0.000000000000000000, 0.000000000000000000 ) ) ;
#284 = PERSON_AND_ORGANIZATION ( #1845, #837 ) ;
#285 = ORIENTED_EDGE ( 'NONE', *, *, #2375, .F. ) ;
#286 = CARTESIAN_POINT ( 'NONE',  ( 4.000000000000001776, 169.0000000000000000, -74.99999999999994316 ) ) ;
#287 = DIRECTION ( 'NONE',  ( 0.000000000000000000, 0.000000000000000000, 1.000000000000000000 ) ) ;
#288 = ORIENTED_EDGE ( 'NONE', *, *, #66, .F. ) ;
#289 = DIRECTION ( 'NONE',  ( 1.000000000000000000, 0.000000000000000000, 0.000000000000000000 ) ) ;
#290 = CARTESIAN_POINT ( 'NONE',  ( 111.9999999999997442, 109.0000000000000142, 101.5000000000000284 ) ) ;
#291 = EDGE_LOOP ( 'NONE', ( #585, #2086, #1467, #1702 ) ) ;
#292 = EDGE_CURVE ( 'NONE', #2324, #933, #1985, .T. ) ;
#293 = CARTESIAN_POINT ( 'NONE',  ( -167.0000000000000568, 6.000000000000003553, 97.00000000000002842 ) ) ;
#294 = CARTESIAN_POINT ( 'NONE',  ( 155.0000000000000568, 119.0000000000000142, -101.4999999999999858 ) ) ;
#295 = EDGE_CURVE ( 'NONE', #979, #812, #652, .T. ) ;
#296 = PERSON_AND_ORGANIZATION_ROLE ( 'design_owner' ) ;
#297 = VERTEX_POINT ( 'NONE', #2465 ) ;
#298 = DIRECTION ( 'NONE',  ( 1.000000000000000000, -0.000000000000000000, -1.226572154731075579E-16 ) ) ;
#299 = CARTESIAN_POINT ( 'NONE',  ( -166.9999999999999147, 4.000000000000003553, -96.99999999999995737 ) ) ;
#300 = ORIENTED_EDGE ( 'NONE', *, *, #1826, .F. ) ;
#301 = CYLINDRICAL_SURFACE ( 'NONE', #609, 2.000000000000000000 ) ;
#302 = LINE ( 'NONE', #1549, #2121 ) ;
#303 = ORIENTED_EDGE ( 'NONE', *, *, #461, .T. ) ;
#304 = CARTESIAN_POINT ( 'NONE',  ( 78.60000000000009379, 144.0000000000000284, 101.5000000000000284 ) ) ;
#305 = ADVANCED_FACE ( 'NONE', ( #2443 ), #1422, .F. ) ;
#306 = CYLINDRICAL_SURFACE ( 'NONE', #1727, 2.500000000000002220 ) ;
#307 = AXIS2_PLACEMENT_3D ( 'NONE', #1768, #534, #1380 ) ;
#308 = EDGE_CURVE ( 'NONE', #429, #128, #218, .T. ) ;
#309 = CARTESIAN_POINT ( 'NONE',  ( -166.9999999999998863, 199.0000000000000000, -98.99999999999997158 ) ) ;
#310 = AXIS2_PLACEMENT_3D ( 'NONE', #2286, #1486, #1470 ) ;
#311 = ORIENTED_EDGE ( 'NONE', *, *, #1634, .F. ) ;
#312 = DIRECTION ( 'NONE',  ( -0.000000000000000000, -0.000000000000000000, -1.000000000000000000 ) ) ;
#313 = VECTOR ( 'NONE', #2507, 1000.000000000000000 ) ;
#314 = AXIS2_PLACEMENT_3D ( 'NONE', #2532, #846, #1280 ) ;
#315 = DIRECTION ( 'NONE',  ( 0.000000000000000000, 1.000000000000000000, 0.000000000000000000 ) ) ;
#316 = ORIENTED_EDGE ( 'NONE', *, *, #2667, .F. ) ;
#317 = CIRCLE ( 'NONE', #57, 1.599999999999990319 ) ;
#318 = FACE_OUTER_BOUND ( 'NONE', #601, .T. ) ;
#319 = AXIS2_PLACEMENT_3D ( 'NONE', #719, #2134, #472 ) ;
#320 = CIRCLE ( 'NONE', #394, 2.000000000000001776 ) ;
#321 = DIRECTION ( 'NONE',  ( 0.000000000000000000, 0.000000000000000000, 1.000000000000000000 ) ) ;
#322 = ORIENTED_EDGE ( 'NONE', *, *, #142, .F. ) ;
#323 = DIRECTION ( 'NONE',  ( -0.000000000000000000, -0.000000000000000000, 1.000000000000000000 ) ) ;
#324 = AXIS2_PLACEMENT_3D ( 'NONE', #458, #1285, #1253 ) ;
#325 = PLANE ( 'NONE',  #1175 ) ;
#326 = ORIENTED_EDGE ( 'NONE', *, *, #2310, .T. ) ;
#327 = EDGE_CURVE ( 'NONE', #1970, #375, #1948, .T. ) ;
#328 = CARTESIAN_POINT ( 'NONE',  ( -166.9999999999999147, 199.0000000000000000, 99.00000000000002842 ) ) ;
#329 = FACE_OUTER_BOUND ( 'NONE', #110, .T. ) ;
#330 = ORIENTED_EDGE ( 'NONE', *, *, #1785, .F. ) ;
#331 = DIRECTION ( 'NONE',  ( 0.000000000000000000, -8.673617379884027583E-16, 1.000000000000000000 ) ) ;
#332 = CYLINDRICAL_SURFACE ( 'NONE', #2030, 1.599999999999990319 ) ;
#333 = VERTEX_POINT ( 'NONE', #1838 ) ;
#334 = DIRECTION ( 'NONE',  ( -1.000000000000000000, -0.000000000000000000, -0.000000000000000000 ) ) ;
#335 = ORIENTED_EDGE ( 'NONE', *, *, #803, .F. ) ;
#336 = DIRECTION ( 'NONE',  ( -0.000000000000000000, -0.000000000000000000, -1.000000000000000000 ) ) ;
#337 = ADVANCED_FACE ( 'NONE', ( #1410 ), #992, .F. ) ;
#338 = DIRECTION ( 'NONE',  ( 1.000000000000000000, 0.000000000000000000, 0.000000000000000000 ) ) ;
#339 = VERTEX_POINT ( 'NONE', #2025 ) ;
#340 = CARTESIAN_POINT ( 'NONE',  ( -4.000000000000000000, 169.0000000000000000, -74.99999999999994316 ) ) ;
#341 = EDGE_CURVE ( 'NONE', #2569, #1629, #956, .T. ) ;
#342 = CARTESIAN_POINT ( 'NONE',  ( 157.0000000000000568, 119.0000000000000142, -101.4999999999999858 ) ) ;
#343 = VERTEX_POINT ( 'NONE', #2052 ) ;
#344 = FACE_OUTER_BOUND ( 'NONE', #1171, .T. ) ;
#345 = EDGE_CURVE ( 'NONE', #1444, #1506, #1725, .T. ) ;
#346 = EDGE_LOOP ( 'NONE', ( #874, #44, #2316, #1850 ) ) ;
#347 = AXIS2_PLACEMENT_3D ( 'NONE', #1489, #48, #1706 ) ;
#348 = DIRECTION ( 'NONE',  ( -8.673617379884035472E-16, 1.000000000000000000, 0.000000000000000000 ) ) ;
#349 = DIRECTION ( 'NONE',  ( 1.000000000000000000, 0.000000000000000000, 0.000000000000000000 ) ) ;
#350 = ORIENTED_EDGE ( 'NONE', *, *, #2268, .F. ) ;
#351 = CYLINDRICAL_SURFACE ( 'NONE', #11, 2.000000000000001776 ) ;
#352 = CIRCLE ( 'NONE', #743, 2.000000000000000000 ) ;
#353 = CARTESIAN_POINT ( 'NONE',  ( -185.5000000000000568, 4.000000000000003553, 78.49999999999990052 ) ) ;
#354 = AXIS2_PLACEMENT_3D ( 'NONE', #2080, #1246, #1047 ) ;
#355 = AXIS2_PLACEMENT_3D ( 'NONE', #623, #1644, #1465 ) ;
#356 = EDGE_LOOP ( 'NONE', ( #1296, #1451 ) ) ;
#357 = DIRECTION ( 'NONE',  ( 0.000000000000000000, 1.000000000000000000, -6.938893903907228378E-15 ) ) ;
#358 = EDGE_CURVE ( 'NONE', #494, #417, #1225, .T. ) ;
#359 = AXIS2_PLACEMENT_3D ( 'NONE', #619, #2101, #252 ) ;
#360 = TOROIDAL_SURFACE ( 'NONE', #104, 11.00000000000000000, 2.000000000000000000 ) ;
#361 = EDGE_CURVE ( 'NONE', #2576, #654, #607, .T. ) ;
#362 = FACE_BOUND ( 'NONE', #1946, .T. ) ;
#363 = ORIENTED_EDGE ( 'NONE', *, *, #130, .F. ) ;
#364 = CARTESIAN_POINT ( 'NONE',  ( -6.000000000000000000, 6.000000000000003553, -96.99999999999997158 ) ) ;
#365 = FACE_BOUND ( 'NONE', #1286, .T. ) ;
#366 = CARTESIAN_POINT ( 'NONE',  ( -6.000000000000000000, 199.0000000000001137, -98.99999999999997158 ) ) ;
#367 = ORIENTED_EDGE ( 'NONE', *, *, #205, .F. ) ;
#368 = CARTESIAN_POINT ( 'NONE',  ( 4.000000000000023981, 4.000000000000003553, 97.00000000000002842 ) ) ;
#369 = DIRECTION ( 'NONE',  ( -0.000000000000000000, -1.000000000000000000, -0.000000000000000000 ) ) ;
#370 = ORIENTED_EDGE ( 'NONE', *, *, #506, .F. ) ;
#371 = CARTESIAN_POINT ( 'NONE',  ( -166.9999999999998863, 6.000000000000003553, -98.99999999999997158 ) ) ;
#372 = EDGE_CURVE ( 'NONE', #2060, #860, #823, .T. ) ;
#373 = LINE ( 'NONE', #1024, #1906 ) ;
#374 = ADVANCED_FACE ( 'NONE', ( #155 ), #569, .F. ) ;
#375 = VERTEX_POINT ( 'NONE', #165 ) ;
#376 = DIRECTION ( 'NONE',  ( 0.000000000000000000, 0.000000000000000000, 1.000000000000000000 ) ) ;
#377 = CARTESIAN_POINT ( 'NONE',  ( -189.9999999999999432, 0.000000000000000000, -78.49999999999998579 ) ) ;
#378 = ORIENTED_EDGE ( 'NONE', *, *, #2506, .F. ) ;
#379 = DIRECTION ( 'NONE',  ( 0.000000000000000000, -0.000000000000000000, 1.000000000000000000 ) ) ;
#380 = DIRECTION ( 'NONE',  ( -1.226572154731075579E-16, 0.000000000000000000, -1.000000000000000000 ) ) ;
#381 = VERTEX_POINT ( 'NONE', #2637 ) ;
#382 = CARTESIAN_POINT ( 'NONE',  ( -190.0009999999999764, 169.0000000000000000, -72.99999999999991473 ) ) ;
#383 = DIRECTION ( 'NONE',  ( 0.000000000000000000, 0.000000000000000000, 1.000000000000000000 ) ) ;
#384 = ORIENTED_EDGE ( 'NONE', *, *, #2538, .F. ) ;
#385 = DIRECTION ( 'NONE',  ( -1.000000000000000000, 0.000000000000000000, 0.000000000000000000 ) ) ;
#386 = ADVANCED_FACE ( 'NONE', ( #1209 ), #1009, .F. ) ;
#387 = CARTESIAN_POINT ( 'NONE',  ( 110.4000000000002188, 179.0000000000000284, -101.5009999999999764 ) ) ;
#388 = ORIENTED_EDGE ( 'NONE', *, *, #1284, .T. ) ;
#389 = DIRECTION ( 'NONE',  ( 0.000000000000000000, -0.000000000000000000, 1.000000000000000000 ) ) ;
#390 = CIRCLE ( 'NONE', #307, 2.000000000000001776 ) ;
#391 = DIRECTION ( 'NONE',  ( -1.000000000000000000, 0.000000000000000000, 0.000000000000000000 ) ) ;
#392 = ORIENTED_EDGE ( 'NONE', *, *, #2236, .T. ) ;
#393 = EDGE_CURVE ( 'NONE', #1506, #1444, #2072, .T. ) ;
#394 = AXIS2_PLACEMENT_3D ( 'NONE', #2567, #2154, #2578 ) ;
#395 = CARTESIAN_POINT ( 'NONE',  ( 111.9999999999997442, 109.0000000000000142, -101.5009999999999764 ) ) ;
#396 = AXIS2_PLACEMENT_3D ( 'NONE', #2026, #2625, #181 ) ;
#397 = CIRCLE ( 'NONE', #2556, 2.500000000000002220 ) ;
#398 = CARTESIAN_POINT ( 'NONE',  ( 151.0000000000000853, 42.50000000000000000, 99.00000000000002842 ) ) ;
#399 = ORIENTED_EDGE ( 'NONE', *, *, #76, .T. ) ;
#400 = ORIENTED_EDGE ( 'NONE', *, *, #2326, .T. ) ;
#401 = VECTOR ( 'NONE', #1528, 1000.000000000000000 ) ;
#402 = CIRCLE ( 'NONE', #101, 10.99999999999999645 ) ;
#403 = CIRCLE ( 'NONE', #1915, 1.600000000000004086 ) ;
#404 = AXIS2_PLACEMENT_3D ( 'NONE', #1573, #558, #1981 ) ;
#405 = CARTESIAN_POINT ( 'NONE',  ( 78.50000000000005684, 119.0000000000000142, 101.5010000000000332 ) ) ;
#406 = CARTESIAN_POINT ( 'NONE',  ( -2.000000000000000444, 169.0000000000000000, -54.99999999999994316 ) ) ;
#407 = EDGE_CURVE ( 'NONE', #339, #1200, #2200, .T. ) ;
#408 = ORIENTED_EDGE ( 'NONE', *, *, #410, .F. ) ;
#409 = DIRECTION ( 'NONE',  ( -0.000000000000000000, -0.000000000000000000, -1.000000000000000000 ) ) ;
#410 = EDGE_CURVE ( 'NONE', #417, #1001, #1257, .T. ) ;
#411 = FACE_BOUND ( 'NONE', #2464, .T. ) ;
#412 = ORIENTED_EDGE ( 'NONE', *, *, #2105, .T. ) ;
#413 = DIRECTION ( 'NONE',  ( -0.000000000000000000, -0.000000000000000000, -1.000000000000000000 ) ) ;
#414 = CARTESIAN_POINT ( 'NONE',  ( -187.5000000000000568, 6.000000000000003553, -78.49999999999982947 ) ) ;
#415 = PERSON_AND_ORGANIZATION ( #1845, #837 ) ;
#416 = ORIENTED_EDGE ( 'NONE', *, *, #2524, .T. ) ;
#417 = VERTEX_POINT ( 'NONE', #669 ) ;
#418 = DIRECTION ( 'NONE',  ( -1.000000000000000000, 0.000000000000000000, 0.000000000000000000 ) ) ;
#419 = DIRECTION ( 'NONE',  ( -1.000000000000000000, 0.000000000000000000, 0.000000000000000000 ) ) ;
#420 = ORIENTED_EDGE ( 'NONE', *, *, #2225, .F. ) ;
#421 = DIRECTION ( 'NONE',  ( 0.000000000000000000, 0.000000000000000000, -1.000000000000000000 ) ) ;
#422 = ADVANCED_FACE ( 'NONE', ( #2545, #2084 ), #682, .F. ) ;
#423 = DIRECTION ( 'NONE',  ( 1.000000000000000000, 0.000000000000000000, 2.602085213965190526E-15 ) ) ;
#424 = ORIENTED_EDGE ( 'NONE', *, *, #223, .F. ) ;
#425 = DIRECTION ( 'NONE',  ( 0.000000000000000000, 0.000000000000000000, -1.000000000000000000 ) ) ;
#426 = ADVANCED_FACE ( 'NONE', ( #2096 ), #692, .T. ) ;
#427 = DIRECTION ( 'NONE',  ( 0.000000000000000000, 0.000000000000000000, 1.000000000000000000 ) ) ;
#428 = ORIENTED_EDGE ( 'NONE', *, *, #2388, .F. ) ;
#429 = VERTEX_POINT ( 'NONE', #2065 ) ;
#430 = CC_DESIGN_DATE_AND_TIME_ASSIGNMENT ( #1652, #2456, ( #274 ) ) ;
#431 = DIRECTION ( 'NONE',  ( 0.000000000000000000, 0.000000000000000000, -1.000000000000000000 ) ) ;
#432 = DIRECTION ( 'NONE',  ( 0.000000000000000000, 0.000000000000000000, -1.000000000000000000 ) ) ;
#433 = VERTEX_POINT ( 'NONE', #247 ) ;
#434 = CARTESIAN_POINT ( 'NONE',  ( -185.5000000000000568, 6.000000000000003553, 78.49999999999990052 ) ) ;
#435 = CYLINDRICAL_SURFACE ( 'NONE', #2167, 1.600000000000018074 ) ;
#436 = ORIENTED_EDGE ( 'NONE', *, *, #2292, .T. ) ;
#437 = CARTESIAN_POINT ( 'NONE',  ( 167.0000000000000000, 4.000000000000003553, 78.50000000000004263 ) ) ;
#438 = DIRECTION ( 'NONE',  ( -1.000000000000000000, 0.000000000000000000, 0.000000000000000000 ) ) ;
#439 = ORIENTED_EDGE ( 'NONE', *, *, #2630, .F. ) ;
#440 = EDGE_CURVE ( 'NONE', #734, #1547, #222, .T. ) ;
#441 = CARTESIAN_POINT ( 'NONE',  ( 166.9999999999998295, 4.000000000000003553, -96.99999999999995737 ) ) ;
#442 = AXIS2_PLACEMENT_3D ( 'NONE', #653, #1473, #438 ) ;
#443 = CIRCLE ( 'NONE', #2164, 2.000000000000000000 ) ;
#444 = VECTOR ( 'NONE', #786, 1000.000000000000000 ) ;
#445 = AXIS2_PLACEMENT_3D ( 'NONE', #1276, #2313, #20 ) ;
#446 = DIRECTION ( 'NONE',  ( 0.000000000000000000, 0.000000000000000000, 1.000000000000000000 ) ) ;
#447 = VECTOR ( 'NONE', #1564, 1000.000000000000000 ) ;
#448 = DIRECTION ( 'NONE',  ( -0.000000000000000000, -0.000000000000000000, 1.000000000000000000 ) ) ;
#449 = ORIENTED_EDGE ( 'NONE', *, *, #1400, .T. ) ;
#450 = LINE ( 'NONE', #2092, #2079 ) ;
#451 = DIRECTION ( 'NONE',  ( 0.000000000000000000, 0.000000000000000000, 1.000000000000000000 ) ) ;
#452 = ORIENTED_EDGE ( 'NONE', *, *, #2506, .T. ) ;
#453 = CARTESIAN_POINT ( 'NONE',  ( 148.5000000000000853, 42.50000000000000000, 99.00000000000002842 ) ) ;
#454 = VERTEX_POINT ( 'NONE', #2505 ) ;
#455 = LINE ( 'NONE', #905, #1551 ) ;
#456 = ADVANCED_FACE ( 'NONE', ( #1713 ), #891, .F. ) ;
#457 = FACE_OUTER_BOUND ( 'NONE', #1637, .T. ) ;
#458 = CARTESIAN_POINT ( 'NONE',  ( 155.0000000000000568, 119.0000000000000142, -101.4999999999999858 ) ) ;
#459 = VERTEX_POINT ( 'NONE', #1262 ) ;
#460 = DIRECTION ( 'NONE',  ( 0.000000000000000000, 1.000000000000000000, 0.000000000000000000 ) ) ;
#461 = EDGE_CURVE ( 'NONE', #1608, #2579, #2075, .T. ) ;
#462 = CARTESIAN_POINT ( 'NONE',  ( -167.0000000000000568, 4.000000000000003553, 78.50000000000002842 ) ) ;
#463 = ORIENTED_EDGE ( 'NONE', *, *, #292, .T. ) ;
#464 = DIRECTION ( 'NONE',  ( 1.767871058320312323E-16, 0.000000000000000000, 1.000000000000000000 ) ) ;
#465 = DIRECTION ( 'NONE',  ( 1.000000000000000000, -0.000000000000000000, 0.000000000000000000 ) ) ;
#466 = ORIENTED_EDGE ( 'NONE', *, *, #239, .T. ) ;
#467 = DIRECTION ( 'NONE',  ( 0.000000000000000000, -0.000000000000000000, -1.000000000000000000 ) ) ;
#468 = DIRECTION ( 'NONE',  ( -0.000000000000000000, -0.000000000000000000, 1.000000000000000000 ) ) ;
#469 = ORIENTED_EDGE ( 'NONE', *, *, #1114, .T. ) ;
#470 = EDGE_CURVE ( 'NONE', #2418, #1027, #267, .T. ) ;
#471 = DIRECTION ( 'NONE',  ( 1.000000000000000000, 0.000000000000000000, 0.000000000000000000 ) ) ;
#472 = DIRECTION ( 'NONE',  ( 1.000000000000000000, 0.000000000000000000, 0.000000000000000000 ) ) ;
#473 = ORIENTED_EDGE ( 'NONE', *, *, #492, .F. ) ;
#474 = DIRECTION ( 'NONE',  ( 0.000000000000000000, -1.000000000000000000, 0.000000000000000000 ) ) ;
#475 = DIRECTION ( 'NONE',  ( -0.000000000000000000, -0.000000000000000000, -1.000000000000000000 ) ) ;
#476 = VERTEX_POINT ( 'NONE', #235 ) ;
#477 = AXIS2_PLACEMENT_3D ( 'NONE', #1621, #1197, #593 ) ;
#478 = CARTESIAN_POINT ( 'NONE',  ( 147.0000000000001421, 109.0000000000000711, 99.00000000000002842 ) ) ;
#479 = AXIS2_PLACEMENT_3D ( 'NONE', #1635, #791, #383 ) ;
#480 = APPLICATION_CONTEXT ( 'configuration controlled 3d designs of mechanical parts and assemblies' ) ;
#481 = AXIS2_PLACEMENT_3D ( 'NONE', #1220, #369, #2198 ) ;
#482 = CIRCLE ( 'NONE', #180, 2.000000000000001776 ) ;
#483 = ORIENTED_EDGE ( 'NONE', *, *, #564, .F. ) ;
#484 = CYLINDRICAL_SURFACE ( 'NONE', #836, 9.000000000000014211 ) ;
#485 = AXIS2_PLACEMENT_3D ( 'NONE', #707, #730, #2359 ) ;
#486 = AXIS2_PLACEMENT_3D ( 'NONE', #2632, #2240, #2462 ) ;
#487 = EDGE_CURVE ( 'NONE', #1941, #2477, #397, .T. ) ;
#488 = EDGE_CURVE ( 'NONE', #1925, #1338, #1469, .T. ) ;
#489 = DIRECTION ( 'NONE',  ( 0.000000000000000000, 0.000000000000000000, 1.000000000000000000 ) ) ;
#490 = ORIENTED_EDGE ( 'NONE', *, *, #1191, .T. ) ;
#491 = CYLINDRICAL_SURFACE ( 'NONE', #525, 9.000000000000014211 ) ;
#492 = EDGE_CURVE ( 'NONE', #950, #164, #258, .T. ) ;
#493 = DIRECTION ( 'NONE',  ( 0.000000000000000000, 0.000000000000000000, -1.000000000000000000 ) ) ;
#494 = VERTEX_POINT ( 'NONE', #61 ) ;
#495 = CYLINDRICAL_SURFACE ( 'NONE', #2291, 2.000000000000001776 ) ;
#496 = FACE_BOUND ( 'NONE', #712, .T. ) ;
#497 = DIRECTION ( 'NONE',  ( -0.000000000000000000, 1.000000000000000000, -0.000000000000000000 ) ) ;
#498 = ORIENTED_EDGE ( 'NONE', *, *, #1165, .F. ) ;
#499 = DIRECTION ( 'NONE',  ( -0.000000000000000000, -1.000000000000000000, -0.000000000000000000 ) ) ;
#500 = CYLINDRICAL_SURFACE ( 'NONE', #2394, 1.600000000000004086 ) ;
#501 = VERTEX_POINT ( 'NONE', #453 ) ;
#502 = FACE_OUTER_BOUND ( 'NONE', #760, .T. ) ;
#503 = DIRECTION ( 'NONE',  ( 0.000000000000000000, 0.000000000000000000, 1.000000000000000000 ) ) ;
#504 = ORIENTED_EDGE ( 'NONE', *, *, #1785, .T. ) ;
#505 = DIRECTION ( 'NONE',  ( 0.000000000000000000, 1.000000000000000000, -0.000000000000000000 ) ) ;
#506 = EDGE_CURVE ( 'NONE', #1809, #2614, #1907, .T. ) ;
#507 = EDGE_CURVE ( 'NONE', #2176, #2228, #1703, .T. ) ;
#508 = FACE_OUTER_BOUND ( 'NONE', #2343, .T. ) ;
#509 = CYLINDRICAL_SURFACE ( 'NONE', #793, 20.49999999999998934 ) ;
#510 = EDGE_CURVE ( 'NONE', #1560, #1776, #1301, .T. ) ;
#511 = ORIENTED_EDGE ( 'NONE', *, *, #372, .F. ) ;
#512 = DIRECTION ( 'NONE',  ( 0.000000000000000000, 0.000000000000000000, 1.000000000000000000 ) ) ;
#513 = DIRECTION ( 'NONE',  ( 0.000000000000000000, -0.000000000000000000, 1.000000000000000000 ) ) ;
#514 = EDGE_LOOP ( 'NONE', ( #2446, #1282, #943 ) ) ;
#515 = CARTESIAN_POINT ( 'NONE',  ( 6.000000000000023981, 6.000000000000005329, 97.00000000000002842 ) ) ;
#516 = LINE ( 'NONE', #1109, #401 ) ;
#517 = EDGE_LOOP ( 'NONE', ( #1636, #473, #1464, #1533 ) ) ;
#518 = LINE ( 'NONE', #2586, #695 ) ;
#519 = EDGE_CURVE ( 'NONE', #1560, #910, #2387, .T. ) ;
#520 = DIRECTION ( 'NONE',  ( 0.000000000000000000, 1.000000000000000000, 0.000000000000000000 ) ) ;
#521 = CIRCLE ( 'NONE', #1011, 1.599999999999990319 ) ;
#522 = AXIS2_PLACEMENT_3D ( 'NONE', #627, #2663, #1851 ) ;
#523 = ORIENTED_EDGE ( 'NONE', *, *, #1527, .T. ) ;
#524 = DIRECTION ( 'NONE',  ( 1.445602896647338917E-16, 0.000000000000000000, 1.000000000000000000 ) ) ;
#525 = AXIS2_PLACEMENT_3D ( 'NONE', #1984, #1316, #1965 ) ;
#526 = DIRECTION ( 'NONE',  ( -1.000000000000000000, -0.000000000000000000, -0.000000000000000000 ) ) ;
#527 = EDGE_LOOP ( 'NONE', ( #1247, #2544 ) ) ;
#528 = VECTOR ( 'NONE', #2349, 1000.000000000000000 ) ;
#529 = AXIS2_PLACEMENT_3D ( 'NONE', #602, #1431, #2260 ) ;
#530 = VECTOR ( 'NONE', #1722, 1000.000000000000000 ) ;
#531 = CIRCLE ( 'NONE', #1478, 9.000000000000001776 ) ;
#532 = LINE ( 'NONE', #2575, #2249 ) ;
#533 = EDGE_LOOP ( 'NONE', ( #300, #2156, #1780, #1620 ) ) ;
#534 = DIRECTION ( 'NONE',  ( 0.000000000000000000, 0.000000000000000000, -1.000000000000000000 ) ) ;
#535 = EDGE_CURVE ( 'NONE', #1880, #2576, #482, .T. ) ;
#536 = ORIENTED_EDGE ( 'NONE', *, *, #1412, .T. ) ;
#537 = CARTESIAN_POINT ( 'NONE',  ( 6.000000000000023981, 199.0000000000001137, 97.00000000000002842 ) ) ;
#538 = DIRECTION ( 'NONE',  ( -0.000000000000000000, -1.000000000000000000, -0.000000000000000000 ) ) ;
#539 = VERTEX_POINT ( 'NONE', #951 ) ;
#540 = LINE ( 'NONE', #1724, #2203 ) ;
#541 = APPROVAL ( #1828, 'æœª' ) ;
#542 = PLANE ( 'NONE',  #1221 ) ;
#543 = EDGE_LOOP ( 'NONE', ( #254, #788, #2642, #1208 ) ) ;
#544 = CARTESIAN_POINT ( 'NONE',  ( 77.00000000000009948, 179.0000000000000000, -101.5009999999999764 ) ) ;
#545 = ORIENTED_EDGE ( 'NONE', *, *, #92, .F. ) ;
#546 = DIRECTION ( 'NONE',  ( 0.000000000000000000, 0.000000000000000000, 1.000000000000000000 ) ) ;
#547 = CARTESIAN_POINT ( 'NONE',  ( -189.9999999999999432, 199.0000000000000000, -78.49999999999998579 ) ) ;
#548 = ADVANCED_FACE ( 'NONE', ( #941 ), #491, .F. ) ;
#549 = ORIENTED_EDGE ( 'NONE', *, *, #1671, .F. ) ;
#550 = DIRECTION ( 'NONE',  ( -0.000000000000000000, -0.000000000000000000, 1.000000000000000000 ) ) ;
#551 = DIRECTION ( 'NONE',  ( -0.000000000000000000, -0.000000000000000000, 1.000000000000000000 ) ) ;
#552 = ORIENTED_EDGE ( 'NONE', *, *, #2393, .F. ) ;
#553 = DIRECTION ( 'NONE',  ( -0.000000000000000000, -1.000000000000000000, -0.000000000000000000 ) ) ;
#554 = CARTESIAN_POINT ( 'NONE',  ( -187.5000000000000568, 4.000000000000003553, -78.49999999999982947 ) ) ;
#555 = CARTESIAN_POINT ( 'NONE',  ( 6.000000000000032863, 4.000000000000003553, 78.50000000000000000 ) ) ;
#556 = ORIENTED_EDGE ( 'NONE', *, *, #971, .F. ) ;
#557 = AXIS2_PLACEMENT_3D ( 'NONE', #2406, #1988, #357 ) ;
#558 = DIRECTION ( 'NONE',  ( 0.000000000000000000, 0.000000000000000000, -1.000000000000000000 ) ) ;
#559 = AXIS2_PLACEMENT_3D ( 'NONE', #395, #1187, #980 ) ;
#560 = ORIENTED_EDGE ( 'NONE', *, *, #1249, .F. ) ;
#561 = DIRECTION ( 'NONE',  ( -1.000000000000000000, 0.000000000000000000, 0.000000000000000000 ) ) ;
#562 = CIRCLE ( 'NONE', #2202, 22.99999999999999289 ) ;
#563 = AXIS2_PLACEMENT_3D ( 'NONE', #1339, #710, #1947 ) ;
#564 = EDGE_CURVE ( 'NONE', #1305, #2398, #443, .T. ) ;
#565 = CARTESIAN_POINT ( 'NONE',  ( -2.000000000000003109, 169.0000000000000000, -74.99999999999994316 ) ) ;
#566 = CIRCLE ( 'NONE', #1813, 2.500000000000002220 ) ;
#567 = AXIS2_PLACEMENT_3D ( 'NONE', #2541, #2174, #1522 ) ;
#568 = ORIENTED_EDGE ( 'NONE', *, *, #871, .F. ) ;
#569 = CYLINDRICAL_SURFACE ( 'NONE', #1508, 9.000000000000007105 ) ;
#570 = AXIS2_PLACEMENT_3D ( 'NONE', #132, #958, #1831 ) ;
#571 = CARTESIAN_POINT ( 'NONE',  ( 148.6000000000001364, 143.9999999999997158, 101.5000000000000284 ) ) ;
#572 = PERSON_AND_ORGANIZATION_ROLE ( 'design_supplier' ) ;
#573 = ORIENTED_EDGE ( 'NONE', *, *, #636, .T. ) ;
#574 = ADVANCED_FACE ( 'NONE', ( #502 ), #1159, .F. ) ;
#575 = DIRECTION ( 'NONE',  ( 1.000000000000000000, 0.000000000000000000, 0.000000000000000000 ) ) ;
#576 = CARTESIAN_POINT ( 'NONE',  ( 113.5999999999997101, 109.0000000000000142, 99.00000000000002842 ) ) ;
#577 = ORIENTED_EDGE ( 'NONE', *, *, #1707, .T. ) ;
#578 = DIRECTION ( 'NONE',  ( 0.000000000000000000, 0.000000000000000000, 1.000000000000000000 ) ) ;
#579 = EDGE_CURVE ( 'NONE', #2060, #2635, #2583, .T. ) ;
#580 = CARTESIAN_POINT ( 'NONE',  ( 101.5000000000000853, 42.50000000000000000, 99.00000000000002842 ) ) ;
#581 = ORIENTED_EDGE ( 'NONE', *, *, #768, .T. ) ;
#582 = DIRECTION ( 'NONE',  ( 0.000000000000000000, 1.000000000000000000, 0.000000000000000000 ) ) ;
#583 = CARTESIAN_POINT ( 'NONE',  ( 148.6000000000001364, 143.9999999999997158, -101.5009999999999764 ) ) ;
#584 = EDGE_CURVE ( 'NONE', #1081, #1338, #1597, .T. ) ;
#585 = ORIENTED_EDGE ( 'NONE', *, *, #871, .T. ) ;
#586 = EDGE_CURVE ( 'NONE', #979, #1805, #2372, .T. ) ;
#587 = DIRECTION ( 'NONE',  ( 1.000000000000000000, 0.000000000000000000, -1.226572154731075579E-16 ) ) ;
#588 = CARTESIAN_POINT ( 'NONE',  ( 147.0000000000001421, 143.9999999999997158, 99.00000000000002842 ) ) ;
#589 = ORIENTED_EDGE ( 'NONE', *, *, #79, .F. ) ;
#590 = CARTESIAN_POINT ( 'NONE',  ( 153.5000000000000853, 42.50000000000000000, 101.5000000000000284 ) ) ;
#591 = DIRECTION ( 'NONE',  ( -0.000000000000000000, -0.000000000000000000, -1.000000000000000000 ) ) ;
#592 = ORIENTED_EDGE ( 'NONE', *, *, #815, .T. ) ;
#593 = DIRECTION ( 'NONE',  ( 1.000000000000000000, 0.000000000000000000, 0.000000000000000000 ) ) ;
#594 = ADVANCED_FACE ( 'NONE', ( #1328 ), #2639, .T. ) ;
#595 = DIRECTION ( 'NONE',  ( -8.673617379884027583E-16, 0.000000000000000000, 1.000000000000000000 ) ) ;
#596 = APPROVAL_ROLE ( '' ) ;
#597 = VERTEX_POINT ( 'NONE', #340 ) ;
#598 = ADVANCED_FACE ( 'NONE', ( #2149 ), #2609, .F. ) ;
#599 = CARTESIAN_POINT ( 'NONE',  ( 187.4999999999999432, 169.0000000000000000, -53.50000000000000000 ) ) ;
#600 = FACE_OUTER_BOUND ( 'NONE', #1536, .T. ) ;
#601 = EDGE_LOOP ( 'NONE', ( #2091, #2308, #388, #400 ) ) ;
#602 = CARTESIAN_POINT ( 'NONE',  ( 190.0000000000000568, 169.0000000000000000, -53.50000000000000000 ) ) ;
#603 = DIRECTION ( 'NONE',  ( 0.000000000000000000, -1.000000000000000000, -0.000000000000000000 ) ) ;
#604 = EDGE_LOOP ( 'NONE', ( #1066, #2481, #2508, #638 ) ) ;
#605 = TOROIDAL_SURFACE ( 'NONE', #52, 11.00000000000000000, 2.000000000000000000 ) ;
#606 = VECTOR ( 'NONE', #1633, 1000.000000000000000 ) ;
#607 = LINE ( 'NONE', #1593, #1859 ) ;
#608 = VECTOR ( 'NONE', #1484, 1000.000000000000000 ) ;
#609 = AXIS2_PLACEMENT_3D ( 'NONE', #1131, #1548, #102 ) ;
#610 = FACE_BOUND ( 'NONE', #2083, .T. ) ;
#611 = ORIENTED_EDGE ( 'NONE', *, *, #223, .T. ) ;
#612 = ORIENTED_EDGE ( 'NONE', *, *, #393, .T. ) ;
#613 = AXIS2_PLACEMENT_3D ( 'NONE', #210, #1878, #39 ) ;
#614 = AXIS2_PLACEMENT_3D ( 'NONE', #537, #1164, #512 ) ;
#615 = VECTOR ( 'NONE', #897, 1000.000000000000000 ) ;
#616 = CIRCLE ( 'NONE', #1778, 10.99999999999999645 ) ;
#617 = EDGE_CURVE ( 'NONE', #1027, #685, #2594, .T. ) ;
#618 = DIRECTION ( 'NONE',  ( -3.535742116640631056E-16, 0.000000000000000000, -1.000000000000000000 ) ) ;
#619 = CARTESIAN_POINT ( 'NONE',  ( 151.0000000000000853, 42.50000000000000000, -101.5009999999999764 ) ) ;
#620 = ORIENTED_EDGE ( 'NONE', *, *, #2403, .F. ) ;
#621 = ADVANCED_FACE ( 'NONE', ( #749, #318 ), #761, .F. ) ;
#622 = APPLICATION_CONTEXT ( 'configuration controlled 3d designs of mechanical parts and assemblies' ) ;
#623 = CARTESIAN_POINT ( 'NONE',  ( 167.0000000000000000, 6.000000000000003553, 78.50000000000004263 ) ) ;
#624 = CARTESIAN_POINT ( 'NONE',  ( 190.0000000000000568, 199.0000000000000000, -78.49999999999998579 ) ) ;
#625 = ORIENTED_EDGE ( 'NONE', *, *, #926, .T. ) ;
#626 = ADVANCED_FACE ( 'NONE', ( #2346 ), #301, .F. ) ;
#627 = CARTESIAN_POINT ( 'NONE',  ( 77.00000000000011369, 109.0000000000000000, 99.00000000000002842 ) ) ;
#628 = CARTESIAN_POINT ( 'NONE',  ( 151.0000000000000853, 42.50000000000000000, 99.00000000000002842 ) ) ;
#629 = PERSON_AND_ORGANIZATION_ROLE ( 'creator' ) ;
#630 = ORIENTED_EDGE ( 'NONE', *, *, #2354, .T. ) ;
#631 = ORIENTED_EDGE ( 'NONE', *, *, #1361, .F. ) ;
#632 = LINE ( 'NONE', #1679, #1269 ) ;
#633 = CARTESIAN_POINT ( 'NONE',  ( 96.50000000000008527, 42.50000000000000000, 99.00000000000002842 ) ) ;
#634 = EDGE_LOOP ( 'NONE', ( #2608, #936, #1485, #436, #151, #1117, #1913, #439 ) ) ;
#635 = CYLINDRICAL_SURFACE ( 'NONE', #17, 2.000000000000001776 ) ;
#636 = EDGE_CURVE ( 'NONE', #2148, #2635, #1993, .T. ) ;
#637 = DIRECTION ( 'NONE',  ( 0.000000000000000000, 0.000000000000000000, 1.000000000000000000 ) ) ;
#638 = ORIENTED_EDGE ( 'NONE', *, *, #1169, .T. ) ;
#639 = DIRECTION ( 'NONE',  ( 1.000000000000000000, 0.000000000000000000, 0.000000000000000000 ) ) ;
#640 = DIRECTION ( 'NONE',  ( 0.000000000000000000, -0.000000000000000000, -1.000000000000000000 ) ) ;
#641 = ORIENTED_EDGE ( 'NONE', *, *, #1139, .F. ) ;
#642 = DIRECTION ( 'NONE',  ( -0.000000000000000000, 1.000000000000000000, -0.000000000000000000 ) ) ;
#643 = DIRECTION ( 'NONE',  ( 0.000000000000000000, -0.000000000000000000, -1.000000000000000000 ) ) ;
#644 = DIRECTION ( 'NONE',  ( 0.000000000000000000, -0.000000000000000000, 1.000000000000000000 ) ) ;
#645 = ORIENTED_EDGE ( 'NONE', *, *, #1112, .F. ) ;
#646 = DIRECTION ( 'NONE',  ( -1.000000000000000000, 0.000000000000000000, 0.000000000000000000 ) ) ;
#647 = DIRECTION ( 'NONE',  ( 1.000000000000000000, 0.000000000000000000, 0.000000000000000000 ) ) ;
#648 = EDGE_CURVE ( 'NONE', #1925, #1081, #960, .T. ) ;
#649 = ORIENTED_EDGE ( 'NONE', *, *, #535, .T. ) ;
#650 = CARTESIAN_POINT ( 'NONE',  ( 185.5000000000000284, 4.000000000000003553, 78.49999999999990052 ) ) ;
#651 = EDGE_CURVE ( 'NONE', #1654, #1474, #540, .T. ) ;
#652 = CIRCLE ( 'NONE', #1857, 2.000000000000001776 ) ;
#653 = CARTESIAN_POINT ( 'NONE',  ( 78.50000000000005684, 64.00000000000000000, 101.5010000000000332 ) ) ;
#654 = VERTEX_POINT ( 'NONE', #2187 ) ;
#655 = EDGE_CURVE ( 'NONE', #995, #1081, #2561, .T. ) ;
#656 = DIRECTION ( 'NONE',  ( -6.938893903907228378E-15, -0.000000000000000000, -1.000000000000000000 ) ) ;
#657 = AXIS2_PLACEMENT_3D ( 'NONE', #1012, #1228, #2221 ) ;
#658 = AXIS2_PLACEMENT_3D ( 'NONE', #1107, #1975, #1121 ) ;
#659 = VECTOR ( 'NONE', #2570, 1000.000000000000000 ) ;
#660 = CARTESIAN_POINT ( 'NONE',  ( 78.50000000000005684, 119.0000000000000142, -98.99999999999997158 ) ) ;
#661 = VECTOR ( 'NONE', #526, 1000.000000000000000 ) ;
#662 = VECTOR ( 'NONE', #1938, 1000.000000000000000 ) ;
#663 = CARTESIAN_POINT ( 'NONE',  ( 112.0000000000002132, 179.0000000000000284, 101.5000000000000284 ) ) ;
#664 = ORIENTED_EDGE ( 'NONE', *, *, #440, .T. ) ;
#665 = APPROVAL_PERSON_ORGANIZATION ( #1013, #541, #2626 ) ;
#666 = CARTESIAN_POINT ( 'NONE',  ( 187.4999999999999432, 169.0000000000000000, -44.49999999999999289 ) ) ;
#667 = FACE_OUTER_BOUND ( 'NONE', #1802, .T. ) ;
#668 = EDGE_LOOP ( 'NONE', ( #2179, #2021 ) ) ;
#669 = CARTESIAN_POINT ( 'NONE',  ( 2.000000000000000444, 169.0000000000000000, -72.99999999999994316 ) ) ;
#670 = ADVANCED_FACE ( 'NONE', ( #201 ), #1217, .F. ) ;
#671 = LINE ( 'NONE', #1487, #2117 ) ;
#672 = EDGE_LOOP ( 'NONE', ( #1737, #1355, #378 ) ) ;
#673 = EDGE_CURVE ( 'NONE', #494, #2493, #921, .T. ) ;
#674 = ORIENTED_EDGE ( 'NONE', *, *, #1939, .F. ) ;
#675 = EDGE_CURVE ( 'NONE', #1964, #1749, #830, .T. ) ;
#676 = CARTESIAN_POINT ( 'NONE',  ( -166.9999999999999432, 199.0000000000000000, -101.4999999999999858 ) ) ;
#677 = DIRECTION ( 'NONE',  ( 1.000000000000000000, 0.000000000000000000, 0.000000000000000000 ) ) ;
#678 = EDGE_LOOP ( 'NONE', ( #1502, #350, #176, #2433 ) ) ;
#679 = DIRECTION ( 'NONE',  ( 0.000000000000000000, 0.000000000000000000, -1.000000000000000000 ) ) ;
#680 = PLANE ( 'NONE',  #1226 ) ;
#681 = ORIENTED_EDGE ( 'NONE', *, *, #190, .T. ) ;
#682 = PLANE ( 'NONE',  #1810 ) ;
#683 = CARTESIAN_POINT ( 'NONE',  ( 167.0000000000000853, 199.0000000000000000, 78.50000000000004263 ) ) ;
#684 = ORIENTED_EDGE ( 'NONE', *, *, #2049, .F. ) ;
#685 = VERTEX_POINT ( 'NONE', #2422 ) ;
#686 = DIRECTION ( 'NONE',  ( -1.000000000000000000, 0.000000000000000000, 0.000000000000000000 ) ) ;
#687 = EDGE_CURVE ( 'NONE', #1629, #276, #1803, .T. ) ;
#688 = CARTESIAN_POINT ( 'NONE',  ( 2.000000000000003109, 169.0000000000000000, -54.99999999999994316 ) ) ;
#689 = ORIENTED_EDGE ( 'NONE', *, *, #1317, .T. ) ;
#690 = DIRECTION ( 'NONE',  ( 1.000000000000000000, 0.000000000000000000, 0.000000000000000000 ) ) ;
#691 = ORIENTED_EDGE ( 'NONE', *, *, #2536, .F. ) ;
#692 = CYLINDRICAL_SURFACE ( 'NONE', #53, 22.99999999999999289 ) ;
#693 = CYLINDRICAL_SURFACE ( 'NONE', #1910, 8.999999999999994671 ) ;
#694 = ORIENTED_EDGE ( 'NONE', *, *, #1020, .F. ) ;
#695 = VECTOR ( 'NONE', #334, 1000.000000000000000 ) ;
#696 = CARTESIAN_POINT ( 'NONE',  ( 145.4000000000001194, 143.9999999999997158, 99.00000000000002842 ) ) ;
#697 = AXIS2_PLACEMENT_3D ( 'NONE', #1497, #1923, #1050 ) ;
#698 = AXIS2_PLACEMENT_3D ( 'NONE', #136, #1753, #289 ) ;
#699 = CARTESIAN_POINT ( 'NONE',  ( -166.9999999999999432, 199.0000000000000000, -101.4999999999999858 ) ) ;
#700 = AXIS2_PLACEMENT_3D ( 'NONE', #2162, #321, #1150 ) ;
#701 = AXIS2_PLACEMENT_3D ( 'NONE', #1750, #1760, #729 ) ;
#702 = DIRECTION ( 'NONE',  ( 0.000000000000000000, 1.000000000000000000, 0.000000000000000000 ) ) ;
#703 = VERTEX_POINT ( 'NONE', #1395 ) ;
#704 = DIRECTION ( 'NONE',  ( -0.000000000000000000, -0.000000000000000000, 1.000000000000000000 ) ) ;
#705 = VECTOR ( 'NONE', #1030, 1000.000000000000000 ) ;
#706 = VECTOR ( 'NONE', #2031, 1000.000000000000000 ) ;
#707 = CARTESIAN_POINT ( 'NONE',  ( 77.00000000000009948, 144.0000000000000284, -101.5009999999999764 ) ) ;
#708 = ADVANCED_FACE ( 'NONE', ( #1819 ), #351, .F. ) ;
#709 = ORIENTED_EDGE ( 'NONE', *, *, #926, .F. ) ;
#710 = DIRECTION ( 'NONE',  ( -0.000000000000000000, -0.000000000000000000, 1.000000000000000000 ) ) ;
#711 = CARTESIAN_POINT ( 'NONE',  ( -6.000000000000000000, 6.000000000000003553, -96.99999999999997158 ) ) ;
#712 = EDGE_LOOP ( 'NONE', ( #817, #2110 ) ) ;
#713 = DIRECTION ( 'NONE',  ( -1.000000000000000000, 0.000000000000000000, 0.000000000000000000 ) ) ;
#714 = LINE ( 'NONE', #121, #1057 ) ;
#715 = CARTESIAN_POINT ( 'NONE',  ( -187.5000000000000568, 199.0000000000000000, -78.49999999999982947 ) ) ;
#716 = ORIENTED_EDGE ( 'NONE', *, *, #2017, .F. ) ;
#717 = LINE ( 'NONE', #2182, #272 ) ;
#718 = ADVANCED_FACE ( 'NONE', ( #1194 ), #1184, .F. ) ;
#719 = CARTESIAN_POINT ( 'NONE',  ( 111.9999999999997442, 109.0000000000000142, 99.00000000000002842 ) ) ;
#720 = ORIENTED_EDGE ( 'NONE', *, *, #1830, .T. ) ;
#721 = DIRECTION ( 'NONE',  ( -1.000000000000000000, 0.000000000000000000, 0.000000000000000000 ) ) ;
#722 = EDGE_CURVE ( 'NONE', #333, #539, #1206, .T. ) ;
#723 = EDGE_CURVE ( 'NONE', #2523, #1048, #1511, .T. ) ;
#724 = CYLINDRICAL_SURFACE ( 'NONE', #1218, 22.99999999999999289 ) ;
#725 = ORIENTED_EDGE ( 'NONE', *, *, #1400, .F. ) ;
#726 = LINE ( 'NONE', #2612, #1639 ) ;
#727 = LINE ( 'NONE', #1310, #2029 ) ;
#728 = ORIENTED_EDGE ( 'NONE', *, *, #79, .T. ) ;
#729 = DIRECTION ( 'NONE',  ( 1.000000000000000000, 0.000000000000000000, 0.000000000000000000 ) ) ;
#730 = DIRECTION ( 'NONE',  ( -0.000000000000000000, -0.000000000000000000, 1.000000000000000000 ) ) ;
#731 = ORIENTED_EDGE ( 'NONE', *, *, #507, .F. ) ;
#732 = DIRECTION ( 'NONE',  ( 1.000000000000000000, -1.387778780781445518E-14, 1.387778780781444256E-14 ) ) ;
#733 = LINE ( 'NONE', #1755, #1468 ) ;
#734 = VERTEX_POINT ( 'NONE', #590 ) ;
#735 = EDGE_CURVE ( 'NONE', #1805, #1167, #1137, .T. ) ;
#736 = DIRECTION ( 'NONE',  ( 0.000000000000000000, -1.000000000000000000, 0.000000000000000000 ) ) ;
#737 = DIRECTION ( 'NONE',  ( -0.000000000000000000, -0.000000000000000000, 1.000000000000000000 ) ) ;
#738 = CIRCLE ( 'NONE', #347, 9.000000000000014211 ) ;
#739 = AXIS2_PLACEMENT_3D ( 'NONE', #364, #1799, #776 ) ;
#740 = EDGE_CURVE ( 'NONE', #2598, #429, #1590, .T. ) ;
#741 = ORIENTED_EDGE ( 'NONE', *, *, #1169, .F. ) ;
#742 = CARTESIAN_POINT ( 'NONE',  ( 147.0000000000001421, 109.0000000000000711, -101.5009999999999764 ) ) ;
#743 = AXIS2_PLACEMENT_3D ( 'NONE', #2431, #1382, #166 ) ;
#744 = VECTOR ( 'NONE', #1908, 1000.000000000000000 ) ;
#745 = CARTESIAN_POINT ( 'NONE',  ( 167.0000000000000568, 199.0000000000000000, -101.4999999999999858 ) ) ;
#746 = ORIENTED_EDGE ( 'NONE', *, *, #1926, .F. ) ;
#747 = CIRCLE ( 'NONE', #2032, 1.599999999999976552 ) ;
#748 = AXIS2_PLACEMENT_3D ( 'NONE', #1739, #1336, #2157 ) ;
#749 = FACE_BOUND ( 'NONE', #2662, .T. ) ;
#750 = CIRCLE ( 'NONE', #1562, 2.500000000000002220 ) ;
#751 = AXIS2_PLACEMENT_3D ( 'NONE', #1615, #186, #348 ) ;
#752 = DIRECTION ( 'NONE',  ( 1.000000000000000000, 0.000000000000000000, 0.000000000000000000 ) ) ;
#753 = EDGE_LOOP ( 'NONE', ( #1369, #1960, #1482, #731 ) ) ;
#754 = DIRECTION ( 'NONE',  ( -0.000000000000000000, -0.000000000000000000, 1.000000000000000000 ) ) ;
#755 = VECTOR ( 'NONE', #1708, 1000.000000000000000 ) ;
#756 = EDGE_CURVE ( 'NONE', #297, #343, #1052, .T. ) ;
#757 = ORIENTED_EDGE ( 'NONE', *, *, #159, .F. ) ;
#758 = DIRECTION ( 'NONE',  ( 0.000000000000000000, 0.000000000000000000, -1.000000000000000000 ) ) ;
#759 = LINE ( 'NONE', #780, #2169 ) ;
#760 = EDGE_LOOP ( 'NONE', ( #792, #2442, #962, #973 ) ) ;
#761 = PLANE ( 'NONE',  #1951 ) ;
#762 = DIRECTION ( 'NONE',  ( -0.000000000000000000, -0.000000000000000000, 1.000000000000000000 ) ) ;
#763 = VERTEX_POINT ( 'NONE', #2022 ) ;
#764 = FACE_OUTER_BOUND ( 'NONE', #1094, .T. ) ;
#765 = CARTESIAN_POINT ( 'NONE',  ( 101.5000000000000853, 42.50000000000000000, 101.5000000000000284 ) ) ;
#766 = DIRECTION ( 'NONE',  ( -0.000000000000000000, 1.000000000000000000, -0.000000000000000000 ) ) ;
#767 = ORIENTED_EDGE ( 'NONE', *, *, #2268, .T. ) ;
#768 = EDGE_CURVE ( 'NONE', #2461, #987, #1994, .T. ) ;
#769 = FACE_BOUND ( 'NONE', #1252, .T. ) ;
#770 = DIRECTION ( 'NONE',  ( 1.000000000000000000, 0.000000000000000000, 0.000000000000000000 ) ) ;
#771 = ORIENTED_EDGE ( 'NONE', *, *, #2602, .T. ) ;
#772 = CARTESIAN_POINT ( 'NONE',  ( 148.6000000000001080, 109.0000000000000711, -101.5009999999999764 ) ) ;
#773 = DIRECTION ( 'NONE',  ( 0.000000000000000000, 0.000000000000000000, 1.000000000000000000 ) ) ;
#774 = VERTEX_POINT ( 'NONE', #2649 ) ;
#775 = CARTESIAN_POINT ( 'NONE',  ( 155.0000000000000568, 119.0000000000000142, 101.5010000000000332 ) ) ;
#776 = DIRECTION ( 'NONE',  ( -1.000000000000000000, 0.000000000000000000, 0.000000000000000000 ) ) ;
#777 = ORIENTED_EDGE ( 'NONE', *, *, #1202, .T. ) ;
#778 = FACE_OUTER_BOUND ( 'NONE', #2558, .T. ) ;
#779 = AXIS2_PLACEMENT_3D ( 'NONE', #813, #1609, #2220 ) ;
#780 = CARTESIAN_POINT ( 'NONE',  ( -5.999999999999977796, 4.000000000000003553, 78.50000000000001421 ) ) ;
#781 = ORIENTED_EDGE ( 'NONE', *, *, #76, .F. ) ;
#782 = CARTESIAN_POINT ( 'NONE',  ( -167.0000000000000568, 199.0000000000000000, 78.50000000000002842 ) ) ;
#783 = CIRCLE ( 'NONE', #2074, 2.500000000000002220 ) ;
#784 = AXIS2_PLACEMENT_3D ( 'NONE', #1999, #379, #1407 ) ;
#785 = ADVANCED_FACE ( 'NONE', ( #798 ), #189, .T. ) ;
#786 = DIRECTION ( 'NONE',  ( -0.000000000000000000, -0.000000000000000000, -1.000000000000000000 ) ) ;
#787 = VECTOR ( 'NONE', #56, 1000.000000000000000 ) ;
#788 = ORIENTED_EDGE ( 'NONE', *, *, #1373, .T. ) ;
#789 = CARTESIAN_POINT ( 'NONE',  ( 75.40000000000010516, 109.0000000000000000, 101.5000000000000284 ) ) ;
#790 = VECTOR ( 'NONE', #1029, 1000.000000000000000 ) ;
#791 = DIRECTION ( 'NONE',  ( -0.000000000000000000, 1.000000000000000000, -0.000000000000000000 ) ) ;
#792 = ORIENTED_EDGE ( 'NONE', *, *, #327, .T. ) ;
#793 = AXIS2_PLACEMENT_3D ( 'NONE', #1901, #766, #54 ) ;
#794 = EDGE_CURVE ( 'NONE', #1930, #2024, #317, .T. ) ;
#795 = LINE ( 'NONE', #1388, #1916 ) ;
#796 = DIRECTION ( 'NONE',  ( -1.000000000000000000, 0.000000000000000000, 0.000000000000000000 ) ) ;
#797 = ORIENTED_EDGE ( 'NONE', *, *, #1503, .T. ) ;
#798 = FACE_OUTER_BOUND ( 'NONE', #1375, .T. ) ;
#799 = EDGE_CURVE ( 'NONE', #1392, #2378, #1648, .T. ) ;
#800 = DIRECTION ( 'NONE',  ( 0.000000000000000000, 0.000000000000000000, -1.000000000000000000 ) ) ;
#801 = EDGE_LOOP ( 'NONE', ( #363, #2319 ) ) ;
#802 = DIRECTION ( 'NONE',  ( -0.000000000000000000, -0.000000000000000000, -1.000000000000000000 ) ) ;
#803 = EDGE_CURVE ( 'NONE', #262, #1749, #1848, .T. ) ;
#804 = DIRECTION ( 'NONE',  ( 1.000000000000000000, 0.000000000000000000, 0.000000000000000000 ) ) ;
#805 = CALENDAR_DATE ( 2026, 27, 2 ) ;
#806 = ORIENTED_EDGE ( 'NONE', *, *, #1348, .T. ) ;
#807 = SPHERICAL_SURFACE ( 'NONE', #751, 2.000000000000000000 ) ;
#808 = CARTESIAN_POINT ( 'NONE',  ( -189.9999999999999147, 199.0000000000000000, 78.50000000000004263 ) ) ;
#809 = ORIENTED_EDGE ( 'NONE', *, *, #2342, .T. ) ;
#810 = DIRECTION ( 'NONE',  ( 0.000000000000000000, -0.000000000000000000, -1.000000000000000000 ) ) ;
#811 = CARTESIAN_POINT ( 'NONE',  ( 6.000000000000023981, 4.000000000000003553, 97.00000000000002842 ) ) ;
#812 = VERTEX_POINT ( 'NONE', #1483 ) ;
#813 = CARTESIAN_POINT ( 'NONE',  ( 77.00000000000009948, 179.0000000000000000, 99.00000000000002842 ) ) ;
#814 = DIRECTION ( 'NONE',  ( -3.535742116640631056E-16, 0.000000000000000000, -1.000000000000000000 ) ) ;
#815 = EDGE_CURVE ( 'NONE', #1001, #3, #402, .T. ) ;
#816 = ORIENTED_EDGE ( 'NONE', *, *, #1688, .F. ) ;
#817 = ORIENTED_EDGE ( 'NONE', *, *, #735, .F. ) ;
#818 = ADVANCED_FACE ( 'NONE', ( #2529 ), #2560, .F. ) ;
#819 = LINE ( 'NONE', #1071, #2303 ) ;
#820 = APPROVAL ( #82, 'æœª' ) ;
#821 = DIRECTION ( 'NONE',  ( 0.000000000000000000, 0.000000000000000000, 1.000000000000000000 ) ) ;
#822 = ORIENTED_EDGE ( 'NONE', *, *, #308, .T. ) ;
#823 = CIRCLE ( 'NONE', #1174, 2.000000000000001776 ) ;
#824 = CARTESIAN_POINT ( 'NONE',  ( 99.00000000000008527, 42.50000000000000000, 101.5000000000000284 ) ) ;
#825 = ORIENTED_EDGE ( 'NONE', *, *, #2630, .T. ) ;
#826 = AXIS2_PLACEMENT_3D ( 'NONE', #1918, #1126, #2549 ) ;
#827 = VECTOR ( 'NONE', #2412, 1000.000000000000000 ) ;
#828 = CARTESIAN_POINT ( 'NONE',  ( -190.0010000000000332, 169.0000000000000000, -53.49999999999992895 ) ) ;
#829 = AXIS2_PLACEMENT_3D ( 'NONE', #202, #423, #867 ) ;
#830 = CIRCLE ( 'NONE', #2345, 2.000000000000001776 ) ;
#831 = CARTESIAN_POINT ( 'NONE',  ( 147.0000000000001137, 179.0000000000000284, 99.00000000000002842 ) ) ;
#832 = DATE_TIME_ROLE ( 'creation_date' ) ;
#833 = VERTEX_POINT ( 'NONE', #1445 ) ;
#834 = VERTEX_POINT ( 'NONE', #2078 ) ;
#835 = CIRCLE ( 'NONE', #2644, 1.599999999999990319 ) ;
#836 = AXIS2_PLACEMENT_3D ( 'NONE', #899, #1351, #123 ) ;
#837 = ORGANIZATION ( 'æœª', 'æœª', '' ) ;
#838 = CARTESIAN_POINT ( 'NONE',  ( 6.000000000000023981, 6.000000000000003553, 97.00000000000002842 ) ) ;
#839 = ADVANCED_FACE ( 'NONE', ( #1903 ), #2272, .F. ) ;
#840 = CARTESIAN_POINT ( 'NONE',  ( 78.60000000000010800, 109.0000000000000000, 99.00000000000002842 ) ) ;
#841 = ORIENTED_EDGE ( 'NONE', *, *, #1036, .T. ) ;
#842 = CARTESIAN_POINT ( 'NONE',  ( 80.50000000000005684, 64.00000000000000000, 101.5010000000000332 ) ) ;
#843 = ADVANCED_FACE ( 'NONE', ( #1892 ), #635, .F. ) ;
#844 = CARTESIAN_POINT ( 'NONE',  ( -166.9999999999998863, 6.000000000000003553, -98.99999999999997158 ) ) ;
#845 = EDGE_LOOP ( 'NONE', ( #2401, #1905 ) ) ;
#846 = DIRECTION ( 'NONE',  ( 0.000000000000000000, 0.000000000000000000, 1.000000000000000000 ) ) ;
#847 = FACE_BOUND ( 'NONE', #853, .T. ) ;
#848 = ORIENTED_EDGE ( 'NONE', *, *, #33, .F. ) ;
#849 = ORIENTED_EDGE ( 'NONE', *, *, #2587, .F. ) ;
#850 = DIRECTION ( 'NONE',  ( 1.000000000000000000, 0.000000000000000000, 0.000000000000000000 ) ) ;
#851 = DIRECTION ( 'NONE',  ( 0.000000000000000000, -1.000000000000000000, 6.938893903907228378E-15 ) ) ;
#852 = ADVANCED_FACE ( 'NONE', ( #1866 ), #2392, .F. ) ;
#853 = EDGE_LOOP ( 'NONE', ( #684, #2489 ) ) ;
#854 = DIRECTION ( 'NONE',  ( -1.445602896647340149E-16, 0.000000000000000000, -1.000000000000000000 ) ) ;
#855 = FACE_OUTER_BOUND ( 'NONE', #250, .T. ) ;
#856 = ORIENTED_EDGE ( 'NONE', *, *, #1295, .F. ) ;
#857 = DIRECTION ( 'NONE',  ( 0.000000000000000000, 0.000000000000000000, -1.000000000000000000 ) ) ;
#858 = CARTESIAN_POINT ( 'NONE',  ( 78.50000000000005684, 64.00000000000000000, -98.99999999999997158 ) ) ;
#859 = EDGE_CURVE ( 'NONE', #1539, #454, #924, .T. ) ;
#860 = VERTEX_POINT ( 'NONE', #232 ) ;
#861 = EDGE_LOOP ( 'NONE', ( #463, #1492, #1084, #2588 ) ) ;
#862 = CARTESIAN_POINT ( 'NONE',  ( -4.000000000000000000, 4.000000000000003553, -96.99999999999997158 ) ) ;
#863 = CARTESIAN_POINT ( 'NONE',  ( 112.0000000000002132, 179.0000000000000284, 101.5000000000000284 ) ) ;
#864 = ORIENTED_EDGE ( 'NONE', *, *, #1348, .F. ) ;
#865 = CARTESIAN_POINT ( 'NONE',  ( -5.999999999999976019, 4.000000000000003553, 97.00000000000002842 ) ) ;
#866 = EDGE_CURVE ( 'NONE', #1980, #276, #880, .T. ) ;
#867 = DIRECTION ( 'NONE',  ( 2.602085213965208275E-15, 0.000000000000000000, -1.000000000000000000 ) ) ;
#868 = VERTEX_POINT ( 'NONE', #1287 ) ;
#869 = DIRECTION ( 'NONE',  ( 0.000000000000000000, 1.000000000000000000, 0.000000000000000000 ) ) ;
#870 = AXIS2_PLACEMENT_3D ( 'NONE', #1570, #107, #713 ) ;
#871 = EDGE_CURVE ( 'NONE', #1977, #833, #2300, .T. ) ;
#872 = LINE ( 'NONE', #2318, #2386 ) ;
#873 = VECTOR ( 'NONE', #935, 1000.000000000000000 ) ;
#874 = ORIENTED_EDGE ( 'NONE', *, *, #114, .T. ) ;
#875 = ORIENTED_EDGE ( 'NONE', *, *, #487, .T. ) ;
#876 = EDGE_CURVE ( 'NONE', #860, #2148, #1700, .T. ) ;
#877 = CIRCLE ( 'NONE', #1558, 2.000000000000001776 ) ;
#878 = VECTOR ( 'NONE', #277, 1000.000000000000000 ) ;
#879 = AXIS2_PLACEMENT_3D ( 'NONE', #1420, #2413, #773 ) ;
#880 = CIRCLE ( 'NONE', #445, 1.600000000000004086 ) ;
#881 = EDGE_CURVE ( 'NONE', #2493, #494, #1775, .T. ) ;
#882 = VECTOR ( 'NONE', #1575, 1000.000000000000000 ) ;
#883 = AXIS2_PLACEMENT_3D ( 'NONE', #2447, #587, #1627 ) ;
#884 = CARTESIAN_POINT ( 'NONE',  ( 76.50000000000005684, 64.00000000000000000, -101.4999999999999858 ) ) ;
#885 = ORIENTED_EDGE ( 'NONE', *, *, #675, .T. ) ;
#886 = CC_DESIGN_APPROVAL ( #541, ( #2213 ) ) ;
#887 = CARTESIAN_POINT ( 'NONE',  ( -189.9999999999999432, 0.000000000000000000, -78.49999999999998579 ) ) ;
#888 = FACE_BOUND ( 'NONE', #1440, .T. ) ;
#889 = ORIENTED_EDGE ( 'NONE', *, *, #1459, .F. ) ;
#890 = ADVANCED_FACE ( 'NONE', ( #31 ), #2104, .T. ) ;
#891 = CYLINDRICAL_SURFACE ( 'NONE', #1346, 20.49999999999998934 ) ;
#892 = DIRECTION ( 'NONE',  ( 0.000000000000000000, 1.000000000000000000, 0.000000000000000000 ) ) ;
#893 = EDGE_LOOP ( 'NONE', ( #2357, #115, #231, #681 ) ) ;
#894 = EDGE_CURVE ( 'NONE', #1525, #868, #2601, .T. ) ;
#895 = ORIENTED_EDGE ( 'NONE', *, *, #1114, .F. ) ;
#896 = FACE_OUTER_BOUND ( 'NONE', #1312, .T. ) ;
#897 = DIRECTION ( 'NONE',  ( 1.000000000000000000, 0.000000000000000000, 0.000000000000000000 ) ) ;
#898 = VERTEX_POINT ( 'NONE', #270 ) ;
#899 = CARTESIAN_POINT ( 'NONE',  ( 31.00000000000000355, 169.0000000000000284, 101.5010000000000332 ) ) ;
#900 = FACE_OUTER_BOUND ( 'NONE', #1936, .T. ) ;
#901 = VERTEX_POINT ( 'NONE', #666 ) ;
#902 = DIRECTION ( 'NONE',  ( -1.000000000000000000, 0.000000000000000000, 0.000000000000000000 ) ) ;
#903 = DIRECTION ( 'NONE',  ( 0.000000000000000000, 0.000000000000000000, 1.000000000000000000 ) ) ;
#904 = ORIENTED_EDGE ( 'NONE', *, *, #492, .T. ) ;
#905 = CARTESIAN_POINT ( 'NONE',  ( -190.0009999999999764, 169.0000000000000000, -54.99999999999991473 ) ) ;
#906 = EDGE_CURVE ( 'NONE', #2576, #1880, #1955, .T. ) ;
#907 = DIRECTION ( 'NONE',  ( -0.000000000000000000, 1.000000000000000000, -0.000000000000000000 ) ) ;
#908 = EDGE_CURVE ( 'NONE', #901, #2378, #450, .T. ) ;
#909 = APPROVAL_ROLE ( '' ) ;
#910 = VERTEX_POINT ( 'NONE', #865 ) ;
#911 = CYLINDRICAL_SURFACE ( 'NONE', #2254, 2.000000000000001776 ) ;
#912 = CC_DESIGN_PERSON_AND_ORGANIZATION_ASSIGNMENT ( #2234, #1854, ( #2213 ) ) ;
#913 = CARTESIAN_POINT ( 'NONE',  ( 166.9999999999999432, 6.000000000000003553, -78.49999999999998579 ) ) ;
#914 = ORIENTED_EDGE ( 'NONE', *, *, #2571, .T. ) ;
#915 = DIRECTION ( 'NONE',  ( -0.000000000000000000, -1.000000000000000000, -0.000000000000000000 ) ) ;
#916 = DIRECTION ( 'NONE',  ( -0.000000000000000000, -1.000000000000000000, -0.000000000000000000 ) ) ;
#917 = ORIENTED_EDGE ( 'NONE', *, *, #815, .F. ) ;
#918 = CIRCLE ( 'NONE', #1254, 22.99999999999999289 ) ;
#919 = CARTESIAN_POINT ( 'NONE',  ( 167.0000000000000568, 199.0000000000000000, -78.49999999999998579 ) ) ;
#920 = CIRCLE ( 'NONE', #1811, 18.49999999999998934 ) ;
#921 = CIRCLE ( 'NONE', #140, 8.999999999999994671 ) ;
#922 = CARTESIAN_POINT ( 'NONE',  ( -166.9999999999999147, 199.0000000000000000, 101.5000000000000284 ) ) ;
#923 = VECTOR ( 'NONE', #2150, 1000.000000000000000 ) ;
#924 = CIRCLE ( 'NONE', #1911, 2.500000000000002220 ) ;
#925 = ORIENTED_EDGE ( 'NONE', *, *, #120, .F. ) ;
#926 = EDGE_CURVE ( 'NONE', #1496, #2598, #1867, .T. ) ;
#927 = VECTOR ( 'NONE', #1546, 1000.000000000000000 ) ;
#928 = CIRCLE ( 'NONE', #2170, 1.600000000000004086 ) ;
#929 = DIRECTION ( 'NONE',  ( -0.000000000000000000, 1.000000000000000000, -0.000000000000000000 ) ) ;
#930 = EDGE_LOOP ( 'NONE', ( #889, #288, #1350, #1715 ) ) ;
#931 = CARTESIAN_POINT ( 'NONE',  ( 76.50000000000005684, 64.00000000000000000, 101.5010000000000332 ) ) ;
#932 = CARTESIAN_POINT ( 'NONE',  ( 99.00000000000008527, 42.50000000000000000, -101.5009999999999764 ) ) ;
#933 = VERTEX_POINT ( 'NONE', #887 ) ;
#934 = CARTESIAN_POINT ( 'NONE',  ( -166.9999999999998863, 199.0000000000000000, -98.99999999999997158 ) ) ;
#935 = DIRECTION ( 'NONE',  ( 1.000000000000000000, 0.000000000000000000, 0.000000000000000000 ) ) ;
#936 = ORIENTED_EDGE ( 'NONE', *, *, #1741, .T. ) ;
#937 = CARTESIAN_POINT ( 'NONE',  ( 185.5000000000000284, 4.000000000000003553, 78.49999999999990052 ) ) ;
#938 = EDGE_CURVE ( 'NONE', #1229, #763, #2168, .T. ) ;
#939 = DIRECTION ( 'NONE',  ( 0.000000000000000000, 1.000000000000000000, 0.000000000000000000 ) ) ;
#940 = ORIENTED_EDGE ( 'NONE', *, *, #584, .T. ) ;
#941 = FACE_OUTER_BOUND ( 'NONE', #1233, .T. ) ;
#942 = DIRECTION ( 'NONE',  ( 1.000000000000000000, -0.000000000000000000, -1.226572154731075579E-16 ) ) ;
#943 = ORIENTED_EDGE ( 'NONE', *, *, #1578, .F. ) ;
#944 = DIRECTION ( 'NONE',  ( -0.000000000000000000, -0.000000000000000000, 1.000000000000000000 ) ) ;
#945 = CC_DESIGN_PERSON_AND_ORGANIZATION_ASSIGNMENT ( #2042, #629, ( #1662 ) ) ;
#946 = DIRECTION ( 'NONE',  ( 0.000000000000000000, 0.000000000000000000, -1.000000000000000000 ) ) ;
#947 = ORIENTED_EDGE ( 'NONE', *, *, #1020, .T. ) ;
#948 = DIRECTION ( 'NONE',  ( 0.000000000000000000, 0.000000000000000000, 1.000000000000000000 ) ) ;
#949 = PLANE ( 'NONE',  #2516 ) ;
#950 = VERTEX_POINT ( 'NONE', #937 ) ;
#951 = CARTESIAN_POINT ( 'NONE',  ( 148.6000000000001080, 109.0000000000000711, 101.5000000000000284 ) ) ;
#952 = DIRECTION ( 'NONE',  ( -0.000000000000000000, 0.000000000000000000, 1.000000000000000000 ) ) ;
#953 = ORIENTED_EDGE ( 'NONE', *, *, #1299, .T. ) ;
#954 = CYLINDRICAL_SURFACE ( 'NONE', #216, 8.999999999999994671 ) ;
#955 = ADVANCED_FACE ( 'NONE', ( #95 ), #1325, .F. ) ;
#956 = CIRCLE ( 'NONE', #522, 1.600000000000004086 ) ;
#957 = ORIENTED_EDGE ( 'NONE', *, *, #2322, .T. ) ;
#958 = DIRECTION ( 'NONE',  ( 6.938893903907221278E-15, -6.938893903907227589E-15, -1.000000000000000000 ) ) ;
#959 = CIRCLE ( 'NONE', #1263, 2.000000000000001776 ) ;
#960 = CIRCLE ( 'NONE', #1646, 2.000000000000000000 ) ;
#961 = CARTESIAN_POINT ( 'NONE',  ( -167.0000000000000568, 6.000000000000003553, -96.99999999999995737 ) ) ;
#962 = ORIENTED_EDGE ( 'NONE', *, *, #92, .T. ) ;
#963 = AXIS2_PLACEMENT_3D ( 'NONE', #1405, #1616, #796 ) ;
#964 = AXIS2_PLACEMENT_3D ( 'NONE', #782, #2440, #578 ) ;
#965 = DIRECTION ( 'NONE',  ( -0.000000000000000000, -0.000000000000000000, -1.000000000000000000 ) ) ;
#966 = AXIS2_PLACEMENT_3D ( 'NONE', #2205, #702, #1520 ) ;
#967 = CIRCLE ( 'NONE', #2519, 2.000000000000001776 ) ;
#968 = DIRECTION ( 'NONE',  ( 1.000000000000000000, 0.000000000000000000, 0.000000000000000000 ) ) ;
#969 = EDGE_LOOP ( 'NONE', ( #2407, #1055, #1300, #195 ) ) ;
#970 = CARTESIAN_POINT ( 'NONE',  ( 166.9999999999998295, 4.000000000000003553, 99.00000000000002842 ) ) ;
#971 = EDGE_CURVE ( 'NONE', #2569, #1980, #2580, .T. ) ;
#972 = PERSON_AND_ORGANIZATION ( #1845, #837 ) ;
#973 = ORIENTED_EDGE ( 'NONE', *, *, #1381, .F. ) ;
#974 = DIRECTION ( 'NONE',  ( -0.000000000000000000, -0.000000000000000000, -1.000000000000000000 ) ) ;
#975 = DIRECTION ( 'NONE',  ( 1.000000000000000000, -0.000000000000000000, -1.767871058320312323E-16 ) ) ;
#976 = VERTEX_POINT ( 'NONE', #1118 ) ;
#977 = DIRECTION ( 'NONE',  ( 0.000000000000000000, 0.000000000000000000, 1.000000000000000000 ) ) ;
#978 = CARTESIAN_POINT ( 'NONE',  ( -166.9999999999999147, 199.0000000000000000, 99.00000000000002842 ) ) ;
#979 = VERTEX_POINT ( 'NONE', #2379 ) ;
#980 = DIRECTION ( 'NONE',  ( 1.000000000000000000, 0.000000000000000000, 0.000000000000000000 ) ) ;
#981 = CYLINDRICAL_SURFACE ( 'NONE', #1428, 1.599999999999990319 ) ;
#982 = APPROVAL_DATE_TIME ( #1025, #541 ) ;
#983 = EDGE_LOOP ( 'NONE', ( #2102, #1987, #947, #664 ) ) ;
#984 = FACE_OUTER_BOUND ( 'NONE', #514, .T. ) ;
#985 = ADVANCED_FACE ( 'NONE', ( #1129 ), #1971, .F. ) ;
#986 = DIRECTION ( 'NONE',  ( 1.000000000000000000, 0.000000000000000000, 0.000000000000000000 ) ) ;
#987 = VERTEX_POINT ( 'NONE', #328 ) ;
#988 = CARTESIAN_POINT ( 'NONE',  ( 75.40000000000010516, 109.0000000000000000, -101.5009999999999764 ) ) ;
#989 = CARTESIAN_POINT ( 'NONE',  ( 78.60000000000010800, 109.0000000000000000, 101.5000000000000284 ) ) ;
#990 = ORIENTED_EDGE ( 'NONE', *, *, #1671, .T. ) ;
#991 = ADVANCED_FACE ( 'NONE', ( #71 ), #911, .F. ) ;
#992 = CYLINDRICAL_SURFACE ( 'NONE', #559, 1.599999999999976552 ) ;
#993 = CARTESIAN_POINT ( 'NONE',  ( -3.999999999999976019, 6.000000000000005329, 97.00000000000002842 ) ) ;
#994 = DATE_AND_TIME ( #2055, #1821 ) ;
#995 = VERTEX_POINT ( 'NONE', #84 ) ;
#996 = EDGE_CURVE ( 'NONE', #417, #2627, #1264, .T. ) ;
#997 = AXIS2_PLACEMENT_3D ( 'NONE', #544, #754, #1360 ) ;
#998 = CARTESIAN_POINT ( 'NONE',  ( 77.00000000000009948, 179.0000000000000000, 99.00000000000002842 ) ) ;
#999 = DIRECTION ( 'NONE',  ( 1.000000000000000000, 0.000000000000000000, -1.767871058320312323E-16 ) ) ;
#1000 = ADVANCED_FACE ( 'NONE', ( #1143 ), #484, .F. ) ;
#1001 = VERTEX_POINT ( 'NONE', #286 ) ;
#1002 = DIRECTION ( 'NONE',  ( -1.445602896647340149E-16, 0.000000000000000000, -1.000000000000000000 ) ) ;
#1003 = VECTOR ( 'NONE', #2054, 1000.000000000000000 ) ;
#1004 = FACE_OUTER_BOUND ( 'NONE', #1327, .T. ) ;
#1005 = AXIS2_PLACEMENT_3D ( 'NONE', #163, #1170, #380 ) ;
#1006 = EDGE_CURVE ( 'NONE', #2005, #208, #1390, .T. ) ;
#1007 = AXIS2_PLACEMENT_3D ( 'NONE', #1297, #460, #212 ) ;
#1008 = EDGE_LOOP ( 'NONE', ( #1163, #2289, #2151, #1379 ) ) ;
#1009 = CYLINDRICAL_SURFACE ( 'NONE', #310, 2.500000000000002220 ) ;
#1010 = VECTOR ( 'NONE', #538, 1000.000000000000000 ) ;
#1011 = AXIS2_PLACEMENT_3D ( 'NONE', #1043, #2089, #2321 ) ;
#1012 = CARTESIAN_POINT ( 'NONE',  ( 147.0000000000001421, 143.9999999999997158, -101.5009999999999764 ) ) ;
#1013 = PERSON_AND_ORGANIZATION ( #1845, #837 ) ;
#1014 = ORIENTED_EDGE ( 'NONE', *, *, #2444, .F. ) ;
#1015 = LINE ( 'NONE', #2419, #706 ) ;
#1016 = CARTESIAN_POINT ( 'NONE',  ( 147.0000000000001421, 109.0000000000000711, 99.00000000000002842 ) ) ;
#1017 = ORIENTED_EDGE ( 'NONE', *, *, #1377, .F. ) ;
#1018 = CARTESIAN_POINT ( 'NONE',  ( 112.0000000000002132, 179.0000000000000284, 99.00000000000002842 ) ) ;
#1019 = EDGE_CURVE ( 'NONE', #1293, #1977, #717, .T. ) ;
#1020 = EDGE_CURVE ( 'NONE', #381, #734, #2399, .T. ) ;
#1021 = CARTESIAN_POINT ( 'NONE',  ( 157.0000000000000568, 119.0000000000000142, 101.5010000000000332 ) ) ;
#1022 = ORIENTED_EDGE ( 'NONE', *, *, #1273, .F. ) ;
#1023 = DIRECTION ( 'NONE',  ( -0.000000000000000000, -0.000000000000000000, -1.000000000000000000 ) ) ;
#1024 = CARTESIAN_POINT ( 'NONE',  ( -166.9999999999999147, 4.000000000000003553, 99.00000000000002842 ) ) ;
#1025 = DATE_AND_TIME ( #1199, #1565 ) ;
#1026 = EDGE_LOOP ( 'NONE', ( #1186, #118 ) ) ;
#1027 = VERTEX_POINT ( 'NONE', #1710 ) ;
#1028 = CC_DESIGN_DATE_AND_TIME_ASSIGNMENT ( #1797, #832, ( #1662 ) ) ;
#1029 = DIRECTION ( 'NONE',  ( 0.000000000000000000, -1.000000000000000000, 0.000000000000000000 ) ) ;
#1030 = DIRECTION ( 'NONE',  ( -0.000000000000000000, -0.000000000000000000, 1.000000000000000000 ) ) ;
#1031 = EDGE_LOOP ( 'NONE', ( #620, #65, #1952, #1566 ) ) ;
#1032 = DIRECTION ( 'NONE',  ( 1.000000000000000000, 0.000000000000000000, 0.000000000000000000 ) ) ;
#1033 = EDGE_CURVE ( 'NONE', #1133, #685, #1472, .T. ) ;
#1034 = FACE_BOUND ( 'NONE', #2411, .T. ) ;
#1035 = EDGE_LOOP ( 'NONE', ( #2452, #106 ) ) ;
#1036 = EDGE_CURVE ( 'NONE', #2120, #1200, #1534, .T. ) ;
#1037 = DIRECTION ( 'NONE',  ( -1.000000000000000000, 0.000000000000000000, 0.000000000000000000 ) ) ;
#1038 = CYLINDRICAL_SURFACE ( 'NONE', #442, 2.000000000000001776 ) ;
#1039 = ADVANCED_FACE ( 'NONE', ( #2369 ), #2591, .F. ) ;
#1040 = ORIENTED_EDGE ( 'NONE', *, *, #2491, .F. ) ;
#1041 = EDGE_CURVE ( 'NONE', #141, #2160, #2125, .T. ) ;
#1042 = ORIENTED_EDGE ( 'NONE', *, *, #239, .F. ) ;
#1043 = CARTESIAN_POINT ( 'NONE',  ( 147.0000000000001421, 109.0000000000000711, 101.5000000000000284 ) ) ;
#1044 = LINE ( 'NONE', #18, #1477 ) ;
#1045 = ORIENTED_EDGE ( 'NONE', *, *, #723, .F. ) ;
#1046 = DIRECTION ( 'NONE',  ( -1.000000000000000000, 0.000000000000000000, -6.938893903907222067E-15 ) ) ;
#1047 = DIRECTION ( 'NONE',  ( -1.226572154731075579E-16, 0.000000000000000000, -1.000000000000000000 ) ) ;
#1048 = VERTEX_POINT ( 'NONE', #1313 ) ;
#1049 = AXIS2_PLACEMENT_3D ( 'NONE', #2450, #1630, #561 ) ;
#1050 = DIRECTION ( 'NONE',  ( 1.000000000000000000, 0.000000000000000000, 0.000000000000000000 ) ) ;
#1051 = CIRCLE ( 'NONE', #1599, 2.000000000000000000 ) ;
#1052 = CIRCLE ( 'NONE', #486, 22.99999999999999289 ) ;
#1053 = LINE ( 'NONE', #248, #1093 ) ;
#1054 = ORIENTED_EDGE ( 'NONE', *, *, #345, .F. ) ;
#1055 = ORIENTED_EDGE ( 'NONE', *, *, #1909, .T. ) ;
#1056 = VECTOR ( 'NONE', #2607, 1000.000000000000000 ) ;
#1057 = VECTOR ( 'NONE', #907, 1000.000000000000000 ) ;
#1058 = EDGE_CURVE ( 'NONE', #9, #833, #1309, .T. ) ;
#1059 = APPROVAL_PERSON_ORGANIZATION ( #284, #820, #909 ) ;
#1060 = LINE ( 'NONE', #2355, #1683 ) ;
#1061 = ADVANCED_FACE ( 'NONE', ( #365, #1789, #769, #2212, #1812, #1415 ), #1996, .F. ) ;
#1062 = DIRECTION ( 'NONE',  ( -1.000000000000000000, 0.000000000000000000, 1.226572154731075579E-16 ) ) ;
#1063 = ORIENTED_EDGE ( 'NONE', *, *, #1363, .F. ) ;
#1064 = CARTESIAN_POINT ( 'NONE',  ( -2.000000000000001776, 169.0000000000000000, -63.99999999999994316 ) ) ;
#1065 = CARTESIAN_POINT ( 'NONE',  ( 6.000000000000005329, 6.000000000000003553, -96.99999999999997158 ) ) ;
#1066 = ORIENTED_EDGE ( 'NONE', *, *, #1745, .F. ) ;
#1067 = CARTESIAN_POINT ( 'NONE',  ( 99.00000000000008527, 42.50000000000000000, 99.00000000000002842 ) ) ;
#1068 = CARTESIAN_POINT ( 'NONE',  ( -167.0000000000000568, 4.000000000000003553, -78.49999999999998579 ) ) ;
#1069 = ORIENTED_EDGE ( 'NONE', *, *, #1058, .T. ) ;
#1070 = ORIENTED_EDGE ( 'NONE', *, *, #470, .F. ) ;
#1071 = CARTESIAN_POINT ( 'NONE',  ( 4.000000000000000000, 6.000000000000005329, -99.00000000000000000 ) ) ;
#1072 = DIRECTION ( 'NONE',  ( 1.000000000000000000, -0.000000000000000000, -1.767871058320312323E-16 ) ) ;
#1073 = ORIENTED_EDGE ( 'NONE', *, *, #1361, .T. ) ;
#1074 = ADVANCED_FACE ( 'NONE', ( #149 ), #2226, .F. ) ;
#1075 = DIRECTION ( 'NONE',  ( -0.000000000000000000, -0.000000000000000000, -1.000000000000000000 ) ) ;
#1076 = CARTESIAN_POINT ( 'NONE',  ( 111.9999999999997442, 109.0000000000000142, 99.00000000000002842 ) ) ;
#1077 = ORIENTED_EDGE ( 'NONE', *, *, #2184, .F. ) ;
#1078 = DIRECTION ( 'NONE',  ( 1.502117663214683681E-32, 1.000000000000000000, 1.224646799147353207E-16 ) ) ;
#1079 = CARTESIAN_POINT ( 'NONE',  ( -166.9999999999999147, 4.000000000000003553, 99.00000000000002842 ) ) ;
#1080 = EDGE_CURVE ( 'NONE', #539, #1474, #2436, .T. ) ;
#1081 = VERTEX_POINT ( 'NONE', #2237 ) ;
#1082 = ORIENTED_EDGE ( 'NONE', *, *, #1614, .T. ) ;
#1083 = DIRECTION ( 'NONE',  ( 0.000000000000000000, 0.000000000000000000, 1.000000000000000000 ) ) ;
#1084 = ORIENTED_EDGE ( 'NONE', *, *, #1224, .F. ) ;
#1085 = DIRECTION ( 'NONE',  ( -1.353930517835557368E-15, 0.000000000000000000, 1.000000000000000000 ) ) ;
#1086 = ADVANCED_FACE ( 'NONE', ( #2192 ), #360, .T. ) ;
#1087 = DIRECTION ( 'NONE',  ( -0.000000000000000000, -0.000000000000000000, 1.000000000000000000 ) ) ;
#1088 = ORIENTED_EDGE ( 'NONE', *, *, #488, .F. ) ;
#1089 = CARTESIAN_POINT ( 'NONE',  ( 78.50000000000005684, 119.0000000000000142, -101.4999999999999858 ) ) ;
#1090 = CIRCLE ( 'NONE', #557, 2.000000000000000000 ) ;
#1091 = EDGE_CURVE ( 'NONE', #2378, #1392, #531, .T. ) ;
#1092 = FACE_BOUND ( 'NONE', #2056, .T. ) ;
#1093 = VECTOR ( 'NONE', #475, 1000.000000000000000 ) ;
#1094 = EDGE_LOOP ( 'NONE', ( #2312, #1746, #1182, #1765 ) ) ;
#1095 = LINE ( 'NONE', #2535, #1302 ) ;
#1096 = VECTOR ( 'NONE', #2402, 1000.000000000000000 ) ;
#1097 = CIRCLE ( 'NONE', #1992, 1.599999999999976552 ) ;
#1098 = CARTESIAN_POINT ( 'NONE',  ( 75.40000000000009095, 144.0000000000000284, 99.00000000000002842 ) ) ;
#1099 = AXIS2_PLACEMENT_3D ( 'NONE', #2460, #2090, #1463 ) ;
#1100 = CIRCLE ( 'NONE', #2130, 1.600000000000018074 ) ;
#1101 = DIRECTION ( 'NONE',  ( 0.000000000000000000, 0.000000000000000000, 1.000000000000000000 ) ) ;
#1102 = EDGE_LOOP ( 'NONE', ( #1643, #1130, #2043, #1161 ) ) ;
#1103 =( GEOMETRIC_REPRESENTATION_CONTEXT ( 3 ) GLOBAL_UNCERTAINTY_ASSIGNED_CONTEXT ( ( #80 ) ) GLOBAL_UNIT_ASSIGNED_CONTEXT ( ( #2527, #2367, #1334 ) ) REPRESENTATION_CONTEXT ( 'NONE', 'WORKASPACE' ) );
#1104 = DIRECTION ( 'NONE',  ( -1.000000000000000000, 0.000000000000000000, 1.226572154731075579E-16 ) ) ;
#1105 = DIRECTION ( 'NONE',  ( -0.000000000000000000, -0.000000000000000000, -1.000000000000000000 ) ) ;
#1106 = ORIENTED_EDGE ( 'NONE', *, *, #651, .F. ) ;
#1107 = CARTESIAN_POINT ( 'NONE',  ( -5.999999999999976019, 6.000000000000005329, 97.00000000000002842 ) ) ;
#1108 = EDGE_CURVE ( 'NONE', #375, #1970, #928, .T. ) ;
#1109 = CARTESIAN_POINT ( 'NONE',  ( 96.50000000000008527, 42.50000000000000000, -101.5009999999999764 ) ) ;
#1110 = ORIENTED_EDGE ( 'NONE', *, *, #799, .T. ) ;
#1111 = CARTESIAN_POINT ( 'NONE',  ( 187.4999999999999432, 6.000000000000003553, -78.49999999999984368 ) ) ;
#1112 = EDGE_CURVE ( 'NONE', #1237, #2324, #1015, .T. ) ;
#1113 = DESIGN_CONTEXT ( 'detailed design', #622, 'design' ) ;
#1114 = EDGE_CURVE ( 'NONE', #89, #2648, #795, .T. ) ;
#1115 = DIRECTION ( 'NONE',  ( 0.000000000000000000, 0.000000000000000000, -1.000000000000000000 ) ) ;
#1116 = CARTESIAN_POINT ( 'NONE',  ( 147.0000000000001421, 143.9999999999997158, 101.5000000000000284 ) ) ;
#1117 = ORIENTED_EDGE ( 'NONE', *, *, #768, .F. ) ;
#1118 = CARTESIAN_POINT ( 'NONE',  ( -189.9999999999999432, 199.0000000000000000, -78.49999999999998579 ) ) ;
#1119 = DIRECTION ( 'NONE',  ( -0.000000000000000000, -0.000000000000000000, 1.000000000000000000 ) ) ;
#1120 = VERTEX_POINT ( 'NONE', #2252 ) ;
#1121 = DIRECTION ( 'NONE',  ( -1.000000000000000000, 0.000000000000000000, 0.000000000000000000 ) ) ;
#1122 = DIRECTION ( 'NONE',  ( 1.000000000000000000, 0.000000000000000000, 0.000000000000000000 ) ) ;
#1123 = ORIENTED_EDGE ( 'NONE', *, *, #1822, .T. ) ;
#1124 = ORIENTED_EDGE ( 'NONE', *, *, #2403, .T. ) ;
#1125 = ADVANCED_FACE ( 'NONE', ( #984 ), #807, .F. ) ;
#1126 = DIRECTION ( 'NONE',  ( -0.000000000000000000, -1.000000000000000000, -0.000000000000000000 ) ) ;
#1127 = LINE ( 'NONE', #555, #1270 ) ;
#1128 = ORIENTED_EDGE ( 'NONE', *, *, #2196, .F. ) ;
#1129 = FACE_OUTER_BOUND ( 'NONE', #2338, .T. ) ;
#1130 = ORIENTED_EDGE ( 'NONE', *, *, #253, .T. ) ;
#1131 = CARTESIAN_POINT ( 'NONE',  ( 6.000000000000000000, 6.000000000000005329, -99.00000000000000000 ) ) ;
#1132 = CARTESIAN_POINT ( 'NONE',  ( 145.4000000000001194, 143.9999999999997158, -101.5009999999999764 ) ) ;
#1133 = VERTEX_POINT ( 'NONE', #2628 ) ;
#1134 = AXIS2_PLACEMENT_3D ( 'NONE', #1716, #2548, #2290 ) ;
#1135 = CARTESIAN_POINT ( 'NONE',  ( 151.0000000000000853, 42.50000000000000000, 101.5000000000000284 ) ) ;
#1136 = AXIS2_PLACEMENT_3D ( 'NONE', #2404, #916, #1358 ) ;
#1137 = CIRCLE ( 'NONE', #1049, 2.000000000000001776 ) ;
#1138 = CARTESIAN_POINT ( 'NONE',  ( 166.9999999999999432, 4.000000000000003553, -78.49999999999998579 ) ) ;
#1139 = EDGE_CURVE ( 'NONE', #2598, #164, #1957, .T. ) ;
#1140 = VECTOR ( 'NONE', #591, 1000.000000000000000 ) ;
#1141 = AXIS2_PLACEMENT_3D ( 'NONE', #1064, #1659, #854 ) ;
#1142 = ORIENTED_EDGE ( 'NONE', *, *, #1606, .F. ) ;
#1143 = FACE_OUTER_BOUND ( 'NONE', #1433, .T. ) ;
#1144 = AXIS2_PLACEMENT_3D ( 'NONE', #2487, #432, #419 ) ;
#1145 = CIRCLE ( 'NONE', #1353, 2.000000000000001776 ) ;
#1146 = DIRECTION ( 'NONE',  ( 1.000000000000000000, 0.000000000000000000, 0.000000000000000000 ) ) ;
#1147 = ORIENTED_EDGE ( 'NONE', *, *, #62, .T. ) ;
#1148 = CARTESIAN_POINT ( 'NONE',  ( 78.50000000000005684, 64.00000000000000000, -101.4999999999999858 ) ) ;
#1149 = ADVANCED_FACE ( 'NONE', ( #778 ), #2437, .F. ) ;
#1150 = DIRECTION ( 'NONE',  ( 1.000000000000000000, 0.000000000000000000, 0.000000000000000000 ) ) ;
#1151 = ORIENTED_EDGE ( 'NONE', *, *, #372, .T. ) ;
#1152 = FACE_OUTER_BOUND ( 'NONE', #2106, .T. ) ;
#1153 = FACE_BOUND ( 'NONE', #356, .T. ) ;
#1154 = EDGE_LOOP ( 'NONE', ( #2069, #630, #2263, #316 ) ) ;
#1155 = CARTESIAN_POINT ( 'NONE',  ( 76.50000000000005684, 119.0000000000000142, 101.5010000000000332 ) ) ;
#1156 = DIRECTION ( 'NONE',  ( 0.000000000000000000, 1.000000000000000000, 0.000000000000000000 ) ) ;
#1157 = EDGE_CURVE ( 'NONE', #172, #597, #1870, .T. ) ;
#1158 = ORIENTED_EDGE ( 'NONE', *, *, #579, .T. ) ;
#1159 = CYLINDRICAL_SURFACE ( 'NONE', #698, 1.600000000000004086 ) ;
#1160 = CARTESIAN_POINT ( 'NONE',  ( 153.0000000000000568, 64.00000000000000000, -101.4999999999999858 ) ) ;
#1161 = ORIENTED_EDGE ( 'NONE', *, *, #586, .F. ) ;
#1162 = CARTESIAN_POINT ( 'NONE',  ( -190.0009999999999764, 169.0000000000000000, -63.99999999999991473 ) ) ;
#1163 = ORIENTED_EDGE ( 'NONE', *, *, #1917, .T. ) ;
#1164 = DIRECTION ( 'NONE',  ( 0.000000000000000000, 1.000000000000000000, 0.000000000000000000 ) ) ;
#1165 = EDGE_CURVE ( 'NONE', #1898, #901, #1517, .T. ) ;
#1166 = DIRECTION ( 'NONE',  ( 1.000000000000000000, -0.000000000000000000, -1.226572154731075579E-16 ) ) ;
#1167 = VERTEX_POINT ( 'NONE', #1777 ) ;
#1168 = CARTESIAN_POINT ( 'NONE',  ( 153.0000000000000568, 64.00000000000000000, 101.5010000000000332 ) ) ;
#1169 = EDGE_CURVE ( 'NONE', #2614, #1809, #2395, .T. ) ;
#1170 = DIRECTION ( 'NONE',  ( 1.000000000000000000, 0.000000000000000000, -1.226572154731075579E-16 ) ) ;
#1171 = EDGE_LOOP ( 'NONE', ( #2671, #399, #1245, #220 ) ) ;
#1172 = LINE ( 'NONE', #934, #2633 ) ;
#1173 = CIRCLE ( 'NONE', #870, 2.000000000000001776 ) ;
#1174 = AXIS2_PLACEMENT_3D ( 'NONE', #204, #178, #1037 ) ;
#1175 = AXIS2_PLACEMENT_3D ( 'NONE', #2112, #1115, #266 ) ;
#1176 = VECTOR ( 'NONE', #2660, 1000.000000000000000 ) ;
#1177 = EDGE_LOOP ( 'NONE', ( #1529, #2285, #1330, #895 ) ) ;
#1178 = LINE ( 'NONE', #27, #1818 ) ;
#1179 = TOROIDAL_SURFACE ( 'NONE', #354, 11.00000000000000000, 2.000000000000000000 ) ;
#1180 = AXIS2_PLACEMENT_3D ( 'NONE', #434, #2298, #1046 ) ;
#1181 = DIRECTION ( 'NONE',  ( 0.000000000000000000, -0.000000000000000000, -1.000000000000000000 ) ) ;
#1182 = ORIENTED_EDGE ( 'NONE', *, *, #2017, .T. ) ;
#1183 = CIRCLE ( 'NONE', #1869, 2.000000000000000000 ) ;
#1184 = CYLINDRICAL_SURFACE ( 'NONE', #784, 2.000000000000001776 ) ;
#1185 = FACE_OUTER_BOUND ( 'NONE', #753, .T. ) ;
#1186 = ORIENTED_EDGE ( 'NONE', *, *, #906, .F. ) ;
#1187 = DIRECTION ( 'NONE',  ( -0.000000000000000000, -0.000000000000000000, 1.000000000000000000 ) ) ;
#1188 = FACE_BOUND ( 'NONE', #527, .T. ) ;
#1189 = COORDINATED_UNIVERSAL_TIME_OFFSET ( 8, 0, .AHEAD. ) ;
#1190 = EDGE_LOOP ( 'NONE', ( #2364, #246, #2525, #1617 ) ) ;
#1191 = EDGE_CURVE ( 'NONE', #976, #2418, #1178, .T. ) ;
#1192 = DIRECTION ( 'NONE',  ( 1.000000000000000000, 0.000000000000000000, 0.000000000000000000 ) ) ;
#1193 = ORIENTED_EDGE ( 'NONE', *, *, #341, .F. ) ;
#1194 = FACE_OUTER_BOUND ( 'NONE', #1418, .T. ) ;
#1195 = DIRECTION ( 'NONE',  ( 1.226572154731075579E-16, -0.000000000000000000, 1.000000000000000000 ) ) ;
#1196 = ORIENTED_EDGE ( 'NONE', *, *, #1271, .T. ) ;
#1197 = DIRECTION ( 'NONE',  ( -0.000000000000000000, -0.000000000000000000, 1.000000000000000000 ) ) ;
#1198 = CARTESIAN_POINT ( 'NONE',  ( 166.9999999999998295, 6.000000000000003553, -96.99999999999997158 ) ) ;
#1199 = CALENDAR_DATE ( 2026, 27, 2 ) ;
#1200 = VERTEX_POINT ( 'NONE', #2293 ) ;
#1201 = EDGE_CURVE ( 'NONE', #1977, #40, #59, .T. ) ;
#1202 = EDGE_CURVE ( 'NONE', #597, #172, #616, .T. ) ;
#1203 = DIRECTION ( 'NONE',  ( 1.000000000000000000, 0.000000000000000000, -1.767871058320312323E-16 ) ) ;
#1204 = DIRECTION ( 'NONE',  ( -0.000000000000000000, -0.000000000000000000, 1.000000000000000000 ) ) ;
#1205 = ORIENTED_EDGE ( 'NONE', *, *, #2587, .T. ) ;
#1206 = LINE ( 'NONE', #772, #1176 ) ;
#1207 = CARTESIAN_POINT ( 'NONE',  ( 80.50000000000005684, 119.0000000000000142, 101.5010000000000332 ) ) ;
#1208 = ORIENTED_EDGE ( 'NONE', *, *, #2004, .T. ) ;
#1209 = FACE_OUTER_BOUND ( 'NONE', #1677, .T. ) ;
#1210 = PLANE ( 'NONE',  #2638 ) ;
#1211 = ORIENTED_EDGE ( 'NONE', *, *, #1317, .F. ) ;
#1212 = EDGE_CURVE ( 'NONE', #476, #29, #2384, .T. ) ;
#1213 = DIRECTION ( 'NONE',  ( 1.000000000000000000, 0.000000000000000000, 0.000000000000000000 ) ) ;
#1214 = CIRCLE ( 'NONE', #1344, 9.000000000000001776 ) ;
#1215 = CYLINDRICAL_SURFACE ( 'NONE', #2603, 2.000000000000001776 ) ;
#1216 = ORIENTED_EDGE ( 'NONE', *, *, #876, .F. ) ;
#1217 = CYLINDRICAL_SURFACE ( 'NONE', #2430, 2.000000000000001776 ) ;
#1218 = AXIS2_PLACEMENT_3D ( 'NONE', #2584, #1319, #493 ) ;
#1219 = AXIS2_PLACEMENT_3D ( 'NONE', #2361, #1743, #1781 ) ;
#1220 = CARTESIAN_POINT ( 'NONE',  ( -166.9999999999999147, 199.0000000000000000, 78.50000000000004263 ) ) ;
#1221 = AXIS2_PLACEMENT_3D ( 'NONE', #127, #952, #1568 ) ;
#1222 = AXIS2_PLACEMENT_3D ( 'NONE', #1881, #1670, #255 ) ;
#1223 = EDGE_LOOP ( 'NONE', ( #2534, #55, #2331, #2139 ) ) ;
#1224 = EDGE_CURVE ( 'NONE', #1237, #976, #1563, .T. ) ;
#1225 = LINE ( 'NONE', #382, #606 ) ;
#1226 = AXIS2_PLACEMENT_3D ( 'NONE', #2543, #85, #1505 ) ;
#1227 = AXIS2_PLACEMENT_3D ( 'NONE', #2409, #546, #1372 ) ;
#1228 = DIRECTION ( 'NONE',  ( -0.000000000000000000, -0.000000000000000000, 1.000000000000000000 ) ) ;
#1229 = VERTEX_POINT ( 'NONE', #2045 ) ;
#1230 = ORIENTED_EDGE ( 'NONE', *, *, #2536, .T. ) ;
#1231 = DIRECTION ( 'NONE',  ( -1.000000000000000000, 0.000000000000000000, 0.000000000000000000 ) ) ;
#1232 = CARTESIAN_POINT ( 'NONE',  ( 4.000000000000004441, 169.0000000000000000, -63.99999999999994316 ) ) ;
#1233 = EDGE_LOOP ( 'NONE', ( #2009, #2279, #249, #2659 ) ) ;
#1234 = CARTESIAN_POINT ( 'NONE',  ( -166.9999999999998863, 6.000000000000003553, -98.99999999999997158 ) ) ;
#1235 = EDGE_CURVE ( 'NONE', #1521, #207, #1100, .T. ) ;
#1236 = DIRECTION ( 'NONE',  ( 0.000000000000000000, 0.000000000000000000, -1.000000000000000000 ) ) ;
#1237 = VERTEX_POINT ( 'NONE', #676 ) ;
#1238 = DIRECTION ( 'NONE',  ( -1.000000000000000000, 0.000000000000000000, 0.000000000000000000 ) ) ;
#1239 = LINE ( 'NONE', #554, #1003 ) ;
#1240 = ORIENTED_EDGE ( 'NONE', *, *, #2571, .F. ) ;
#1241 = ORIENTED_EDGE ( 'NONE', *, *, #2196, .T. ) ;
#1242 = PRODUCT_DEFINITION_SHAPE ( 'NONE', 'NONE',  #1662 ) ;
#1243 = CARTESIAN_POINT ( 'NONE',  ( -166.9999999999999147, 6.000000000000003553, -96.99999999999995737 ) ) ;
#1244 = PLANE ( 'NONE',  #1432 ) ;
#1245 = ORIENTED_EDGE ( 'NONE', *, *, #2350, .T. ) ;
#1246 = DIRECTION ( 'NONE',  ( 1.000000000000000000, 0.000000000000000000, -1.226572154731075579E-16 ) ) ;
#1247 = ORIENTED_EDGE ( 'NONE', *, *, #2342, .F. ) ;
#1248 = DIRECTION ( 'NONE',  ( 1.000000000000000000, 0.000000000000000000, 0.000000000000000000 ) ) ;
#1249 = EDGE_CURVE ( 'NONE', #1474, #539, #521, .T. ) ;
#1250 = FACE_OUTER_BOUND ( 'NONE', #1190, .T. ) ;
#1251 = ORIENTED_EDGE ( 'NONE', *, *, #938, .F. ) ;
#1252 = EDGE_LOOP ( 'NONE', ( #214, #2590 ) ) ;
#1253 = DIRECTION ( 'NONE',  ( -1.000000000000000000, 0.000000000000000000, 0.000000000000000000 ) ) ;
#1254 = AXIS2_PLACEMENT_3D ( 'NONE', #919, #505, #1795 ) ;
#1255 = EDGE_LOOP ( 'NONE', ( #1106, #957, #261, #2352 ) ) ;
#1256 = DIRECTION ( 'NONE',  ( -0.000000000000000000, -0.000000000000000000, 1.000000000000000000 ) ) ;
#1257 = CIRCLE ( 'NONE', #2636, 2.000000000000001776 ) ;
#1258 = CARTESIAN_POINT ( 'NONE',  ( 76.50000000000005684, 64.00000000000000000, -98.99999999999997158 ) ) ;
#1259 = ORIENTED_EDGE ( 'NONE', *, *, #906, .T. ) ;
#1260 = CIRCLE ( 'NONE', #179, 22.99999999999999289 ) ;
#1261 = VECTOR ( 'NONE', #550, 1000.000000000000000 ) ;
#1262 = CARTESIAN_POINT ( 'NONE',  ( -4.000000000000000000, 199.0000000000001137, -96.99999999999997158 ) ) ;
#1263 = AXIS2_PLACEMENT_3D ( 'NONE', #565, #603, #800 ) ;
#1264 = CIRCLE ( 'NONE', #2208, 9.000000000000001776 ) ;
#1265 = FACE_OUTER_BOUND ( 'NONE', #2520, .T. ) ;
#1266 = ORIENTED_EDGE ( 'NONE', *, *, #1745, .T. ) ;
#1267 = CARTESIAN_POINT ( 'NONE',  ( 77.00000000000009948, 179.0000000000000000, 101.5000000000000284 ) ) ;
#1268 = AXIS2_PLACEMENT_3D ( 'NONE', #1997, #1417, #2227 ) ;
#1269 = VECTOR ( 'NONE', #2510, 1000.000000000000000 ) ;
#1270 = VECTOR ( 'NONE', #1532, 1000.000000000000000 ) ;
#1271 = EDGE_CURVE ( 'NONE', #2611, #2120, #967, .T. ) ;
#1272 = DIRECTION ( 'NONE',  ( -1.577021341797097807E-16, 0.000000000000000000, -1.000000000000000000 ) ) ;
#1273 = EDGE_CURVE ( 'NONE', #459, #1964, #2486, .T. ) ;
#1274 = DIRECTION ( 'NONE',  ( 0.000000000000000000, 0.000000000000000000, 1.000000000000000000 ) ) ;
#1275 = ORIENTED_EDGE ( 'NONE', *, *, #2236, .F. ) ;
#1276 = CARTESIAN_POINT ( 'NONE',  ( 77.00000000000011369, 109.0000000000000000, 101.5000000000000284 ) ) ;
#1277 = EDGE_CURVE ( 'NONE', #1321, #2132, #1888, .T. ) ;
#1278 = DIRECTION ( 'NONE',  ( -1.000000000000000000, 0.000000000000000000, -0.000000000000000000 ) ) ;
#1279 = ORIENTED_EDGE ( 'NONE', *, *, #126, .T. ) ;
#1280 = DIRECTION ( 'NONE',  ( 1.000000000000000000, 0.000000000000000000, 0.000000000000000000 ) ) ;
#1281 = CARTESIAN_POINT ( 'NONE',  ( 148.6000000000000796, 179.0000000000000284, -101.5009999999999764 ) ) ;
#1282 = ORIENTED_EDGE ( 'NONE', *, *, #519, .T. ) ;
#1283 = EDGE_LOOP ( 'NONE', ( #326, #1077, #2247, #2223 ) ) ;
#1284 = EDGE_CURVE ( 'NONE', #1081, #1613, #819, .T. ) ;
#1285 = DIRECTION ( 'NONE',  ( 0.000000000000000000, 0.000000000000000000, -1.000000000000000000 ) ) ;
#1286 = EDGE_LOOP ( 'NONE', ( #1017, #1398 ) ) ;
#1287 = CARTESIAN_POINT ( 'NONE',  ( 40.00000000000002132, 169.0000000000000284, -101.4999999999999858 ) ) ;
#1288 = FACE_OUTER_BOUND ( 'NONE', #1871, .T. ) ;
#1289 = VERTEX_POINT ( 'NONE', #38 ) ;
#1290 = DIRECTION ( 'NONE',  ( 1.000000000000000000, 0.000000000000000000, 0.000000000000000000 ) ) ;
#1291 = CARTESIAN_POINT ( 'NONE',  ( 2.000000000000001776, 169.0000000000000000, -63.99999999999994316 ) ) ;
#1292 = ORIENTED_EDGE ( 'NONE', *, *, #648, .F. ) ;
#1293 = VERTEX_POINT ( 'NONE', #1441 ) ;
#1294 = DIRECTION ( 'NONE',  ( 0.000000000000000000, 0.000000000000000000, 1.000000000000000000 ) ) ;
#1295 = EDGE_CURVE ( 'NONE', #898, #297, #632, .T. ) ;
#1296 = ORIENTED_EDGE ( 'NONE', *, *, #894, .F. ) ;
#1297 = CARTESIAN_POINT ( 'NONE',  ( -167.0000000000000568, 6.000000000000003553, -78.49999999999998579 ) ) ;
#1298 = CYLINDRICAL_SURFACE ( 'NONE', #485, 1.600000000000004086 ) ;
#1299 = EDGE_CURVE ( 'NONE', #901, #1898, #1214, .T. ) ;
#1300 = ORIENTED_EDGE ( 'NONE', *, *, #586, .T. ) ;
#1301 = LINE ( 'NONE', #2123, #878 ) ;
#1302 = VECTOR ( 'NONE', #1500, 1000.000000000000000 ) ;
#1303 = DIRECTION ( 'NONE',  ( 0.000000000000000000, 1.000000000000000000, 0.000000000000000000 ) ) ;
#1304 = ADVANCED_FACE ( 'NONE', ( #457 ), #251, .F. ) ;
#1305 = VERTEX_POINT ( 'NONE', #1900 ) ;
#1306 = LINE ( 'NONE', #1111, #2245 ) ;
#1307 = AXIS2_PLACEMENT_3D ( 'NONE', #932, #2385, #1744 ) ;
#1308 = CIRCLE ( 'NONE', #1268, 2.000000000000001776 ) ;
#1309 = CIRCLE ( 'NONE', #145, 20.50000000000000355 ) ;
#1310 = CARTESIAN_POINT ( 'NONE',  ( -4.000000000000000000, 199.0000000000001137, -99.00000000000000000 ) ) ;
#1311 = ADVANCED_FACE ( 'NONE', ( #15 ), #2073, .F. ) ;
#1312 = EDGE_LOOP ( 'NONE', ( #885, #1791, #848 ) ) ;
#1313 = CARTESIAN_POINT ( 'NONE',  ( 75.40000000000009095, 179.0000000000000000, 101.5000000000000284 ) ) ;
#1314 = LINE ( 'NONE', #1535, #530 ) ;
#1315 = EDGE_LOOP ( 'NONE', ( #1421, #2531, #1461, #797 ) ) ;
#1316 = DIRECTION ( 'NONE',  ( -0.000000000000000000, -0.000000000000000000, -1.000000000000000000 ) ) ;
#1317 = EDGE_CURVE ( 'NONE', #2132, #262, #1145, .T. ) ;
#1318 = EDGE_CURVE ( 'NONE', #501, #1547, #1060, .T. ) ;
#1319 = DIRECTION ( 'NONE',  ( -0.000000000000000000, -1.000000000000000000, -0.000000000000000000 ) ) ;
#1320 = ORIENTED_EDGE ( 'NONE', *, *, #1277, .T. ) ;
#1321 = VERTEX_POINT ( 'NONE', #1518 ) ;
#1322 = DIRECTION ( 'NONE',  ( 1.000000000000000000, 0.000000000000000000, -0.000000000000000000 ) ) ;
#1323 = DIRECTION ( 'NONE',  ( 0.000000000000000000, 0.000000000000000000, 1.000000000000000000 ) ) ;
#1324 = ORIENTED_EDGE ( 'NONE', *, *, #1019, .T. ) ;
#1325 = CYLINDRICAL_SURFACE ( 'NONE', #614, 2.000000000000001776 ) ;
#1326 = LINE ( 'NONE', #2147, #1389 ) ;
#1327 = EDGE_LOOP ( 'NONE', ( #2189, #2668, #1070, #1967 ) ) ;
#1328 = FACE_OUTER_BOUND ( 'NONE', #238, .T. ) ;
#1329 = LINE ( 'NONE', #1340, #923 ) ;
#1330 = ORIENTED_EDGE ( 'NONE', *, *, #2062, .F. ) ;
#1331 = EDGE_CURVE ( 'NONE', #459, #1776, #727, .T. ) ;
#1332 = CARTESIAN_POINT ( 'NONE',  ( 2.000000000000003109, 169.0000000000000000, -52.99999999999995026 ) ) ;
#1333 = DIRECTION ( 'NONE',  ( 1.226572154731075579E-16, 0.000000000000000000, 1.000000000000000000 ) ) ;
#1334 =( NAMED_UNIT ( * ) SI_UNIT ( $, .STERADIAN. ) SOLID_ANGLE_UNIT ( ) );
#1335 = EDGE_LOOP ( 'NONE', ( #1259, #282, #1544, #200 ) ) ;
#1336 = DIRECTION ( 'NONE',  ( -0.000000000000000000, -0.000000000000000000, -1.000000000000000000 ) ) ;
#1337 = FACE_OUTER_BOUND ( 'NONE', #291, .T. ) ;
#1338 = VERTEX_POINT ( 'NONE', #68 ) ;
#1339 = CARTESIAN_POINT ( 'NONE',  ( 147.0000000000001137, 179.0000000000000284, -101.5009999999999764 ) ) ;
#1340 = CARTESIAN_POINT ( 'NONE',  ( 190.0000000000000568, 0.000000000000000000, -78.49999999999998579 ) ) ;
#1341 = ORIENTED_EDGE ( 'NONE', *, *, #1494, .F. ) ;
#1342 = AXIS2_PLACEMENT_3D ( 'NONE', #2166, #553, #1978 ) ;
#1343 = DIRECTION ( 'NONE',  ( -1.000000000000000000, -0.000000000000000000, -0.000000000000000000 ) ) ;
#1344 = AXIS2_PLACEMENT_3D ( 'NONE', #2280, #1480, #431 ) ;
#1345 = AXIS2_PLACEMENT_3D ( 'NONE', #1138, #520, #1294 ) ;
#1346 = AXIS2_PLACEMENT_3D ( 'NONE', #437, #1507, #1872 ) ;
#1347 = CARTESIAN_POINT ( 'NONE',  ( 151.0000000000000853, 42.50000000000000000, -101.5009999999999764 ) ) ;
#1348 = EDGE_CURVE ( 'NONE', #1027, #898, #81, .T. ) ;
#1349 = AXIS2_PLACEMENT_3D ( 'NONE', #2, #1660, #256 ) ;
#1350 = ORIENTED_EDGE ( 'NONE', *, *, #584, .F. ) ;
#1351 = DIRECTION ( 'NONE',  ( -0.000000000000000000, -0.000000000000000000, -1.000000000000000000 ) ) ;
#1352 = CIRCLE ( 'NONE', #2435, 9.000000000000001776 ) ;
#1353 = AXIS2_PLACEMENT_3D ( 'NONE', #1243, #2058, #1655 ) ;
#1354 = FACE_OUTER_BOUND ( 'NONE', #1223, .T. ) ;
#1355 = ORIENTED_EDGE ( 'NONE', *, *, #2103, .T. ) ;
#1356 = CARTESIAN_POINT ( 'NONE',  ( 6.000000000000023981, 6.000000000000003553, 97.00000000000002842 ) ) ;
#1357 = ADVANCED_FACE ( 'NONE', ( #2131, #1736, #496, #1153, #1557, #1969 ), #1758, .F. ) ;
#1358 = DIRECTION ( 'NONE',  ( 0.000000000000000000, 0.000000000000000000, 1.000000000000000000 ) ) ;
#1359 = ORIENTED_EDGE ( 'NONE', *, *, #341, .T. ) ;
#1360 = DIRECTION ( 'NONE',  ( 1.000000000000000000, 0.000000000000000000, 0.000000000000000000 ) ) ;
#1361 = EDGE_CURVE ( 'NONE', #1293, #1592, #320, .T. ) ;
#1362 = ORIENTED_EDGE ( 'NONE', *, *, #1019, .F. ) ;
#1363 = EDGE_CURVE ( 'NONE', #833, #2461, #714, .T. ) ;
#1364 = CARTESIAN_POINT ( 'NONE',  ( 2.000000000000001776, 169.0000000000000000, -63.99999999999994316 ) ) ;
#1365 = CARTESIAN_POINT ( 'NONE',  ( -166.9999999999999432, 0.000000000000000000, -101.4999999999999858 ) ) ;
#1366 = ORIENTED_EDGE ( 'NONE', *, *, #169, .T. ) ;
#1367 = DIRECTION ( 'NONE',  ( 0.000000000000000000, 1.000000000000000000, 8.673617379884026597E-16 ) ) ;
#1368 = LINE ( 'NONE', #1207, #1140 ) ;
#1369 = ORIENTED_EDGE ( 'NONE', *, *, #2292, .F. ) ;
#1370 = DIRECTION ( 'NONE',  ( 1.000000000000000000, 0.000000000000000000, 0.000000000000000000 ) ) ;
#1371 = ORIENTED_EDGE ( 'NONE', *, *, #12, .T. ) ;
#1372 = DIRECTION ( 'NONE',  ( 1.000000000000000000, 0.000000000000000000, 0.000000000000000000 ) ) ;
#1373 = EDGE_CURVE ( 'NONE', #2228, #9, #1531, .T. ) ;
#1374 = DIRECTION ( 'NONE',  ( -1.226572154731075579E-16, 0.000000000000000000, -1.000000000000000000 ) ) ;
#1375 = EDGE_LOOP ( 'NONE', ( #771, #64, #1723, #904, #536, #469 ) ) ;
#1376 = CARTESIAN_POINT ( 'NONE',  ( 155.0000000000000568, 64.00000000000000000, 101.5010000000000332 ) ) ;
#1377 = EDGE_CURVE ( 'NONE', #2120, #2611, #185, .T. ) ;
#1378 = CYLINDRICAL_SURFACE ( 'NONE', #481, 22.99999999999999289 ) ;
#1379 = ORIENTED_EDGE ( 'NONE', *, *, #1718, .F. ) ;
#1380 = DIRECTION ( 'NONE',  ( -1.000000000000000000, 0.000000000000000000, 0.000000000000000000 ) ) ;
#1381 = EDGE_CURVE ( 'NONE', #1970, #2523, #1928, .T. ) ;
#1382 = DIRECTION ( 'NONE',  ( -8.673617379884026597E-16, 1.000000000000000000, 0.000000000000000000 ) ) ;
#1383 = AXIS2_PLACEMENT_3D ( 'NONE', #1267, #2087, #1370 ) ;
#1384 = CARTESIAN_POINT ( 'NONE',  ( -166.9999999999999147, 0.000000000000000000, 101.5000000000000284 ) ) ;
#1385 = AXIS2_PLACEMENT_3D ( 'NONE', #858, #217, #1460 ) ;
#1386 = AXIS2_PLACEMENT_3D ( 'NONE', #2317, #2305, #639 ) ;
#1387 = ORIENTED_EDGE ( 'NONE', *, *, #205, .T. ) ;
#1388 = CARTESIAN_POINT ( 'NONE',  ( -167.0000000000000568, 4.000000000000003553, -96.99999999999995737 ) ) ;
#1389 = VECTOR ( 'NONE', #2370, 1000.000000000000000 ) ;
#1390 = CIRCLE ( 'NONE', #1559, 2.000000000000001776 ) ;
#1391 = CARTESIAN_POINT ( 'NONE',  ( -166.9999999999999147, 199.0000000000000000, 99.00000000000002842 ) ) ;
#1392 = VERTEX_POINT ( 'NONE', #2143 ) ;
#1393 = CIRCLE ( 'NONE', #227, 10.99999999999999645 ) ;
#1394 = CIRCLE ( 'NONE', #228, 20.49999999999998934 ) ;
#1395 = CARTESIAN_POINT ( 'NONE',  ( -187.5000000000000568, 199.0000000000000000, -78.49999999999982947 ) ) ;
#1396 = CC_DESIGN_SECURITY_CLASSIFICATION ( #274, ( #2213 ) ) ;
#1397 = FACE_BOUND ( 'NONE', #1693, .T. ) ;
#1398 = ORIENTED_EDGE ( 'NONE', *, *, #1271, .F. ) ;
#1399 = CARTESIAN_POINT ( 'NONE',  ( 166.9999999999999432, 199.0000000000000000, -78.49999999999998579 ) ) ;
#1400 = EDGE_CURVE ( 'NONE', #1584, #774, #1394, .T. ) ;
#1401 = CYLINDRICAL_SURFACE ( 'NONE', #657, 1.600000000000018074 ) ;
#1402 = PERSON_AND_ORGANIZATION ( #1845, #837 ) ;
#1403 = ORIENTED_EDGE ( 'NONE', *, *, #1853, .T. ) ;
#1404 = CARTESIAN_POINT ( 'NONE',  ( 147.0000000000001421, 109.0000000000000711, 101.5000000000000284 ) ) ;
#1405 = CARTESIAN_POINT ( 'NONE',  ( 6.000000000000000000, 6.000000000000003553, -96.99999999999997158 ) ) ;
#1406 = EDGE_LOOP ( 'NONE', ( #330, #2368, #2001, #2242 ) ) ;
#1407 = DIRECTION ( 'NONE',  ( 1.000000000000000000, 0.000000000000000000, 0.000000000000000000 ) ) ;
#1408 = FACE_OUTER_BOUND ( 'NONE', #1720, .T. ) ;
#1409 = ORIENTED_EDGE ( 'NONE', *, *, #112, .T. ) ;
#1410 = FACE_OUTER_BOUND ( 'NONE', #257, .T. ) ;
#1411 = DIRECTION ( 'NONE',  ( -0.000000000000000000, -0.000000000000000000, 1.000000000000000000 ) ) ;
#1412 = EDGE_CURVE ( 'NONE', #164, #89, #1734, .T. ) ;
#1413 = APPROVAL_DATE_TIME ( #157, #820 ) ;
#1414 = ORIENTED_EDGE ( 'NONE', *, *, #461, .F. ) ;
#1415 = FACE_OUTER_BOUND ( 'NONE', #346, .T. ) ;
#1416 = ADVANCED_FACE ( 'NONE', ( #508 ), #306, .F. ) ;
#1417 = DIRECTION ( 'NONE',  ( -0.000000000000000000, -1.000000000000000000, -0.000000000000000000 ) ) ;
#1418 = EDGE_LOOP ( 'NONE', ( #1073, #384, #568, #1362 ) ) ;
#1419 = DIRECTION ( 'NONE',  ( 0.000000000000000000, 1.000000000000000000, 0.000000000000000000 ) ) ;
#1420 = CARTESIAN_POINT ( 'NONE',  ( -5.999999999999977796, 4.000000000000003553, 97.00000000000002842 ) ) ;
#1421 = ORIENTED_EDGE ( 'NONE', *, *, #740, .F. ) ;
#1422 = CYLINDRICAL_SURFACE ( 'NONE', #1770, 2.000000000000001776 ) ;
#1423 = DIRECTION ( 'NONE',  ( 1.000000000000000000, 0.000000000000000000, 8.673617379884026597E-16 ) ) ;
#1424 = ORIENTED_EDGE ( 'NONE', *, *, #1299, .F. ) ;
#1425 = VECTOR ( 'NONE', #90, 1000.000000000000000 ) ;
#1426 = DIRECTION ( 'NONE',  ( -1.000000000000000000, -0.000000000000000000, 3.535742116640631056E-16 ) ) ;
#1427 = EDGE_CURVE ( 'NONE', #1974, #654, #96, .T. ) ;
#1428 = AXIS2_PLACEMENT_3D ( 'NONE', #1827, #1437, #804 ) ;
#1429 = CYLINDRICAL_SURFACE ( 'NONE', #2347, 9.000000000000007105 ) ;
#1430 = EDGE_LOOP ( 'NONE', ( #1366, #2028, #483, #925 ) ) ;
#1431 = DIRECTION ( 'NONE',  ( 1.000000000000000000, 0.000000000000000000, -1.767871058320312323E-16 ) ) ;
#1432 = AXIS2_PLACEMENT_3D ( 'NONE', #2046, #1864, #644 ) ;
#1433 = EDGE_LOOP ( 'NONE', ( #1371, #1887, #577, #1705 ) ) ;
#1434 = CARTESIAN_POINT ( 'NONE',  ( 157.0000000000000568, 64.00000000000000000, 101.5010000000000332 ) ) ;
#1435 = CIRCLE ( 'NONE', #1144, 2.000000000000001776 ) ;
#1436 = AXIS2_PLACEMENT_3D ( 'NONE', #1404, #376, #1192 ) ;
#1437 = DIRECTION ( 'NONE',  ( -0.000000000000000000, -0.000000000000000000, 1.000000000000000000 ) ) ;
#1438 = ORIENTED_EDGE ( 'NONE', *, *, #30, .T. ) ;
#1439 = CC_DESIGN_APPROVAL ( #820, ( #1662 ) ) ;
#1440 = EDGE_LOOP ( 'NONE', ( #2047, #1816 ) ) ;
#1441 = CARTESIAN_POINT ( 'NONE',  ( -185.5000000000000568, 4.000000000000003553, -78.49999999999982947 ) ) ;
#1442 = CARTESIAN_POINT ( 'NONE',  ( 110.4000000000002188, 179.0000000000000284, 101.5000000000000284 ) ) ;
#1443 = ADVANCED_FACE ( 'NONE', ( #2171 ), #325, .F. ) ;
#1444 = VERTEX_POINT ( 'NONE', #1098 ) ;
#1445 = CARTESIAN_POINT ( 'NONE',  ( -187.5000000000000568, 6.000000000000003553, 78.49999999999988631 ) ) ;
#1446 = CARTESIAN_POINT ( 'NONE',  ( -166.9999999999999147, 199.0000000000000000, 101.5000000000000284 ) ) ;
#1447 = EDGE_LOOP ( 'NONE', ( #36, #466, #124, #412, #2099, #490, #1883, #806 ) ) ;
#1448 = CARTESIAN_POINT ( 'NONE',  ( 155.0000000000000568, 64.00000000000000000, -98.99999999999997158 ) ) ;
#1449 = DIRECTION ( 'NONE',  ( 0.000000000000000000, 1.000000000000000000, 0.000000000000000000 ) ) ;
#1450 = COORDINATED_UNIVERSAL_TIME_OFFSET ( 8, 0, .AHEAD. ) ;
#1451 = ORIENTED_EDGE ( 'NONE', *, *, #1707, .F. ) ;
#1452 = ORIENTED_EDGE ( 'NONE', *, *, #2375, .T. ) ;
#1453 = CARTESIAN_POINT ( 'NONE',  ( 6.000000000000000000, 6.000000000000005329, -96.99999999999997158 ) ) ;
#1454 = ORIENTED_EDGE ( 'NONE', *, *, #2310, .F. ) ;
#1455 = CARTESIAN_POINT ( 'NONE',  ( 155.0000000000000568, 119.0000000000000142, -98.99999999999997158 ) ) ;
#1456 = FACE_BOUND ( 'NONE', #131, .T. ) ;
#1457 = ORIENTED_EDGE ( 'NONE', *, *, #358, .T. ) ;
#1458 = DIRECTION ( 'NONE',  ( 0.000000000000000000, 0.000000000000000000, 1.000000000000000000 ) ) ;
#1459 = EDGE_CURVE ( 'NONE', #1120, #995, #1555, .T. ) ;
#1460 = DIRECTION ( 'NONE',  ( -1.000000000000000000, 0.000000000000000000, 0.000000000000000000 ) ) ;
#1461 = ORIENTED_EDGE ( 'NONE', *, *, #2225, .T. ) ;
#1462 = DIRECTION ( 'NONE',  ( 1.000000000000000000, -0.000000000000000000, -1.226572154731075579E-16 ) ) ;
#1463 = DIRECTION ( 'NONE',  ( 0.000000000000000000, 0.000000000000000000, 1.000000000000000000 ) ) ;
#1464 = ORIENTED_EDGE ( 'NONE', *, *, #169, .F. ) ;
#1465 = DIRECTION ( 'NONE',  ( 0.000000000000000000, 0.000000000000000000, 1.000000000000000000 ) ) ;
#1466 = FACE_BOUND ( 'NONE', #70, .T. ) ;
#1467 = ORIENTED_EDGE ( 'NONE', *, *, #1917, .F. ) ;
#1468 = VECTOR ( 'NONE', #75, 1000.000000000000000 ) ;
#1469 = CIRCLE ( 'NONE', #2471, 2.000000000000001776 ) ;
#1470 = DIRECTION ( 'NONE',  ( 1.000000000000000000, 0.000000000000000000, 0.000000000000000000 ) ) ;
#1471 = AXIS2_PLACEMENT_3D ( 'NONE', #2610, #762, #1579 ) ;
#1472 = CIRCLE ( 'NONE', #567, 22.99999999999999289 ) ;
#1473 = DIRECTION ( 'NONE',  ( -0.000000000000000000, -0.000000000000000000, -1.000000000000000000 ) ) ;
#1474 = VERTEX_POINT ( 'NONE', #91 ) ;
#1475 = ADVANCED_FACE ( 'NONE', ( #896 ), #2537, .F. ) ;
#1476 = DIRECTION ( 'NONE',  ( 1.000000000000000000, -0.000000000000000000, 0.000000000000000000 ) ) ;
#1477 = VECTOR ( 'NONE', #1481, 1000.000000000000000 ) ;
#1478 = AXIS2_PLACEMENT_3D ( 'NONE', #2615, #1203, #170 ) ;
#1479 = LOCAL_TIME ( 12, 42, 18.00000000000000000, #1450 ) ;
#1480 = DIRECTION ( 'NONE',  ( -1.000000000000000000, -0.000000000000000000, 3.535742116640631056E-16 ) ) ;
#1481 = DIRECTION ( 'NONE',  ( -0.000000000000000000, -0.000000000000000000, -1.000000000000000000 ) ) ;
#1482 = ORIENTED_EDGE ( 'NONE', *, *, #1542, .F. ) ;
#1483 = CARTESIAN_POINT ( 'NONE',  ( 157.0000000000000568, 64.00000000000000000, -98.99999999999997158 ) ) ;
#1484 = DIRECTION ( 'NONE',  ( 1.000000000000000000, -0.000000000000000000, -0.000000000000000000 ) ) ;
#1485 = ORIENTED_EDGE ( 'NONE', *, *, #1331, .T. ) ;
#1486 = DIRECTION ( 'NONE',  ( -0.000000000000000000, -0.000000000000000000, 1.000000000000000000 ) ) ;
#1487 = CARTESIAN_POINT ( 'NONE',  ( -167.0000000000000568, 4.000000000000003553, 97.00000000000002842 ) ) ;
#1488 = EDGE_LOOP ( 'NONE', ( #1216, #990, #1158, #2514 ) ) ;
#1489 = CARTESIAN_POINT ( 'NONE',  ( 31.00000000000000355, 169.0000000000000284, -98.99999999999997158 ) ) ;
#1490 = ADVANCED_FACE ( 'NONE', ( #610, #1796 ), #1210, .F. ) ;
#1491 = CARTESIAN_POINT ( 'NONE',  ( -166.9999999999999432, 199.0000000000000000, -78.49999999999998579 ) ) ;
#1492 = ORIENTED_EDGE ( 'NONE', *, *, #279, .F. ) ;
#1493 = CARTESIAN_POINT ( 'NONE',  ( -167.0000000000000568, 6.000000000000003553, 97.00000000000002842 ) ) ;
#1494 = EDGE_CURVE ( 'NONE', #9, #987, #373, .T. ) ;
#1495 = DIRECTION ( 'NONE',  ( -0.000000000000000000, -1.000000000000000000, -0.000000000000000000 ) ) ;
#1496 = VERTEX_POINT ( 'NONE', #2640 ) ;
#1497 = CARTESIAN_POINT ( 'NONE',  ( 77.00000000000009948, 144.0000000000000284, 99.00000000000002842 ) ) ;
#1498 = CARTESIAN_POINT ( 'NONE',  ( 4.000000000000000000, 199.0000000000001137, -99.00000000000000000 ) ) ;
#1499 = EDGE_LOOP ( 'NONE', ( #1045, #545 ) ) ;
#1500 = DIRECTION ( 'NONE',  ( -0.000000000000000000, -0.000000000000000000, 1.000000000000000000 ) ) ;
#1501 = CARTESIAN_POINT ( 'NONE',  ( 78.60000000000009379, 179.0000000000000000, -101.5009999999999764 ) ) ;
#1502 = ORIENTED_EDGE ( 'NONE', *, *, #33, .T. ) ;
#1503 = EDGE_CURVE ( 'NONE', #774, #429, #1840, .T. ) ;
#1504 = DIRECTION ( 'NONE',  ( 1.000000000000000000, 0.000000000000000000, 0.000000000000000000 ) ) ;
#1505 = DIRECTION ( 'NONE',  ( 0.000000000000000000, 0.000000000000000000, 1.000000000000000000 ) ) ;
#1506 = VERTEX_POINT ( 'NONE', #2233 ) ;
#1507 = DIRECTION ( 'NONE',  ( -0.000000000000000000, 1.000000000000000000, -0.000000000000000000 ) ) ;
#1508 = AXIS2_PLACEMENT_3D ( 'NONE', #828, #2482, #1806 ) ;
#1509 = CARTESIAN_POINT ( 'NONE',  ( -3.999999999999976019, 199.0000000000001137, 96.99999999999997158 ) ) ;
#1510 = AXIS2_PLACEMENT_3D ( 'NONE', #294, #946, #2589 ) ;
#1511 = CIRCLE ( 'NONE', #1863, 1.600000000000004086 ) ;
#1512 = ORIENTED_EDGE ( 'NONE', *, *, #1108, .T. ) ;
#1513 = CARTESIAN_POINT ( 'NONE',  ( -166.9999999999999147, 4.000000000000003553, 97.00000000000002842 ) ) ;
#1514 = VECTOR ( 'NONE', #1538, 1000.000000000000000 ) ;
#1515 = VECTOR ( 'NONE', #1, 1000.000000000000000 ) ;
#1516 = AXIS2_PLACEMENT_3D ( 'NONE', #2557, #1495, #2327 ) ;
#1517 = CIRCLE ( 'NONE', #2082, 9.000000000000001776 ) ;
#1518 = CARTESIAN_POINT ( 'NONE',  ( -6.000000000000000000, 4.000000000000003553, -96.99999999999995737 ) ) ;
#1519 = LOCAL_TIME ( 12, 42, 18.00000000000000000, #1189 ) ;
#1520 = DIRECTION ( 'NONE',  ( 0.000000000000000000, 0.000000000000000000, 1.000000000000000000 ) ) ;
#1521 = VERTEX_POINT ( 'NONE', #571 ) ;
#1522 = DIRECTION ( 'NONE',  ( 0.000000000000000000, 0.000000000000000000, 1.000000000000000000 ) ) ;
#1523 = ADVANCED_FACE ( 'NONE', ( #1786 ), #1594, .F. ) ;
#1524 = CARTESIAN_POINT ( 'NONE',  ( 77.00000000000009948, 144.0000000000000284, -101.5009999999999764 ) ) ;
#1525 = VERTEX_POINT ( 'NONE', #1611 ) ;
#1526 = CARTESIAN_POINT ( 'NONE',  ( 166.9999999999998579, 6.000000000000003553, 97.00000000000002842 ) ) ;
#1527 = EDGE_CURVE ( 'NONE', #1496, #89, #137, .T. ) ;
#1528 = DIRECTION ( 'NONE',  ( -0.000000000000000000, -0.000000000000000000, 1.000000000000000000 ) ) ;
#1529 = ORIENTED_EDGE ( 'NONE', *, *, #1527, .F. ) ;
#1530 = CARTESIAN_POINT ( 'NONE',  ( 190.0000000000000568, 0.000000000000000000, -78.49999999999998579 ) ) ;
#1531 = LINE ( 'NONE', #1543, #662 ) ;
#1532 = DIRECTION ( 'NONE',  ( 1.226572154731075579E-16, -0.000000000000000000, 1.000000000000000000 ) ) ;
#1533 = ORIENTED_EDGE ( 'NONE', *, *, #67, .F. ) ;
#1534 = LINE ( 'NONE', #1155, #1814 ) ;
#1535 = CARTESIAN_POINT ( 'NONE',  ( -189.9999999999999147, 199.0000000000000000, 78.50000000000004263 ) ) ;
#1536 = EDGE_LOOP ( 'NONE', ( #1998, #953, #1678, #1110 ) ) ;
#1537 = DIRECTION ( 'NONE',  ( 1.387778780781445676E-14, 1.000000000000000000, 0.000000000000000000 ) ) ;
#1538 = DIRECTION ( 'NONE',  ( -0.000000000000000000, -0.000000000000000000, 1.000000000000000000 ) ) ;
#1539 = VERTEX_POINT ( 'NONE', #765 ) ;
#1540 = CARTESIAN_POINT ( 'NONE',  ( -6.000000000000005329, 199.0000000000000000, -98.99999999999997158 ) ) ;
#1541 = EDGE_CURVE ( 'NONE', #237, #834, #2595, .T. ) ;
#1542 = EDGE_CURVE ( 'NONE', #2228, #1560, #352, .T. ) ;
#1543 = CARTESIAN_POINT ( 'NONE',  ( -166.9999999999999147, 6.000000000000003553, 99.00000000000002842 ) ) ;
#1544 = ORIENTED_EDGE ( 'NONE', *, *, #1427, .T. ) ;
#1545 = DIRECTION ( 'NONE',  ( -0.000000000000000000, -0.000000000000000000, 1.000000000000000000 ) ) ;
#1546 = DIRECTION ( 'NONE',  ( 1.226572154731075579E-16, -0.000000000000000000, 1.000000000000000000 ) ) ;
#1547 = VERTEX_POINT ( 'NONE', #2445 ) ;
#1548 = DIRECTION ( 'NONE',  ( -1.226572154731075579E-16, 0.000000000000000000, -1.000000000000000000 ) ) ;
#1549 = CARTESIAN_POINT ( 'NONE',  ( 75.40000000000009095, 144.0000000000000284, -101.5009999999999764 ) ) ;
#1550 = ORIENTED_EDGE ( 'NONE', *, *, #675, .F. ) ;
#1551 = VECTOR ( 'NONE', #1462, 1000.000000000000000 ) ;
#1552 = CARTESIAN_POINT ( 'NONE',  ( 6.000000000000005329, 199.0000000000000000, -98.99999999999997158 ) ) ;
#1553 = AXIS2_PLACEMENT_3D ( 'NONE', #2269, #643, #850 ) ;
#1554 = ADVANCED_FACE ( 'NONE', ( #2244 ), #1401, .F. ) ;
#1555 = CIRCLE ( 'NONE', #826, 2.000000000000001776 ) ;
#1556 = AXIS2_PLACEMENT_3D ( 'NONE', #45, #869, #2521 ) ;
#1557 = FACE_BOUND ( 'NONE', #801, .T. ) ;
#1558 = AXIS2_PLACEMENT_3D ( 'NONE', #711, #88, #903 ) ;
#1559 = AXIS2_PLACEMENT_3D ( 'NONE', #1931, #2554, #948 ) ;
#1560 = VERTEX_POINT ( 'NONE', #993 ) ;
#1561 = CARTESIAN_POINT ( 'NONE',  ( 77.00000000000009948, 144.0000000000000284, 101.5000000000000284 ) ) ;
#1562 = AXIS2_PLACEMENT_3D ( 'NONE', #2410, #1181, #349 ) ;
#1563 = CIRCLE ( 'NONE', #2210, 22.99999999999999289 ) ;
#1564 = DIRECTION ( 'NONE',  ( 1.000000000000000000, 0.000000000000000000, 0.000000000000000000 ) ) ;
#1565 = LOCAL_TIME ( 12, 42, 18.00000000000000000, #2246 ) ;
#1566 = ORIENTED_EDGE ( 'NONE', *, *, #1157, .F. ) ;
#1567 = DIRECTION ( 'NONE',  ( 0.000000000000000000, 0.000000000000000000, -1.000000000000000000 ) ) ;
#1568 = DIRECTION ( 'NONE',  ( 1.000000000000000000, 0.000000000000000000, 0.000000000000000000 ) ) ;
#1569 = ORIENTED_EDGE ( 'NONE', *, *, #1284, .F. ) ;
#1570 = CARTESIAN_POINT ( 'NONE',  ( 78.50000000000005684, 119.0000000000000142, -101.4999999999999858 ) ) ;
#1571 = EDGE_CURVE ( 'NONE', #476, #1521, #1807, .T. ) ;
#1572 = ORIENTED_EDGE ( 'NONE', *, *, #2350, .F. ) ;
#1573 = CARTESIAN_POINT ( 'NONE',  ( -166.9999999999998863, 4.000000000000003553, -98.99999999999997158 ) ) ;
#1574 = ADVANCED_FACE ( 'NONE', ( #1622 ), #981, .F. ) ;
#1575 = DIRECTION ( 'NONE',  ( -0.000000000000000000, 1.000000000000000000, -0.000000000000000000 ) ) ;
#1576 = ORIENTED_EDGE ( 'NONE', *, *, #1588, .T. ) ;
#1577 = DIRECTION ( 'NONE',  ( 0.000000000000000000, 8.673617379884027583E-16, 1.000000000000000000 ) ) ;
#1578 = EDGE_CURVE ( 'NONE', #2228, #910, #1990, .T. ) ;
#1579 = DIRECTION ( 'NONE',  ( 1.000000000000000000, 0.000000000000000000, 0.000000000000000000 ) ) ;
#1580 = ORIENTED_EDGE ( 'NONE', *, *, #881, .T. ) ;
#1581 = DIRECTION ( 'NONE',  ( -1.767871058320312570E-16, -0.000000000000000000, -1.000000000000000000 ) ) ;
#1582 = FACE_BOUND ( 'NONE', #1933, .T. ) ;
#1583 = CARTESIAN_POINT ( 'NONE',  ( 187.4999999999999432, 6.000000000000003553, -78.49999999999984368 ) ) ;
#1584 = VERTEX_POINT ( 'NONE', #2265 ) ;
#1585 = ORIENTED_EDGE ( 'NONE', *, *, #2109, .T. ) ;
#1586 = DIRECTION ( 'NONE',  ( 0.000000000000000000, 0.000000000000000000, 1.000000000000000000 ) ) ;
#1587 = CARTESIAN_POINT ( 'NONE',  ( 77.00000000000011369, 109.0000000000000000, 99.00000000000002842 ) ) ;
#1588 = EDGE_CURVE ( 'NONE', #381, #501, #264, .T. ) ;
#1589 = ORIENTED_EDGE ( 'NONE', *, *, #1041, .F. ) ;
#1590 = LINE ( 'NONE', #2216, #2295 ) ;
#1591 = CARTESIAN_POINT ( 'NONE',  ( 187.4999999999999432, 169.0000000000000000, -62.50000000000000000 ) ) ;
#1592 = VERTEX_POINT ( 'NONE', #414 ) ;
#1593 = CARTESIAN_POINT ( 'NONE',  ( 153.0000000000000568, 119.0000000000000142, 101.5010000000000332 ) ) ;
#1594 = CYLINDRICAL_SURFACE ( 'NONE', #479, 20.49999999999998934 ) ;
#1595 = ORIENTED_EDGE ( 'NONE', *, *, #1503, .F. ) ;
#1596 = VECTOR ( 'NONE', #1411, 1000.000000000000000 ) ;
#1597 = CIRCLE ( 'NONE', #1728, 2.000000000000001776 ) ;
#1598 = CARTESIAN_POINT ( 'NONE',  ( -2.000000000000001776, 169.0000000000000000, -63.99999999999994316 ) ) ;
#1599 = AXIS2_PLACEMENT_3D ( 'NONE', #1065, #2492, #1904 ) ;
#1600 = AXIS2_PLACEMENT_3D ( 'NONE', #2116, #2490, #679 ) ;
#1601 = LINE ( 'NONE', #2020, #882 ) ;
#1602 = ORIENTED_EDGE ( 'NONE', *, *, #1685, .F. ) ;
#1603 = CIRCLE ( 'NONE', #613, 2.000000000000001776 ) ;
#1604 = AXIS2_PLACEMENT_3D ( 'NONE', #405, #974, #385 ) ;
#1605 = DIRECTION ( 'NONE',  ( -1.000000000000000000, 0.000000000000000000, 0.000000000000000000 ) ) ;
#1606 = EDGE_CURVE ( 'NONE', #1592, #703, #1239, .T. ) ;
#1607 = CARTESIAN_POINT ( 'NONE',  ( -4.000000000000000000, 6.000000000000005329, -96.99999999999997158 ) ) ;
#1608 = VERTEX_POINT ( 'NONE', #206 ) ;
#1609 = DIRECTION ( 'NONE',  ( 0.000000000000000000, -0.000000000000000000, -1.000000000000000000 ) ) ;
#1610 = ADVANCED_FACE ( 'NONE', ( #1582, #2204, #362, #1188, #2003, #847, #1676, #1092, #2108, #2085, #1664 ), #2330, .F. ) ;
#1611 = CARTESIAN_POINT ( 'NONE',  ( 21.99999999999998934, 169.0000000000000284, -101.4999999999999858 ) ) ;
#1612 = SHAPE_DEFINITION_REPRESENTATION ( #1242, #2007 ) ;
#1613 = VERTEX_POINT ( 'NONE', #2126 ) ;
#1614 = EDGE_CURVE ( 'NONE', #995, #2005, #1852, .T. ) ;
#1615 = CARTESIAN_POINT ( 'NONE',  ( -5.999999999999976019, 6.000000000000003553, 97.00000000000002842 ) ) ;
#1616 = DIRECTION ( 'NONE',  ( 0.000000000000000000, 1.000000000000000000, 0.000000000000000000 ) ) ;
#1617 = ORIENTED_EDGE ( 'NONE', *, *, #2118, .F. ) ;
#1618 = CARTESIAN_POINT ( 'NONE',  ( -167.0000000000000568, 4.000000000000003553, 78.50000000000002842 ) ) ;
#1619 = LINE ( 'NONE', #2023, #13 ) ;
#1620 = ORIENTED_EDGE ( 'NONE', *, *, #1041, .T. ) ;
#1621 = CARTESIAN_POINT ( 'NONE',  ( 77.00000000000011369, 109.0000000000000000, -101.5009999999999764 ) ) ;
#1622 = FACE_OUTER_BOUND ( 'NONE', #2439, .T. ) ;
#1623 = EDGE_CURVE ( 'NONE', #834, #1525, #1053, .T. ) ;
#1624 = CALENDAR_DATE ( 2026, 27, 2 ) ;
#1625 = ORIENTED_EDGE ( 'NONE', *, *, #1771, .F. ) ;
#1626 = ADVANCED_FACE ( 'NONE', ( #1250 ), #1691, .F. ) ;
#1627 = DIRECTION ( 'NONE',  ( -1.577021341797097807E-16, 0.000000000000000000, -1.000000000000000000 ) ) ;
#1628 = FACE_BOUND ( 'NONE', #634, .T. ) ;
#1629 = VERTEX_POINT ( 'NONE', #2496 ) ;
#1630 = DIRECTION ( 'NONE',  ( 0.000000000000000000, 0.000000000000000000, -1.000000000000000000 ) ) ;
#1631 = LINE ( 'NONE', #1021, #444 ) ;
#1632 = ORIENTED_EDGE ( 'NONE', *, *, #1202, .F. ) ;
#1633 = DIRECTION ( 'NONE',  ( 1.000000000000000000, -0.000000000000000000, -1.226572154731075579E-16 ) ) ;
#1634 = EDGE_CURVE ( 'NONE', #219, #1756, #562, .T. ) ;
#1635 = CARTESIAN_POINT ( 'NONE',  ( -167.0000000000000568, 4.000000000000003553, -78.49999999999998579 ) ) ;
#1636 = ORIENTED_EDGE ( 'NONE', *, *, #1139, .T. ) ;
#1637 = EDGE_LOOP ( 'NONE', ( #1899, #940, #1088 ) ) ;
#1638 = ADVANCED_FACE ( 'NONE', ( #46 ), #1038, .F. ) ;
#1639 = VECTOR ( 'NONE', #2415, 1000.000000000000000 ) ;
#1640 = VECTOR ( 'NONE', #642, 1000.000000000000000 ) ;
#1641 = DIRECTION ( 'NONE',  ( -1.226572154731075579E-16, 0.000000000000000000, -1.000000000000000000 ) ) ;
#1642 = FACE_OUTER_BOUND ( 'NONE', #983, .T. ) ;
#1643 = ORIENTED_EDGE ( 'NONE', *, *, #295, .T. ) ;
#1644 = DIRECTION ( 'NONE',  ( 0.000000000000000000, 1.000000000000000000, 0.000000000000000000 ) ) ;
#1645 = CIRCLE ( 'NONE', #224, 2.000000000000001776 ) ;
#1646 = AXIS2_PLACEMENT_3D ( 'NONE', #1356, #1934, #87 ) ;
#1647 = CARTESIAN_POINT ( 'NONE',  ( -6.000000000000000000, 199.0000000000001137, -96.99999999999997158 ) ) ;
#1648 = CIRCLE ( 'NONE', #529, 9.000000000000001776 ) ;
#1649 = ORIENTED_EDGE ( 'NONE', *, *, #488, .T. ) ;
#1650 = CARTESIAN_POINT ( 'NONE',  ( -189.9999999999999432, 199.0000000000000000, -78.49999999999998579 ) ) ;
#1651 = LINE ( 'NONE', #1281, #221 ) ;
#1652 = DATE_AND_TIME ( #1624, #1479 ) ;
#1653 = EDGE_LOOP ( 'NONE', ( #511, #549 ) ) ;
#1654 = VERTEX_POINT ( 'NONE', #6 ) ;
#1655 = DIRECTION ( 'NONE',  ( 1.387778780781444413E-14, 0.000000000000000000, -1.000000000000000000 ) ) ;
#1656 = DIRECTION ( 'NONE',  ( -0.000000000000000000, -6.938893903907221278E-15, -1.000000000000000000 ) ) ;
#1657 = EDGE_LOOP ( 'NONE', ( #1649, #1275, #2328, #1762 ) ) ;
#1658 = EDGE_CURVE ( 'NONE', #2579, #1608, #1950, .T. ) ;
#1659 = DIRECTION ( 'NONE',  ( -1.000000000000000000, -0.000000000000000000, 1.226572154731075579E-16 ) ) ;
#1660 = DIRECTION ( 'NONE',  ( 0.000000000000000000, 1.000000000000000000, 0.000000000000000000 ) ) ;
#1661 = EDGE_LOOP ( 'NONE', ( #2565, #2652, #1788, #1454, #2282, #1995, #311, #1919 ) ) ;
#1662 = PRODUCT_DEFINITION ( 'æœ', '', #2213, #1113 ) ;
#1663 = CARTESIAN_POINT ( 'NONE',  ( 167.0000000000000568, 199.0000000000000000, -78.49999999999998579 ) ) ;
#1664 = FACE_OUTER_BOUND ( 'NONE', #1842, .T. ) ;
#1665 = ORIENTED_EDGE ( 'NONE', *, *, #1787, .F. ) ;
#1666 = FACE_OUTER_BOUND ( 'NONE', #1008, .T. ) ;
#1667 = DIRECTION ( 'NONE',  ( 0.000000000000000000, 1.000000000000000000, 0.000000000000000000 ) ) ;
#1668 = CYLINDRICAL_SURFACE ( 'NONE', #359, 2.500000000000002220 ) ;
#1669 = ORIENTED_EDGE ( 'NONE', *, *, #1235, .F. ) ;
#1670 = DIRECTION ( 'NONE',  ( 0.000000000000000000, 0.000000000000000000, -1.000000000000000000 ) ) ;
#1671 = EDGE_CURVE ( 'NONE', #860, #2060, #1769, .T. ) ;
#1672 = DIRECTION ( 'NONE',  ( 0.000000000000000000, 1.000000000000000000, 0.000000000000000000 ) ) ;
#1673 = ADVANCED_FACE ( 'NONE', ( #1265 ), #605, .T. ) ;
#1674 = ORIENTED_EDGE ( 'NONE', *, *, #1212, .F. ) ;
#1675 = DIRECTION ( 'NONE',  ( 0.000000000000000000, 0.000000000000000000, -1.000000000000000000 ) ) ;
#1676 = FACE_BOUND ( 'NONE', #2211, .T. ) ;
#1677 = EDGE_LOOP ( 'NONE', ( #1665, #1452, #416, #2219 ) ) ;
#1678 = ORIENTED_EDGE ( 'NONE', *, *, #2388, .T. ) ;
#1679 = CARTESIAN_POINT ( 'NONE',  ( 167.0000000000000853, 199.0000000000000000, 101.5000000000000284 ) ) ;
#1680 = LINE ( 'NONE', #2513, #705 ) ;
#1681 = ORIENTED_EDGE ( 'NONE', *, *, #722, .F. ) ;
#1682 = CARTESIAN_POINT ( 'NONE',  ( 166.9999999999999432, 6.000000000000003553, -78.49999999999998579 ) ) ;
#1683 = VECTOR ( 'NONE', #109, 1000.000000000000000 ) ;
#1684 = DIRECTION ( 'NONE',  ( 0.000000000000000000, -0.000000000000000000, -1.000000000000000000 ) ) ;
#1685 = EDGE_CURVE ( 'NONE', #1608, #2614, #1651, .T. ) ;
#1686 = ORIENTED_EDGE ( 'NONE', *, *, #2553, .T. ) ;
#1687 = DIRECTION ( 'NONE',  ( -1.000000000000000000, 0.000000000000000000, 1.767871058320312323E-16 ) ) ;
#1688 = EDGE_CURVE ( 'NONE', #2132, #1293, #920, .T. ) ;
#1689 = VECTOR ( 'NONE', #2094, 1000.000000000000000 ) ;
#1690 = AXIS2_PLACEMENT_3D ( 'NONE', #742, #704, #1504 ) ;
#1691 = CYLINDRICAL_SURFACE ( 'NONE', #2511, 2.000000000000001776 ) ;
#1692 = EDGE_LOOP ( 'NONE', ( #1625, #335, #1211, #2173 ) ) ;
#1693 = EDGE_LOOP ( 'NONE', ( #777, #2582 ) ) ;
#1694 = CIRCLE ( 'NONE', #103, 1.600000000000018074 ) ;
#1695 = AXIS2_PLACEMENT_3D ( 'NONE', #2377, #1717, #686 ) ;
#1696 = EDGE_CURVE ( 'NONE', #501, #381, #783, .T. ) ;
#1697 = DIRECTION ( 'NONE',  ( 0.000000000000000000, 1.000000000000000000, 0.000000000000000000 ) ) ;
#1698 = CARTESIAN_POINT ( 'NONE',  ( -166.9999999999998863, 4.000000000000003553, -98.99999999999997158 ) ) ;
#1699 = ORIENTED_EDGE ( 'NONE', *, *, #881, .F. ) ;
#1700 = LINE ( 'NONE', #842, #787 ) ;
#1701 = DIRECTION ( 'NONE',  ( -0.000000000000000000, 1.000000000000000000, -0.000000000000000000 ) ) ;
#1702 = ORIENTED_EDGE ( 'NONE', *, *, #1201, .F. ) ;
#1703 = LINE ( 'NONE', #2329, #97 ) ;
#1704 = DIRECTION ( 'NONE',  ( 1.000000000000000000, 0.000000000000000000, 0.000000000000000000 ) ) ;
#1705 = ORIENTED_EDGE ( 'NONE', *, *, #1623, .F. ) ;
#1706 = DIRECTION ( 'NONE',  ( -1.000000000000000000, 0.000000000000000000, 0.000000000000000000 ) ) ;
#1707 = EDGE_CURVE ( 'NONE', #868, #1525, #2429, .T. ) ;
#1708 = DIRECTION ( 'NONE',  ( -1.000000000000000000, -0.000000000000000000, -0.000000000000000000 ) ) ;
#1709 = ORIENTED_EDGE ( 'NONE', *, *, #1363, .T. ) ;
#1710 = CARTESIAN_POINT ( 'NONE',  ( -166.9999999999999147, 199.0000000000000000, 101.5000000000000284 ) ) ;
#1711 = CARTESIAN_POINT ( 'NONE',  ( 80.50000000000005684, 64.00000000000000000, -101.4999999999999858 ) ) ;
#1712 = ORIENTED_EDGE ( 'NONE', *, *, #1459, .T. ) ;
#1713 = FACE_OUTER_BOUND ( 'NONE', #1794, .T. ) ;
#1714 = CARTESIAN_POINT ( 'NONE',  ( 166.9999999999998295, 4.000000000000003553, -98.99999999999997158 ) ) ;
#1715 = ORIENTED_EDGE ( 'NONE', *, *, #655, .F. ) ;
#1716 = CARTESIAN_POINT ( 'NONE',  ( 77.00000000000011369, 109.0000000000000000, 101.5000000000000284 ) ) ;
#1717 = DIRECTION ( 'NONE',  ( -0.000000000000000000, -0.000000000000000000, 1.000000000000000000 ) ) ;
#1718 = EDGE_CURVE ( 'NONE', #40, #910, #872, .T. ) ;
#1719 = LINE ( 'NONE', #1384, #615 ) ;
#1720 = EDGE_LOOP ( 'NONE', ( #192, #211, #158, #148 ) ) ;
#1721 = CARTESIAN_POINT ( 'NONE',  ( 155.0000000000000568, 64.00000000000000000, 101.5010000000000332 ) ) ;
#1722 = DIRECTION ( 'NONE',  ( -0.000000000000000000, -1.000000000000000000, -0.000000000000000000 ) ) ;
#1723 = ORIENTED_EDGE ( 'NONE', *, *, #2473, .T. ) ;
#1724 = CARTESIAN_POINT ( 'NONE',  ( 145.4000000000001478, 109.0000000000000711, -101.5009999999999764 ) ) ;
#1725 = CIRCLE ( 'NONE', #265, 1.600000000000004086 ) ;
#1726 = CARTESIAN_POINT ( 'NONE',  ( 147.0000000000001421, 109.0000000000000711, -101.5009999999999764 ) ) ;
#1727 = AXIS2_PLACEMENT_3D ( 'NONE', #1347, #468, #283 ) ;
#1728 = AXIS2_PLACEMENT_3D ( 'NONE', #515, #1367, #331 ) ;
#1729 = ORIENTED_EDGE ( 'NONE', *, *, #2397, .F. ) ;
#1730 = LINE ( 'NONE', #2190, #1808 ) ;
#1731 = TOROIDAL_SURFACE ( 'NONE', #1954, 18.49999999999998934, 2.000000000000000000 ) ;
#1732 = AXIS2_PLACEMENT_3D ( 'NONE', #1618, #1419, #389 ) ;
#1733 = CIRCLE ( 'NONE', #324, 2.000000000000001776 ) ;
#1734 = CIRCLE ( 'NONE', #1345, 18.49999999999998934 ) ;
#1735 = EDGE_CURVE ( 'NONE', #1925, #2398, #671, .T. ) ;
#1736 = FACE_BOUND ( 'NONE', #1891, .T. ) ;
#1737 = ORIENTED_EDGE ( 'NONE', *, *, #2062, .T. ) ;
#1738 = EDGE_CURVE ( 'NONE', #898, #2449, #1260, .T. ) ;
#1739 = CARTESIAN_POINT ( 'NONE',  ( 155.0000000000000568, 119.0000000000000142, 101.5010000000000332 ) ) ;
#1740 = LINE ( 'NONE', #2381, #661 ) ;
#1741 = EDGE_CURVE ( 'NONE', #168, #459, #2294, .T. ) ;
#1742 = ORIENTED_EDGE ( 'NONE', *, *, #687, .F. ) ;
#1743 = DIRECTION ( 'NONE',  ( -1.000000000000000000, 0.000000000000000000, 1.226572154731075579E-16 ) ) ;
#1744 = DIRECTION ( 'NONE',  ( 1.000000000000000000, 0.000000000000000000, 0.000000000000000000 ) ) ;
#1745 = EDGE_CURVE ( 'NONE', #2579, #1809, #733, .T. ) ;
#1746 = ORIENTED_EDGE ( 'NONE', *, *, #2185, .T. ) ;
#1747 = CARTESIAN_POINT ( 'NONE',  ( 145.4000000000001194, 143.9999999999997158, 101.5000000000000284 ) ) ;
#1748 = DIRECTION ( 'NONE',  ( 0.000000000000000000, 0.000000000000000000, 1.000000000000000000 ) ) ;
#1749 = VERTEX_POINT ( 'NONE', #1935 ) ;
#1750 = CARTESIAN_POINT ( 'NONE',  ( 111.9999999999997442, 109.0000000000000142, 101.5000000000000284 ) ) ;
#1751 = FACE_OUTER_BOUND ( 'NONE', #1661, .T. ) ;
#1752 = EDGE_LOOP ( 'NONE', ( #1983, #504, #1205, #2239 ) ) ;
#1753 = DIRECTION ( 'NONE',  ( -0.000000000000000000, -0.000000000000000000, 1.000000000000000000 ) ) ;
#1754 = ADVANCED_FACE ( 'NONE', ( #2178 ), #332, .F. ) ;
#1755 = CARTESIAN_POINT ( 'NONE',  ( 145.4000000000001194, 179.0000000000000284, -101.5009999999999764 ) ) ;
#1756 = VERTEX_POINT ( 'NONE', #2373 ) ;
#1757 = LINE ( 'NONE', #2390, #2380 ) ;
#1758 = PLANE ( 'NONE',  #50 ) ;
#1759 = ORIENTED_EDGE ( 'NONE', *, *, #799, .F. ) ;
#1760 = DIRECTION ( 'NONE',  ( 0.000000000000000000, 0.000000000000000000, 1.000000000000000000 ) ) ;
#1761 = CARTESIAN_POINT ( 'NONE',  ( 167.0000000000000853, 0.000000000000000000, 78.50000000000004263 ) ) ;
#1762 = ORIENTED_EDGE ( 'NONE', *, *, #1735, .F. ) ;
#1763 = CARTESIAN_POINT ( 'NONE',  ( -166.9999999999999147, 199.0000000000000000, 101.5000000000000284 ) ) ;
#1764 = FACE_OUTER_BOUND ( 'NONE', #861, .T. ) ;
#1765 = ORIENTED_EDGE ( 'NONE', *, *, #938, .T. ) ;
#1766 = ADVANCED_FACE ( 'NONE', ( #1764 ), #724, .T. ) ;
#1767 = AXIS2_PLACEMENT_3D ( 'NONE', #1332, #736, #2376 ) ;
#1768 = CARTESIAN_POINT ( 'NONE',  ( 78.50000000000005684, 64.00000000000000000, -101.4999999999999858 ) ) ;
#1769 = CIRCLE ( 'NONE', #1385, 2.000000000000001776 ) ;
#1770 = AXIS2_PLACEMENT_3D ( 'NONE', #775, #413, #1238 ) ;
#1771 = EDGE_CURVE ( 'NONE', #1749, #1321, #877, .T. ) ;
#1772 = AXIS2_PLACEMENT_3D ( 'NONE', #1647, #1672, #451 ) ;
#1773 = VECTOR ( 'NONE', #915, 1000.000000000000000 ) ;
#1774 = AXIS2_PLACEMENT_3D ( 'NONE', #273, #1105, #1921 ) ;
#1775 = CIRCLE ( 'NONE', #1141, 8.999999999999994671 ) ;
#1776 = VERTEX_POINT ( 'NONE', #1509 ) ;
#1777 = CARTESIAN_POINT ( 'NONE',  ( 157.0000000000000568, 64.00000000000000000, -101.4999999999999858 ) ) ;
#1778 = AXIS2_PLACEMENT_3D ( 'NONE', #1876, #2100, #1272 ) ;
#1779 = DIRECTION ( 'NONE',  ( 0.000000000000000000, -0.000000000000000000, -1.000000000000000000 ) ) ;
#1780 = ORIENTED_EDGE ( 'NONE', *, *, #142, .T. ) ;
#1781 = DIRECTION ( 'NONE',  ( 1.226572154731075579E-16, 0.000000000000000000, 1.000000000000000000 ) ) ;
#1782 = CARTESIAN_POINT ( 'NONE',  ( -6.000000000000000000, 6.000000000000005329, -99.00000000000000000 ) ) ;
#1783 = ORIENTED_EDGE ( 'NONE', *, *, #361, .T. ) ;
#1784 = CARTESIAN_POINT ( 'NONE',  ( 40.00000000000002132, 169.0000000000000284, -98.99999999999997158 ) ) ;
#1785 = EDGE_CURVE ( 'NONE', #29, #207, #2137, .T. ) ;
#1786 = FACE_OUTER_BOUND ( 'NONE', #2111, .T. ) ;
#1787 = EDGE_CURVE ( 'NONE', #2477, #454, #516, .T. ) ;
#1788 = ORIENTED_EDGE ( 'NONE', *, *, #1033, .F. ) ;
#1789 = FACE_BOUND ( 'NONE', #1026, .T. ) ;
#1790 = DIRECTION ( 'NONE',  ( 0.000000000000000000, -0.000000000000000000, -1.000000000000000000 ) ) ;
#1791 = ORIENTED_EDGE ( 'NONE', *, *, #1771, .T. ) ;
#1792 = DIRECTION ( 'NONE',  ( -1.000000000000000000, -0.000000000000000000, 1.226572154731075579E-16 ) ) ;
#1793 = CARTESIAN_POINT ( 'NONE',  ( 4.000000000000000000, 199.0000000000001137, -96.99999999999997158 ) ) ;
#1794 = EDGE_LOOP ( 'NONE', ( #420, #1914, #1387, #449 ) ) ;
#1795 = DIRECTION ( 'NONE',  ( 0.000000000000000000, 0.000000000000000000, -1.000000000000000000 ) ) ;
#1796 = FACE_OUTER_BOUND ( 'NONE', #1315, .T. ) ;
#1797 = DATE_AND_TIME ( #805, #108 ) ;
#1798 = ORIENTED_EDGE ( 'NONE', *, *, #2105, .F. ) ;
#1799 = DIRECTION ( 'NONE',  ( 0.000000000000000000, 1.000000000000000000, 0.000000000000000000 ) ) ;
#1800 = EDGE_CURVE ( 'NONE', #1496, #128, #2363, .T. ) ;
#1801 = FACE_OUTER_BOUND ( 'NONE', #1283, .T. ) ;
#1802 = EDGE_LOOP ( 'NONE', ( #1341, #1069, #1709, #581 ) ) ;
#1803 = LINE ( 'NONE', #988, #1261 ) ;
#1804 = DIRECTION ( 'NONE',  ( 1.000000000000000000, 0.000000000000000000, 0.000000000000000000 ) ) ;
#1805 = VERTEX_POINT ( 'NONE', #1160 ) ;
#1806 = DIRECTION ( 'NONE',  ( 0.000000000000000000, 0.000000000000000000, -1.000000000000000000 ) ) ;
#1807 = LINE ( 'NONE', #583, #1596 ) ;
#1808 = VECTOR ( 'NONE', #323, 1000.000000000000000 ) ;
#1809 = VERTEX_POINT ( 'NONE', #2564 ) ;
#1810 = AXIS2_PLACEMENT_3D ( 'NONE', #1895, #1687, #464 ) ;
#1811 = AXIS2_PLACEMENT_3D ( 'NONE', #1068, #892, #427 ) ;
#1812 = FACE_BOUND ( 'NONE', #1653, .T. ) ;
#1813 = AXIS2_PLACEMENT_3D ( 'NONE', #824, #637, #690 ) ;
#1814 = VECTOR ( 'NONE', #336, 1000.000000000000000 ) ;
#1815 = CARTESIAN_POINT ( 'NONE',  ( 2.000000000000001776, 169.0000000000000000, -63.99999999999994316 ) ) ;
#1816 = ORIENTED_EDGE ( 'NONE', *, *, #2109, .F. ) ;
#1817 = CIRCLE ( 'NONE', #1516, 20.49999999999998934 ) ;
#1818 = VECTOR ( 'NONE', #51, 1000.000000000000000 ) ;
#1819 = FACE_OUTER_BOUND ( 'NONE', #1177, .T. ) ;
#1820 = ADVANCED_FACE ( 'NONE', ( #117 ), #693, .F. ) ;
#1821 = LOCAL_TIME ( 12, 42, 18.00000000000000000, #2222 ) ;
#1822 = EDGE_CURVE ( 'NONE', #763, #1229, #747, .T. ) ;
#1823 = DIRECTION ( 'NONE',  ( -0.000000000000000000, -0.000000000000000000, 1.000000000000000000 ) ) ;
#1824 = ORIENTED_EDGE ( 'NONE', *, *, #114, .F. ) ;
#1825 = FACE_OUTER_BOUND ( 'NONE', #234, .T. ) ;
#1826 = EDGE_CURVE ( 'NONE', #1444, #2160, #302, .T. ) ;
#1827 = CARTESIAN_POINT ( 'NONE',  ( 112.0000000000002132, 179.0000000000000284, -101.5009999999999764 ) ) ;
#1828 = APPROVAL_STATUS ( 'not_yet_approved' ) ;
#1829 = ORIENTED_EDGE ( 'NONE', *, *, #2667, .T. ) ;
#1830 = EDGE_CURVE ( 'NONE', #343, #219, #1329, .T. ) ;
#1831 = DIRECTION ( 'NONE',  ( 0.000000000000000000, 1.000000000000000000, -6.938893903907228378E-15 ) ) ;
#1832 = LINE ( 'NONE', #199, #1956 ) ;
#1833 = ORIENTED_EDGE ( 'NONE', *, *, #2616, .T. ) ;
#1834 = CARTESIAN_POINT ( 'NONE',  ( -167.0000000000000568, 6.000000000000003553, -96.99999999999995737 ) ) ;
#1835 = ADVANCED_FACE ( 'NONE', ( #105 ), #1949, .F. ) ;
#1836 = CYLINDRICAL_SURFACE ( 'NONE', #2597, 1.600000000000004086 ) ;
#1837 = ORIENTED_EDGE ( 'NONE', *, *, #1318, .T. ) ;
#1838 = CARTESIAN_POINT ( 'NONE',  ( 148.6000000000001080, 109.0000000000000711, 99.00000000000002842 ) ) ;
#1839 = EDGE_CURVE ( 'NONE', #2449, #343, #532, .T. ) ;
#1840 = LINE ( 'NONE', #2664, #2470 ) ;
#1841 = APPROVAL_DATE_TIME ( #994, #2459 ) ;
#1842 = EDGE_LOOP ( 'NONE', ( #367, #392, #2304, #1894 ) ) ;
#1843 = EDGE_LOOP ( 'NONE', ( #1151, #73, #573, #2552 ) ) ;
#1844 = CARTESIAN_POINT ( 'NONE',  ( -167.0000000000000568, 4.000000000000003553, 78.50000000000002842 ) ) ;
#1845 = PERSON ( 'æœª', 'æœª', 'æœª', ('æœª'), ('æœª'), ('æœª') ) ;
#1846 = CARTESIAN_POINT ( 'NONE',  ( 166.9999999999998295, 4.000000000000003553, 97.00000000000002842 ) ) ;
#1847 = EDGE_LOOP ( 'NONE', ( #154, #1712, #1082, #86, #1824, #2271, #1595, #725 ) ) ;
#1848 = LINE ( 'NONE', #1234, #1515 ) ;
#1849 = DIRECTION ( 'NONE',  ( -1.000000000000000000, -0.000000000000000000, -0.000000000000000000 ) ) ;
#1850 = ORIENTED_EDGE ( 'NONE', *, *, #1800, .T. ) ;
#1851 = DIRECTION ( 'NONE',  ( 1.000000000000000000, 0.000000000000000000, 0.000000000000000000 ) ) ;
#1852 = LINE ( 'NONE', #1498, #313 ) ;
#1853 = EDGE_CURVE ( 'NONE', #2160, #141, #183, .T. ) ;
#1854 = PERSON_AND_ORGANIZATION_ROLE ( 'creator' ) ;
#1855 = ORIENTED_EDGE ( 'NONE', *, *, #2524, .F. ) ;
#1856 = ORIENTED_EDGE ( 'NONE', *, *, #30, .F. ) ;
#1857 = AXIS2_PLACEMENT_3D ( 'NONE', #1448, #2276, #2264 ) ;
#1858 = ADVANCED_FACE ( 'NONE', ( #1966 ), #542, .F. ) ;
#1859 = VECTOR ( 'NONE', #802, 1000.000000000000000 ) ;
#1860 = DIRECTION ( 'NONE',  ( -8.673617379884035472E-16, -1.000000000000000000, 0.000000000000000000 ) ) ;
#1861 = AXIS2_PLACEMENT_3D ( 'NONE', #1198, #2466, #2613 ) ;
#1862 = EDGE_CURVE ( 'NONE', #2611, #339, #1368, .T. ) ;
#1863 = AXIS2_PLACEMENT_3D ( 'NONE', #2048, #977, #2037 ) ;
#1864 = DIRECTION ( 'NONE',  ( 0.000000000000000000, 1.000000000000000000, 0.000000000000000000 ) ) ;
#1865 = VERTEX_POINT ( 'NONE', #2634 ) ;
#1866 = FACE_OUTER_BOUND ( 'NONE', #32, .T. ) ;
#1867 = CIRCLE ( 'NONE', #225, 20.49999999999998934 ) ;
#1868 = FACE_OUTER_BOUND ( 'NONE', #2191, .T. ) ;
#1869 = AXIS2_PLACEMENT_3D ( 'NONE', #1453, #1656, #851 ) ;
#1870 = CIRCLE ( 'NONE', #883, 10.99999999999999645 ) ;
#1871 = EDGE_LOOP ( 'NONE', ( #1699, #1124, #1632, #674 ) ) ;
#1872 = DIRECTION ( 'NONE',  ( 0.000000000000000000, 0.000000000000000000, 1.000000000000000000 ) ) ;
#1873 = DIRECTION ( 'NONE',  ( 0.000000000000000000, 0.000000000000000000, -1.000000000000000000 ) ) ;
#1874 = EDGE_LOOP ( 'NONE', ( #1359, #2371, #728, #556 ) ) ;
#1875 = EDGE_LOOP ( 'NONE', ( #720, #2468, #1042, #2585 ) ) ;
#1876 = CARTESIAN_POINT ( 'NONE',  ( -3.999999999999995559, 169.0000000000000000, -63.99999999999994316 ) ) ;
#1877 = ADVANCED_FACE ( 'NONE', ( #2218 ), #1836, .F. ) ;
#1878 = DIRECTION ( 'NONE',  ( -1.502117663214683681E-32, 1.000000000000000000, -1.224646799147353207E-16 ) ) ;
#1879 = MANIFOLD_SOLID_BREP ( 'ÇÐ³ý-À­Éì7', #2467 ) ;
#1880 = VERTEX_POINT ( 'NONE', #2451 ) ;
#1881 = CARTESIAN_POINT ( 'NONE',  ( 31.00000000000000355, 169.0000000000000284, -101.4999999999999858 ) ) ;
#1882 = FACE_BOUND ( 'NONE', #2235, .T. ) ;
#1883 = ORIENTED_EDGE ( 'NONE', *, *, #470, .T. ) ;
#1884 = DIRECTION ( 'NONE',  ( 0.000000000000000000, -0.000000000000000000, -1.000000000000000000 ) ) ;
#1885 = DIRECTION ( 'NONE',  ( 0.000000000000000000, -0.000000000000000000, -1.000000000000000000 ) ) ;
#1886 = EDGE_LOOP ( 'NONE', ( #1409, #645, #1798, #2504 ) ) ;
#1887 = ORIENTED_EDGE ( 'NONE', *, *, #2650, .T. ) ;
#1888 = LINE ( 'NONE', #2669, #2478 ) ;
#1889 = DIRECTION ( 'NONE',  ( 1.000000000000000000, 0.000000000000000000, 0.000000000000000000 ) ) ;
#1890 = ADVANCED_FACE ( 'NONE', ( #1185 ), #2651, .F. ) ;
#1891 = EDGE_LOOP ( 'NONE', ( #1240, #2501 ) ) ;
#1892 = FACE_OUTER_BOUND ( 'NONE', #1657, .T. ) ;
#1893 = FACE_BOUND ( 'NONE', #83, .T. ) ;
#1894 = ORIENTED_EDGE ( 'NONE', *, *, #2273, .T. ) ;
#1895 = CARTESIAN_POINT ( 'NONE',  ( 190.0000000000000568, 199.0000000000000000, -78.49999999999998579 ) ) ;
#1896 = DIRECTION ( 'NONE',  ( 0.000000000000000000, 1.000000000000000000, -0.000000000000000000 ) ) ;
#1897 = CC_DESIGN_PERSON_AND_ORGANIZATION_ASSIGNMENT ( #972, #296, ( #2495 ) ) ;
#1898 = VERTEX_POINT ( 'NONE', #1591 ) ;
#1899 = ORIENTED_EDGE ( 'NONE', *, *, #648, .T. ) ;
#1900 = CARTESIAN_POINT ( 'NONE',  ( 166.9999999999998295, 6.000000000000003553, 99.00000000000002842 ) ) ;
#1901 = CARTESIAN_POINT ( 'NONE',  ( 166.9999999999999432, 4.000000000000003553, -78.49999999999998579 ) ) ;
#1902 = ORIENTED_EDGE ( 'NONE', *, *, #2553, .F. ) ;
#1903 = FACE_OUTER_BOUND ( 'NONE', #1488, .T. ) ;
#1904 = DIRECTION ( 'NONE',  ( -1.000000000000000000, 8.673617379884035472E-16, 0.000000000000000000 ) ) ;
#1905 = ORIENTED_EDGE ( 'NONE', *, *, #2322, .F. ) ;
#1906 = VECTOR ( 'NONE', #156, 1000.000000000000000 ) ;
#1907 = CIRCLE ( 'NONE', #314, 1.599999999999990319 ) ;
#1908 = DIRECTION ( 'NONE',  ( -3.535742116640631056E-16, 0.000000000000000000, -1.000000000000000000 ) ) ;
#1909 = EDGE_CURVE ( 'NONE', #812, #979, #1645, .T. ) ;
#1910 = AXIS2_PLACEMENT_3D ( 'NONE', #1924, #942, #1976 ) ;
#1911 = AXIS2_PLACEMENT_3D ( 'NONE', #244, #2061, #471 ) ;
#1912 = DIRECTION ( 'NONE',  ( 0.000000000000000000, 0.000000000000000000, -1.000000000000000000 ) ) ;
#1913 = ORIENTED_EDGE ( 'NONE', *, *, #2616, .F. ) ;
#1914 = ORIENTED_EDGE ( 'NONE', *, *, #120, .T. ) ;
#1915 = AXIS2_PLACEMENT_3D ( 'NONE', #1587, #2658, #2500 ) ;
#1916 = VECTOR ( 'NONE', #160, 1000.000000000000000 ) ;
#1917 = EDGE_CURVE ( 'NONE', #40, #9, #139, .T. ) ;
#1918 = CARTESIAN_POINT ( 'NONE',  ( 6.000000000000023981, 199.0000000000000000, 97.00000000000002842 ) ) ;
#1919 = ORIENTED_EDGE ( 'NONE', *, *, #1830, .F. ) ;
#1920 = DIRECTION ( 'NONE',  ( 1.577021341797097807E-16, 0.000000000000000000, 1.000000000000000000 ) ) ;
#1921 = DIRECTION ( 'NONE',  ( -1.000000000000000000, 0.000000000000000000, 0.000000000000000000 ) ) ;
#1922 = ORIENTED_EDGE ( 'NONE', *, *, #1295, .T. ) ;
#1923 = DIRECTION ( 'NONE',  ( 0.000000000000000000, -0.000000000000000000, -1.000000000000000000 ) ) ;
#1924 = CARTESIAN_POINT ( 'NONE',  ( -190.0009999999999764, 169.0000000000000000, -63.99999999999991473 ) ) ;
#1925 = VERTEX_POINT ( 'NONE', #811 ) ;
#1926 = EDGE_CURVE ( 'NONE', #1880, #1974, #1631, .T. ) ;
#1927 = LINE ( 'NONE', #2498, #1640 ) ;
#1928 = LINE ( 'NONE', #1501, #2563 ) ;
#1929 = CARTESIAN_POINT ( 'NONE',  ( 148.6000000000000796, 179.0000000000000284, 101.5000000000000284 ) ) ;
#1930 = VERTEX_POINT ( 'NONE', #2463 ) ;
#1931 = CARTESIAN_POINT ( 'NONE',  ( 6.000000000000005329, 199.0000000000000000, -96.99999999999997158 ) ) ;
#1932 = CARTESIAN_POINT ( 'NONE',  ( 76.50000000000005684, 119.0000000000000142, -98.99999999999997158 ) ) ;
#1933 = EDGE_LOOP ( 'NONE', ( #2528, #285 ) ) ;
#1934 = DIRECTION ( 'NONE',  ( -0.000000000000000000, -0.000000000000000000, -1.000000000000000000 ) ) ;
#1935 = CARTESIAN_POINT ( 'NONE',  ( -6.000000000000000000, 6.000000000000003553, -98.99999999999997158 ) ) ;
#1936 = EDGE_LOOP ( 'NONE', ( #1063, #2540, #2267, #1833 ) ) ;
#1937 = CARTESIAN_POINT ( 'NONE',  ( 111.9999999999997442, 109.0000000000000142, -101.5009999999999764 ) ) ;
#1938 = DIRECTION ( 'NONE',  ( -1.000000000000000000, -0.000000000000000000, -0.000000000000000000 ) ) ;
#1939 = EDGE_CURVE ( 'NONE', #494, #597, #959, .T. ) ;
#1940 = LINE ( 'NONE', #715, #2396 ) ;
#1941 = VERTEX_POINT ( 'NONE', #580 ) ;
#1942 = CARTESIAN_POINT ( 'NONE',  ( -167.0000000000000568, 6.000000000000003553, 78.50000000000002842 ) ) ;
#1943 = EDGE_CURVE ( 'NONE', #1865, #763, #1619, .T. ) ;
#1944 = AXIS2_PLACEMENT_3D ( 'NONE', #478, #467, #26 ) ;
#1945 = CARTESIAN_POINT ( 'NONE',  ( -167.0000000000000568, 6.000000000000003553, 78.50000000000002842 ) ) ;
#1946 = EDGE_LOOP ( 'NONE', ( #2012, #1054 ) ) ;
#1947 = DIRECTION ( 'NONE',  ( 1.000000000000000000, 0.000000000000000000, 0.000000000000000000 ) ) ;
#1948 = CIRCLE ( 'NONE', #779, 1.600000000000004086 ) ;
#1949 = CYLINDRICAL_SURFACE ( 'NONE', #1307, 2.500000000000002220 ) ;
#1950 = CIRCLE ( 'NONE', #2555, 1.599999999999990319 ) ;
#1951 = AXIS2_PLACEMENT_3D ( 'NONE', #2136, #116, #2161 ) ;
#1952 = ORIENTED_EDGE ( 'NONE', *, *, #1939, .T. ) ;
#1953 = DIRECTION ( 'NONE',  ( 1.000000000000000000, 0.000000000000000000, 0.000000000000000000 ) ) ;
#1954 = AXIS2_PLACEMENT_3D ( 'NONE', #913, #315, #287 ) ;
#1955 = CIRCLE ( 'NONE', #14, 2.000000000000001776 ) ;
#1956 = VECTOR ( 'NONE', #448, 1000.000000000000000 ) ;
#1957 = CIRCLE ( 'NONE', #570, 2.000000000000000000 ) ;
#1958 = DIRECTION ( 'NONE',  ( 0.000000000000000000, 1.000000000000000000, 0.000000000000000000 ) ) ;
#1959 = CIRCLE ( 'NONE', #2438, 1.600000000000018074 ) ;
#1960 = ORIENTED_EDGE ( 'NONE', *, *, #510, .F. ) ;
#1961 = ADVANCED_FACE ( 'NONE', ( #1397, #1408 ), #2230, .F. ) ;
#1962 = CARTESIAN_POINT ( 'NONE',  ( 78.60000000000010800, 109.0000000000000000, -101.5009999999999764 ) ) ;
#1963 = CARTESIAN_POINT ( 'NONE',  ( -4.000000000000000000, 6.000000000000005329, -99.00000000000000000 ) ) ;
#1964 = VERTEX_POINT ( 'NONE', #1607 ) ;
#1965 = DIRECTION ( 'NONE',  ( -1.000000000000000000, 0.000000000000000000, 0.000000000000000000 ) ) ;
#1966 = FACE_OUTER_BOUND ( 'NONE', #543, .T. ) ;
#1967 = ORIENTED_EDGE ( 'NONE', *, *, #2184, .T. ) ;
#1968 = CARTESIAN_POINT ( 'NONE',  ( -3.999999999999996447, 169.0000000000000000, -52.99999999999995026 ) ) ;
#1969 = FACE_OUTER_BOUND ( 'NONE', #1886, .T. ) ;
#1970 = VERTEX_POINT ( 'NONE', #175 ) ;
#1971 = CYLINDRICAL_SURFACE ( 'NONE', #748, 2.000000000000001776 ) ;
#1972 = ADVANCED_FACE ( 'NONE', ( #1004 ), #1378, .T. ) ;
#1973 = FACE_OUTER_BOUND ( 'NONE', #533, .T. ) ;
#1974 = VERTEX_POINT ( 'NONE', #342 ) ;
#1975 = DIRECTION ( 'NONE',  ( 0.000000000000000000, 0.000000000000000000, -1.000000000000000000 ) ) ;
#1976 = DIRECTION ( 'NONE',  ( 0.000000000000000000, 0.000000000000000000, -1.000000000000000000 ) ) ;
#1977 = VERTEX_POINT ( 'NONE', #353 ) ;
#1978 = DIRECTION ( 'NONE',  ( 2.437074932104003301E-14, 0.000000000000000000, 1.000000000000000000 ) ) ;
#1979 = ADVANCED_FACE ( 'NONE', ( #1986 ), #2000, .F. ) ;
#1980 = VERTEX_POINT ( 'NONE', #989 ) ;
#1981 = DIRECTION ( 'NONE',  ( -1.000000000000000000, 0.000000000000000000, -0.000000000000000000 ) ) ;
#1982 = DIRECTION ( 'NONE',  ( 1.445602896647338917E-16, 0.000000000000000000, 1.000000000000000000 ) ) ;
#1983 = ORIENTED_EDGE ( 'NONE', *, *, #1212, .T. ) ;
#1984 = CARTESIAN_POINT ( 'NONE',  ( 31.00000000000000355, 169.0000000000000284, 101.5010000000000332 ) ) ;
#1985 = CIRCLE ( 'NONE', #5, 22.99999999999999289 ) ;
#1986 = FACE_OUTER_BOUND ( 'NONE', #678, .T. ) ;
#1987 = ORIENTED_EDGE ( 'NONE', *, *, #1696, .T. ) ;
#1988 = DIRECTION ( 'NONE',  ( 0.000000000000000000, -6.938893903907227589E-15, -1.000000000000000000 ) ) ;
#1989 = ADVANCED_FACE ( 'NONE', ( #2038 ), #191, .F. ) ;
#1990 = CIRCLE ( 'NONE', #2340, 2.000000000000001776 ) ;
#1991 = CARTESIAN_POINT ( 'NONE',  ( 80.50000000000005684, 119.0000000000000142, -98.99999999999997158 ) ) ;
#1992 = AXIS2_PLACEMENT_3D ( 'NONE', #1076, #1684, #233 ) ;
#1993 = CIRCLE ( 'NONE', #2122, 2.000000000000001776 ) ;
#1994 = CIRCLE ( 'NONE', #964, 20.50000000000000355 ) ;
#1995 = ORIENTED_EDGE ( 'NONE', *, *, #112, .F. ) ;
#1996 = PLANE ( 'NONE',  #404 ) ;
#1997 = CARTESIAN_POINT ( 'NONE',  ( -5.999999999999977796, 199.0000000000000000, 97.00000000000002842 ) ) ;
#1998 = ORIENTED_EDGE ( 'NONE', *, *, #908, .F. ) ;
#1999 = CARTESIAN_POINT ( 'NONE',  ( -185.5000000000000568, 6.000000000000003553, 78.50000000000002842 ) ) ;
#2000 = CYLINDRICAL_SURFACE ( 'NONE', #2643, 2.000000000000000000 ) ;
#2001 = ORIENTED_EDGE ( 'NONE', *, *, #1571, .T. ) ;
#2002 = LINE ( 'NONE', #1650, #2114 ) ;
#2003 = FACE_BOUND ( 'NONE', #37, .T. ) ;
#2004 = EDGE_CURVE ( 'NONE', #987, #2176, #153, .T. ) ;
#2005 = VERTEX_POINT ( 'NONE', #1793 ) ;
#2006 = DIRECTION ( 'NONE',  ( 1.000000000000000000, 0.000000000000000000, -1.226572154731075579E-16 ) ) ;
#2007 = ADVANCED_BREP_SHAPE_REPRESENTATION ( '\X2\7f384f53\X0\', ( #1879, #2604 ), #1103 ) ;
#2008 = DIRECTION ( 'NONE',  ( -1.000000000000000000, 0.000000000000000000, 0.000000000000000000 ) ) ;
#2009 = ORIENTED_EDGE ( 'NONE', *, *, #2650, .F. ) ;
#2010 = DIRECTION ( 'NONE',  ( -0.000000000000000000, 1.000000000000000000, -0.000000000000000000 ) ) ;
#2011 = DIRECTION ( 'NONE',  ( 1.000000000000000000, 0.000000000000000000, 0.000000000000000000 ) ) ;
#2012 = ORIENTED_EDGE ( 'NONE', *, *, #393, .F. ) ;
#2013 = CARTESIAN_POINT ( 'NONE',  ( 77.00000000000009948, 144.0000000000000284, 99.00000000000002842 ) ) ;
#2014 = DIRECTION ( 'NONE',  ( -3.535742116640631549E-16, -0.000000000000000000, -1.000000000000000000 ) ) ;
#2015 = PERSON_AND_ORGANIZATION ( #1845, #837 ) ;
#2016 = ORIENTED_EDGE ( 'NONE', *, *, #866, .F. ) ;
#2017 = EDGE_CURVE ( 'NONE', #2382, #1229, #2622, .T. ) ;
#2018 = DIRECTION ( 'NONE',  ( -1.226572154731075579E-16, 0.000000000000000000, -1.000000000000000000 ) ) ;
#2019 = ADVANCED_FACE ( 'NONE', ( #888, #2301, #1466, #1882, #1893, #411, #1034, #1456, #245, #2262, #2284 ), #21, .F. ) ;
#2020 = CARTESIAN_POINT ( 'NONE',  ( 4.000000000000000000, 199.0000000000001137, -96.99999999999997158 ) ) ;
#2021 = ORIENTED_EDGE ( 'NONE', *, *, #1541, .F. ) ;
#2022 = CARTESIAN_POINT ( 'NONE',  ( 110.3999999999997641, 109.0000000000000142, 101.5000000000000284 ) ) ;
#2023 = CARTESIAN_POINT ( 'NONE',  ( 110.3999999999997641, 109.0000000000000142, -101.5009999999999764 ) ) ;
#2024 = VERTEX_POINT ( 'NONE', #2063 ) ;
#2025 = CARTESIAN_POINT ( 'NONE',  ( 80.50000000000005684, 119.0000000000000142, -101.4999999999999858 ) ) ;
#2026 = CARTESIAN_POINT ( 'NONE',  ( 31.00000000000000355, 169.0000000000000284, -98.99999999999997158 ) ) ;
#2027 = CIRCLE ( 'NONE', #49, 2.000000000000000000 ) ;
#2028 = ORIENTED_EDGE ( 'NONE', *, *, #2473, .F. ) ;
#2029 = VECTOR ( 'NONE', #1333, 1000.000000000000000 ) ;
#2030 = AXIS2_PLACEMENT_3D ( 'NONE', #1726, #280, #752 ) ;
#2031 = DIRECTION ( 'NONE',  ( -0.000000000000000000, -1.000000000000000000, -0.000000000000000000 ) ) ;
#2032 = AXIS2_PLACEMENT_3D ( 'NONE', #290, #503, #1122 ) ;
#2033 = FACE_OUTER_BOUND ( 'NONE', #1692, .T. ) ;
#2034 = ADVANCED_FACE ( 'NONE', ( #855 ), #2480, .F. ) ;
#2035 = ORIENTED_EDGE ( 'NONE', *, *, #723, .T. ) ;
#2036 = AXIS2_PLACEMENT_3D ( 'NONE', #1016, #1779, #986 ) ;
#2037 = DIRECTION ( 'NONE',  ( 1.000000000000000000, 0.000000000000000000, 0.000000000000000000 ) ) ;
#2038 = FACE_OUTER_BOUND ( 'NONE', #604, .T. ) ;
#2039 = VERTEX_POINT ( 'NONE', #624 ) ;
#2040 = LINE ( 'NONE', #1434, #133 ) ;
#2041 = DIRECTION ( 'NONE',  ( 0.000000000000000000, -0.000000000000000000, -1.000000000000000000 ) ) ;
#2042 = PERSON_AND_ORGANIZATION ( #1845, #837 ) ;
#2043 = ORIENTED_EDGE ( 'NONE', *, *, #2455, .T. ) ;
#2044 = ORIENTED_EDGE ( 'NONE', *, *, #1381, .T. ) ;
#2045 = CARTESIAN_POINT ( 'NONE',  ( 113.5999999999997101, 109.0000000000000142, 101.5000000000000284 ) ) ;
#2046 = CARTESIAN_POINT ( 'NONE',  ( 167.0000000000000853, 199.0000000000000000, 78.50000000000004263 ) ) ;
#2047 = ORIENTED_EDGE ( 'NONE', *, *, #859, .F. ) ;
#2048 = CARTESIAN_POINT ( 'NONE',  ( 77.00000000000009948, 179.0000000000000000, 101.5000000000000284 ) ) ;
#2049 = EDGE_CURVE ( 'NONE', #2382, #1865, #1097, .T. ) ;
#2050 = PLANE ( 'NONE',  #1349 ) ;
#2051 = ORIENTED_EDGE ( 'NONE', *, *, #1826, .T. ) ;
#2052 = CARTESIAN_POINT ( 'NONE',  ( 190.0000000000000853, 0.000000000000000000, 78.50000000000004263 ) ) ;
#2053 = ADVANCED_FACE ( 'NONE', ( #2503 ), #435, .F. ) ;
#2054 = DIRECTION ( 'NONE',  ( -0.000000000000000000, 1.000000000000000000, -0.000000000000000000 ) ) ;
#2055 = CALENDAR_DATE ( 2026, 27, 2 ) ;
#2056 = EDGE_LOOP ( 'NONE', ( #1193, #1729 ) ) ;
#2057 = ORIENTED_EDGE ( 'NONE', *, *, #327, .F. ) ;
#2058 = DIRECTION ( 'NONE',  ( 1.000000000000000000, 0.000000000000000000, 1.387778780781434947E-14 ) ) ;
#2059 = CARTESIAN_POINT ( 'NONE',  ( -187.5000000000000568, 199.0000000000000000, 78.49999999999988631 ) ) ;
#2060 = VERTEX_POINT ( 'NONE', #1258 ) ;
#2061 = DIRECTION ( 'NONE',  ( 0.000000000000000000, 0.000000000000000000, 1.000000000000000000 ) ) ;
#2062 = EDGE_CURVE ( 'NONE', #2648, #433, #100, .T. ) ;
#2063 = CARTESIAN_POINT ( 'NONE',  ( 113.6000000000002075, 179.0000000000000284, 99.00000000000002842 ) ) ;
#2064 = ORIENTED_EDGE ( 'NONE', *, *, #1741, .F. ) ;
#2065 = CARTESIAN_POINT ( 'NONE',  ( 187.4999999999999432, 199.0000000000000000, -78.49999999999984368 ) ) ;
#2066 = DIRECTION ( 'NONE',  ( 0.000000000000000000, 0.000000000000000000, 1.000000000000000000 ) ) ;
#2067 = ORIENTED_EDGE ( 'NONE', *, *, #794, .T. ) ;
#2068 = EDGE_CURVE ( 'NONE', #433, #1496, #2517, .T. ) ;
#2069 = ORIENTED_EDGE ( 'NONE', *, *, #803, .T. ) ;
#2070 = ADVANCED_FACE ( 'NONE', ( #667 ), #2315, .F. ) ;
#2071 = AXIS2_PLACEMENT_3D ( 'NONE', #1135, #2180, #2566 ) ;
#2072 = CIRCLE ( 'NONE', #697, 1.600000000000004086 ) ;
#2073 = CYLINDRICAL_SURFACE ( 'NONE', #2645, 2.000000000000001776 ) ;
#2074 = AXIS2_PLACEMENT_3D ( 'NONE', #628, #1885, #1704 ) ;
#2075 = CIRCLE ( 'NONE', #2512, 1.599999999999990319 ) ;
#2076 = CARTESIAN_POINT ( 'NONE',  ( 153.0000000000000568, 119.0000000000000142, -98.99999999999997158 ) ) ;
#2077 = ORIENTED_EDGE ( 'NONE', *, *, #2602, .F. ) ;
#2078 = CARTESIAN_POINT ( 'NONE',  ( 21.99999999999998934, 169.0000000000000284, -98.99999999999997158 ) ) ;
#2079 = VECTOR ( 'NONE', #41, 1000.000000000000000 ) ;
#2080 = CARTESIAN_POINT ( 'NONE',  ( -2.000000000000001776, 169.0000000000000000, -63.99999999999994316 ) ) ;
#2081 = AXIS2_PLACEMENT_3D ( 'NONE', #1945, #1156, #489 ) ;
#2082 = AXIS2_PLACEMENT_3D ( 'NONE', #599, #1426, #758 ) ;
#2083 = EDGE_LOOP ( 'NONE', ( #498, #1424 ) ) ;
#2084 = FACE_OUTER_BOUND ( 'NONE', #1875, .T. ) ;
#2085 = FACE_BOUND ( 'NONE', #2266, .T. ) ;
#2086 = ORIENTED_EDGE ( 'NONE', *, *, #1058, .F. ) ;
#2087 = DIRECTION ( 'NONE',  ( 0.000000000000000000, 0.000000000000000000, 1.000000000000000000 ) ) ;
#2088 = ADVANCED_FACE ( 'NONE', ( #1288 ), #1179, .T. ) ;
#2089 = DIRECTION ( 'NONE',  ( 0.000000000000000000, 0.000000000000000000, 1.000000000000000000 ) ) ;
#2090 = DIRECTION ( 'NONE',  ( 0.000000000000000000, 1.000000000000000000, 0.000000000000000000 ) ) ;
#2091 = ORIENTED_EDGE ( 'NONE', *, *, #1614, .F. ) ;
#2092 = CARTESIAN_POINT ( 'NONE',  ( -190.0010000000000332, 169.0000000000000000, -44.49999999999992184 ) ) ;
#2093 = ADVANCED_FACE ( 'NONE', ( #1868 ), #2050, .T. ) ;
#2094 = DIRECTION ( 'NONE',  ( -0.000000000000000000, -0.000000000000000000, 1.000000000000000000 ) ) ;
#2095 = ORIENTED_EDGE ( 'NONE', *, *, #617, .T. ) ;
#2096 = FACE_OUTER_BOUND ( 'NONE', #893, .T. ) ;
#2097 = DIRECTION ( 'NONE',  ( -1.000000000000000000, 0.000000000000000000, 0.000000000000000000 ) ) ;
#2098 = ORIENTED_EDGE ( 'NONE', *, *, #866, .T. ) ;
#2099 = ORIENTED_EDGE ( 'NONE', *, *, #1224, .T. ) ;
#2100 = DIRECTION ( 'NONE',  ( 1.000000000000000000, 0.000000000000000000, -1.226572154731075579E-16 ) ) ;
#2101 = DIRECTION ( 'NONE',  ( -0.000000000000000000, -0.000000000000000000, 1.000000000000000000 ) ) ;
#2102 = ORIENTED_EDGE ( 'NONE', *, *, #1318, .F. ) ;
#2103 = EDGE_CURVE ( 'NONE', #433, #1613, #1051, .T. ) ;
#2104 = CYLINDRICAL_SURFACE ( 'NONE', #1600, 22.99999999999999289 ) ;
#2105 = EDGE_CURVE ( 'NONE', #1289, #1237, #58, .T. ) ;
#2106 = EDGE_LOOP ( 'NONE', ( #1014, #1512, #2044, #2035 ) ) ;
#2107 = CARTESIAN_POINT ( 'NONE',  ( 6.000000000000023981, 6.000000000000003553, 97.00000000000002842 ) ) ;
#2108 = FACE_BOUND ( 'NONE', #845, .T. ) ;
#2109 = EDGE_CURVE ( 'NONE', #454, #1539, #566, .T. ) ;
#2110 = ORIENTED_EDGE ( 'NONE', *, *, #2455, .F. ) ;
#2111 = EDGE_LOOP ( 'NONE', ( #1142, #1241, #1829, #825 ) ) ;
#2112 = CARTESIAN_POINT ( 'NONE',  ( -166.9999999999998863, 4.000000000000003553, -98.99999999999997158 ) ) ;
#2113 = LINE ( 'NONE', #1698, #2261 ) ;
#2114 = VECTOR ( 'NONE', #2653, 1000.000000000000000 ) ;
#2115 = ORIENTED_EDGE ( 'NONE', *, *, #1738, .F. ) ;
#2116 = CARTESIAN_POINT ( 'NONE',  ( 167.0000000000000853, 199.0000000000000000, 78.50000000000004263 ) ) ;
#2117 = VECTOR ( 'NONE', #2533, 1000.000000000000000 ) ;
#2118 = EDGE_CURVE ( 'NONE', #208, #433, #1326, .T. ) ;
#2119 = CYLINDRICAL_SURFACE ( 'NONE', #1774, 2.000000000000001776 ) ;
#2120 = VERTEX_POINT ( 'NONE', #1932 ) ;
#2121 = VECTOR ( 'NONE', #2596, 1000.000000000000000 ) ;
#2122 = AXIS2_PLACEMENT_3D ( 'NONE', #1148, #1567, #2383 ) ;
#2123 = CARTESIAN_POINT ( 'NONE',  ( -3.999999999999976019, 199.0000000000001137, 97.00000000000002842 ) ) ;
#2124 = CIRCLE ( 'NONE', #319, 1.599999999999976552 ) ;
#2125 = CIRCLE ( 'NONE', #2475, 1.600000000000004086 ) ;
#2126 = CARTESIAN_POINT ( 'NONE',  ( 4.000000000000000000, 6.000000000000005329, -96.99999999999997158 ) ) ;
#2127 = EDGE_LOOP ( 'NONE', ( #1759, #99 ) ) ;
#2128 = CARTESIAN_POINT ( 'NONE',  ( 4.000000000000005329, 169.0000000000000000, -52.99999999999995026 ) ) ;
#2129 = CC_DESIGN_APPROVAL ( #2459, ( #274 ) ) ;
#2130 = AXIS2_PLACEMENT_3D ( 'NONE', #226, #209, #2526 ) ;
#2131 = FACE_BOUND ( 'NONE', #162, .T. ) ;
#2132 = VERTEX_POINT ( 'NONE', #299 ) ;
#2133 = DIRECTION ( 'NONE',  ( 0.000000000000000000, 0.000000000000000000, 1.000000000000000000 ) ) ;
#2134 = DIRECTION ( 'NONE',  ( 0.000000000000000000, -0.000000000000000000, -1.000000000000000000 ) ) ;
#2135 = ORIENTED_EDGE ( 'NONE', *, *, #410, .T. ) ;
#2136 = CARTESIAN_POINT ( 'NONE',  ( 4.000000000000000000, 199.0000000000001137, -99.00000000000000000 ) ) ;
#2137 = LINE ( 'NONE', #1132, #1514 ) ;
#2138 = EDGE_LOOP ( 'NONE', ( #875, #2297, #1585, #1855 ) ) ;
#2139 = ORIENTED_EDGE ( 'NONE', *, *, #1036, .F. ) ;
#2140 = ADVANCED_FACE ( 'NONE', ( #329 ), #1731, .F. ) ;
#2141 = ADVANCED_FACE ( 'NONE', ( #1751 ), #949, .F. ) ;
#2142 = ADVANCED_FACE ( 'NONE', ( #1973 ), #500, .F. ) ;
#2143 = CARTESIAN_POINT ( 'NONE',  ( 190.0000000000000568, 169.0000000000000000, -62.50000000000000000 ) ) ;
#2144 = MECHANICAL_CONTEXT ( 'NONE', #480, 'mechanical' ) ;
#2145 = EDGE_LOOP ( 'NONE', ( #781, #1580, #1457, #77 ) ) ;
#2146 = DIRECTION ( 'NONE',  ( 0.000000000000000000, -0.000000000000000000, 1.000000000000000000 ) ) ;
#2147 = CARTESIAN_POINT ( 'NONE',  ( 6.000000000000005329, 4.000000000000003553, -98.99999999999997158 ) ) ;
#2148 = VERTEX_POINT ( 'NONE', #1711 ) ;
#2149 = FACE_OUTER_BOUND ( 'NONE', #2181, .T. ) ;
#2150 = DIRECTION ( 'NONE',  ( -1.767871058320312570E-16, -0.000000000000000000, -1.000000000000000000 ) ) ;
#2151 = ORIENTED_EDGE ( 'NONE', *, *, #1578, .T. ) ;
#2152 = CARTESIAN_POINT ( 'NONE',  ( 185.4999999999999432, 4.000000000000003553, -78.49999999999984368 ) ) ;
#2153 = ADVANCED_FACE ( 'NONE', ( #1337 ), #2299, .F. ) ;
#2154 = DIRECTION ( 'NONE',  ( -0.000000000000000000, -0.000000000000000000, -1.000000000000000000 ) ) ;
#2155 = DIRECTION ( 'NONE',  ( -0.000000000000000000, -0.000000000000000000, -1.000000000000000000 ) ) ;
#2156 = ORIENTED_EDGE ( 'NONE', *, *, #345, .T. ) ;
#2157 = DIRECTION ( 'NONE',  ( -1.000000000000000000, 0.000000000000000000, 0.000000000000000000 ) ) ;
#2158 = CIRCLE ( 'NONE', #1944, 1.599999999999990319 ) ;
#2159 = CARTESIAN_POINT ( 'NONE',  ( -5.999999999999977796, 6.000000000000003553, 99.00000000000002842 ) ) ;
#2160 = VERTEX_POINT ( 'NONE', #2341 ) ;
#2161 = DIRECTION ( 'NONE',  ( 1.226572154731075579E-16, 0.000000000000000000, 1.000000000000000000 ) ) ;
#2162 = CARTESIAN_POINT ( 'NONE',  ( 77.00000000000009948, 144.0000000000000284, 101.5000000000000284 ) ) ;
#2163 = AXIS2_PLACEMENT_3D ( 'NONE', #2522, #1873, #2097 ) ;
#2164 = AXIS2_PLACEMENT_3D ( 'NONE', #1526, #732, #1537 ) ;
#2165 = ORIENTED_EDGE ( 'NONE', *, *, #1822, .F. ) ;
#2166 = CARTESIAN_POINT ( 'NONE',  ( 167.0000000000000000, 6.000000000000003553, 78.50000000000004263 ) ) ;
#2167 = AXIS2_PLACEMENT_3D ( 'NONE', #43, #1087, #647 ) ;
#2168 = CIRCLE ( 'NONE', #701, 1.599999999999976552 ) ;
#2169 = VECTOR ( 'NONE', #1374, 1000.000000000000000 ) ;
#2170 = AXIS2_PLACEMENT_3D ( 'NONE', #998, #2606, #1213 ) ;
#2171 = FACE_OUTER_BOUND ( 'NONE', #1154, .T. ) ;
#2172 = ADVANCED_FACE ( 'NONE', ( #900 ), #680, .F. ) ;
#2173 = ORIENTED_EDGE ( 'NONE', *, *, #1277, .F. ) ;
#2174 = DIRECTION ( 'NONE',  ( 0.000000000000000000, 1.000000000000000000, 0.000000000000000000 ) ) ;
#2175 = CARTESIAN_POINT ( 'NONE',  ( 187.5000000000000000, 4.000000000000003553, 78.49999999999988631 ) ) ;
#2176 = VERTEX_POINT ( 'NONE', #2572 ) ;
#2177 = DIRECTION ( 'NONE',  ( -0.000000000000000000, -0.000000000000000000, 1.000000000000000000 ) ) ;
#2178 = FACE_OUTER_BOUND ( 'NONE', #1255, .T. ) ;
#2179 = ORIENTED_EDGE ( 'NONE', *, *, #12, .F. ) ;
#2180 = DIRECTION ( 'NONE',  ( 0.000000000000000000, 0.000000000000000000, 1.000000000000000000 ) ) ;
#2181 = EDGE_LOOP ( 'NONE', ( #303, #1266, #281, #1602 ) ) ;
#2182 = CARTESIAN_POINT ( 'NONE',  ( -185.5000000000000568, 4.000000000000003553, 78.50000000000002842 ) ) ;
#2183 = CARTESIAN_POINT ( 'NONE',  ( 112.0000000000002132, 179.0000000000000284, 99.00000000000002842 ) ) ;
#2184 = EDGE_CURVE ( 'NONE', #2418, #1133, #1314, .T. ) ;
#2185 = EDGE_CURVE ( 'NONE', #1865, #2382, #2124, .T. ) ;
#2186 = ORIENTED_EDGE ( 'NONE', *, *, #908, .T. ) ;
#2187 = CARTESIAN_POINT ( 'NONE',  ( 153.0000000000000568, 119.0000000000000142, -101.4999999999999858 ) ) ;
#2188 = DIRECTION ( 'NONE',  ( 0.000000000000000000, 0.000000000000000000, 1.000000000000000000 ) ) ;
#2189 = ORIENTED_EDGE ( 'NONE', *, *, #1033, .T. ) ;
#2190 = CARTESIAN_POINT ( 'NONE',  ( 78.60000000000009379, 144.0000000000000284, -101.5009999999999764 ) ) ;
#2191 = EDGE_LOOP ( 'NONE', ( #2623, #2405, #767, #1320, #2351, #1324 ) ) ;
#2192 = FACE_OUTER_BOUND ( 'NONE', #1031, .T. ) ;
#2193 = LINE ( 'NONE', #1391, #447 ) ;
#2194 = EDGE_LOOP ( 'NONE', ( #452, #1569, #1292, #2077 ) ) ;
#2195 = DIRECTION ( 'NONE',  ( 0.000000000000000000, 1.000000000000000000, -8.673617379884026597E-16 ) ) ;
#2196 = EDGE_CURVE ( 'NONE', #1592, #262, #1817, .T. ) ;
#2197 = CIRCLE ( 'NONE', #2071, 2.500000000000002220 ) ;
#2198 = DIRECTION ( 'NONE',  ( 0.000000000000000000, 0.000000000000000000, -1.000000000000000000 ) ) ;
#2199 = EDGE_LOOP ( 'NONE', ( #2605, #2186, #122, #428 ) ) ;
#2200 = CIRCLE ( 'NONE', #2427, 2.000000000000001776 ) ;
#2201 = DIRECTION ( 'NONE',  ( 1.000000000000000000, -0.000000000000000000, -1.226572154731075579E-16 ) ) ;
#2202 = AXIS2_PLACEMENT_3D ( 'NONE', #236, #1896, #1912 ) ;
#2203 = VECTOR ( 'NONE', #2177, 1000.000000000000000 ) ;
#2204 = FACE_BOUND ( 'NONE', #2278, .T. ) ;
#2205 = CARTESIAN_POINT ( 'NONE',  ( -167.0000000000000568, 199.0000000000000000, -78.49999999999998579 ) ) ;
#2206 = ORIENTED_EDGE ( 'NONE', *, *, #740, .T. ) ;
#2207 = AXIS2_PLACEMENT_3D ( 'NONE', #2425, #391, #2188 ) ;
#2208 = AXIS2_PLACEMENT_3D ( 'NONE', #1364, #298, #524 ) ;
#2209 = CIRCLE ( 'NONE', #2036, 1.599999999999990319 ) ;
#2210 = AXIS2_PLACEMENT_3D ( 'NONE', #1491, #1667, #2499 ) ;
#2211 = EDGE_LOOP ( 'NONE', ( #1414, #2457 ) ) ;
#2212 = FACE_BOUND ( 'NONE', #668, .T. ) ;
#2213 = PRODUCT_DEFINITION_FORMATION_WITH_SPECIFIED_SOURCE ( 'ä»', '', #2495, .NOT_KNOWN. ) ;
#2214 = DIRECTION ( 'NONE',  ( 0.000000000000000000, 0.000000000000000000, 1.000000000000000000 ) ) ;
#2215 = ORIENTED_EDGE ( 'NONE', *, *, #756, .T. ) ;
#2216 = CARTESIAN_POINT ( 'NONE',  ( 187.4999999999999432, 4.000000000000003553, -78.49999999999984368 ) ) ;
#2217 = EDGE_CURVE ( 'NONE', #1964, #1560, #2581, .T. ) ;
#2218 = FACE_OUTER_BOUND ( 'NONE', #1874, .T. ) ;
#2219 = ORIENTED_EDGE ( 'NONE', *, *, #859, .T. ) ;
#2220 = DIRECTION ( 'NONE',  ( 1.000000000000000000, 0.000000000000000000, 0.000000000000000000 ) ) ;
#2221 = DIRECTION ( 'NONE',  ( 1.000000000000000000, 0.000000000000000000, 0.000000000000000000 ) ) ;
#2222 = COORDINATED_UNIVERSAL_TIME_OFFSET ( 8, 0, .AHEAD. ) ;
#2223 = ORIENTED_EDGE ( 'NONE', *, *, #279, .T. ) ;
#2224 = ADVANCED_FACE ( 'NONE', ( #113 ), #1298, .F. ) ;
#2225 = EDGE_CURVE ( 'NONE', #2421, #774, #98, .T. ) ;
#2226 = CYLINDRICAL_SURFACE ( 'NONE', #1604, 2.000000000000001776 ) ;
#2227 = DIRECTION ( 'NONE',  ( 8.673617379884027583E-16, 0.000000000000000000, 1.000000000000000000 ) ) ;
#2228 = VERTEX_POINT ( 'NONE', #2159 ) ;
#2229 = DIRECTION ( 'NONE',  ( -1.000000000000000000, 0.000000000000000000, 0.000000000000000000 ) ) ;
#2230 = PLANE ( 'NONE',  #1005 ) ;
#2231 = ORIENTED_EDGE ( 'NONE', *, *, #1800, .F. ) ;
#2232 = DIRECTION ( 'NONE',  ( 1.000000000000000000, 0.000000000000000000, 0.000000000000000000 ) ) ;
#2233 = CARTESIAN_POINT ( 'NONE',  ( 78.60000000000009379, 144.0000000000000284, 99.00000000000002842 ) ) ;
#2234 = PERSON_AND_ORGANIZATION ( #1845, #837 ) ;
#2235 = EDGE_LOOP ( 'NONE', ( #691, #1040 ) ) ;
#2236 = EDGE_CURVE ( 'NONE', #1305, #1338, #1740, .T. ) ;
#2237 = CARTESIAN_POINT ( 'NONE',  ( 4.000000000000023981, 6.000000000000005329, 97.00000000000002842 ) ) ;
#2238 = LINE ( 'NONE', #745, #1010 ) ;
#2239 = ORIENTED_EDGE ( 'NONE', *, *, #1571, .F. ) ;
#2240 = DIRECTION ( 'NONE',  ( 0.000000000000000000, 1.000000000000000000, 0.000000000000000000 ) ) ;
#2241 = DIRECTION ( 'NONE',  ( -1.000000000000000000, 0.000000000000000000, 0.000000000000000000 ) ) ;
#2242 = ORIENTED_EDGE ( 'NONE', *, *, #1235, .T. ) ;
#2243 = DIRECTION ( 'NONE',  ( 0.000000000000000000, 1.000000000000000000, -0.000000000000000000 ) ) ;
#2244 = FACE_OUTER_BOUND ( 'NONE', #1406, .T. ) ;
#2245 = VECTOR ( 'NONE', #2309, 1000.000000000000000 ) ;
#2246 = COORDINATED_UNIVERSAL_TIME_OFFSET ( 8, 0, .AHEAD. ) ;
#2247 = ORIENTED_EDGE ( 'NONE', *, *, #1191, .F. ) ;
#2248 = AXIS2_PLACEMENT_3D ( 'NONE', #398, #2041, #194 ) ;
#2249 = VECTOR ( 'NONE', #2546, 1000.000000000000000 ) ;
#2250 = VECTOR ( 'NONE', #965, 1000.000000000000000 ) ;
#2251 = ADVANCED_FACE ( 'NONE', ( #1354 ), #2119, .F. ) ;
#2252 = CARTESIAN_POINT ( 'NONE',  ( 6.000000000000032863, 199.0000000000000000, 99.00000000000002842 ) ) ;
#2253 = VECTOR ( 'NONE', #1804, 1000.000000000000000 ) ;
#2254 = AXIS2_PLACEMENT_3D ( 'NONE', #1721, #312, #2358 ) ;
#2255 = DIRECTION ( 'NONE',  ( 0.000000000000000000, 0.000000000000000000, -1.000000000000000000 ) ) ;
#2256 = ORIENTED_EDGE ( 'NONE', *, *, #2258, .F. ) ;
#2257 = AXIS2_PLACEMENT_3D ( 'NONE', #547, #999, #2400 ) ;
#2258 = EDGE_CURVE ( 'NONE', #1930, #2426, #72, .T. ) ;
#2259 = AXIS2_PLACEMENT_3D ( 'NONE', #1844, #1697, #446 ) ;
#2260 = DIRECTION ( 'NONE',  ( 0.000000000000000000, 0.000000000000000000, -1.000000000000000000 ) ) ;
#2261 = VECTOR ( 'NONE', #497, 1000.000000000000000 ) ;
#2262 = FACE_BOUND ( 'NONE', #1499, .T. ) ;
#2263 = ORIENTED_EDGE ( 'NONE', *, *, #2665, .T. ) ;
#2264 = DIRECTION ( 'NONE',  ( -1.000000000000000000, 0.000000000000000000, 0.000000000000000000 ) ) ;
#2265 = CARTESIAN_POINT ( 'NONE',  ( 166.9999999999998295, 199.0000000000000000, 99.00000000000002842 ) ) ;
#2266 = EDGE_LOOP ( 'NONE', ( #2057, #188 ) ) ;
#2267 = ORIENTED_EDGE ( 'NONE', *, *, #1606, .T. ) ;
#2268 = EDGE_CURVE ( 'NONE', #910, #1321, #759, .T. ) ;
#2269 = CARTESIAN_POINT ( 'NONE',  ( 147.0000000000001421, 143.9999999999997158, 99.00000000000002842 ) ) ;
#2270 = CARTESIAN_POINT ( 'NONE',  ( 78.60000000000009379, 179.0000000000000000, 101.5000000000000284 ) ) ;
#2271 = ORIENTED_EDGE ( 'NONE', *, *, #308, .F. ) ;
#2272 = CYLINDRICAL_SURFACE ( 'NONE', #2348, 2.000000000000001776 ) ;
#2273 = EDGE_CURVE ( 'NONE', #1120, #1584, #2193, .T. ) ;
#2274 = CARTESIAN_POINT ( 'NONE',  ( 113.5999999999997101, 109.0000000000000142, -101.5009999999999764 ) ) ;
#2275 = VERTEX_POINT ( 'NONE', #161 ) ;
#2276 = DIRECTION ( 'NONE',  ( -0.000000000000000000, -0.000000000000000000, 1.000000000000000000 ) ) ;
#2277 = DIRECTION ( 'NONE',  ( 0.000000000000000000, 0.000000000000000000, 1.000000000000000000 ) ) ;
#2278 = EDGE_LOOP ( 'NONE', ( #203, #2485 ) ) ;
#2279 = ORIENTED_EDGE ( 'NONE', *, *, #1541, .T. ) ;
#2280 = CARTESIAN_POINT ( 'NONE',  ( 187.4999999999999432, 169.0000000000000000, -53.50000000000000000 ) ) ;
#2281 = CARTESIAN_POINT ( 'NONE',  ( 190.0000000000000853, 199.0000000000000000, 78.50000000000004263 ) ) ;
#2282 = ORIENTED_EDGE ( 'NONE', *, *, #292, .F. ) ;
#2283 = CARTESIAN_POINT ( 'NONE',  ( 4.000000000000004441, 169.0000000000000000, -63.99999999999994316 ) ) ;
#2284 = FACE_OUTER_BOUND ( 'NONE', #2374, .T. ) ;
#2285 = ORIENTED_EDGE ( 'NONE', *, *, #2068, .F. ) ;
#2286 = CARTESIAN_POINT ( 'NONE',  ( 99.00000000000008527, 42.50000000000000000, -101.5009999999999764 ) ) ;
#2287 = ADVANCED_FACE ( 'NONE', ( #2033 ), #1215, .F. ) ;
#2288 = CARTESIAN_POINT ( 'NONE',  ( 6.000000000000005329, 4.000000000000003553, -96.99999999999997158 ) ) ;
#2289 = ORIENTED_EDGE ( 'NONE', *, *, #1373, .F. ) ;
#2290 = DIRECTION ( 'NONE',  ( 1.000000000000000000, 0.000000000000000000, 0.000000000000000000 ) ) ;
#2291 = AXIS2_PLACEMENT_3D ( 'NONE', #293, #1476, #2332 ) ;
#2292 = EDGE_CURVE ( 'NONE', #1776, #2176, #1308, .T. ) ;
#2293 = CARTESIAN_POINT ( 'NONE',  ( 76.50000000000005684, 119.0000000000000142, -101.4999999999999858 ) ) ;
#2294 = CIRCLE ( 'NONE', #1136, 2.000000000000001776 ) ;
#2295 = VECTOR ( 'NONE', #2010, 1000.000000000000000 ) ;
#2296 = FACE_BOUND ( 'NONE', #1847, .T. ) ;
#2297 = ORIENTED_EDGE ( 'NONE', *, *, #1787, .T. ) ;
#2298 = DIRECTION ( 'NONE',  ( 6.938893903907221278E-15, 0.000000000000000000, -1.000000000000000000 ) ) ;
#2299 = TOROIDAL_SURFACE ( 'NONE', #2081, 18.49999999999999645, 2.000000000000000000 ) ;
#2300 = CIRCLE ( 'NONE', #1180, 2.000000000000001776 ) ;
#2301 = FACE_BOUND ( 'NONE', #1035, .T. ) ;
#2302 = CIRCLE ( 'NONE', #2562, 1.599999999999990319 ) ;
#2303 = VECTOR ( 'NONE', #1641, 1000.000000000000000 ) ;
#2304 = ORIENTED_EDGE ( 'NONE', *, *, #66, .T. ) ;
#2305 = DIRECTION ( 'NONE',  ( 0.000000000000000000, 0.000000000000000000, 1.000000000000000000 ) ) ;
#2306 = CIRCLE ( 'NONE', #966, 20.49999999999998934 ) ;
#2307 = DIRECTION ( 'NONE',  ( -1.000000000000000000, 0.000000000000000000, 1.226572154731075579E-16 ) ) ;
#2308 = ORIENTED_EDGE ( 'NONE', *, *, #655, .T. ) ;
#2309 = DIRECTION ( 'NONE',  ( 3.535742116640631056E-16, -0.000000000000000000, 1.000000000000000000 ) ) ;
#2310 = EDGE_CURVE ( 'NONE', #933, #1133, #187, .T. ) ;
#2311 = DIRECTION ( 'NONE',  ( 1.577021341797097807E-16, 0.000000000000000000, 1.000000000000000000 ) ) ;
#2312 = ORIENTED_EDGE ( 'NONE', *, *, #1943, .F. ) ;
#2313 = DIRECTION ( 'NONE',  ( 0.000000000000000000, 0.000000000000000000, 1.000000000000000000 ) ) ;
#2314 = EDGE_CURVE ( 'NONE', #1289, #1756, #2238, .T. ) ;
#2315 = CYLINDRICAL_SURFACE ( 'NONE', #2344, 20.50000000000000355 ) ;
#2316 = ORIENTED_EDGE ( 'NONE', *, *, #2068, .T. ) ;
#2317 = CARTESIAN_POINT ( 'NONE',  ( 151.0000000000000853, 42.50000000000000000, 101.5000000000000284 ) ) ;
#2318 = CARTESIAN_POINT ( 'NONE',  ( -167.0000000000000568, 4.000000000000003553, 97.00000000000002842 ) ) ;
#2319 = ORIENTED_EDGE ( 'NONE', *, *, #636, .F. ) ;
#2320 = DIRECTION ( 'NONE',  ( 1.000000000000000000, 0.000000000000000000, -6.938893903907228378E-15 ) ) ;
#2321 = DIRECTION ( 'NONE',  ( 1.000000000000000000, 0.000000000000000000, 0.000000000000000000 ) ) ;
#2322 = EDGE_CURVE ( 'NONE', #1654, #333, #2209, .T. ) ;
#2323 = APPLICATION_PROTOCOL_DEFINITION ( 'international standard', 'config_control_design', 1994, #480 ) ;
#2324 = VERTEX_POINT ( 'NONE', #1365 ) ;
#2325 = CARTESIAN_POINT ( 'NONE',  ( 78.50000000000005684, 64.00000000000000000, 101.5010000000000332 ) ) ;
#2326 = EDGE_CURVE ( 'NONE', #1613, #2005, #1601, .T. ) ;
#2327 = DIRECTION ( 'NONE',  ( 1.353930517835557368E-15, 0.000000000000000000, 1.000000000000000000 ) ) ;
#2328 = ORIENTED_EDGE ( 'NONE', *, *, #564, .T. ) ;
#2329 = CARTESIAN_POINT ( 'NONE',  ( -5.999999999999977796, 4.000000000000003553, 99.00000000000002842 ) ) ;
#2330 = PLANE ( 'NONE',  #10 ) ;
#2331 = ORIENTED_EDGE ( 'NONE', *, *, #407, .T. ) ;
#2332 = DIRECTION ( 'NONE',  ( 0.000000000000000000, 0.000000000000000000, -1.000000000000000000 ) ) ;
#2333 = DIRECTION ( 'NONE',  ( 0.000000000000000000, 0.000000000000000000, 1.000000000000000000 ) ) ;
#2334 = CIRCLE ( 'NONE', #1383, 1.600000000000004086 ) ;
#2335 = DIRECTION ( 'NONE',  ( 1.000000000000000000, 0.000000000000000000, 0.000000000000000000 ) ) ;
#2336 = ADVANCED_FACE ( 'NONE', ( #1801 ), #2592, .F. ) ;
#2337 = AXIS2_PLACEMENT_3D ( 'NONE', #1399, #2243, #193 ) ;
#2338 = EDGE_LOOP ( 'NONE', ( #746, #649, #1783, #914 ) ) ;
#2339 = DIRECTION ( 'NONE',  ( 1.000000000000000000, 0.000000000000000000, 0.000000000000000000 ) ) ;
#2340 = AXIS2_PLACEMENT_3D ( 'NONE', #2454, #1423, #595 ) ;
#2341 = CARTESIAN_POINT ( 'NONE',  ( 75.40000000000009095, 144.0000000000000284, 101.5000000000000284 ) ) ;
#2342 = EDGE_CURVE ( 'NONE', #2024, #1930, #2518, .T. ) ;
#2343 = EDGE_LOOP ( 'NONE', ( #1576, #1837, #1279, #694 ) ) ;
#2344 = AXIS2_PLACEMENT_3D ( 'NONE', #462, #1701, #213 ) ;
#2345 = AXIS2_PLACEMENT_3D ( 'NONE', #152, #2195, #1577 ) ;
#2346 = FACE_OUTER_BOUND ( 'NONE', #2194, .T. ) ;
#2347 = AXIS2_PLACEMENT_3D ( 'NONE', #242, #1072, #2255 ) ;
#2348 = AXIS2_PLACEMENT_3D ( 'NONE', #2325, #1075, #2502 ) ;
#2349 = DIRECTION ( 'NONE',  ( -0.000000000000000000, 1.000000000000000000, -0.000000000000000000 ) ) ;
#2350 = EDGE_CURVE ( 'NONE', #2627, #417, #1352, .T. ) ;
#2351 = ORIENTED_EDGE ( 'NONE', *, *, #1688, .T. ) ;
#2352 = ORIENTED_EDGE ( 'NONE', *, *, #1080, .T. ) ;
#2353 = APPROVAL_PERSON_ORGANIZATION ( #415, #2459, #596 ) ;
#2354 = EDGE_CURVE ( 'NONE', #1749, #168, #134, .T. ) ;
#2355 = CARTESIAN_POINT ( 'NONE',  ( 148.5000000000000853, 42.50000000000000000, -101.5009999999999764 ) ) ;
#2356 = LINE ( 'NONE', #268, #2646 ) ;
#2357 = ORIENTED_EDGE ( 'NONE', *, *, #1634, .T. ) ;
#2358 = DIRECTION ( 'NONE',  ( -1.000000000000000000, 0.000000000000000000, 0.000000000000000000 ) ) ;
#2359 = DIRECTION ( 'NONE',  ( 1.000000000000000000, 0.000000000000000000, 0.000000000000000000 ) ) ;
#2360 = ORIENTED_EDGE ( 'NONE', *, *, #971, .T. ) ;
#2361 = CARTESIAN_POINT ( 'NONE',  ( 2.000000000000001776, 169.0000000000000000, -63.99999999999994316 ) ) ;
#2362 = ADVANCED_FACE ( 'NONE', ( #2647 ), #2420, .F. ) ;
#2363 = LINE ( 'NONE', #1714, #528 ) ;
#2364 = ORIENTED_EDGE ( 'NONE', *, *, #1006, .F. ) ;
#2365 = CARTESIAN_POINT ( 'NONE',  ( 166.9999999999998295, 199.0000000000000000, -98.99999999999997158 ) ) ;
#2366 = CARTESIAN_POINT ( 'NONE',  ( 167.0000000000000000, 199.0000000000000000, 78.50000000000004263 ) ) ;
#2367 =( NAMED_UNIT ( * ) PLANE_ANGLE_UNIT ( ) SI_UNIT ( $, .RADIAN. ) );
#2368 = ORIENTED_EDGE ( 'NONE', *, *, #2393, .T. ) ;
#2369 = FACE_OUTER_BOUND ( 'NONE', #25, .T. ) ;
#2370 = DIRECTION ( 'NONE',  ( 0.000000000000000000, -1.000000000000000000, 0.000000000000000000 ) ) ;
#2371 = ORIENTED_EDGE ( 'NONE', *, *, #687, .T. ) ;
#2372 = LINE ( 'NONE', #1168, #1096 ) ;
#2373 = CARTESIAN_POINT ( 'NONE',  ( 167.0000000000000568, 0.000000000000000000, -101.4999999999999858 ) ) ;
#2374 = EDGE_LOOP ( 'NONE', ( #196, #856, #864, #2095 ) ) ;
#2375 = EDGE_CURVE ( 'NONE', #2477, #1941, #750, .T. ) ;
#2376 = DIRECTION ( 'NONE',  ( 0.000000000000000000, 0.000000000000000000, -1.000000000000000000 ) ) ;
#2377 = CARTESIAN_POINT ( 'NONE',  ( 78.50000000000005684, 119.0000000000000142, -98.99999999999997158 ) ) ;
#2378 = VERTEX_POINT ( 'NONE', #150 ) ;
#2379 = CARTESIAN_POINT ( 'NONE',  ( 153.0000000000000568, 64.00000000000000000, -98.99999999999997158 ) ) ;
#2380 = VECTOR ( 'NONE', #1581, 1000.000000000000000 ) ;
#2381 = CARTESIAN_POINT ( 'NONE',  ( -166.9999999999999147, 6.000000000000003553, 99.00000000000002842 ) ) ;
#2382 = VERTEX_POINT ( 'NONE', #576 ) ;
#2383 = DIRECTION ( 'NONE',  ( -1.000000000000000000, 0.000000000000000000, 0.000000000000000000 ) ) ;
#2384 = CIRCLE ( 'NONE', #1553, 1.600000000000018074 ) ;
#2385 = DIRECTION ( 'NONE',  ( -0.000000000000000000, -0.000000000000000000, 1.000000000000000000 ) ) ;
#2386 = VECTOR ( 'NONE', #465, 1000.000000000000000 ) ;
#2388 = EDGE_CURVE ( 'NONE', #1898, #1392, #2617, .T. ) ;
#2387 = CIRCLE ( 'NONE', #658, 2.000000000000000000 ) ;
#2389 = ORIENTED_EDGE ( 'NONE', *, *, #1412, .F. ) ;
#2390 = CARTESIAN_POINT ( 'NONE',  ( 190.0000000000000568, 199.0000000000000000, -78.49999999999998579 ) ) ;
#2391 = AXIS2_PLACEMENT_3D ( 'NONE', #1446, #1236, #1278 ) ;
#2392 = TOROIDAL_SURFACE ( 'NONE', #1007, 18.49999999999998934, 2.000000000000000000 ) ;
#2393 = EDGE_CURVE ( 'NONE', #29, #476, #1694, .T. ) ;
#2394 = AXIS2_PLACEMENT_3D ( 'NONE', #1524, #1119, #1146 ) ;
#2395 = CIRCLE ( 'NONE', #1227, 1.599999999999990319 ) ;
#2396 = VECTOR ( 'NONE', #69, 1000.000000000000000 ) ;
#2397 = EDGE_CURVE ( 'NONE', #1629, #2569, #403, .T. ) ;
#2398 = VERTEX_POINT ( 'NONE', #1846 ) ;
#2399 = LINE ( 'NONE', #111, #659 ) ;
#2400 = DIRECTION ( 'NONE',  ( -1.767871058320312323E-16, 0.000000000000000000, -1.000000000000000000 ) ) ;
#2401 = ORIENTED_EDGE ( 'NONE', *, *, #62, .F. ) ;
#2402 = DIRECTION ( 'NONE',  ( -0.000000000000000000, -0.000000000000000000, -1.000000000000000000 ) ) ;
#2403 = EDGE_CURVE ( 'NONE', #2493, #172, #1603, .T. ) ;
#2404 = CARTESIAN_POINT ( 'NONE',  ( -6.000000000000000000, 199.0000000000000000, -96.99999999999997158 ) ) ;
#2405 = ORIENTED_EDGE ( 'NONE', *, *, #1718, .T. ) ;
#2406 = CARTESIAN_POINT ( 'NONE',  ( 185.5000000000000000, 6.000000000000003553, 78.49999999999988631 ) ) ;
#2407 = ORIENTED_EDGE ( 'NONE', *, *, #253, .F. ) ;
#2408 = ADVANCED_FACE ( 'NONE', ( #1642 ), #1668, .F. ) ;
#2409 = CARTESIAN_POINT ( 'NONE',  ( 147.0000000000001137, 179.0000000000000284, 101.5000000000000284 ) ) ;
#2410 = CARTESIAN_POINT ( 'NONE',  ( 99.00000000000008527, 42.50000000000000000, 99.00000000000002842 ) ) ;
#2411 = EDGE_LOOP ( 'NONE', ( #741, #370 ) ) ;
#2412 = DIRECTION ( 'NONE',  ( 0.000000000000000000, -1.000000000000000000, 0.000000000000000000 ) ) ;
#2413 = DIRECTION ( 'NONE',  ( 0.000000000000000000, 1.000000000000000000, 0.000000000000000000 ) ) ;
#2414 = ORIENTED_EDGE ( 'NONE', *, *, #1839, .F. ) ;
#2415 = DIRECTION ( 'NONE',  ( -0.000000000000000000, -1.000000000000000000, -0.000000000000000000 ) ) ;
#2416 = CARTESIAN_POINT ( 'NONE',  ( 187.4999999999999432, 4.000000000000003553, -78.49999999999984368 ) ) ;
#2417 = CARTESIAN_POINT ( 'NONE',  ( 0.000000000000000000, 0.000000000000000000, 0.000000000000000000 ) ) ;
#2418 = VERTEX_POINT ( 'NONE', #808 ) ;
#2419 = CARTESIAN_POINT ( 'NONE',  ( -166.9999999999999432, 199.0000000000000000, -101.4999999999999858 ) ) ;
#2420 = SPHERICAL_SURFACE ( 'NONE', #963, 2.000000000000000000 ) ;
#2421 = VERTEX_POINT ( 'NONE', #2670 ) ;
#2422 = CARTESIAN_POINT ( 'NONE',  ( -166.9999999999999147, 0.000000000000000000, 101.5000000000000284 ) ) ;
#2423 = CIRCLE ( 'NONE', #1134, 1.600000000000004086 ) ;
#2424 = ADVANCED_FACE ( 'NONE', ( #1628, #2296, #28 ), #1244, .T. ) ;
#2425 = CARTESIAN_POINT ( 'NONE',  ( -166.9999999999999147, 6.000000000000003553, 97.00000000000002842 ) ) ;
#2426 = VERTEX_POINT ( 'NONE', #1442 ) ;
#2427 = AXIS2_PLACEMENT_3D ( 'NONE', #1089, #1675, #902 ) ;
#2428 = CARTESIAN_POINT ( 'NONE',  ( -166.9999999999999432, 0.000000000000000000, -78.49999999999998579 ) ) ;
#2429 = CIRCLE ( 'NONE', #2163, 9.000000000000014211 ) ;
#2430 = AXIS2_PLACEMENT_3D ( 'NONE', #1376, #409, #1605 ) ;
#2431 = CARTESIAN_POINT ( 'NONE',  ( -5.999999999999977796, 6.000000000000003553, 97.00000000000002842 ) ) ;
#2432 = APPROVAL_STATUS ( 'not_yet_approved' ) ;
#2433 = ORIENTED_EDGE ( 'NONE', *, *, #2217, .F. ) ;
#2434 = VECTOR ( 'NONE', #1545, 1000.000000000000000 ) ;
#2435 = AXIS2_PLACEMENT_3D ( 'NONE', #1815, #1166, #1982 ) ;
#2436 = CIRCLE ( 'NONE', #1436, 1.599999999999990319 ) ;
#2437 = CYLINDRICAL_SURFACE ( 'NONE', #275, 1.599999999999990319 ) ;
#2438 = AXIS2_PLACEMENT_3D ( 'NONE', #1116, #1101, #2335 ) ;
#2439 = EDGE_LOOP ( 'NONE', ( #2256, #2067, #1438, #1230 ) ) ;
#2440 = DIRECTION ( 'NONE',  ( 0.000000000000000000, 1.000000000000000000, 0.000000000000000000 ) ) ;
#2441 = CARTESIAN_POINT ( 'NONE',  ( 155.0000000000000568, 64.00000000000000000, -98.99999999999997158 ) ) ;
#2442 = ORIENTED_EDGE ( 'NONE', *, *, #2444, .T. ) ;
#2443 = FACE_OUTER_BOUND ( 'NONE', #1335, .T. ) ;
#2444 = EDGE_CURVE ( 'NONE', #375, #1048, #1832, .T. ) ;
#2445 = CARTESIAN_POINT ( 'NONE',  ( 148.5000000000000853, 42.50000000000000000, 101.5000000000000284 ) ) ;
#2446 = ORIENTED_EDGE ( 'NONE', *, *, #1542, .T. ) ;
#2447 = CARTESIAN_POINT ( 'NONE',  ( -3.999999999999995559, 169.0000000000000000, -63.99999999999994316 ) ) ;
#2448 = CARTESIAN_POINT ( 'NONE',  ( -190.0010000000000332, 169.0000000000000000, -62.49999999999993605 ) ) ;
#2449 = VERTEX_POINT ( 'NONE', #2281 ) ;
#2450 = CARTESIAN_POINT ( 'NONE',  ( 155.0000000000000568, 64.00000000000000000, -101.4999999999999858 ) ) ;
#2451 = CARTESIAN_POINT ( 'NONE',  ( 157.0000000000000568, 119.0000000000000142, -98.99999999999997158 ) ) ;
#2452 = ORIENTED_EDGE ( 'NONE', *, *, #440, .F. ) ;
#2453 = DIRECTION ( 'NONE',  ( 0.000000000000000000, -0.000000000000000000, -1.000000000000000000 ) ) ;
#2454 = CARTESIAN_POINT ( 'NONE',  ( -5.999999999999976019, 6.000000000000003553, 97.00000000000002842 ) ) ;
#2455 = EDGE_CURVE ( 'NONE', #1167, #1805, #1435, .T. ) ;
#2456 = DATE_TIME_ROLE ( 'classification_date' ) ;
#2457 = ORIENTED_EDGE ( 'NONE', *, *, #1658, .F. ) ;
#2458 = CARTESIAN_POINT ( 'NONE',  ( 112.0000000000002132, 179.0000000000000284, -101.5009999999999764 ) ) ;
#2459 = APPROVAL ( #2432, 'æœª' ) ;
#2460 = CARTESIAN_POINT ( 'NONE',  ( 167.0000000000000000, 4.000000000000003553, 78.50000000000004263 ) ) ;
#2461 = VERTEX_POINT ( 'NONE', #2059 ) ;
#2462 = DIRECTION ( 'NONE',  ( 0.000000000000000000, 0.000000000000000000, 1.000000000000000000 ) ) ;
#2463 = CARTESIAN_POINT ( 'NONE',  ( 110.4000000000002188, 179.0000000000000284, 99.00000000000002842 ) ) ;
#2464 = EDGE_LOOP ( 'NONE', ( #1251, #2165 ) ) ;
#2465 = CARTESIAN_POINT ( 'NONE',  ( 167.0000000000000853, 0.000000000000000000, 101.5000000000000284 ) ) ;
#2466 = DIRECTION ( 'NONE',  ( -1.000000000000000000, -0.000000000000000000, -0.000000000000000000 ) ) ;
#2467 = CLOSED_SHELL ( 'NONE', ( #1835, #1416, #2224, #1149, #2053, #337, #598, #1877, #1039, #574, #374, #1673, #2088, #146, #2251, #305, #670, #1000, #1638, #1443, #1061, #1858, #1610, #2093, #785, #890, #422, #426, #1357, #1766, #2336, #1972, #2019, #2424, #2141, #2070, #2172, #1523, #2621, #1490, #456, #1961, #621, #1626, #708, #2362, #2140, #955, #626, #1311, #1304, #818, #843, #2287, #2034, #852, #1475, #718, #1979, #1890, #2153, #1125, #42, #839, #548, #991, #985, #1074, #1820, #1086, #594, #2488, #147, #1754, #278, #1989, #197, #1554, #1574, #2142, #2408, #386 ) ) ;
#2468 = ORIENTED_EDGE ( 'NONE', *, *, #190, .F. ) ;
#2469 = ORIENTED_EDGE ( 'NONE', *, *, #1862, .F. ) ;
#2470 = VECTOR ( 'NONE', #2014, 1000.000000000000000 ) ;
#2471 = AXIS2_PLACEMENT_3D ( 'NONE', #2107, #34, #857 ) ;
#2472 = CARTESIAN_POINT ( 'NONE',  ( 185.5000000000000284, 6.000000000000003553, 78.49999999999990052 ) ) ;
#2473 = EDGE_CURVE ( 'NONE', #2398, #950, #271, .T. ) ;
#2474 = AXIS2_PLACEMENT_3D ( 'NONE', #2183, #2629, #338 ) ;
#2475 = AXIS2_PLACEMENT_3D ( 'NONE', #1561, #2133, #2339 ) ;
#2476 = DIRECTION ( 'NONE',  ( 1.000000000000000000, 0.000000000000000000, 0.000000000000000000 ) ) ;
#2477 = VERTEX_POINT ( 'NONE', #633 ) ;
#2478 = VECTOR ( 'NONE', #240, 1000.000000000000000 ) ;
#2479 = DIRECTION ( 'NONE',  ( 1.000000000000000000, -0.000000000000000000, 0.000000000000000000 ) ) ;
#2480 = CYLINDRICAL_SURFACE ( 'NONE', #1772, 2.000000000000001776 ) ;
#2481 = ORIENTED_EDGE ( 'NONE', *, *, #1658, .T. ) ;
#2482 = DIRECTION ( 'NONE',  ( 1.000000000000000000, -0.000000000000000000, -1.767871058320312323E-16 ) ) ;
#2483 = DIRECTION ( 'NONE',  ( -0.000000000000000000, -0.000000000000000000, 1.000000000000000000 ) ) ;
#2484 = EDGE_LOOP ( 'NONE', ( #2469, #1196, #841, #2666 ) ) ;
#2485 = ORIENTED_EDGE ( 'NONE', *, *, #1696, .F. ) ;
#2486 = LINE ( 'NONE', #862, #790 ) ;
#2487 = CARTESIAN_POINT ( 'NONE',  ( 155.0000000000000568, 64.00000000000000000, -101.4999999999999858 ) ) ;
#2488 = ADVANCED_FACE ( 'NONE', ( #600 ), #1429, .F. ) ;
#2489 = ORIENTED_EDGE ( 'NONE', *, *, #2185, .F. ) ;
#2490 = DIRECTION ( 'NONE',  ( -0.000000000000000000, -1.000000000000000000, -0.000000000000000000 ) ) ;
#2491 = EDGE_CURVE ( 'NONE', #2426, #2275, #835, .T. ) ;
#2492 = DIRECTION ( 'NONE',  ( 8.673617379884011806E-16, 1.000000000000000000, 0.000000000000000000 ) ) ;
#2493 = VERTEX_POINT ( 'NONE', #406 ) ;
#2494 = CARTESIAN_POINT ( 'NONE',  ( 2.000000000000000444, 169.0000000000000000, -74.99999999999994316 ) ) ;
#2495 = PRODUCT ( '\X2\7f384f53\X0\', '\X2\7f384f53\X0\', '', ( #2144 ) ) ;
#2496 = CARTESIAN_POINT ( 'NONE',  ( 75.40000000000010516, 109.0000000000000000, 99.00000000000002842 ) ) ;
#2497 = ORIENTED_EDGE ( 'NONE', *, *, #2491, .T. ) ;
#2498 = CARTESIAN_POINT ( 'NONE',  ( 6.000000000000023981, 199.0000000000001137, 99.00000000000002842 ) ) ;
#2499 = DIRECTION ( 'NONE',  ( 0.000000000000000000, 0.000000000000000000, 1.000000000000000000 ) ) ;
#2500 = DIRECTION ( 'NONE',  ( 1.000000000000000000, 0.000000000000000000, 0.000000000000000000 ) ) ;
#2501 = ORIENTED_EDGE ( 'NONE', *, *, #1427, .F. ) ;
#2502 = DIRECTION ( 'NONE',  ( -1.000000000000000000, 0.000000000000000000, 0.000000000000000000 ) ) ;
#2503 = FACE_OUTER_BOUND ( 'NONE', #1752, .T. ) ;
#2504 = ORIENTED_EDGE ( 'NONE', *, *, #2314, .T. ) ;
#2505 = CARTESIAN_POINT ( 'NONE',  ( 96.50000000000008527, 42.50000000000000000, 101.5000000000000284 ) ) ;
#2506 = EDGE_CURVE ( 'NONE', #2648, #1613, #1183, .T. ) ;
#2507 = DIRECTION ( 'NONE',  ( -1.226572154731075579E-16, -0.000000000000000000, -1.000000000000000000 ) ) ;
#2508 = ORIENTED_EDGE ( 'NONE', *, *, #1685, .T. ) ;
#2509 = CARTESIAN_POINT ( 'NONE',  ( -166.9999999999999147, 6.000000000000003553, 99.00000000000002842 ) ) ;
#2510 = DIRECTION ( 'NONE',  ( -0.000000000000000000, -1.000000000000000000, -0.000000000000000000 ) ) ;
#2511 = AXIS2_PLACEMENT_3D ( 'NONE', #2288, #1303, #2066 ) ;
#2512 = AXIS2_PLACEMENT_3D ( 'NONE', #23, #74, #1248 ) ;
#2513 = CARTESIAN_POINT ( 'NONE',  ( 101.5000000000000853, 42.50000000000000000, -101.5009999999999764 ) ) ;
#2514 = ORIENTED_EDGE ( 'NONE', *, *, #130, .T. ) ;
#2515 = DIRECTION ( 'NONE',  ( -0.000000000000000000, -1.000000000000000000, -0.000000000000000000 ) ) ;
#2516 = AXIS2_PLACEMENT_3D ( 'NONE', #1761, #939, #513 ) ;
#2517 = LINE ( 'NONE', #844, #608 ) ;
#2518 = CIRCLE ( 'NONE', #2474, 1.599999999999990319 ) ;
#2519 = AXIS2_PLACEMENT_3D ( 'NONE', #660, #198, #1231 ) ;
#2520 = EDGE_LOOP ( 'NONE', ( #60, #2135, #1902, #424 ) ) ;
#2521 = DIRECTION ( 'NONE',  ( 0.000000000000000000, 0.000000000000000000, 1.000000000000000000 ) ) ;
#2522 = CARTESIAN_POINT ( 'NONE',  ( 31.00000000000000355, 169.0000000000000284, -101.4999999999999858 ) ) ;
#2523 = VERTEX_POINT ( 'NONE', #2270 ) ;
#2524 = EDGE_CURVE ( 'NONE', #1941, #1539, #1680, .T. ) ;
#2525 = ORIENTED_EDGE ( 'NONE', *, *, #2103, .F. ) ;
#2526 = DIRECTION ( 'NONE',  ( 1.000000000000000000, 0.000000000000000000, 0.000000000000000000 ) ) ;
#2527 =( LENGTH_UNIT ( ) NAMED_UNIT ( * ) SI_UNIT ( .MILLI., .METRE. ) );
#2528 = ORIENTED_EDGE ( 'NONE', *, *, #487, .F. ) ;
#2529 = FACE_OUTER_BOUND ( 'NONE', #1430, .T. ) ;
#2530 = CARTESIAN_POINT ( 'NONE',  ( -166.9999999999999432, 199.0000000000000000, -101.4999999999999858 ) ) ;
#2531 = ORIENTED_EDGE ( 'NONE', *, *, #67, .T. ) ;
#2532 = CARTESIAN_POINT ( 'NONE',  ( 147.0000000000001137, 179.0000000000000284, 101.5000000000000284 ) ) ;
#2533 = DIRECTION ( 'NONE',  ( 1.000000000000000000, -0.000000000000000000, 0.000000000000000000 ) ) ;
#2534 = ORIENTED_EDGE ( 'NONE', *, *, #1377, .T. ) ;
#2535 = CARTESIAN_POINT ( 'NONE',  ( 113.6000000000002075, 179.0000000000000284, -101.5009999999999764 ) ) ;
#2536 = EDGE_CURVE ( 'NONE', #2275, #2426, #2302, .T. ) ;
#2537 = SPHERICAL_SURFACE ( 'NONE', #739, 2.000000000000000000 ) ;
#2538 = EDGE_CURVE ( 'NONE', #833, #1592, #1044, .T. ) ;
#2539 = CARTESIAN_POINT ( 'NONE',  ( 6.000000000000000000, 4.000000000000003553, -96.99999999999995737 ) ) ;
#2540 = ORIENTED_EDGE ( 'NONE', *, *, #2538, .T. ) ;
#2541 = CARTESIAN_POINT ( 'NONE',  ( -166.9999999999999147, 0.000000000000000000, 78.50000000000004263 ) ) ;
#2542 = CC_DESIGN_PERSON_AND_ORGANIZATION_ASSIGNMENT ( #1402, #167, ( #274 ) ) ;
#2543 = CARTESIAN_POINT ( 'NONE',  ( -187.5000000000000568, 4.000000000000003553, -78.49999999999982947 ) ) ;
#2544 = ORIENTED_EDGE ( 'NONE', *, *, #794, .F. ) ;
#2545 = FACE_BOUND ( 'NONE', #2127, .T. ) ;
#2546 = DIRECTION ( 'NONE',  ( -0.000000000000000000, -1.000000000000000000, -0.000000000000000000 ) ) ;
#2547 = ORIENTED_EDGE ( 'NONE', *, *, #1080, .F. ) ;
#2548 = DIRECTION ( 'NONE',  ( 0.000000000000000000, 0.000000000000000000, 1.000000000000000000 ) ) ;
#2549 = DIRECTION ( 'NONE',  ( 0.000000000000000000, 0.000000000000000000, 1.000000000000000000 ) ) ;
#2550 = CIRCLE ( 'NONE', #1342, 20.49999999999998934 ) ;
#2551 = FACE_OUTER_BOUND ( 'NONE', #8, .T. ) ;
#2552 = ORIENTED_EDGE ( 'NONE', *, *, #579, .F. ) ;
#2553 = EDGE_CURVE ( 'NONE', #3, #1001, #1393, .T. ) ;
#2554 = DIRECTION ( 'NONE',  ( -0.000000000000000000, -1.000000000000000000, -0.000000000000000000 ) ) ;
#2555 = AXIS2_PLACEMENT_3D ( 'NONE', #831, #640, #259 ) ;
#2556 = AXIS2_PLACEMENT_3D ( 'NONE', #1067, #1884, #1290 ) ;
#2557 = CARTESIAN_POINT ( 'NONE',  ( -167.0000000000000568, 6.000000000000003553, -78.49999999999998579 ) ) ;
#2558 = EDGE_LOOP ( 'NONE', ( #809, #22, #2497, #1856 ) ) ;
#2559 = VECTOR ( 'NONE', #1849, 1000.000000000000000 ) ;
#2560 = TOROIDAL_SURFACE ( 'NONE', #355, 18.49999999999998934, 2.000000000000000000 ) ;
#2561 = LINE ( 'NONE', #368, #827 ) ;
#2562 = AXIS2_PLACEMENT_3D ( 'NONE', #663, #821, #2476 ) ;
#2563 = VECTOR ( 'NONE', #737, 1000.000000000000000 ) ;
#2564 = CARTESIAN_POINT ( 'NONE',  ( 145.4000000000001194, 179.0000000000000284, 101.5000000000000284 ) ) ;
#2565 = ORIENTED_EDGE ( 'NONE', *, *, #756, .F. ) ;
#2566 = DIRECTION ( 'NONE',  ( 1.000000000000000000, 0.000000000000000000, 0.000000000000000000 ) ) ;
#2567 = CARTESIAN_POINT ( 'NONE',  ( -185.5000000000000568, 6.000000000000003553, -78.49999999999982947 ) ) ;
#2568 = APPLICATION_PROTOCOL_DEFINITION ( 'international standard', 'config_control_design', 1994, #622 ) ;
#2569 = VERTEX_POINT ( 'NONE', #840 ) ;
#2570 = DIRECTION ( 'NONE',  ( -0.000000000000000000, -0.000000000000000000, 1.000000000000000000 ) ) ;
#2571 = EDGE_CURVE ( 'NONE', #654, #1974, #1733, .T. ) ;
#2572 = CARTESIAN_POINT ( 'NONE',  ( -5.999999999999977796, 199.0000000000000000, 99.00000000000002842 ) ) ;
#2573 = ORIENTED_EDGE ( 'NONE', *, *, #2049, .T. ) ;
#2574 = CARTESIAN_POINT ( 'NONE',  ( 155.0000000000000568, 119.0000000000000142, -98.99999999999997158 ) ) ;
#2575 = CARTESIAN_POINT ( 'NONE',  ( 190.0000000000000853, 199.0000000000000000, 78.50000000000004263 ) ) ;
#2576 = VERTEX_POINT ( 'NONE', #2076 ) ;
#2577 = DIRECTION ( 'NONE',  ( 0.000000000000000000, 0.000000000000000000, -1.000000000000000000 ) ) ;
#2578 = DIRECTION ( 'NONE',  ( -1.000000000000000000, 0.000000000000000000, 0.000000000000000000 ) ) ;
#2579 = VERTEX_POINT ( 'NONE', #230 ) ;
#2580 = LINE ( 'NONE', #1962, #2434 ) ;
#2581 = LINE ( 'NONE', #1963, #927 ) ;
#2582 = ORIENTED_EDGE ( 'NONE', *, *, #1157, .T. ) ;
#2583 = LINE ( 'NONE', #931, #2250 ) ;
#2584 = CARTESIAN_POINT ( 'NONE',  ( -166.9999999999999432, 199.0000000000000000, -78.49999999999998579 ) ) ;
#2585 = ORIENTED_EDGE ( 'NONE', *, *, #1839, .T. ) ;
#2586 = CARTESIAN_POINT ( 'NONE',  ( -166.9999999999999432, 0.000000000000000000, -101.4999999999999858 ) ) ;
#2587 = EDGE_CURVE ( 'NONE', #207, #1521, #1959, .T. ) ;
#2588 = ORIENTED_EDGE ( 'NONE', *, *, #1112, .T. ) ;
#2589 = DIRECTION ( 'NONE',  ( -1.000000000000000000, 0.000000000000000000, 0.000000000000000000 ) ) ;
#2590 = ORIENTED_EDGE ( 'NONE', *, *, #1909, .F. ) ;
#2591 = CYLINDRICAL_SURFACE ( 'NONE', #1690, 1.599999999999990319 ) ;
#2592 = PLANE ( 'NONE',  #2257 ) ;
#2593 = ORIENTED_EDGE ( 'NONE', *, *, #2354, .F. ) ;
#2594 = LINE ( 'NONE', #1763, #1773 ) ;
#2595 = CIRCLE ( 'NONE', #396, 9.000000000000014211 ) ;
#2596 = DIRECTION ( 'NONE',  ( -0.000000000000000000, -0.000000000000000000, 1.000000000000000000 ) ) ;
#2597 = AXIS2_PLACEMENT_3D ( 'NONE', #2661, #1823, #2011 ) ;
#2598 = VERTEX_POINT ( 'NONE', #1583 ) ;
#2599 = CYLINDRICAL_SURFACE ( 'NONE', #997, 1.600000000000004086 ) ;
#2600 = VECTOR ( 'NONE', #929, 1000.000000000000000 ) ;
#2601 = CIRCLE ( 'NONE', #1222, 9.000000000000014211 ) ;
#2602 = EDGE_CURVE ( 'NONE', #2648, #1925, #1127, .T. ) ;
#2603 = AXIS2_PLACEMENT_3D ( 'NONE', #961, #2008, #2214 ) ;
#2604 = AXIS2_PLACEMENT_3D ( 'NONE', #2417, #1323, #677 ) ;
#2605 = ORIENTED_EDGE ( 'NONE', *, *, #1165, .T. ) ;
#2606 = DIRECTION ( 'NONE',  ( 0.000000000000000000, -0.000000000000000000, -1.000000000000000000 ) ) ;
#2607 = DIRECTION ( 'NONE',  ( -0.000000000000000000, 1.000000000000000000, -0.000000000000000000 ) ) ;
#2608 = ORIENTED_EDGE ( 'NONE', *, *, #2665, .F. ) ;
#2609 = CYLINDRICAL_SURFACE ( 'NONE', #563, 1.599999999999990319 ) ;
#2610 = CARTESIAN_POINT ( 'NONE',  ( 147.0000000000001137, 179.0000000000000284, -101.5009999999999764 ) ) ;
#2611 = VERTEX_POINT ( 'NONE', #1991 ) ;
#2612 = CARTESIAN_POINT ( 'NONE',  ( 190.0000000000000568, 199.0000000000000000, -78.49999999999998579 ) ) ;
#2613 = DIRECTION ( 'NONE',  ( 0.000000000000000000, 0.000000000000000000, 1.000000000000000000 ) ) ;
#2614 = VERTEX_POINT ( 'NONE', #1929 ) ;
#2615 = CARTESIAN_POINT ( 'NONE',  ( 190.0000000000000568, 169.0000000000000000, -53.50000000000000000 ) ) ;
#2616 = EDGE_CURVE ( 'NONE', #703, #2461, #1940, .T. ) ;
#2617 = LINE ( 'NONE', #2448, #144 ) ;
#2618 = EDGE_LOOP ( 'NONE', ( #2547, #560 ) ) ;
#2619 = EDGE_CURVE ( 'NONE', #685, #297, #1719, .T. ) ;
#2620 = CARTESIAN_POINT ( 'NONE',  ( -2.000000000000001776, 169.0000000000000000, -63.99999999999994316 ) ) ;
#2621 = ADVANCED_FACE ( 'NONE', ( #2551 ), #509, .F. ) ;
#2622 = LINE ( 'NONE', #2274, #1689 ) ;
#2623 = ORIENTED_EDGE ( 'NONE', *, *, #1201, .T. ) ;
#2624 = CYLINDRICAL_SURFACE ( 'NONE', #477, 1.600000000000004086 ) ;
#2625 = DIRECTION ( 'NONE',  ( -0.000000000000000000, -0.000000000000000000, 1.000000000000000000 ) ) ;
#2626 = APPROVAL_ROLE ( '' ) ;
#2627 = VERTEX_POINT ( 'NONE', #688 ) ;
#2628 = CARTESIAN_POINT ( 'NONE',  ( -189.9999999999999147, 0.000000000000000000, 78.50000000000004263 ) ) ;
#2629 = DIRECTION ( 'NONE',  ( 0.000000000000000000, -0.000000000000000000, -1.000000000000000000 ) ) ;
#2630 = EDGE_CURVE ( 'NONE', #135, #703, #2306, .T. ) ;
#2631 = EDGE_LOOP ( 'NONE', ( #612, #2051, #1403, #322 ) ) ;
#2632 = CARTESIAN_POINT ( 'NONE',  ( 167.0000000000000853, 0.000000000000000000, 78.50000000000004263 ) ) ;
#2633 = VECTOR ( 'NONE', #1343, 1000.000000000000000 ) ;
#2634 = CARTESIAN_POINT ( 'NONE',  ( 110.3999999999997641, 109.0000000000000142, 99.00000000000002842 ) ) ;
#2635 = VERTEX_POINT ( 'NONE', #884 ) ;
#2636 = AXIS2_PLACEMENT_3D ( 'NONE', #2494, #1078, #1458 ) ;
#2637 = CARTESIAN_POINT ( 'NONE',  ( 153.5000000000000853, 42.50000000000000000, 99.00000000000002842 ) ) ;
#2638 = AXIS2_PLACEMENT_3D ( 'NONE', #2416, #2654, #814 ) ;
#2639 = TOROIDAL_SURFACE ( 'NONE', #1219, 11.00000000000000000, 2.000000000000000000 ) ;
#2640 = CARTESIAN_POINT ( 'NONE',  ( 166.9999999999998295, 6.000000000000003553, -98.99999999999997158 ) ) ;
#2641 = SECURITY_CLASSIFICATION_LEVEL ( 'unclassified' ) ;
#2642 = ORIENTED_EDGE ( 'NONE', *, *, #1494, .T. ) ;
#2643 = AXIS2_PLACEMENT_3D ( 'NONE', #1782, #1195, #968 ) ;
#2644 = AXIS2_PLACEMENT_3D ( 'NONE', #863, #1274, #1889 ) ;
#2645 = AXIS2_PLACEMENT_3D ( 'NONE', #2472, #618, #418 ) ;
#2646 = VECTOR ( 'NONE', #2155, 1000.000000000000000 ) ;
#2647 = FACE_OUTER_BOUND ( 'NONE', #672, .T. ) ;
#2648 = VERTEX_POINT ( 'NONE', #2539 ) ;
#2649 = CARTESIAN_POINT ( 'NONE',  ( 187.5000000000000000, 199.0000000000000000, 78.49999999999988631 ) ) ;
#2650 = EDGE_CURVE ( 'NONE', #237, #868, #2356, .T. ) ;
#2651 = CYLINDRICAL_SURFACE ( 'NONE', #879, 2.000000000000001776 ) ;
#2652 = ORIENTED_EDGE ( 'NONE', *, *, #2619, .F. ) ;
#2653 = DIRECTION ( 'NONE',  ( -0.000000000000000000, -1.000000000000000000, -0.000000000000000000 ) ) ;
#2654 = DIRECTION ( 'NONE',  ( 1.000000000000000000, 0.000000000000000000, -3.535742116640631056E-16 ) ) ;
#2655 = CALENDAR_DATE ( 2026, 27, 2 ) ;
#2656 = EDGE_LOOP ( 'NONE', ( #2215, #2414, #2115, #1922 ) ) ;
#2657 = DIRECTION ( 'NONE',  ( -0.000000000000000000, -0.000000000000000000, 1.000000000000000000 ) ) ;
#2658 = DIRECTION ( 'NONE',  ( 0.000000000000000000, -0.000000000000000000, -1.000000000000000000 ) ) ;
#2659 = ORIENTED_EDGE ( 'NONE', *, *, #894, .T. ) ;
#2660 = DIRECTION ( 'NONE',  ( -0.000000000000000000, -0.000000000000000000, 1.000000000000000000 ) ) ;
#2661 = CARTESIAN_POINT ( 'NONE',  ( 77.00000000000011369, 109.0000000000000000, -101.5009999999999764 ) ) ;
#2662 = EDGE_LOOP ( 'NONE', ( #1686, #592 ) ) ;
#2663 = DIRECTION ( 'NONE',  ( 0.000000000000000000, -0.000000000000000000, -1.000000000000000000 ) ) ;
#2664 = CARTESIAN_POINT ( 'NONE',  ( 187.4999999999999432, 199.0000000000000000, -78.49999999999984368 ) ) ;
#2665 = EDGE_CURVE ( 'NONE', #168, #135, #93, .T. ) ;
#2666 = ORIENTED_EDGE ( 'NONE', *, *, #159, .T. ) ;
#2667 = EDGE_CURVE ( 'NONE', #262, #135, #2113, .T. ) ;
#2668 = ORIENTED_EDGE ( 'NONE', *, *, #617, .F. ) ;
#2669 = CARTESIAN_POINT ( 'NONE',  ( -167.0000000000000568, 4.000000000000003553, -96.99999999999995737 ) ) ;
#2670 = CARTESIAN_POINT ( 'NONE',  ( 187.5000000000000000, 6.000000000000003553, 78.49999999999988631 ) ) ;
#2671 = ORIENTED_EDGE ( 'NONE', *, *, #673, .T. ) ;
ENDSEC;
END-ISO-10303-21;
