ISO-10303-21;
HEADER;
FILE_DESCRIPTION(('Designed by EasyEDA Pro'),'2;1');
FILE_NAME('Open CASCADE Shape Model','2026-02-24T03:32:16',('Author'),(
    'Open CASCADE'),'Open CASCADE STEP processor 7.8','Open CASCADE 7.8'
  ,'Unknown');
FILE_SCHEMA(('AUTOMOTIVE_DESIGN { 1 0 10303 214 1 1 1 1 }'));
ENDSEC;
DATA;
#1 = APPLICATION_PROTOCOL_DEFINITION('international standard',
  'automotive_design',2000,#2);
#2 = APPLICATION_CONTEXT(
  'core data for automotive mechanical design processes');
#3 = SHAPE_DEFINITION_REPRESENTATION(#4,#10);
#4 = PRODUCT_DEFINITION_SHAPE('','',#5);
#5 = PRODUCT_DEFINITION('design','',#6,#9);
#6 = PRODUCT_DEFINITION_FORMATION('','',#7);
#7 = PRODUCT('Open CASCADE STEP translator 7.8 1',
  'Open CASCADE STEP translator 7.8 1','',(#8));
#8 = PRODUCT_CONTEXT('',#2,'mechanical');
#9 = PRODUCT_DEFINITION_CONTEXT('part definition',#2,'design');
#10 = ADVANCED_BREP_SHAPE_REPRESENTATION('',(#11,#15),#10525);
#11 = AXIS2_PLACEMENT_3D('',#12,#13,#14);
#12 = CARTESIAN_POINT('',(0.,0.,0.));
#13 = DIRECTION('',(0.,0.,1.));
#14 = DIRECTION('',(1.,0.,-0.));
#15 = MANIFOLD_SOLID_BREP('',#16);
#16 = CLOSED_SHELL('',(#17,#2577,#2644,#2687,#2780,#2823,#2866,#2909,
    #2952,#2995,#3038,#3081,#3124,#3167,#3210,#3253,#3296,#3339,#3382,
    #3425,#3468,#3511,#3554,#3597,#3640,#3683,#3726,#3769,#3812,#3855,
    #3898,#3941,#3984,#4027,#4070,#4113,#4156,#4199,#4242,#4285,#4328,
    #4371,#4414,#4457,#4500,#4543,#4586,#4629,#4672,#4715,#4758,#4801,
    #4844,#4887,#4930,#4973,#5016,#5059,#5102,#5145,#5188,#5231,#5274,
    #5317,#5360,#5403,#5446,#5489,#5532,#5575,#5618,#5661,#5704,#5747,
    #5790,#5833,#5876,#5919,#5962,#6005,#6048,#6091,#6134,#6177,#6220,
    #6263,#6306,#6349,#6392,#6435,#6478,#6521,#6564,#6607,#6650,#6693,
    #6736,#6779,#6822,#6891,#6953,#6996,#7039,#7063,#8330,#8373,#9390,
    #9414,#9438,#9462,#9486,#9510,#9534,#9558,#9582,#9606,#9630,#9654,
    #9678,#9702,#9726,#9750,#9774,#9798,#9822,#9846,#9870,#9894,#9918,
    #9942,#9966,#9990,#10014,#10038,#10062,#10086,#10110,#10134,#10158,
    #10182,#10206,#10230,#10254,#10278,#10302,#10326,#10350,#10374,
    #10398,#10422,#10446,#10470,#10494,#10518));
#17 = ADVANCED_FACE('',(#18,#2475),#31,.T.);
#18 = FACE_BOUND('',#19,.T.);
#19 = EDGE_LOOP('',(#20,#52,#77,#102,#127,#152,#177,#202,#227,#252,#277,
    #302,#327,#352,#377,#402,#427,#452,#477,#502,#527,#552,#577,#602,
    #627,#652,#677,#702,#727,#752,#777,#802,#827,#852,#877,#902,#927,
    #952,#977,#1002,#1027,#1052,#1077,#1102,#1127,#1152,#1177,#1202,
    #1227,#1252,#1277,#1302,#1327,#1352,#1377,#1402,#1427,#1452,#1477,
    #1502,#1527,#1552,#1577,#1602,#1627,#1652,#1677,#1702,#1727,#1752,
    #1777,#1802,#1827,#1852,#1877,#1902,#1927,#1952,#1977,#2002,#2027,
    #2052,#2077,#2102,#2127,#2152,#2177,#2202,#2227,#2252,#2277,#2302,
    #2327,#2352,#2377,#2402,#2427,#2452));
#20 = ORIENTED_EDGE('',*,*,#21,.F.);
#21 = EDGE_CURVE('',#22,#24,#26,.T.);
#22 = VERTEX_POINT('',#23);
#23 = CARTESIAN_POINT('',(81.150161290323,-78.00015494031,
    26.400060960122));
#24 = VERTEX_POINT('',#25);
#25 = CARTESIAN_POINT('',(81.150161290323,-1.900002540005,
    26.400060960122));
#26 = SURFACE_CURVE('',#27,(#30,#41),.PCURVE_S1.);
#27 = B_SPLINE_CURVE_WITH_KNOTS('',1,(#28,#29),.UNSPECIFIED.,.F.,.F.,(2,
    2),(0.,2.996063E+03),.PIECEWISE_BEZIER_KNOTS.);
#28 = CARTESIAN_POINT('',(81.150161290323,-78.00015494031,
    26.400060960122));
#29 = CARTESIAN_POINT('',(81.150161290323,-1.900002540005,
    26.400060960122));
#30 = PCURVE('',#31,#36);
#31 = B_SPLINE_SURFACE_WITH_KNOTS('',1,1,(
    (#32,#33)
    ,(#34,#35
    )),.UNSPECIFIED.,.F.,.F.,.F.,(2,2),(2,2),(-1.574661107342E+03,
    1.728488492658E+03),(-1.683029403379E+03,1.683029403379E+03),
  .PIECEWISE_BEZIER_KNOTS.);
#32 = CARTESIAN_POINT('',(82.749111084059,2.750006350013,26.400060960122
    ));
#33 = CARTESIAN_POINT('',(-2.748953603744,2.750006350013,26.400060960122
    ));
#34 = CARTESIAN_POINT('',(82.749111084058,-81.15016129032,
    26.400060960122));
#35 = CARTESIAN_POINT('',(-2.748953603744,-81.15016129032,
    26.400060960122));
#36 = DEFINITIONAL_REPRESENTATION('',(#37),#40);
#37 = B_SPLINE_CURVE_WITH_KNOTS('',1,(#38,#39),.UNSPECIFIED.,.F.,.F.,(2,
    2),(0.,2.996063E+03),.PIECEWISE_BEZIER_KNOTS.);
#38 = CARTESIAN_POINT('',(1.604472742658E+03,-1.62007875E+03));
#39 = CARTESIAN_POINT('',(-1.391590257342E+03,-1.62007875E+03));
#40 = ( GEOMETRIC_REPRESENTATION_CONTEXT(2) 
PARAMETRIC_REPRESENTATION_CONTEXT() REPRESENTATION_CONTEXT('2D SPACE',''
  ) );
#41 = PCURVE('',#42,#47);
#42 = B_SPLINE_SURFACE_WITH_KNOTS('',1,1,(
    (#43,#44)
    ,(#45,#46
  )),.UNSPECIFIED.,.F.,.F.,.F.,(2,2),(2,2),(0.,2.996063E+03),(-78.74,0.)
  ,.PIECEWISE_BEZIER_KNOTS.);
#43 = CARTESIAN_POINT('',(81.150161290323,-78.00015494031,
    28.400060960122));
#44 = CARTESIAN_POINT('',(81.150161290323,-78.00015494031,
    26.400060960122));
#45 = CARTESIAN_POINT('',(81.150161290323,-1.900002540005,
    28.400060960122));
#46 = CARTESIAN_POINT('',(81.150161290323,-1.900002540005,
    26.400060960122));
#47 = DEFINITIONAL_REPRESENTATION('',(#48),#51);
#48 = B_SPLINE_CURVE_WITH_KNOTS('',1,(#49,#50),.UNSPECIFIED.,.F.,.F.,(2,
    2),(0.,2.996063E+03),.PIECEWISE_BEZIER_KNOTS.);
#49 = CARTESIAN_POINT('',(0.,0.));
#50 = CARTESIAN_POINT('',(2.996063E+03,0.));
#51 = ( GEOMETRIC_REPRESENTATION_CONTEXT(2) 
PARAMETRIC_REPRESENTATION_CONTEXT() REPRESENTATION_CONTEXT('2D SPACE',''
  ) );
#52 = ORIENTED_EDGE('',*,*,#53,.F.);
#53 = EDGE_CURVE('',#54,#22,#56,.T.);
#54 = VERTEX_POINT('',#55);
#55 = CARTESIAN_POINT('',(81.142817898469,-78.21511897574,
    26.400060960122));
#56 = SURFACE_CURVE('',#57,(#60,#66),.PCURVE_S1.);
#57 = B_SPLINE_CURVE_WITH_KNOTS('',1,(#58,#59),.UNSPECIFIED.,.F.,.F.,(2,
    2),(0.,8.468070771091),.PIECEWISE_BEZIER_KNOTS.);
#58 = CARTESIAN_POINT('',(81.142817898469,-78.21511897574,
    26.400060960122));
#59 = CARTESIAN_POINT('',(81.150161290323,-78.00015494031,
    26.400060960122));
#60 = PCURVE('',#31,#61);
#61 = DEFINITIONAL_REPRESENTATION('',(#62),#65);
#62 = B_SPLINE_CURVE_WITH_KNOTS('',1,(#63,#64),.UNSPECIFIED.,.F.,.F.,(2,
    2),(0.,8.468070771091),.PIECEWISE_BEZIER_KNOTS.);
#63 = CARTESIAN_POINT('',(1.612935876733E+03,-1.619789640663E+03));
#64 = CARTESIAN_POINT('',(1.604472742658E+03,-1.62007875E+03));
#65 = ( GEOMETRIC_REPRESENTATION_CONTEXT(2) 
PARAMETRIC_REPRESENTATION_CONTEXT() REPRESENTATION_CONTEXT('2D SPACE',''
  ) );
#66 = PCURVE('',#67,#72);
#67 = B_SPLINE_SURFACE_WITH_KNOTS('',1,1,(
    (#68,#69)
    ,(#70,#71
    )),.UNSPECIFIED.,.F.,.F.,.F.,(2,2),(2,2),(0.,8.468070771091),(-78.74
    ,0.),.PIECEWISE_BEZIER_KNOTS.);
#68 = CARTESIAN_POINT('',(81.142817898469,-78.21511897574,
    28.400060960122));
#69 = CARTESIAN_POINT('',(81.142817898469,-78.21511897574,
    26.400060960122));
#70 = CARTESIAN_POINT('',(81.150161290323,-78.00015494031,
    28.400060960122));
#71 = CARTESIAN_POINT('',(81.150161290323,-78.00015494031,
    26.400060960122));
#72 = DEFINITIONAL_REPRESENTATION('',(#73),#76);
#73 = B_SPLINE_CURVE_WITH_KNOTS('',1,(#74,#75),.UNSPECIFIED.,.F.,.F.,(2,
    2),(0.,8.468070771091),.PIECEWISE_BEZIER_KNOTS.);
#74 = CARTESIAN_POINT('',(0.,0.));
#75 = CARTESIAN_POINT('',(8.468070771091,0.));
#76 = ( GEOMETRIC_REPRESENTATION_CONTEXT(2) 
PARAMETRIC_REPRESENTATION_CONTEXT() REPRESENTATION_CONTEXT('2D SPACE',''
  ) );
#77 = ORIENTED_EDGE('',*,*,#78,.F.);
#78 = EDGE_CURVE('',#79,#54,#81,.T.);
#79 = VERTEX_POINT('',#80);
#80 = CARTESIAN_POINT('',(81.120821961193,-78.42908074962,
    26.400060960122));
#81 = SURFACE_CURVE('',#82,(#85,#91),.PCURVE_S1.);
#82 = B_SPLINE_CURVE_WITH_KNOTS('',1,(#83,#84),.UNSPECIFIED.,.F.,.F.,(2,
    2),(0.,8.468070771091),.PIECEWISE_BEZIER_KNOTS.);
#83 = CARTESIAN_POINT('',(81.120821961193,-78.42908074962,
    26.400060960122));
#84 = CARTESIAN_POINT('',(81.142817898469,-78.21511897574,
    26.400060960122));
#85 = PCURVE('',#31,#86);
#86 = DEFINITIONAL_REPRESENTATION('',(#87),#90);
#87 = B_SPLINE_CURVE_WITH_KNOTS('',1,(#88,#89),.UNSPECIFIED.,.F.,.F.,(2,
    2),(0.,8.468070771091),.PIECEWISE_BEZIER_KNOTS.);
#88 = CARTESIAN_POINT('',(1.621359551771E+03,-1.618923660612E+03));
#89 = CARTESIAN_POINT('',(1.612935876733E+03,-1.619789640663E+03));
#90 = ( GEOMETRIC_REPRESENTATION_CONTEXT(2) 
PARAMETRIC_REPRESENTATION_CONTEXT() REPRESENTATION_CONTEXT('2D SPACE',''
  ) );
#91 = PCURVE('',#92,#97);
#92 = B_SPLINE_SURFACE_WITH_KNOTS('',1,1,(
    (#93,#94)
    ,(#95,#96
    )),.UNSPECIFIED.,.F.,.F.,.F.,(2,2),(2,2),(0.,8.468070771091),(-78.74
    ,0.),.PIECEWISE_BEZIER_KNOTS.);
#93 = CARTESIAN_POINT('',(81.120821961193,-78.42908074962,
    28.400060960122));
#94 = CARTESIAN_POINT('',(81.120821961193,-78.42908074962,
    26.400060960122));
#95 = CARTESIAN_POINT('',(81.142817898469,-78.21511897574,
    28.400060960122));
#96 = CARTESIAN_POINT('',(81.142817898469,-78.21511897574,
    26.400060960122));
#97 = DEFINITIONAL_REPRESENTATION('',(#98),#101);
#98 = B_SPLINE_CURVE_WITH_KNOTS('',1,(#99,#100),.UNSPECIFIED.,.F.,.F.,(2
    ,2),(0.,8.468070771091),.PIECEWISE_BEZIER_KNOTS.);
#99 = CARTESIAN_POINT('',(0.,0.));
#100 = CARTESIAN_POINT('',(8.468070771091,0.));
#101 = ( GEOMETRIC_REPRESENTATION_CONTEXT(2) 
PARAMETRIC_REPRESENTATION_CONTEXT() REPRESENTATION_CONTEXT('2D SPACE',''
  ) );
#102 = ORIENTED_EDGE('',*,*,#103,.F.);
#103 = EDGE_CURVE('',#104,#79,#106,.T.);
#104 = VERTEX_POINT('',#105);
#105 = CARTESIAN_POINT('',(81.084276033706,-78.64104267337,
    26.400060960122));
#106 = SURFACE_CURVE('',#107,(#110,#116),.PCURVE_S1.);
#107 = B_SPLINE_CURVE_WITH_KNOTS('',1,(#108,#109),.UNSPECIFIED.,.F.,.F.,
  (2,2),(0.,8.468070771091),.PIECEWISE_BEZIER_KNOTS.);
#108 = CARTESIAN_POINT('',(81.084276033706,-78.64104267337,
    26.400060960122));
#109 = CARTESIAN_POINT('',(81.120821961193,-78.42908074962,
    26.400060960122));
#110 = PCURVE('',#31,#111);
#111 = DEFINITIONAL_REPRESENTATION('',(#112),#115);
#112 = B_SPLINE_CURVE_WITH_KNOTS('',1,(#113,#114),.UNSPECIFIED.,.F.,.F.,
  (2,2),(0.,8.468070771091),.PIECEWISE_BEZIER_KNOTS.);
#113 = CARTESIAN_POINT('',(1.629704492709E+03,-1.617484847447E+03));
#114 = CARTESIAN_POINT('',(1.621359551771E+03,-1.618923660612E+03));
#115 = ( GEOMETRIC_REPRESENTATION_CONTEXT(2) 
PARAMETRIC_REPRESENTATION_CONTEXT() REPRESENTATION_CONTEXT('2D SPACE',''
  ) );
#116 = PCURVE('',#117,#122);
#117 = B_SPLINE_SURFACE_WITH_KNOTS('',1,1,(
    (#118,#119)
    ,(#120,#121
    )),.UNSPECIFIED.,.F.,.F.,.F.,(2,2),(2,2),(0.,8.468070771091),(-78.74
    ,0.),.PIECEWISE_BEZIER_KNOTS.);
#118 = CARTESIAN_POINT('',(81.084276033706,-78.64104267337,
    28.400060960122));
#119 = CARTESIAN_POINT('',(81.084276033706,-78.64104267337,
    26.400060960122));
#120 = CARTESIAN_POINT('',(81.120821961193,-78.42908074962,
    28.400060960122));
#121 = CARTESIAN_POINT('',(81.120821961193,-78.42908074962,
    26.400060960122));
#122 = DEFINITIONAL_REPRESENTATION('',(#123),#126);
#123 = B_SPLINE_CURVE_WITH_KNOTS('',1,(#124,#125),.UNSPECIFIED.,.F.,.F.,
  (2,2),(0.,8.468070771091),.PIECEWISE_BEZIER_KNOTS.);
#124 = CARTESIAN_POINT('',(0.,0.));
#125 = CARTESIAN_POINT('',(8.46807077109,0.));
#126 = ( GEOMETRIC_REPRESENTATION_CONTEXT(2) 
PARAMETRIC_REPRESENTATION_CONTEXT() REPRESENTATION_CONTEXT('2D SPACE',''
  ) );
#127 = ORIENTED_EDGE('',*,*,#128,.F.);
#128 = EDGE_CURVE('',#129,#104,#131,.T.);
#129 = VERTEX_POINT('',#130);
#130 = CARTESIAN_POINT('',(81.033350509992,-78.85001648266,
    26.400060960122));
#131 = SURFACE_CURVE('',#132,(#135,#141),.PCURVE_S1.);
#132 = B_SPLINE_CURVE_WITH_KNOTS('',1,(#133,#134),.UNSPECIFIED.,.F.,.F.,
  (2,2),(0.,8.468070771091),.PIECEWISE_BEZIER_KNOTS.);
#133 = CARTESIAN_POINT('',(81.033350509992,-78.85001648266,
    26.400060960122));
#134 = CARTESIAN_POINT('',(81.084276033706,-78.64104267337,
    26.400060960122));
#135 = PCURVE('',#31,#136);
#136 = DEFINITIONAL_REPRESENTATION('',(#137),#140);
#137 = B_SPLINE_CURVE_WITH_KNOTS('',1,(#138,#139),.UNSPECIFIED.,.F.,.F.,
  (2,2),(0.,8.468070771091),.PIECEWISE_BEZIER_KNOTS.);
#138 = CARTESIAN_POINT('',(1.637931791581E+03,-1.615479909578E+03));
#139 = CARTESIAN_POINT('',(1.629704492709E+03,-1.617484847447E+03));
#140 = ( GEOMETRIC_REPRESENTATION_CONTEXT(2) 
PARAMETRIC_REPRESENTATION_CONTEXT() REPRESENTATION_CONTEXT('2D SPACE',''
  ) );
#141 = PCURVE('',#142,#147);
#142 = B_SPLINE_SURFACE_WITH_KNOTS('',1,1,(
    (#143,#144)
    ,(#145,#146
    )),.UNSPECIFIED.,.F.,.F.,.F.,(2,2),(2,2),(0.,8.468070771091),(-78.74
    ,0.),.PIECEWISE_BEZIER_KNOTS.);
#143 = CARTESIAN_POINT('',(81.033350509992,-78.85001648266,
    28.400060960122));
#144 = CARTESIAN_POINT('',(81.033350509992,-78.85001648266,
    26.400060960122));
#145 = CARTESIAN_POINT('',(81.084276033706,-78.64104267337,
    28.400060960122));
#146 = CARTESIAN_POINT('',(81.084276033706,-78.64104267337,
    26.400060960122));
#147 = DEFINITIONAL_REPRESENTATION('',(#148),#151);
#148 = B_SPLINE_CURVE_WITH_KNOTS('',1,(#149,#150),.UNSPECIFIED.,.F.,.F.,
  (2,2),(0.,8.468070771091),.PIECEWISE_BEZIER_KNOTS.);
#149 = CARTESIAN_POINT('',(0.,0.));
#150 = CARTESIAN_POINT('',(8.468070771091,0.));
#151 = ( GEOMETRIC_REPRESENTATION_CONTEXT(2) 
PARAMETRIC_REPRESENTATION_CONTEXT() REPRESENTATION_CONTEXT('2D SPACE',''
  ) );
#152 = ORIENTED_EDGE('',*,*,#153,.F.);
#153 = EDGE_CURVE('',#154,#129,#156,.T.);
#154 = VERTEX_POINT('',#155);
#155 = CARTESIAN_POINT('',(80.968282828353,-79.05502784513,
    26.400060960122));
#156 = SURFACE_CURVE('',#157,(#160,#166),.PCURVE_S1.);
#157 = B_SPLINE_CURVE_WITH_KNOTS('',1,(#158,#159),.UNSPECIFIED.,.F.,.F.,
  (2,2),(0.,8.468070771091),.PIECEWISE_BEZIER_KNOTS.);
#158 = CARTESIAN_POINT('',(80.968282828353,-79.05502784513,
    26.400060960122));
#159 = CARTESIAN_POINT('',(81.033350509992,-78.85001648266,
    26.400060960122));
#160 = PCURVE('',#31,#161);
#161 = DEFINITIONAL_REPRESENTATION('',(#162),#165);
#162 = B_SPLINE_CURVE_WITH_KNOTS('',1,(#163,#164),.UNSPECIFIED.,.F.,.F.,
  (2,2),(0.,8.468070771091),.PIECEWISE_BEZIER_KNOTS.);
#163 = CARTESIAN_POINT('',(1.646003088921E+03,-1.612918194952E+03));
#164 = CARTESIAN_POINT('',(1.637931791581E+03,-1.615479909578E+03));
#165 = ( GEOMETRIC_REPRESENTATION_CONTEXT(2) 
PARAMETRIC_REPRESENTATION_CONTEXT() REPRESENTATION_CONTEXT('2D SPACE',''
  ) );
#166 = PCURVE('',#167,#172);
#167 = B_SPLINE_SURFACE_WITH_KNOTS('',1,1,(
    (#168,#169)
    ,(#170,#171
    )),.UNSPECIFIED.,.F.,.F.,.F.,(2,2),(2,2),(0.,8.468070771091),(-78.74
    ,0.),.PIECEWISE_BEZIER_KNOTS.);
#168 = CARTESIAN_POINT('',(80.968282828353,-79.05502784513,
    28.400060960122));
#169 = CARTESIAN_POINT('',(80.968282828353,-79.05502784513,
    26.400060960122));
#170 = CARTESIAN_POINT('',(81.033350509992,-78.85001648266,
    28.400060960122));
#171 = CARTESIAN_POINT('',(81.033350509992,-78.85001648266,
    26.400060960122));
#172 = DEFINITIONAL_REPRESENTATION('',(#173),#176);
#173 = B_SPLINE_CURVE_WITH_KNOTS('',1,(#174,#175),.UNSPECIFIED.,.F.,.F.,
  (2,2),(0.,8.468070771091),.PIECEWISE_BEZIER_KNOTS.);
#174 = CARTESIAN_POINT('',(0.,0.));
#175 = CARTESIAN_POINT('',(8.46807077109,0.));
#176 = ( GEOMETRIC_REPRESENTATION_CONTEXT(2) 
PARAMETRIC_REPRESENTATION_CONTEXT() REPRESENTATION_CONTEXT('2D SPACE',''
  ) );
#177 = ORIENTED_EDGE('',*,*,#178,.F.);
#178 = EDGE_CURVE('',#179,#154,#181,.T.);
#179 = VERTEX_POINT('',#180);
#180 = CARTESIAN_POINT('',(80.889376364355,-79.25512090317,
    26.400060960122));
#181 = SURFACE_CURVE('',#182,(#185,#191),.PCURVE_S1.);
#182 = B_SPLINE_CURVE_WITH_KNOTS('',1,(#183,#184),.UNSPECIFIED.,.F.,.F.,
  (2,2),(0.,8.468070771091),.PIECEWISE_BEZIER_KNOTS.);
#183 = CARTESIAN_POINT('',(80.889376364355,-79.25512090317,
    26.400060960122));
#184 = CARTESIAN_POINT('',(80.968282828353,-79.05502784513,
    26.400060960122));
#185 = PCURVE('',#31,#186);
#186 = DEFINITIONAL_REPRESENTATION('',(#187),#190);
#187 = B_SPLINE_CURVE_WITH_KNOTS('',1,(#188,#189),.UNSPECIFIED.,.F.,.F.,
  (2,2),(0.,8.468070771091),.PIECEWISE_BEZIER_KNOTS.);
#188 = CARTESIAN_POINT('',(1.653880752616E+03,-1.609811647465E+03));
#189 = CARTESIAN_POINT('',(1.646003088921E+03,-1.612918194952E+03));
#190 = ( GEOMETRIC_REPRESENTATION_CONTEXT(2) 
PARAMETRIC_REPRESENTATION_CONTEXT() REPRESENTATION_CONTEXT('2D SPACE',''
  ) );
#191 = PCURVE('',#192,#197);
#192 = B_SPLINE_SURFACE_WITH_KNOTS('',1,1,(
    (#193,#194)
    ,(#195,#196
    )),.UNSPECIFIED.,.F.,.F.,.F.,(2,2),(2,2),(0.,8.468070771091),(-78.74
    ,0.),.PIECEWISE_BEZIER_KNOTS.);
#193 = CARTESIAN_POINT('',(80.889376364355,-79.25512090317,
    28.400060960122));
#194 = CARTESIAN_POINT('',(80.889376364355,-79.25512090317,
    26.400060960122));
#195 = CARTESIAN_POINT('',(80.968282828353,-79.05502784513,
    28.400060960122));
#196 = CARTESIAN_POINT('',(80.968282828353,-79.05502784513,
    26.400060960122));
#197 = DEFINITIONAL_REPRESENTATION('',(#198),#201);
#198 = B_SPLINE_CURVE_WITH_KNOTS('',1,(#199,#200),.UNSPECIFIED.,.F.,.F.,
  (2,2),(0.,8.468070771091),.PIECEWISE_BEZIER_KNOTS.);
#199 = CARTESIAN_POINT('',(0.,0.));
#200 = CARTESIAN_POINT('',(8.468070771091,0.));
#201 = ( GEOMETRIC_REPRESENTATION_CONTEXT(2) 
PARAMETRIC_REPRESENTATION_CONTEXT() REPRESENTATION_CONTEXT('2D SPACE',''
  ) );
#202 = ORIENTED_EDGE('',*,*,#203,.F.);
#203 = EDGE_CURVE('',#204,#179,#206,.T.);
#204 = VERTEX_POINT('',#205);
#205 = CARTESIAN_POINT('',(80.79699901636,-79.44936273058,
    26.400060960122));
#206 = SURFACE_CURVE('',#207,(#210,#216),.PCURVE_S1.);
#207 = B_SPLINE_CURVE_WITH_KNOTS('',1,(#208,#209),.UNSPECIFIED.,.F.,.F.,
  (2,2),(0.,8.468070771091),.PIECEWISE_BEZIER_KNOTS.);
#208 = CARTESIAN_POINT('',(80.79699901636,-79.44936273058,
    26.400060960122));
#209 = CARTESIAN_POINT('',(80.889376364355,-79.25512090317,
    26.400060960122));
#210 = PCURVE('',#31,#211);
#211 = DEFINITIONAL_REPRESENTATION('',(#212),#215);
#212 = B_SPLINE_CURVE_WITH_KNOTS('',1,(#213,#214),.UNSPECIFIED.,.F.,.F.,
  (2,2),(0.,8.468070771091),.PIECEWISE_BEZIER_KNOTS.);
#213 = CARTESIAN_POINT('',(1.661528053361E+03,-1.606174751274E+03));
#214 = CARTESIAN_POINT('',(1.653880752616E+03,-1.609811647465E+03));
#215 = ( GEOMETRIC_REPRESENTATION_CONTEXT(2) 
PARAMETRIC_REPRESENTATION_CONTEXT() REPRESENTATION_CONTEXT('2D SPACE',''
  ) );
#216 = PCURVE('',#217,#222);
#217 = B_SPLINE_SURFACE_WITH_KNOTS('',1,1,(
    (#218,#219)
    ,(#220,#221
    )),.UNSPECIFIED.,.F.,.F.,.F.,(2,2),(2,2),(0.,8.468070771091),(-78.74
    ,0.),.PIECEWISE_BEZIER_KNOTS.);
#218 = CARTESIAN_POINT('',(80.79699901636,-79.44936273058,
    28.400060960122));
#219 = CARTESIAN_POINT('',(80.79699901636,-79.44936273058,
    26.400060960122));
#220 = CARTESIAN_POINT('',(80.889376364355,-79.25512090317,
    28.400060960122));
#221 = CARTESIAN_POINT('',(80.889376364355,-79.25512090317,
    26.400060960122));
#222 = DEFINITIONAL_REPRESENTATION('',(#223),#226);
#223 = B_SPLINE_CURVE_WITH_KNOTS('',1,(#224,#225),.UNSPECIFIED.,.F.,.F.,
  (2,2),(0.,8.468070771091),.PIECEWISE_BEZIER_KNOTS.);
#224 = CARTESIAN_POINT('',(0.,0.));
#225 = CARTESIAN_POINT('',(8.468070771091,0.));
#226 = ( GEOMETRIC_REPRESENTATION_CONTEXT(2) 
PARAMETRIC_REPRESENTATION_CONTEXT() REPRESENTATION_CONTEXT('2D SPACE',''
  ) );
#227 = ORIENTED_EDGE('',*,*,#228,.F.);
#228 = EDGE_CURVE('',#229,#204,#231,.T.);
#229 = VERTEX_POINT('',#230);
#230 = CARTESIAN_POINT('',(80.691581490205,-79.63684768228,
    26.400060960122));
#231 = SURFACE_CURVE('',#232,(#235,#241),.PCURVE_S1.);
#232 = B_SPLINE_CURVE_WITH_KNOTS('',1,(#233,#234),.UNSPECIFIED.,.F.,.F.,
  (2,2),(0.,8.468070771091),.PIECEWISE_BEZIER_KNOTS.);
#233 = CARTESIAN_POINT('',(80.691581490205,-79.63684768228,
    26.400060960122));
#234 = CARTESIAN_POINT('',(80.79699901636,-79.44936273058,
    26.400060960122));
#235 = PCURVE('',#31,#236);
#236 = DEFINITIONAL_REPRESENTATION('',(#237),#240);
#237 = B_SPLINE_CURVE_WITH_KNOTS('',1,(#238,#239),.UNSPECIFIED.,.F.,.F.,
  (2,2),(0.,8.468070771091),.PIECEWISE_BEZIER_KNOTS.);
#238 = CARTESIAN_POINT('',(1.66890933591E+03,-1.602024463269E+03));
#239 = CARTESIAN_POINT('',(1.661528053361E+03,-1.606174751274E+03));
#240 = ( GEOMETRIC_REPRESENTATION_CONTEXT(2) 
PARAMETRIC_REPRESENTATION_CONTEXT() REPRESENTATION_CONTEXT('2D SPACE',''
  ) );
#241 = PCURVE('',#242,#247);
#242 = B_SPLINE_SURFACE_WITH_KNOTS('',1,1,(
    (#243,#244)
    ,(#245,#246
    )),.UNSPECIFIED.,.F.,.F.,.F.,(2,2),(2,2),(0.,8.468070771091),(-78.74
    ,0.),.PIECEWISE_BEZIER_KNOTS.);
#243 = CARTESIAN_POINT('',(80.691581490205,-79.63684768228,
    28.400060960122));
#244 = CARTESIAN_POINT('',(80.691581490205,-79.63684768228,
    26.400060960122));
#245 = CARTESIAN_POINT('',(80.79699901636,-79.44936273058,
    28.400060960122));
#246 = CARTESIAN_POINT('',(80.79699901636,-79.44936273058,
    26.400060960122));
#247 = DEFINITIONAL_REPRESENTATION('',(#248),#251);
#248 = B_SPLINE_CURVE_WITH_KNOTS('',1,(#249,#250),.UNSPECIFIED.,.F.,.F.,
  (2,2),(0.,8.468070771091),.PIECEWISE_BEZIER_KNOTS.);
#249 = CARTESIAN_POINT('',(0.,0.));
#250 = CARTESIAN_POINT('',(8.468070771091,0.));
#251 = ( GEOMETRIC_REPRESENTATION_CONTEXT(2) 
PARAMETRIC_REPRESENTATION_CONTEXT() REPRESENTATION_CONTEXT('2D SPACE',''
  ) );
#252 = ORIENTED_EDGE('',*,*,#253,.F.);
#253 = EDGE_CURVE('',#254,#229,#256,.T.);
#254 = VERTEX_POINT('',#255);
#255 = CARTESIAN_POINT('',(80.573615291062,-79.81670161689,
    26.400060960122));
#256 = SURFACE_CURVE('',#257,(#260,#266),.PCURVE_S1.);
#257 = B_SPLINE_CURVE_WITH_KNOTS('',1,(#258,#259),.UNSPECIFIED.,.F.,.F.,
  (2,2),(0.,8.468070771091),.PIECEWISE_BEZIER_KNOTS.);
#258 = CARTESIAN_POINT('',(80.573615291062,-79.81670161689,
    26.400060960122));
#259 = CARTESIAN_POINT('',(80.691581490205,-79.63684768228,
    26.400060960122));
#260 = PCURVE('',#31,#261);
#261 = DEFINITIONAL_REPRESENTATION('',(#262),#265);
#262 = B_SPLINE_CURVE_WITH_KNOTS('',1,(#263,#264),.UNSPECIFIED.,.F.,.F.,
  (2,2),(0.,8.468070771091),.PIECEWISE_BEZIER_KNOTS.);
#263 = CARTESIAN_POINT('',(1.675990185315E+03,-1.597380134009E+03));
#264 = CARTESIAN_POINT('',(1.66890933591E+03,-1.602024463269E+03));
#265 = ( GEOMETRIC_REPRESENTATION_CONTEXT(2) 
PARAMETRIC_REPRESENTATION_CONTEXT() REPRESENTATION_CONTEXT('2D SPACE',''
  ) );
#266 = PCURVE('',#267,#272);
#267 = B_SPLINE_SURFACE_WITH_KNOTS('',1,1,(
    (#268,#269)
    ,(#270,#271
    )),.UNSPECIFIED.,.F.,.F.,.F.,(2,2),(2,2),(0.,8.468070771091),(-78.74
    ,0.),.PIECEWISE_BEZIER_KNOTS.);
#268 = CARTESIAN_POINT('',(80.573615291062,-79.81670161689,
    28.400060960122));
#269 = CARTESIAN_POINT('',(80.573615291062,-79.81670161689,
    26.400060960122));
#270 = CARTESIAN_POINT('',(80.691581490205,-79.63684768228,
    28.400060960122));
#271 = CARTESIAN_POINT('',(80.691581490205,-79.63684768228,
    26.400060960122));
#272 = DEFINITIONAL_REPRESENTATION('',(#273),#276);
#273 = B_SPLINE_CURVE_WITH_KNOTS('',1,(#274,#275),.UNSPECIFIED.,.F.,.F.,
  (2,2),(0.,8.468070771091),.PIECEWISE_BEZIER_KNOTS.);
#274 = CARTESIAN_POINT('',(0.,0.));
#275 = CARTESIAN_POINT('',(8.468070771091,0.));
#276 = ( GEOMETRIC_REPRESENTATION_CONTEXT(2) 
PARAMETRIC_REPRESENTATION_CONTEXT() REPRESENTATION_CONTEXT('2D SPACE',''
  ) );
#277 = ORIENTED_EDGE('',*,*,#278,.F.);
#278 = EDGE_CURVE('',#279,#254,#281,.T.);
#279 = VERTEX_POINT('',#280);
#280 = CARTESIAN_POINT('',(80.443650431805,-79.98808597235,
    26.400060960122));
#281 = SURFACE_CURVE('',#282,(#285,#291),.PCURVE_S1.);
#282 = B_SPLINE_CURVE_WITH_KNOTS('',1,(#283,#284),.UNSPECIFIED.,.F.,.F.,
  (2,2),(0.,8.468070771091),.PIECEWISE_BEZIER_KNOTS.);
#283 = CARTESIAN_POINT('',(80.443650431805,-79.98808597235,
    26.400060960122));
#284 = CARTESIAN_POINT('',(80.573615291062,-79.81670161689,
    26.400060960122));
#285 = PCURVE('',#31,#286);
#286 = DEFINITIONAL_REPRESENTATION('',(#287),#290);
#287 = B_SPLINE_CURVE_WITH_KNOTS('',1,(#288,#289),.UNSPECIFIED.,.F.,.F.,
  (2,2),(0.,8.468070771091),.PIECEWISE_BEZIER_KNOTS.);
#288 = CARTESIAN_POINT('',(1.68273758739E+03,-1.5922634175E+03));
#289 = CARTESIAN_POINT('',(1.675990185315E+03,-1.597380134009E+03));
#290 = ( GEOMETRIC_REPRESENTATION_CONTEXT(2) 
PARAMETRIC_REPRESENTATION_CONTEXT() REPRESENTATION_CONTEXT('2D SPACE',''
  ) );
#291 = PCURVE('',#292,#297);
#292 = B_SPLINE_SURFACE_WITH_KNOTS('',1,1,(
    (#293,#294)
    ,(#295,#296
    )),.UNSPECIFIED.,.F.,.F.,.F.,(2,2),(2,2),(0.,8.468070771091),(-78.74
    ,0.),.PIECEWISE_BEZIER_KNOTS.);
#293 = CARTESIAN_POINT('',(80.443650431805,-79.98808597235,
    28.400060960122));
#294 = CARTESIAN_POINT('',(80.443650431805,-79.98808597235,
    26.400060960122));
#295 = CARTESIAN_POINT('',(80.573615291062,-79.81670161689,
    28.400060960122));
#296 = CARTESIAN_POINT('',(80.573615291062,-79.81670161689,
    26.400060960122));
#297 = DEFINITIONAL_REPRESENTATION('',(#298),#301);
#298 = B_SPLINE_CURVE_WITH_KNOTS('',1,(#299,#300),.UNSPECIFIED.,.F.,.F.,
  (2,2),(0.,8.468070771091),.PIECEWISE_BEZIER_KNOTS.);
#299 = CARTESIAN_POINT('',(0.,0.));
#300 = CARTESIAN_POINT('',(8.468070771092,0.));
#301 = ( GEOMETRIC_REPRESENTATION_CONTEXT(2) 
PARAMETRIC_REPRESENTATION_CONTEXT() REPRESENTATION_CONTEXT('2D SPACE',''
  ) );
#302 = ORIENTED_EDGE('',*,*,#303,.F.);
#303 = EDGE_CURVE('',#304,#279,#306,.T.);
#304 = VERTEX_POINT('',#305);
#305 = CARTESIAN_POINT('',(80.302292868604,-80.15020167567,
    26.400060960122));
#306 = SURFACE_CURVE('',#307,(#310,#316),.PCURVE_S1.);
#307 = B_SPLINE_CURVE_WITH_KNOTS('',1,(#308,#309),.UNSPECIFIED.,.F.,.F.,
  (2,2),(0.,8.468070771091),.PIECEWISE_BEZIER_KNOTS.);
#308 = CARTESIAN_POINT('',(80.302292868604,-80.15020167567,
    26.400060960122));
#309 = CARTESIAN_POINT('',(80.443650431805,-79.98808597235,
    26.400060960122));
#310 = PCURVE('',#31,#311);
#311 = DEFINITIONAL_REPRESENTATION('',(#312),#315);
#312 = B_SPLINE_CURVE_WITH_KNOTS('',1,(#313,#314),.UNSPECIFIED.,.F.,.F.,
  (2,2),(0.,8.468070771091),.PIECEWISE_BEZIER_KNOTS.);
#313 = CARTESIAN_POINT('',(1.689120082629E+03,-1.586698170237E+03));
#314 = CARTESIAN_POINT('',(1.68273758739E+03,-1.5922634175E+03));
#315 = ( GEOMETRIC_REPRESENTATION_CONTEXT(2) 
PARAMETRIC_REPRESENTATION_CONTEXT() REPRESENTATION_CONTEXT('2D SPACE',''
  ) );
#316 = PCURVE('',#317,#322);
#317 = B_SPLINE_SURFACE_WITH_KNOTS('',1,1,(
    (#318,#319)
    ,(#320,#321
    )),.UNSPECIFIED.,.F.,.F.,.F.,(2,2),(2,2),(0.,8.468070771091),(-78.74
    ,0.),.PIECEWISE_BEZIER_KNOTS.);
#318 = CARTESIAN_POINT('',(80.302292868604,-80.15020167567,
    28.400060960122));
#319 = CARTESIAN_POINT('',(80.302292868604,-80.15020167567,
    26.400060960122));
#320 = CARTESIAN_POINT('',(80.443650431805,-79.98808597235,
    28.400060960122));
#321 = CARTESIAN_POINT('',(80.443650431805,-79.98808597235,
    26.400060960122));
#322 = DEFINITIONAL_REPRESENTATION('',(#323),#326);
#323 = B_SPLINE_CURVE_WITH_KNOTS('',1,(#324,#325),.UNSPECIFIED.,.F.,.F.,
  (2,2),(0.,8.468070771091),.PIECEWISE_BEZIER_KNOTS.);
#324 = CARTESIAN_POINT('',(0.,0.));
#325 = CARTESIAN_POINT('',(8.468070771091,0.));
#326 = ( GEOMETRIC_REPRESENTATION_CONTEXT(2) 
PARAMETRIC_REPRESENTATION_CONTEXT() REPRESENTATION_CONTEXT('2D SPACE',''
  ) );
#327 = ORIENTED_EDGE('',*,*,#328,.F.);
#328 = EDGE_CURVE('',#329,#304,#331,.T.);
#329 = VERTEX_POINT('',#330);
#330 = CARTESIAN_POINT('',(80.15020167567,-80.3022928686,26.400060960122
    ));
#331 = SURFACE_CURVE('',#332,(#335,#341),.PCURVE_S1.);
#332 = B_SPLINE_CURVE_WITH_KNOTS('',1,(#333,#334),.UNSPECIFIED.,.F.,.F.,
  (2,2),(0.,8.468070771091),.PIECEWISE_BEZIER_KNOTS.);
#333 = CARTESIAN_POINT('',(80.15020167567,-80.3022928686,26.400060960122
    ));
#334 = CARTESIAN_POINT('',(80.302292868604,-80.15020167567,
    26.400060960122));
#335 = PCURVE('',#31,#336);
#336 = DEFINITIONAL_REPRESENTATION('',(#337),#340);
#337 = B_SPLINE_CURVE_WITH_KNOTS('',1,(#338,#339),.UNSPECIFIED.,.F.,.F.,
  (2,2),(0.,8.468070771091),.PIECEWISE_BEZIER_KNOTS.);
#338 = CARTESIAN_POINT('',(1.695107912895E+03,-1.580710339971E+03));
#339 = CARTESIAN_POINT('',(1.689120082629E+03,-1.586698170237E+03));
#340 = ( GEOMETRIC_REPRESENTATION_CONTEXT(2) 
PARAMETRIC_REPRESENTATION_CONTEXT() REPRESENTATION_CONTEXT('2D SPACE',''
  ) );
#341 = PCURVE('',#342,#347);
#342 = B_SPLINE_SURFACE_WITH_KNOTS('',1,1,(
    (#343,#344)
    ,(#345,#346
    )),.UNSPECIFIED.,.F.,.F.,.F.,(2,2),(2,2),(0.,8.468070771091),(-78.74
    ,0.),.PIECEWISE_BEZIER_KNOTS.);
#343 = CARTESIAN_POINT('',(80.15020167567,-80.3022928686,28.400060960122
    ));
#344 = CARTESIAN_POINT('',(80.15020167567,-80.3022928686,26.400060960122
    ));
#345 = CARTESIAN_POINT('',(80.302292868604,-80.15020167567,
    28.400060960122));
#346 = CARTESIAN_POINT('',(80.302292868604,-80.15020167567,
    26.400060960122));
#347 = DEFINITIONAL_REPRESENTATION('',(#348),#351);
#348 = B_SPLINE_CURVE_WITH_KNOTS('',1,(#349,#350),.UNSPECIFIED.,.F.,.F.,
  (2,2),(0.,8.468070771091),.PIECEWISE_BEZIER_KNOTS.);
#349 = CARTESIAN_POINT('',(0.,0.));
#350 = CARTESIAN_POINT('',(8.468070771091,0.));
#351 = ( GEOMETRIC_REPRESENTATION_CONTEXT(2) 
PARAMETRIC_REPRESENTATION_CONTEXT() REPRESENTATION_CONTEXT('2D SPACE',''
  ) );
#352 = ORIENTED_EDGE('',*,*,#353,.F.);
#353 = EDGE_CURVE('',#354,#329,#356,.T.);
#354 = VERTEX_POINT('',#355);
#355 = CARTESIAN_POINT('',(79.988085972353,-80.4436504318,
    26.400060960122));
#356 = SURFACE_CURVE('',#357,(#360,#366),.PCURVE_S1.);
#357 = B_SPLINE_CURVE_WITH_KNOTS('',1,(#358,#359),.UNSPECIFIED.,.F.,.F.,
  (2,2),(0.,8.46807077109),.PIECEWISE_BEZIER_KNOTS.);
#358 = CARTESIAN_POINT('',(79.988085972353,-80.4436504318,
    26.400060960122));
#359 = CARTESIAN_POINT('',(80.15020167567,-80.3022928686,26.400060960122
    ));
#360 = PCURVE('',#31,#361);
#361 = DEFINITIONAL_REPRESENTATION('',(#362),#365);
#362 = B_SPLINE_CURVE_WITH_KNOTS('',1,(#363,#364),.UNSPECIFIED.,.F.,.F.,
  (2,2),(0.,8.46807077109),.PIECEWISE_BEZIER_KNOTS.);
#363 = CARTESIAN_POINT('',(1.700673160158E+03,-1.574327844732E+03));
#364 = CARTESIAN_POINT('',(1.695107912895E+03,-1.580710339971E+03));
#365 = ( GEOMETRIC_REPRESENTATION_CONTEXT(2) 
PARAMETRIC_REPRESENTATION_CONTEXT() REPRESENTATION_CONTEXT('2D SPACE',''
  ) );
#366 = PCURVE('',#367,#372);
#367 = B_SPLINE_SURFACE_WITH_KNOTS('',1,1,(
    (#368,#369)
    ,(#370,#371
    )),.UNSPECIFIED.,.F.,.F.,.F.,(2,2),(2,2),(0.,8.46807077109),(-78.74,
    0.),.PIECEWISE_BEZIER_KNOTS.);
#368 = CARTESIAN_POINT('',(79.988085972353,-80.4436504318,
    28.400060960122));
#369 = CARTESIAN_POINT('',(79.988085972353,-80.4436504318,
    26.400060960122));
#370 = CARTESIAN_POINT('',(80.15020167567,-80.3022928686,28.400060960122
    ));
#371 = CARTESIAN_POINT('',(80.15020167567,-80.3022928686,26.400060960122
    ));
#372 = DEFINITIONAL_REPRESENTATION('',(#373),#376);
#373 = B_SPLINE_CURVE_WITH_KNOTS('',1,(#374,#375),.UNSPECIFIED.,.F.,.F.,
  (2,2),(0.,8.46807077109),.PIECEWISE_BEZIER_KNOTS.);
#374 = CARTESIAN_POINT('',(0.,0.));
#375 = CARTESIAN_POINT('',(8.46807077109,0.));
#376 = ( GEOMETRIC_REPRESENTATION_CONTEXT(2) 
PARAMETRIC_REPRESENTATION_CONTEXT() REPRESENTATION_CONTEXT('2D SPACE',''
  ) );
#377 = ORIENTED_EDGE('',*,*,#378,.F.);
#378 = EDGE_CURVE('',#379,#354,#381,.T.);
#379 = VERTEX_POINT('',#380);
#380 = CARTESIAN_POINT('',(79.816701616899,-80.57361529106,
    26.400060960122));
#381 = SURFACE_CURVE('',#382,(#385,#391),.PCURVE_S1.);
#382 = B_SPLINE_CURVE_WITH_KNOTS('',1,(#383,#384),.UNSPECIFIED.,.F.,.F.,
  (2,2),(0.,8.468070771091),.PIECEWISE_BEZIER_KNOTS.);
#383 = CARTESIAN_POINT('',(79.816701616899,-80.57361529106,
    26.400060960122));
#384 = CARTESIAN_POINT('',(79.988085972353,-80.4436504318,
    26.400060960122));
#385 = PCURVE('',#31,#386);
#386 = DEFINITIONAL_REPRESENTATION('',(#387),#390);
#387 = B_SPLINE_CURVE_WITH_KNOTS('',1,(#388,#389),.UNSPECIFIED.,.F.,.F.,
  (2,2),(0.,8.468070771091),.PIECEWISE_BEZIER_KNOTS.);
#388 = CARTESIAN_POINT('',(1.705789876667E+03,-1.567580442657E+03));
#389 = CARTESIAN_POINT('',(1.700673160158E+03,-1.574327844732E+03));
#390 = ( GEOMETRIC_REPRESENTATION_CONTEXT(2) 
PARAMETRIC_REPRESENTATION_CONTEXT() REPRESENTATION_CONTEXT('2D SPACE',''
  ) );
#391 = PCURVE('',#392,#397);
#392 = B_SPLINE_SURFACE_WITH_KNOTS('',1,1,(
    (#393,#394)
    ,(#395,#396
    )),.UNSPECIFIED.,.F.,.F.,.F.,(2,2),(2,2),(0.,8.468070771091),(-78.74
    ,0.),.PIECEWISE_BEZIER_KNOTS.);
#393 = CARTESIAN_POINT('',(79.816701616899,-80.57361529106,
    28.400060960122));
#394 = CARTESIAN_POINT('',(79.816701616899,-80.57361529106,
    26.400060960122));
#395 = CARTESIAN_POINT('',(79.988085972353,-80.4436504318,
    28.400060960122));
#396 = CARTESIAN_POINT('',(79.988085972353,-80.4436504318,
    26.400060960122));
#397 = DEFINITIONAL_REPRESENTATION('',(#398),#401);
#398 = B_SPLINE_CURVE_WITH_KNOTS('',1,(#399,#400),.UNSPECIFIED.,.F.,.F.,
  (2,2),(0.,8.468070771091),.PIECEWISE_BEZIER_KNOTS.);
#399 = CARTESIAN_POINT('',(0.,0.));
#400 = CARTESIAN_POINT('',(8.468070771092,0.));
#401 = ( GEOMETRIC_REPRESENTATION_CONTEXT(2) 
PARAMETRIC_REPRESENTATION_CONTEXT() REPRESENTATION_CONTEXT('2D SPACE',''
  ) );
#402 = ORIENTED_EDGE('',*,*,#403,.F.);
#403 = EDGE_CURVE('',#404,#379,#406,.T.);
#404 = VERTEX_POINT('',#405);
#405 = CARTESIAN_POINT('',(79.636847682286,-80.6915814902,
    26.400060960122));
#406 = SURFACE_CURVE('',#407,(#410,#416),.PCURVE_S1.);
#407 = B_SPLINE_CURVE_WITH_KNOTS('',1,(#408,#409),.UNSPECIFIED.,.F.,.F.,
  (2,2),(0.,8.468070771091),.PIECEWISE_BEZIER_KNOTS.);
#408 = CARTESIAN_POINT('',(79.636847682286,-80.6915814902,
    26.400060960122));
#409 = CARTESIAN_POINT('',(79.816701616899,-80.57361529106,
    26.400060960122));
#410 = PCURVE('',#31,#411);
#411 = DEFINITIONAL_REPRESENTATION('',(#412),#415);
#412 = B_SPLINE_CURVE_WITH_KNOTS('',1,(#413,#414),.UNSPECIFIED.,.F.,.F.,
  (2,2),(0.,8.468070771091),.PIECEWISE_BEZIER_KNOTS.);
#413 = CARTESIAN_POINT('',(1.710434205927E+03,-1.560499593252E+03));
#414 = CARTESIAN_POINT('',(1.705789876667E+03,-1.567580442657E+03));
#415 = ( GEOMETRIC_REPRESENTATION_CONTEXT(2) 
PARAMETRIC_REPRESENTATION_CONTEXT() REPRESENTATION_CONTEXT('2D SPACE',''
  ) );
#416 = PCURVE('',#417,#422);
#417 = B_SPLINE_SURFACE_WITH_KNOTS('',1,1,(
    (#418,#419)
    ,(#420,#421
    )),.UNSPECIFIED.,.F.,.F.,.F.,(2,2),(2,2),(0.,8.468070771091),(-78.74
    ,0.),.PIECEWISE_BEZIER_KNOTS.);
#418 = CARTESIAN_POINT('',(79.636847682286,-80.6915814902,
    28.400060960122));
#419 = CARTESIAN_POINT('',(79.636847682286,-80.6915814902,
    26.400060960122));
#420 = CARTESIAN_POINT('',(79.816701616899,-80.57361529106,
    28.400060960122));
#421 = CARTESIAN_POINT('',(79.816701616899,-80.57361529106,
    26.400060960122));
#422 = DEFINITIONAL_REPRESENTATION('',(#423),#426);
#423 = B_SPLINE_CURVE_WITH_KNOTS('',1,(#424,#425),.UNSPECIFIED.,.F.,.F.,
  (2,2),(0.,8.468070771091),.PIECEWISE_BEZIER_KNOTS.);
#424 = CARTESIAN_POINT('',(0.,0.));
#425 = CARTESIAN_POINT('',(8.468070771091,0.));
#426 = ( GEOMETRIC_REPRESENTATION_CONTEXT(2) 
PARAMETRIC_REPRESENTATION_CONTEXT() REPRESENTATION_CONTEXT('2D SPACE',''
  ) );
#427 = ORIENTED_EDGE('',*,*,#428,.F.);
#428 = EDGE_CURVE('',#429,#404,#431,.T.);
#429 = VERTEX_POINT('',#430);
#430 = CARTESIAN_POINT('',(79.449362730582,-80.79699901636,
    26.400060960122));
#431 = SURFACE_CURVE('',#432,(#435,#441),.PCURVE_S1.);
#432 = B_SPLINE_CURVE_WITH_KNOTS('',1,(#433,#434),.UNSPECIFIED.,.F.,.F.,
  (2,2),(0.,8.468070771091),.PIECEWISE_BEZIER_KNOTS.);
#433 = CARTESIAN_POINT('',(79.449362730582,-80.79699901636,
    26.400060960122));
#434 = CARTESIAN_POINT('',(79.636847682286,-80.6915814902,
    26.400060960122));
#435 = PCURVE('',#31,#436);
#436 = DEFINITIONAL_REPRESENTATION('',(#437),#440);
#437 = B_SPLINE_CURVE_WITH_KNOTS('',1,(#438,#439),.UNSPECIFIED.,.F.,.F.,
  (2,2),(0.,8.468070771091),.PIECEWISE_BEZIER_KNOTS.);
#438 = CARTESIAN_POINT('',(1.714584493932E+03,-1.553118310703E+03));
#439 = CARTESIAN_POINT('',(1.710434205927E+03,-1.560499593252E+03));
#440 = ( GEOMETRIC_REPRESENTATION_CONTEXT(2) 
PARAMETRIC_REPRESENTATION_CONTEXT() REPRESENTATION_CONTEXT('2D SPACE',''
  ) );
#441 = PCURVE('',#442,#447);
#442 = B_SPLINE_SURFACE_WITH_KNOTS('',1,1,(
    (#443,#444)
    ,(#445,#446
    )),.UNSPECIFIED.,.F.,.F.,.F.,(2,2),(2,2),(0.,8.468070771091),(-78.74
    ,0.),.PIECEWISE_BEZIER_KNOTS.);
#443 = CARTESIAN_POINT('',(79.449362730582,-80.79699901636,
    28.400060960122));
#444 = CARTESIAN_POINT('',(79.449362730582,-80.79699901636,
    26.400060960122));
#445 = CARTESIAN_POINT('',(79.636847682286,-80.6915814902,
    28.400060960122));
#446 = CARTESIAN_POINT('',(79.636847682286,-80.6915814902,
    26.400060960122));
#447 = DEFINITIONAL_REPRESENTATION('',(#448),#451);
#448 = B_SPLINE_CURVE_WITH_KNOTS('',1,(#449,#450),.UNSPECIFIED.,.F.,.F.,
  (2,2),(0.,8.468070771091),.PIECEWISE_BEZIER_KNOTS.);
#449 = CARTESIAN_POINT('',(0.,0.));
#450 = CARTESIAN_POINT('',(8.46807077109,0.));
#451 = ( GEOMETRIC_REPRESENTATION_CONTEXT(2) 
PARAMETRIC_REPRESENTATION_CONTEXT() REPRESENTATION_CONTEXT('2D SPACE',''
  ) );
#452 = ORIENTED_EDGE('',*,*,#453,.F.);
#453 = EDGE_CURVE('',#454,#429,#456,.T.);
#454 = VERTEX_POINT('',#455);
#455 = CARTESIAN_POINT('',(79.255120903178,-80.88937636435,
    26.400060960122));
#456 = SURFACE_CURVE('',#457,(#460,#466),.PCURVE_S1.);
#457 = B_SPLINE_CURVE_WITH_KNOTS('',1,(#458,#459),.UNSPECIFIED.,.F.,.F.,
  (2,2),(0.,8.468070771091),.PIECEWISE_BEZIER_KNOTS.);
#458 = CARTESIAN_POINT('',(79.255120903178,-80.88937636435,
    26.400060960122));
#459 = CARTESIAN_POINT('',(79.449362730582,-80.79699901636,
    26.400060960122));
#460 = PCURVE('',#31,#461);
#461 = DEFINITIONAL_REPRESENTATION('',(#462),#465);
#462 = B_SPLINE_CURVE_WITH_KNOTS('',1,(#463,#464),.UNSPECIFIED.,.F.,.F.,
  (2,2),(0.,8.468070771091),.PIECEWISE_BEZIER_KNOTS.);
#463 = CARTESIAN_POINT('',(1.718221390123E+03,-1.545471009958E+03));
#464 = CARTESIAN_POINT('',(1.714584493932E+03,-1.553118310703E+03));
#465 = ( GEOMETRIC_REPRESENTATION_CONTEXT(2) 
PARAMETRIC_REPRESENTATION_CONTEXT() REPRESENTATION_CONTEXT('2D SPACE',''
  ) );
#466 = PCURVE('',#467,#472);
#467 = B_SPLINE_SURFACE_WITH_KNOTS('',1,1,(
    (#468,#469)
    ,(#470,#471
    )),.UNSPECIFIED.,.F.,.F.,.F.,(2,2),(2,2),(0.,8.468070771091),(-78.74
    ,0.),.PIECEWISE_BEZIER_KNOTS.);
#468 = CARTESIAN_POINT('',(79.255120903178,-80.88937636435,
    28.400060960122));
#469 = CARTESIAN_POINT('',(79.255120903178,-80.88937636435,
    26.400060960122));
#470 = CARTESIAN_POINT('',(79.449362730582,-80.79699901636,
    28.400060960122));
#471 = CARTESIAN_POINT('',(79.449362730582,-80.79699901636,
    26.400060960122));
#472 = DEFINITIONAL_REPRESENTATION('',(#473),#476);
#473 = B_SPLINE_CURVE_WITH_KNOTS('',1,(#474,#475),.UNSPECIFIED.,.F.,.F.,
  (2,2),(0.,8.468070771091),.PIECEWISE_BEZIER_KNOTS.);
#474 = CARTESIAN_POINT('',(0.,0.));
#475 = CARTESIAN_POINT('',(8.468070771092,0.));
#476 = ( GEOMETRIC_REPRESENTATION_CONTEXT(2) 
PARAMETRIC_REPRESENTATION_CONTEXT() REPRESENTATION_CONTEXT('2D SPACE',''
  ) );
#477 = ORIENTED_EDGE('',*,*,#478,.F.);
#478 = EDGE_CURVE('',#479,#454,#481,.T.);
#479 = VERTEX_POINT('',#480);
#480 = CARTESIAN_POINT('',(79.055027845138,-80.96828282835,
    26.400060960122));
#481 = SURFACE_CURVE('',#482,(#485,#491),.PCURVE_S1.);
#482 = B_SPLINE_CURVE_WITH_KNOTS('',1,(#483,#484),.UNSPECIFIED.,.F.,.F.,
  (2,2),(0.,8.468070771091),.PIECEWISE_BEZIER_KNOTS.);
#483 = CARTESIAN_POINT('',(79.055027845138,-80.96828282835,
    26.400060960122));
#484 = CARTESIAN_POINT('',(79.255120903178,-80.88937636435,
    26.400060960122));
#485 = PCURVE('',#31,#486);
#486 = DEFINITIONAL_REPRESENTATION('',(#487),#490);
#487 = B_SPLINE_CURVE_WITH_KNOTS('',1,(#488,#489),.UNSPECIFIED.,.F.,.F.,
  (2,2),(0.,8.468070771091),.PIECEWISE_BEZIER_KNOTS.);
#488 = CARTESIAN_POINT('',(1.72132793761E+03,-1.537593346263E+03));
#489 = CARTESIAN_POINT('',(1.718221390123E+03,-1.545471009958E+03));
#490 = ( GEOMETRIC_REPRESENTATION_CONTEXT(2) 
PARAMETRIC_REPRESENTATION_CONTEXT() REPRESENTATION_CONTEXT('2D SPACE',''
  ) );
#491 = PCURVE('',#492,#497);
#492 = B_SPLINE_SURFACE_WITH_KNOTS('',1,1,(
    (#493,#494)
    ,(#495,#496
    )),.UNSPECIFIED.,.F.,.F.,.F.,(2,2),(2,2),(0.,8.468070771091),(-78.74
    ,0.),.PIECEWISE_BEZIER_KNOTS.);
#493 = CARTESIAN_POINT('',(79.055027845138,-80.96828282835,
    28.400060960122));
#494 = CARTESIAN_POINT('',(79.055027845138,-80.96828282835,
    26.400060960122));
#495 = CARTESIAN_POINT('',(79.255120903178,-80.88937636435,
    28.400060960122));
#496 = CARTESIAN_POINT('',(79.255120903178,-80.88937636435,
    26.400060960122));
#497 = DEFINITIONAL_REPRESENTATION('',(#498),#501);
#498 = B_SPLINE_CURVE_WITH_KNOTS('',1,(#499,#500),.UNSPECIFIED.,.F.,.F.,
  (2,2),(0.,8.468070771091),.PIECEWISE_BEZIER_KNOTS.);
#499 = CARTESIAN_POINT('',(0.,0.));
#500 = CARTESIAN_POINT('',(8.468070771091,0.));
#501 = ( GEOMETRIC_REPRESENTATION_CONTEXT(2) 
PARAMETRIC_REPRESENTATION_CONTEXT() REPRESENTATION_CONTEXT('2D SPACE',''
  ) );
#502 = ORIENTED_EDGE('',*,*,#503,.F.);
#503 = EDGE_CURVE('',#504,#479,#506,.T.);
#504 = VERTEX_POINT('',#505);
#505 = CARTESIAN_POINT('',(78.850016482667,-81.03335050999,
    26.400060960122));
#506 = SURFACE_CURVE('',#507,(#510,#516),.PCURVE_S1.);
#507 = B_SPLINE_CURVE_WITH_KNOTS('',1,(#508,#509),.UNSPECIFIED.,.F.,.F.,
  (2,2),(0.,8.468070771091),.PIECEWISE_BEZIER_KNOTS.);
#508 = CARTESIAN_POINT('',(78.850016482667,-81.03335050999,
    26.400060960122));
#509 = CARTESIAN_POINT('',(79.055027845138,-80.96828282835,
    26.400060960122));
#510 = PCURVE('',#31,#511);
#511 = DEFINITIONAL_REPRESENTATION('',(#512),#515);
#512 = B_SPLINE_CURVE_WITH_KNOTS('',1,(#513,#514),.UNSPECIFIED.,.F.,.F.,
  (2,2),(0.,8.468070771091),.PIECEWISE_BEZIER_KNOTS.);
#513 = CARTESIAN_POINT('',(1.723889652236E+03,-1.529522048923E+03));
#514 = CARTESIAN_POINT('',(1.72132793761E+03,-1.537593346263E+03));
#515 = ( GEOMETRIC_REPRESENTATION_CONTEXT(2) 
PARAMETRIC_REPRESENTATION_CONTEXT() REPRESENTATION_CONTEXT('2D SPACE',''
  ) );
#516 = PCURVE('',#517,#522);
#517 = B_SPLINE_SURFACE_WITH_KNOTS('',1,1,(
    (#518,#519)
    ,(#520,#521
    )),.UNSPECIFIED.,.F.,.F.,.F.,(2,2),(2,2),(0.,8.468070771091),(-78.74
    ,0.),.PIECEWISE_BEZIER_KNOTS.);
#518 = CARTESIAN_POINT('',(78.850016482667,-81.03335050999,
    28.400060960122));
#519 = CARTESIAN_POINT('',(78.850016482667,-81.03335050999,
    26.400060960122));
#520 = CARTESIAN_POINT('',(79.055027845138,-80.96828282835,
    28.400060960122));
#521 = CARTESIAN_POINT('',(79.055027845138,-80.96828282835,
    26.400060960122));
#522 = DEFINITIONAL_REPRESENTATION('',(#523),#526);
#523 = B_SPLINE_CURVE_WITH_KNOTS('',1,(#524,#525),.UNSPECIFIED.,.F.,.F.,
  (2,2),(0.,8.468070771091),.PIECEWISE_BEZIER_KNOTS.);
#524 = CARTESIAN_POINT('',(0.,0.));
#525 = CARTESIAN_POINT('',(8.46807077109,0.));
#526 = ( GEOMETRIC_REPRESENTATION_CONTEXT(2) 
PARAMETRIC_REPRESENTATION_CONTEXT() REPRESENTATION_CONTEXT('2D SPACE',''
  ) );
#527 = ORIENTED_EDGE('',*,*,#528,.F.);
#528 = EDGE_CURVE('',#529,#504,#531,.T.);
#529 = VERTEX_POINT('',#530);
#530 = CARTESIAN_POINT('',(78.641042673374,-81.0842760337,
    26.400060960122));
#531 = SURFACE_CURVE('',#532,(#535,#541),.PCURVE_S1.);
#532 = B_SPLINE_CURVE_WITH_KNOTS('',1,(#533,#534),.UNSPECIFIED.,.F.,.F.,
  (2,2),(0.,8.468070771091),.PIECEWISE_BEZIER_KNOTS.);
#533 = CARTESIAN_POINT('',(78.641042673374,-81.0842760337,
    26.400060960122));
#534 = CARTESIAN_POINT('',(78.850016482667,-81.03335050999,
    26.400060960122));
#535 = PCURVE('',#31,#536);
#536 = DEFINITIONAL_REPRESENTATION('',(#537),#540);
#537 = B_SPLINE_CURVE_WITH_KNOTS('',1,(#538,#539),.UNSPECIFIED.,.F.,.F.,
  (2,2),(0.,8.468070771091),.PIECEWISE_BEZIER_KNOTS.);
#538 = CARTESIAN_POINT('',(1.725894590105E+03,-1.521294750051E+03));
#539 = CARTESIAN_POINT('',(1.723889652236E+03,-1.529522048923E+03));
#540 = ( GEOMETRIC_REPRESENTATION_CONTEXT(2) 
PARAMETRIC_REPRESENTATION_CONTEXT() REPRESENTATION_CONTEXT('2D SPACE',''
  ) );
#541 = PCURVE('',#542,#547);
#542 = B_SPLINE_SURFACE_WITH_KNOTS('',1,1,(
    (#543,#544)
    ,(#545,#546
    )),.UNSPECIFIED.,.F.,.F.,.F.,(2,2),(2,2),(0.,8.468070771091),(-78.74
    ,0.),.PIECEWISE_BEZIER_KNOTS.);
#543 = CARTESIAN_POINT('',(78.641042673374,-81.0842760337,
    28.400060960122));
#544 = CARTESIAN_POINT('',(78.641042673374,-81.0842760337,
    26.400060960122));
#545 = CARTESIAN_POINT('',(78.850016482667,-81.03335050999,
    28.400060960122));
#546 = CARTESIAN_POINT('',(78.850016482667,-81.03335050999,
    26.400060960122));
#547 = DEFINITIONAL_REPRESENTATION('',(#548),#551);
#548 = B_SPLINE_CURVE_WITH_KNOTS('',1,(#549,#550),.UNSPECIFIED.,.F.,.F.,
  (2,2),(0.,8.468070771091),.PIECEWISE_BEZIER_KNOTS.);
#549 = CARTESIAN_POINT('',(0.,0.));
#550 = CARTESIAN_POINT('',(8.46807077109,0.));
#551 = ( GEOMETRIC_REPRESENTATION_CONTEXT(2) 
PARAMETRIC_REPRESENTATION_CONTEXT() REPRESENTATION_CONTEXT('2D SPACE',''
  ) );
#552 = ORIENTED_EDGE('',*,*,#553,.F.);
#553 = EDGE_CURVE('',#554,#529,#556,.T.);
#554 = VERTEX_POINT('',#555);
#555 = CARTESIAN_POINT('',(78.429080749623,-81.12082196119,
    26.400060960122));
#556 = SURFACE_CURVE('',#557,(#560,#566),.PCURVE_S1.);
#557 = B_SPLINE_CURVE_WITH_KNOTS('',1,(#558,#559),.UNSPECIFIED.,.F.,.F.,
  (2,2),(0.,8.468070771091),.PIECEWISE_BEZIER_KNOTS.);
#558 = CARTESIAN_POINT('',(78.429080749623,-81.12082196119,
    26.400060960122));
#559 = CARTESIAN_POINT('',(78.641042673374,-81.0842760337,
    26.400060960122));
#560 = PCURVE('',#31,#561);
#561 = DEFINITIONAL_REPRESENTATION('',(#562),#565);
#562 = B_SPLINE_CURVE_WITH_KNOTS('',1,(#563,#564),.UNSPECIFIED.,.F.,.F.,
  (2,2),(0.,8.468070771091),.PIECEWISE_BEZIER_KNOTS.);
#563 = CARTESIAN_POINT('',(1.72733340327E+03,-1.512949809113E+03));
#564 = CARTESIAN_POINT('',(1.725894590105E+03,-1.521294750051E+03));
#565 = ( GEOMETRIC_REPRESENTATION_CONTEXT(2) 
PARAMETRIC_REPRESENTATION_CONTEXT() REPRESENTATION_CONTEXT('2D SPACE',''
  ) );
#566 = PCURVE('',#567,#572);
#567 = B_SPLINE_SURFACE_WITH_KNOTS('',1,1,(
    (#568,#569)
    ,(#570,#571
    )),.UNSPECIFIED.,.F.,.F.,.F.,(2,2),(2,2),(0.,8.468070771091),(-78.74
    ,0.),.PIECEWISE_BEZIER_KNOTS.);
#568 = CARTESIAN_POINT('',(78.429080749623,-81.12082196119,
    28.400060960122));
#569 = CARTESIAN_POINT('',(78.429080749623,-81.12082196119,
    26.400060960122));
#570 = CARTESIAN_POINT('',(78.641042673374,-81.0842760337,
    28.400060960122));
#571 = CARTESIAN_POINT('',(78.641042673374,-81.0842760337,
    26.400060960122));
#572 = DEFINITIONAL_REPRESENTATION('',(#573),#576);
#573 = B_SPLINE_CURVE_WITH_KNOTS('',1,(#574,#575),.UNSPECIFIED.,.F.,.F.,
  (2,2),(0.,8.468070771091),.PIECEWISE_BEZIER_KNOTS.);
#574 = CARTESIAN_POINT('',(0.,0.));
#575 = CARTESIAN_POINT('',(8.468070771092,0.));
#576 = ( GEOMETRIC_REPRESENTATION_CONTEXT(2) 
PARAMETRIC_REPRESENTATION_CONTEXT() REPRESENTATION_CONTEXT('2D SPACE',''
  ) );
#577 = ORIENTED_EDGE('',*,*,#578,.F.);
#578 = EDGE_CURVE('',#579,#554,#581,.T.);
#579 = VERTEX_POINT('',#580);
#580 = CARTESIAN_POINT('',(78.215118975749,-81.14281789846,
    26.400060960122));
#581 = SURFACE_CURVE('',#582,(#585,#591),.PCURVE_S1.);
#582 = B_SPLINE_CURVE_WITH_KNOTS('',1,(#583,#584),.UNSPECIFIED.,.F.,.F.,
  (2,2),(0.,8.468070771091),.PIECEWISE_BEZIER_KNOTS.);
#583 = CARTESIAN_POINT('',(78.215118975749,-81.14281789846,
    26.400060960122));
#584 = CARTESIAN_POINT('',(78.429080749623,-81.12082196119,
    26.400060960122));
#585 = PCURVE('',#31,#586);
#586 = DEFINITIONAL_REPRESENTATION('',(#587),#590);
#587 = B_SPLINE_CURVE_WITH_KNOTS('',1,(#588,#589),.UNSPECIFIED.,.F.,.F.,
  (2,2),(0.,8.468070771091),.PIECEWISE_BEZIER_KNOTS.);
#588 = CARTESIAN_POINT('',(1.728199383321E+03,-1.504526134075E+03));
#589 = CARTESIAN_POINT('',(1.72733340327E+03,-1.512949809113E+03));
#590 = ( GEOMETRIC_REPRESENTATION_CONTEXT(2) 
PARAMETRIC_REPRESENTATION_CONTEXT() REPRESENTATION_CONTEXT('2D SPACE',''
  ) );
#591 = PCURVE('',#592,#597);
#592 = B_SPLINE_SURFACE_WITH_KNOTS('',1,1,(
    (#593,#594)
    ,(#595,#596
    )),.UNSPECIFIED.,.F.,.F.,.F.,(2,2),(2,2),(0.,8.468070771091),(-78.74
    ,0.),.PIECEWISE_BEZIER_KNOTS.);
#593 = CARTESIAN_POINT('',(78.215118975749,-81.14281789846,
    28.400060960122));
#594 = CARTESIAN_POINT('',(78.215118975749,-81.14281789846,
    26.400060960122));
#595 = CARTESIAN_POINT('',(78.429080749623,-81.12082196119,
    28.400060960122));
#596 = CARTESIAN_POINT('',(78.429080749623,-81.12082196119,
    26.400060960122));
#597 = DEFINITIONAL_REPRESENTATION('',(#598),#601);
#598 = B_SPLINE_CURVE_WITH_KNOTS('',1,(#599,#600),.UNSPECIFIED.,.F.,.F.,
  (2,2),(0.,8.468070771091),.PIECEWISE_BEZIER_KNOTS.);
#599 = CARTESIAN_POINT('',(0.,0.));
#600 = CARTESIAN_POINT('',(8.468070771091,0.));
#601 = ( GEOMETRIC_REPRESENTATION_CONTEXT(2) 
PARAMETRIC_REPRESENTATION_CONTEXT() REPRESENTATION_CONTEXT('2D SPACE',''
  ) );
#602 = ORIENTED_EDGE('',*,*,#603,.F.);
#603 = EDGE_CURVE('',#604,#579,#606,.T.);
#604 = VERTEX_POINT('',#605);
#605 = CARTESIAN_POINT('',(78.00015494031,-81.15016129032,
    26.400060960122));
#606 = SURFACE_CURVE('',#607,(#610,#616),.PCURVE_S1.);
#607 = B_SPLINE_CURVE_WITH_KNOTS('',1,(#608,#609),.UNSPECIFIED.,.F.,.F.,
  (2,2),(0.,8.468070771092),.PIECEWISE_BEZIER_KNOTS.);
#608 = CARTESIAN_POINT('',(78.00015494031,-81.15016129032,
    26.400060960122));
#609 = CARTESIAN_POINT('',(78.215118975749,-81.14281789846,
    26.400060960122));
#610 = PCURVE('',#31,#611);
#611 = DEFINITIONAL_REPRESENTATION('',(#612),#615);
#612 = B_SPLINE_CURVE_WITH_KNOTS('',1,(#613,#614),.UNSPECIFIED.,.F.,.F.,
  (2,2),(0.,8.468070771092),.PIECEWISE_BEZIER_KNOTS.);
#613 = CARTESIAN_POINT('',(1.728488492658E+03,-1.496063E+03));
#614 = CARTESIAN_POINT('',(1.728199383321E+03,-1.504526134075E+03));
#615 = ( GEOMETRIC_REPRESENTATION_CONTEXT(2) 
PARAMETRIC_REPRESENTATION_CONTEXT() REPRESENTATION_CONTEXT('2D SPACE',''
  ) );
#616 = PCURVE('',#617,#622);
#617 = B_SPLINE_SURFACE_WITH_KNOTS('',1,1,(
    (#618,#619)
    ,(#620,#621
    )),.UNSPECIFIED.,.F.,.F.,.F.,(2,2),(2,2),(0.,8.468070771092),(-78.74
    ,0.),.PIECEWISE_BEZIER_KNOTS.);
#618 = CARTESIAN_POINT('',(78.00015494031,-81.15016129032,
    28.400060960122));
#619 = CARTESIAN_POINT('',(78.00015494031,-81.15016129032,
    26.400060960122));
#620 = CARTESIAN_POINT('',(78.215118975749,-81.14281789846,
    28.400060960122));
#621 = CARTESIAN_POINT('',(78.215118975749,-81.14281789846,
    26.400060960122));
#622 = DEFINITIONAL_REPRESENTATION('',(#623),#626);
#623 = B_SPLINE_CURVE_WITH_KNOTS('',1,(#624,#625),.UNSPECIFIED.,.F.,.F.,
  (2,2),(0.,8.468070771092),.PIECEWISE_BEZIER_KNOTS.);
#624 = CARTESIAN_POINT('',(0.,0.));
#625 = CARTESIAN_POINT('',(8.468070771092,0.));
#626 = ( GEOMETRIC_REPRESENTATION_CONTEXT(2) 
PARAMETRIC_REPRESENTATION_CONTEXT() REPRESENTATION_CONTEXT('2D SPACE',''
  ) );
#627 = ORIENTED_EDGE('',*,*,#628,.F.);
#628 = EDGE_CURVE('',#629,#604,#631,.T.);
#629 = VERTEX_POINT('',#630);
#630 = CARTESIAN_POINT('',(2.000002540005,-81.15016129032,
    26.400060960122));
#631 = SURFACE_CURVE('',#632,(#635,#641),.PCURVE_S1.);
#632 = B_SPLINE_CURVE_WITH_KNOTS('',1,(#633,#634),.UNSPECIFIED.,.F.,.F.,
  (2,2),(0.,2.992126E+03),.PIECEWISE_BEZIER_KNOTS.);
#633 = CARTESIAN_POINT('',(2.000002540005,-81.15016129032,
    26.400060960122));
#634 = CARTESIAN_POINT('',(78.00015494031,-81.15016129032,
    26.400060960122));
#635 = PCURVE('',#31,#636);
#636 = DEFINITIONAL_REPRESENTATION('',(#637),#640);
#637 = B_SPLINE_CURVE_WITH_KNOTS('',1,(#638,#639),.UNSPECIFIED.,.F.,.F.,
  (2,2),(0.,2.992126E+03),.PIECEWISE_BEZIER_KNOTS.);
#638 = CARTESIAN_POINT('',(1.728488492658E+03,1.496063E+03));
#639 = CARTESIAN_POINT('',(1.728488492658E+03,-1.496063E+03));
#640 = ( GEOMETRIC_REPRESENTATION_CONTEXT(2) 
PARAMETRIC_REPRESENTATION_CONTEXT() REPRESENTATION_CONTEXT('2D SPACE',''
  ) );
#641 = PCURVE('',#642,#647);
#642 = B_SPLINE_SURFACE_WITH_KNOTS('',1,1,(
    (#643,#644)
    ,(#645,#646
    )),.UNSPECIFIED.,.F.,.F.,.F.,(2,2),(2,2),(0.,2.992126E+03),(-78.74,
    0.),.PIECEWISE_BEZIER_KNOTS.);
#643 = CARTESIAN_POINT('',(2.000002540005,-81.15016129032,
    28.400060960122));
#644 = CARTESIAN_POINT('',(2.000002540005,-81.15016129032,
    26.400060960122));
#645 = CARTESIAN_POINT('',(78.00015494031,-81.15016129032,
    28.400060960122));
#646 = CARTESIAN_POINT('',(78.00015494031,-81.15016129032,
    26.400060960122));
#647 = DEFINITIONAL_REPRESENTATION('',(#648),#651);
#648 = B_SPLINE_CURVE_WITH_KNOTS('',1,(#649,#650),.UNSPECIFIED.,.F.,.F.,
  (2,2),(0.,2.992126E+03),.PIECEWISE_BEZIER_KNOTS.);
#649 = CARTESIAN_POINT('',(0.,0.));
#650 = CARTESIAN_POINT('',(2.992126E+03,0.));
#651 = ( GEOMETRIC_REPRESENTATION_CONTEXT(2) 
PARAMETRIC_REPRESENTATION_CONTEXT() REPRESENTATION_CONTEXT('2D SPACE',''
  ) );
#652 = ORIENTED_EDGE('',*,*,#653,.F.);
#653 = EDGE_CURVE('',#654,#629,#656,.T.);
#654 = VERTEX_POINT('',#655);
#655 = CARTESIAN_POINT('',(1.785038504566,-81.14281789846,
    26.400060960122));
#656 = SURFACE_CURVE('',#657,(#660,#666),.PCURVE_S1.);
#657 = B_SPLINE_CURVE_WITH_KNOTS('',1,(#658,#659),.UNSPECIFIED.,.F.,.F.,
  (2,2),(0.,8.468070771091),.PIECEWISE_BEZIER_KNOTS.);
#658 = CARTESIAN_POINT('',(1.785038504566,-81.14281789846,
    26.400060960122));
#659 = CARTESIAN_POINT('',(2.000002540005,-81.15016129032,
    26.400060960122));
#660 = PCURVE('',#31,#661);
#661 = DEFINITIONAL_REPRESENTATION('',(#662),#665);
#662 = B_SPLINE_CURVE_WITH_KNOTS('',1,(#663,#664),.UNSPECIFIED.,.F.,.F.,
  (2,2),(0.,8.468070771091),.PIECEWISE_BEZIER_KNOTS.);
#663 = CARTESIAN_POINT('',(1.728199383321E+03,1.504526134075E+03));
#664 = CARTESIAN_POINT('',(1.728488492658E+03,1.496063E+03));
#665 = ( GEOMETRIC_REPRESENTATION_CONTEXT(2) 
PARAMETRIC_REPRESENTATION_CONTEXT() REPRESENTATION_CONTEXT('2D SPACE',''
  ) );
#666 = PCURVE('',#667,#672);
#667 = B_SPLINE_SURFACE_WITH_KNOTS('',1,1,(
    (#668,#669)
    ,(#670,#671
    )),.UNSPECIFIED.,.F.,.F.,.F.,(2,2),(2,2),(0.,8.468070771091),(-78.74
    ,0.),.PIECEWISE_BEZIER_KNOTS.);
#668 = CARTESIAN_POINT('',(1.785038504566,-81.14281789846,
    28.400060960122));
#669 = CARTESIAN_POINT('',(1.785038504566,-81.14281789846,
    26.400060960122));
#670 = CARTESIAN_POINT('',(2.000002540005,-81.15016129032,
    28.400060960122));
#671 = CARTESIAN_POINT('',(2.000002540005,-81.15016129032,
    26.400060960122));
#672 = DEFINITIONAL_REPRESENTATION('',(#673),#676);
#673 = B_SPLINE_CURVE_WITH_KNOTS('',1,(#674,#675),.UNSPECIFIED.,.F.,.F.,
  (2,2),(0.,8.468070771091),.PIECEWISE_BEZIER_KNOTS.);
#674 = CARTESIAN_POINT('',(0.,0.));
#675 = CARTESIAN_POINT('',(8.468070771091,0.));
#676 = ( GEOMETRIC_REPRESENTATION_CONTEXT(2) 
PARAMETRIC_REPRESENTATION_CONTEXT() REPRESENTATION_CONTEXT('2D SPACE',''
  ) );
#677 = ORIENTED_EDGE('',*,*,#678,.F.);
#678 = EDGE_CURVE('',#679,#654,#681,.T.);
#679 = VERTEX_POINT('',#680);
#680 = CARTESIAN_POINT('',(1.571076730692,-81.12082196119,
    26.400060960122));
#681 = SURFACE_CURVE('',#682,(#685,#691),.PCURVE_S1.);
#682 = B_SPLINE_CURVE_WITH_KNOTS('',1,(#683,#684),.UNSPECIFIED.,.F.,.F.,
  (2,2),(0.,8.468070771091),.PIECEWISE_BEZIER_KNOTS.);
#683 = CARTESIAN_POINT('',(1.571076730692,-81.12082196119,
    26.400060960122));
#684 = CARTESIAN_POINT('',(1.785038504566,-81.14281789846,
    26.400060960122));
#685 = PCURVE('',#31,#686);
#686 = DEFINITIONAL_REPRESENTATION('',(#687),#690);
#687 = B_SPLINE_CURVE_WITH_KNOTS('',1,(#688,#689),.UNSPECIFIED.,.F.,.F.,
  (2,2),(0.,8.468070771091),.PIECEWISE_BEZIER_KNOTS.);
#688 = CARTESIAN_POINT('',(1.72733340327E+03,1.512949809113E+03));
#689 = CARTESIAN_POINT('',(1.728199383321E+03,1.504526134075E+03));
#690 = ( GEOMETRIC_REPRESENTATION_CONTEXT(2) 
PARAMETRIC_REPRESENTATION_CONTEXT() REPRESENTATION_CONTEXT('2D SPACE',''
  ) );
#691 = PCURVE('',#692,#697);
#692 = B_SPLINE_SURFACE_WITH_KNOTS('',1,1,(
    (#693,#694)
    ,(#695,#696
    )),.UNSPECIFIED.,.F.,.F.,.F.,(2,2),(2,2),(0.,8.468070771091),(-78.74
    ,0.),.PIECEWISE_BEZIER_KNOTS.);
#693 = CARTESIAN_POINT('',(1.571076730692,-81.12082196119,
    28.400060960122));
#694 = CARTESIAN_POINT('',(1.571076730692,-81.12082196119,
    26.400060960122));
#695 = CARTESIAN_POINT('',(1.785038504566,-81.14281789846,
    28.400060960122));
#696 = CARTESIAN_POINT('',(1.785038504566,-81.14281789846,
    26.400060960122));
#697 = DEFINITIONAL_REPRESENTATION('',(#698),#701);
#698 = B_SPLINE_CURVE_WITH_KNOTS('',1,(#699,#700),.UNSPECIFIED.,.F.,.F.,
  (2,2),(0.,8.468070771091),.PIECEWISE_BEZIER_KNOTS.);
#699 = CARTESIAN_POINT('',(0.,0.));
#700 = CARTESIAN_POINT('',(8.468070771091,0.));
#701 = ( GEOMETRIC_REPRESENTATION_CONTEXT(2) 
PARAMETRIC_REPRESENTATION_CONTEXT() REPRESENTATION_CONTEXT('2D SPACE',''
  ) );
#702 = ORIENTED_EDGE('',*,*,#703,.F.);
#703 = EDGE_CURVE('',#704,#679,#706,.T.);
#704 = VERTEX_POINT('',#705);
#705 = CARTESIAN_POINT('',(1.359114806941,-81.0842760337,26.400060960122
    ));
#706 = SURFACE_CURVE('',#707,(#710,#716),.PCURVE_S1.);
#707 = B_SPLINE_CURVE_WITH_KNOTS('',1,(#708,#709),.UNSPECIFIED.,.F.,.F.,
  (2,2),(0.,8.468070771091),.PIECEWISE_BEZIER_KNOTS.);
#708 = CARTESIAN_POINT('',(1.359114806941,-81.0842760337,26.400060960122
    ));
#709 = CARTESIAN_POINT('',(1.571076730692,-81.12082196119,
    26.400060960122));
#710 = PCURVE('',#31,#711);
#711 = DEFINITIONAL_REPRESENTATION('',(#712),#715);
#712 = B_SPLINE_CURVE_WITH_KNOTS('',1,(#713,#714),.UNSPECIFIED.,.F.,.F.,
  (2,2),(0.,8.468070771091),.PIECEWISE_BEZIER_KNOTS.);
#713 = CARTESIAN_POINT('',(1.725894590105E+03,1.521294750051E+03));
#714 = CARTESIAN_POINT('',(1.72733340327E+03,1.512949809113E+03));
#715 = ( GEOMETRIC_REPRESENTATION_CONTEXT(2) 
PARAMETRIC_REPRESENTATION_CONTEXT() REPRESENTATION_CONTEXT('2D SPACE',''
  ) );
#716 = PCURVE('',#717,#722);
#717 = B_SPLINE_SURFACE_WITH_KNOTS('',1,1,(
    (#718,#719)
    ,(#720,#721
    )),.UNSPECIFIED.,.F.,.F.,.F.,(2,2),(2,2),(0.,8.468070771091),(-78.74
    ,0.),.PIECEWISE_BEZIER_KNOTS.);
#718 = CARTESIAN_POINT('',(1.359114806941,-81.0842760337,28.400060960122
    ));
#719 = CARTESIAN_POINT('',(1.359114806941,-81.0842760337,26.400060960122
    ));
#720 = CARTESIAN_POINT('',(1.571076730692,-81.12082196119,
    28.400060960122));
#721 = CARTESIAN_POINT('',(1.571076730692,-81.12082196119,
    26.400060960122));
#722 = DEFINITIONAL_REPRESENTATION('',(#723),#726);
#723 = B_SPLINE_CURVE_WITH_KNOTS('',1,(#724,#725),.UNSPECIFIED.,.F.,.F.,
  (2,2),(0.,8.468070771091),.PIECEWISE_BEZIER_KNOTS.);
#724 = CARTESIAN_POINT('',(0.,0.));
#725 = CARTESIAN_POINT('',(8.468070771091,0.));
#726 = ( GEOMETRIC_REPRESENTATION_CONTEXT(2) 
PARAMETRIC_REPRESENTATION_CONTEXT() REPRESENTATION_CONTEXT('2D SPACE',''
  ) );
#727 = ORIENTED_EDGE('',*,*,#728,.F.);
#728 = EDGE_CURVE('',#729,#704,#731,.T.);
#729 = VERTEX_POINT('',#730);
#730 = CARTESIAN_POINT('',(1.150140997648,-81.03335050999,
    26.400060960122));
#731 = SURFACE_CURVE('',#732,(#735,#741),.PCURVE_S1.);
#732 = B_SPLINE_CURVE_WITH_KNOTS('',1,(#733,#734),.UNSPECIFIED.,.F.,.F.,
  (2,2),(0.,8.468070771091),.PIECEWISE_BEZIER_KNOTS.);
#733 = CARTESIAN_POINT('',(1.150140997648,-81.03335050999,
    26.400060960122));
#734 = CARTESIAN_POINT('',(1.359114806941,-81.0842760337,26.400060960122
    ));
#735 = PCURVE('',#31,#736);
#736 = DEFINITIONAL_REPRESENTATION('',(#737),#740);
#737 = B_SPLINE_CURVE_WITH_KNOTS('',1,(#738,#739),.UNSPECIFIED.,.F.,.F.,
  (2,2),(0.,8.468070771091),.PIECEWISE_BEZIER_KNOTS.);
#738 = CARTESIAN_POINT('',(1.723889652236E+03,1.529522048923E+03));
#739 = CARTESIAN_POINT('',(1.725894590105E+03,1.521294750051E+03));
#740 = ( GEOMETRIC_REPRESENTATION_CONTEXT(2) 
PARAMETRIC_REPRESENTATION_CONTEXT() REPRESENTATION_CONTEXT('2D SPACE',''
  ) );
#741 = PCURVE('',#742,#747);
#742 = B_SPLINE_SURFACE_WITH_KNOTS('',1,1,(
    (#743,#744)
    ,(#745,#746
    )),.UNSPECIFIED.,.F.,.F.,.F.,(2,2),(2,2),(0.,8.468070771091),(-78.74
    ,0.),.PIECEWISE_BEZIER_KNOTS.);
#743 = CARTESIAN_POINT('',(1.150140997648,-81.03335050999,
    28.400060960122));
#744 = CARTESIAN_POINT('',(1.150140997648,-81.03335050999,
    26.400060960122));
#745 = CARTESIAN_POINT('',(1.359114806941,-81.0842760337,28.400060960122
    ));
#746 = CARTESIAN_POINT('',(1.359114806941,-81.0842760337,26.400060960122
    ));
#747 = DEFINITIONAL_REPRESENTATION('',(#748),#751);
#748 = B_SPLINE_CURVE_WITH_KNOTS('',1,(#749,#750),.UNSPECIFIED.,.F.,.F.,
  (2,2),(0.,8.468070771091),.PIECEWISE_BEZIER_KNOTS.);
#749 = CARTESIAN_POINT('',(0.,0.));
#750 = CARTESIAN_POINT('',(8.468070771091,0.));
#751 = ( GEOMETRIC_REPRESENTATION_CONTEXT(2) 
PARAMETRIC_REPRESENTATION_CONTEXT() REPRESENTATION_CONTEXT('2D SPACE',''
  ) );
#752 = ORIENTED_EDGE('',*,*,#753,.F.);
#753 = EDGE_CURVE('',#754,#729,#756,.T.);
#754 = VERTEX_POINT('',#755);
#755 = CARTESIAN_POINT('',(0.945129635177,-80.96828282835,
    26.400060960122));
#756 = SURFACE_CURVE('',#757,(#760,#766),.PCURVE_S1.);
#757 = B_SPLINE_CURVE_WITH_KNOTS('',1,(#758,#759),.UNSPECIFIED.,.F.,.F.,
  (2,2),(0.,8.468070771091),.PIECEWISE_BEZIER_KNOTS.);
#758 = CARTESIAN_POINT('',(0.945129635177,-80.96828282835,
    26.400060960122));
#759 = CARTESIAN_POINT('',(1.150140997648,-81.03335050999,
    26.400060960122));
#760 = PCURVE('',#31,#761);
#761 = DEFINITIONAL_REPRESENTATION('',(#762),#765);
#762 = B_SPLINE_CURVE_WITH_KNOTS('',1,(#763,#764),.UNSPECIFIED.,.F.,.F.,
  (2,2),(0.,8.468070771091),.PIECEWISE_BEZIER_KNOTS.);
#763 = CARTESIAN_POINT('',(1.72132793761E+03,1.537593346263E+03));
#764 = CARTESIAN_POINT('',(1.723889652236E+03,1.529522048923E+03));
#765 = ( GEOMETRIC_REPRESENTATION_CONTEXT(2) 
PARAMETRIC_REPRESENTATION_CONTEXT() REPRESENTATION_CONTEXT('2D SPACE',''
  ) );
#766 = PCURVE('',#767,#772);
#767 = B_SPLINE_SURFACE_WITH_KNOTS('',1,1,(
    (#768,#769)
    ,(#770,#771
    )),.UNSPECIFIED.,.F.,.F.,.F.,(2,2),(2,2),(0.,8.468070771091),(-78.74
    ,0.),.PIECEWISE_BEZIER_KNOTS.);
#768 = CARTESIAN_POINT('',(0.945129635177,-80.96828282835,
    28.400060960122));
#769 = CARTESIAN_POINT('',(0.945129635177,-80.96828282835,
    26.400060960122));
#770 = CARTESIAN_POINT('',(1.150140997648,-81.03335050999,
    28.400060960122));
#771 = CARTESIAN_POINT('',(1.150140997648,-81.03335050999,
    26.400060960122));
#772 = DEFINITIONAL_REPRESENTATION('',(#773),#776);
#773 = B_SPLINE_CURVE_WITH_KNOTS('',1,(#774,#775),.UNSPECIFIED.,.F.,.F.,
  (2,2),(0.,8.468070771091),.PIECEWISE_BEZIER_KNOTS.);
#774 = CARTESIAN_POINT('',(0.,0.));
#775 = CARTESIAN_POINT('',(8.468070771091,0.));
#776 = ( GEOMETRIC_REPRESENTATION_CONTEXT(2) 
PARAMETRIC_REPRESENTATION_CONTEXT() REPRESENTATION_CONTEXT('2D SPACE',''
  ) );
#777 = ORIENTED_EDGE('',*,*,#778,.F.);
#778 = EDGE_CURVE('',#779,#754,#781,.T.);
#779 = VERTEX_POINT('',#780);
#780 = CARTESIAN_POINT('',(0.745036577137,-80.88937636435,
    26.400060960122));
#781 = SURFACE_CURVE('',#782,(#785,#791),.PCURVE_S1.);
#782 = B_SPLINE_CURVE_WITH_KNOTS('',1,(#783,#784),.UNSPECIFIED.,.F.,.F.,
  (2,2),(0.,8.468070771091),.PIECEWISE_BEZIER_KNOTS.);
#783 = CARTESIAN_POINT('',(0.745036577137,-80.88937636435,
    26.400060960122));
#784 = CARTESIAN_POINT('',(0.945129635177,-80.96828282835,
    26.400060960122));
#785 = PCURVE('',#31,#786);
#786 = DEFINITIONAL_REPRESENTATION('',(#787),#790);
#787 = B_SPLINE_CURVE_WITH_KNOTS('',1,(#788,#789),.UNSPECIFIED.,.F.,.F.,
  (2,2),(0.,8.468070771091),.PIECEWISE_BEZIER_KNOTS.);
#788 = CARTESIAN_POINT('',(1.718221390123E+03,1.545471009958E+03));
#789 = CARTESIAN_POINT('',(1.72132793761E+03,1.537593346263E+03));
#790 = ( GEOMETRIC_REPRESENTATION_CONTEXT(2) 
PARAMETRIC_REPRESENTATION_CONTEXT() REPRESENTATION_CONTEXT('2D SPACE',''
  ) );
#791 = PCURVE('',#792,#797);
#792 = B_SPLINE_SURFACE_WITH_KNOTS('',1,1,(
    (#793,#794)
    ,(#795,#796
    )),.UNSPECIFIED.,.F.,.F.,.F.,(2,2),(2,2),(0.,8.468070771091),(-78.74
    ,0.),.PIECEWISE_BEZIER_KNOTS.);
#793 = CARTESIAN_POINT('',(0.745036577137,-80.88937636435,
    28.400060960122));
#794 = CARTESIAN_POINT('',(0.745036577137,-80.88937636435,
    26.400060960122));
#795 = CARTESIAN_POINT('',(0.945129635177,-80.96828282835,
    28.400060960122));
#796 = CARTESIAN_POINT('',(0.945129635177,-80.96828282835,
    26.400060960122));
#797 = DEFINITIONAL_REPRESENTATION('',(#798),#801);
#798 = B_SPLINE_CURVE_WITH_KNOTS('',1,(#799,#800),.UNSPECIFIED.,.F.,.F.,
  (2,2),(0.,8.468070771091),.PIECEWISE_BEZIER_KNOTS.);
#799 = CARTESIAN_POINT('',(0.,0.));
#800 = CARTESIAN_POINT('',(8.46807077109,0.));
#801 = ( GEOMETRIC_REPRESENTATION_CONTEXT(2) 
PARAMETRIC_REPRESENTATION_CONTEXT() REPRESENTATION_CONTEXT('2D SPACE',''
  ) );
#802 = ORIENTED_EDGE('',*,*,#803,.F.);
#803 = EDGE_CURVE('',#804,#779,#806,.T.);
#804 = VERTEX_POINT('',#805);
#805 = CARTESIAN_POINT('',(0.550794749733,-80.79699901636,
    26.400060960122));
#806 = SURFACE_CURVE('',#807,(#810,#816),.PCURVE_S1.);
#807 = B_SPLINE_CURVE_WITH_KNOTS('',1,(#808,#809),.UNSPECIFIED.,.F.,.F.,
  (2,2),(0.,8.468070771091),.PIECEWISE_BEZIER_KNOTS.);
#808 = CARTESIAN_POINT('',(0.550794749733,-80.79699901636,
    26.400060960122));
#809 = CARTESIAN_POINT('',(0.745036577137,-80.88937636435,
    26.400060960122));
#810 = PCURVE('',#31,#811);
#811 = DEFINITIONAL_REPRESENTATION('',(#812),#815);
#812 = B_SPLINE_CURVE_WITH_KNOTS('',1,(#813,#814),.UNSPECIFIED.,.F.,.F.,
  (2,2),(0.,8.468070771091),.PIECEWISE_BEZIER_KNOTS.);
#813 = CARTESIAN_POINT('',(1.714584493932E+03,1.553118310703E+03));
#814 = CARTESIAN_POINT('',(1.718221390123E+03,1.545471009958E+03));
#815 = ( GEOMETRIC_REPRESENTATION_CONTEXT(2) 
PARAMETRIC_REPRESENTATION_CONTEXT() REPRESENTATION_CONTEXT('2D SPACE',''
  ) );
#816 = PCURVE('',#817,#822);
#817 = B_SPLINE_SURFACE_WITH_KNOTS('',1,1,(
    (#818,#819)
    ,(#820,#821
    )),.UNSPECIFIED.,.F.,.F.,.F.,(2,2),(2,2),(0.,8.468070771091),(-78.74
    ,0.),.PIECEWISE_BEZIER_KNOTS.);
#818 = CARTESIAN_POINT('',(0.550794749733,-80.79699901636,
    28.400060960122));
#819 = CARTESIAN_POINT('',(0.550794749733,-80.79699901636,
    26.400060960122));
#820 = CARTESIAN_POINT('',(0.745036577137,-80.88937636435,
    28.400060960122));
#821 = CARTESIAN_POINT('',(0.745036577137,-80.88937636435,
    26.400060960122));
#822 = DEFINITIONAL_REPRESENTATION('',(#823),#826);
#823 = B_SPLINE_CURVE_WITH_KNOTS('',1,(#824,#825),.UNSPECIFIED.,.F.,.F.,
  (2,2),(0.,8.468070771091),.PIECEWISE_BEZIER_KNOTS.);
#824 = CARTESIAN_POINT('',(0.,0.));
#825 = CARTESIAN_POINT('',(8.468070771091,0.));
#826 = ( GEOMETRIC_REPRESENTATION_CONTEXT(2) 
PARAMETRIC_REPRESENTATION_CONTEXT() REPRESENTATION_CONTEXT('2D SPACE',''
  ) );
#827 = ORIENTED_EDGE('',*,*,#828,.F.);
#828 = EDGE_CURVE('',#829,#804,#831,.T.);
#829 = VERTEX_POINT('',#830);
#830 = CARTESIAN_POINT('',(0.363309798029,-80.6915814902,26.400060960122
    ));
#831 = SURFACE_CURVE('',#832,(#835,#841),.PCURVE_S1.);
#832 = B_SPLINE_CURVE_WITH_KNOTS('',1,(#833,#834),.UNSPECIFIED.,.F.,.F.,
  (2,2),(0.,8.468070771091),.PIECEWISE_BEZIER_KNOTS.);
#833 = CARTESIAN_POINT('',(0.363309798029,-80.6915814902,26.400060960122
    ));
#834 = CARTESIAN_POINT('',(0.550794749733,-80.79699901636,
    26.400060960122));
#835 = PCURVE('',#31,#836);
#836 = DEFINITIONAL_REPRESENTATION('',(#837),#840);
#837 = B_SPLINE_CURVE_WITH_KNOTS('',1,(#838,#839),.UNSPECIFIED.,.F.,.F.,
  (2,2),(0.,8.468070771091),.PIECEWISE_BEZIER_KNOTS.);
#838 = CARTESIAN_POINT('',(1.710434205927E+03,1.560499593252E+03));
#839 = CARTESIAN_POINT('',(1.714584493932E+03,1.553118310703E+03));
#840 = ( GEOMETRIC_REPRESENTATION_CONTEXT(2) 
PARAMETRIC_REPRESENTATION_CONTEXT() REPRESENTATION_CONTEXT('2D SPACE',''
  ) );
#841 = PCURVE('',#842,#847);
#842 = B_SPLINE_SURFACE_WITH_KNOTS('',1,1,(
    (#843,#844)
    ,(#845,#846
    )),.UNSPECIFIED.,.F.,.F.,.F.,(2,2),(2,2),(0.,8.468070771091),(-78.74
    ,0.),.PIECEWISE_BEZIER_KNOTS.);
#843 = CARTESIAN_POINT('',(0.363309798029,-80.6915814902,28.400060960122
    ));
#844 = CARTESIAN_POINT('',(0.363309798029,-80.6915814902,26.400060960122
    ));
#845 = CARTESIAN_POINT('',(0.550794749733,-80.79699901636,
    28.400060960122));
#846 = CARTESIAN_POINT('',(0.550794749733,-80.79699901636,
    26.400060960122));
#847 = DEFINITIONAL_REPRESENTATION('',(#848),#851);
#848 = B_SPLINE_CURVE_WITH_KNOTS('',1,(#849,#850),.UNSPECIFIED.,.F.,.F.,
  (2,2),(0.,8.468070771091),.PIECEWISE_BEZIER_KNOTS.);
#849 = CARTESIAN_POINT('',(0.,0.));
#850 = CARTESIAN_POINT('',(8.46807077109,0.));
#851 = ( GEOMETRIC_REPRESENTATION_CONTEXT(2) 
PARAMETRIC_REPRESENTATION_CONTEXT() REPRESENTATION_CONTEXT('2D SPACE',''
  ) );
#852 = ORIENTED_EDGE('',*,*,#853,.F.);
#853 = EDGE_CURVE('',#854,#829,#856,.T.);
#854 = VERTEX_POINT('',#855);
#855 = CARTESIAN_POINT('',(0.183455863416,-80.57361529106,
    26.400060960122));
#856 = SURFACE_CURVE('',#857,(#860,#866),.PCURVE_S1.);
#857 = B_SPLINE_CURVE_WITH_KNOTS('',1,(#858,#859),.UNSPECIFIED.,.F.,.F.,
  (2,2),(0.,8.468070771091),.PIECEWISE_BEZIER_KNOTS.);
#858 = CARTESIAN_POINT('',(0.183455863416,-80.57361529106,
    26.400060960122));
#859 = CARTESIAN_POINT('',(0.363309798029,-80.6915814902,26.400060960122
    ));
#860 = PCURVE('',#31,#861);
#861 = DEFINITIONAL_REPRESENTATION('',(#862),#865);
#862 = B_SPLINE_CURVE_WITH_KNOTS('',1,(#863,#864),.UNSPECIFIED.,.F.,.F.,
  (2,2),(0.,8.468070771091),.PIECEWISE_BEZIER_KNOTS.);
#863 = CARTESIAN_POINT('',(1.705789876667E+03,1.567580442657E+03));
#864 = CARTESIAN_POINT('',(1.710434205927E+03,1.560499593252E+03));
#865 = ( GEOMETRIC_REPRESENTATION_CONTEXT(2) 
PARAMETRIC_REPRESENTATION_CONTEXT() REPRESENTATION_CONTEXT('2D SPACE',''
  ) );
#866 = PCURVE('',#867,#872);
#867 = B_SPLINE_SURFACE_WITH_KNOTS('',1,1,(
    (#868,#869)
    ,(#870,#871
    )),.UNSPECIFIED.,.F.,.F.,.F.,(2,2),(2,2),(0.,8.468070771091),(-78.74
    ,0.),.PIECEWISE_BEZIER_KNOTS.);
#868 = CARTESIAN_POINT('',(0.183455863416,-80.57361529106,
    28.400060960122));
#869 = CARTESIAN_POINT('',(0.183455863416,-80.57361529106,
    26.400060960122));
#870 = CARTESIAN_POINT('',(0.363309798029,-80.6915814902,28.400060960122
    ));
#871 = CARTESIAN_POINT('',(0.363309798029,-80.6915814902,26.400060960122
    ));
#872 = DEFINITIONAL_REPRESENTATION('',(#873),#876);
#873 = B_SPLINE_CURVE_WITH_KNOTS('',1,(#874,#875),.UNSPECIFIED.,.F.,.F.,
  (2,2),(0.,8.468070771091),.PIECEWISE_BEZIER_KNOTS.);
#874 = CARTESIAN_POINT('',(0.,0.));
#875 = CARTESIAN_POINT('',(8.468070771091,0.));
#876 = ( GEOMETRIC_REPRESENTATION_CONTEXT(2) 
PARAMETRIC_REPRESENTATION_CONTEXT() REPRESENTATION_CONTEXT('2D SPACE',''
  ) );
#877 = ORIENTED_EDGE('',*,*,#878,.F.);
#878 = EDGE_CURVE('',#879,#854,#881,.T.);
#879 = VERTEX_POINT('',#880);
#880 = CARTESIAN_POINT('',(1.207150796155E-02,-80.4436504318,
    26.400060960122));
#881 = SURFACE_CURVE('',#882,(#885,#891),.PCURVE_S1.);
#882 = B_SPLINE_CURVE_WITH_KNOTS('',1,(#883,#884),.UNSPECIFIED.,.F.,.F.,
  (2,2),(0.,8.468070771091),.PIECEWISE_BEZIER_KNOTS.);
#883 = CARTESIAN_POINT('',(1.207150796155E-02,-80.4436504318,
    26.400060960122));
#884 = CARTESIAN_POINT('',(0.183455863416,-80.57361529106,
    26.400060960122));
#885 = PCURVE('',#31,#886);
#886 = DEFINITIONAL_REPRESENTATION('',(#887),#890);
#887 = B_SPLINE_CURVE_WITH_KNOTS('',1,(#888,#889),.UNSPECIFIED.,.F.,.F.,
  (2,2),(0.,8.468070771091),.PIECEWISE_BEZIER_KNOTS.);
#888 = CARTESIAN_POINT('',(1.700673160158E+03,1.574327844732E+03));
#889 = CARTESIAN_POINT('',(1.705789876667E+03,1.567580442657E+03));
#890 = ( GEOMETRIC_REPRESENTATION_CONTEXT(2) 
PARAMETRIC_REPRESENTATION_CONTEXT() REPRESENTATION_CONTEXT('2D SPACE',''
  ) );
#891 = PCURVE('',#892,#897);
#892 = B_SPLINE_SURFACE_WITH_KNOTS('',1,1,(
    (#893,#894)
    ,(#895,#896
    )),.UNSPECIFIED.,.F.,.F.,.F.,(2,2),(2,2),(0.,8.468070771091),(-78.74
    ,0.),.PIECEWISE_BEZIER_KNOTS.);
#893 = CARTESIAN_POINT('',(1.207150796155E-02,-80.4436504318,
    28.400060960122));
#894 = CARTESIAN_POINT('',(1.207150796155E-02,-80.4436504318,
    26.400060960122));
#895 = CARTESIAN_POINT('',(0.183455863416,-80.57361529106,
    28.400060960122));
#896 = CARTESIAN_POINT('',(0.183455863416,-80.57361529106,
    26.400060960122));
#897 = DEFINITIONAL_REPRESENTATION('',(#898),#901);
#898 = B_SPLINE_CURVE_WITH_KNOTS('',1,(#899,#900),.UNSPECIFIED.,.F.,.F.,
  (2,2),(0.,8.468070771091),.PIECEWISE_BEZIER_KNOTS.);
#899 = CARTESIAN_POINT('',(0.,0.));
#900 = CARTESIAN_POINT('',(8.468070771091,0.));
#901 = ( GEOMETRIC_REPRESENTATION_CONTEXT(2) 
PARAMETRIC_REPRESENTATION_CONTEXT() REPRESENTATION_CONTEXT('2D SPACE',''
  ) );
#902 = ORIENTED_EDGE('',*,*,#903,.F.);
#903 = EDGE_CURVE('',#904,#879,#906,.T.);
#904 = VERTEX_POINT('',#905);
#905 = CARTESIAN_POINT('',(-0.150044195355,-80.3022928686,
    26.400060960122));
#906 = SURFACE_CURVE('',#907,(#910,#916),.PCURVE_S1.);
#907 = B_SPLINE_CURVE_WITH_KNOTS('',1,(#908,#909),.UNSPECIFIED.,.F.,.F.,
  (2,2),(0.,8.468070771091),.PIECEWISE_BEZIER_KNOTS.);
#908 = CARTESIAN_POINT('',(-0.150044195355,-80.3022928686,
    26.400060960122));
#909 = CARTESIAN_POINT('',(1.207150796155E-02,-80.4436504318,
    26.400060960122));
#910 = PCURVE('',#31,#911);
#911 = DEFINITIONAL_REPRESENTATION('',(#912),#915);
#912 = B_SPLINE_CURVE_WITH_KNOTS('',1,(#913,#914),.UNSPECIFIED.,.F.,.F.,
  (2,2),(0.,8.468070771091),.PIECEWISE_BEZIER_KNOTS.);
#913 = CARTESIAN_POINT('',(1.695107912895E+03,1.580710339971E+03));
#914 = CARTESIAN_POINT('',(1.700673160158E+03,1.574327844732E+03));
#915 = ( GEOMETRIC_REPRESENTATION_CONTEXT(2) 
PARAMETRIC_REPRESENTATION_CONTEXT() REPRESENTATION_CONTEXT('2D SPACE',''
  ) );
#916 = PCURVE('',#917,#922);
#917 = B_SPLINE_SURFACE_WITH_KNOTS('',1,1,(
    (#918,#919)
    ,(#920,#921
    )),.UNSPECIFIED.,.F.,.F.,.F.,(2,2),(2,2),(0.,8.468070771091),(-78.74
    ,0.),.PIECEWISE_BEZIER_KNOTS.);
#918 = CARTESIAN_POINT('',(-0.150044195355,-80.3022928686,
    28.400060960122));
#919 = CARTESIAN_POINT('',(-0.150044195355,-80.3022928686,
    26.400060960122));
#920 = CARTESIAN_POINT('',(1.207150796155E-02,-80.4436504318,
    28.400060960122));
#921 = CARTESIAN_POINT('',(1.207150796155E-02,-80.4436504318,
    26.400060960122));
#922 = DEFINITIONAL_REPRESENTATION('',(#923),#926);
#923 = B_SPLINE_CURVE_WITH_KNOTS('',1,(#924,#925),.UNSPECIFIED.,.F.,.F.,
  (2,2),(0.,8.468070771091),.PIECEWISE_BEZIER_KNOTS.);
#924 = CARTESIAN_POINT('',(0.,0.));
#925 = CARTESIAN_POINT('',(8.468070771091,0.));
#926 = ( GEOMETRIC_REPRESENTATION_CONTEXT(2) 
PARAMETRIC_REPRESENTATION_CONTEXT() REPRESENTATION_CONTEXT('2D SPACE',''
  ) );
#927 = ORIENTED_EDGE('',*,*,#928,.F.);
#928 = EDGE_CURVE('',#929,#904,#931,.T.);
#929 = VERTEX_POINT('',#930);
#930 = CARTESIAN_POINT('',(-0.302135388289,-80.15020167567,
    26.400060960122));
#931 = SURFACE_CURVE('',#932,(#935,#941),.PCURVE_S1.);
#932 = B_SPLINE_CURVE_WITH_KNOTS('',1,(#933,#934),.UNSPECIFIED.,.F.,.F.,
  (2,2),(0.,8.468070771091),.PIECEWISE_BEZIER_KNOTS.);
#933 = CARTESIAN_POINT('',(-0.302135388289,-80.15020167567,
    26.400060960122));
#934 = CARTESIAN_POINT('',(-0.150044195355,-80.3022928686,
    26.400060960122));
#935 = PCURVE('',#31,#936);
#936 = DEFINITIONAL_REPRESENTATION('',(#937),#940);
#937 = B_SPLINE_CURVE_WITH_KNOTS('',1,(#938,#939),.UNSPECIFIED.,.F.,.F.,
  (2,2),(0.,8.468070771091),.PIECEWISE_BEZIER_KNOTS.);
#938 = CARTESIAN_POINT('',(1.689120082629E+03,1.586698170237E+03));
#939 = CARTESIAN_POINT('',(1.695107912895E+03,1.580710339971E+03));
#940 = ( GEOMETRIC_REPRESENTATION_CONTEXT(2) 
PARAMETRIC_REPRESENTATION_CONTEXT() REPRESENTATION_CONTEXT('2D SPACE',''
  ) );
#941 = PCURVE('',#942,#947);
#942 = B_SPLINE_SURFACE_WITH_KNOTS('',1,1,(
    (#943,#944)
    ,(#945,#946
    )),.UNSPECIFIED.,.F.,.F.,.F.,(2,2),(2,2),(0.,8.468070771091),(-78.74
    ,0.),.PIECEWISE_BEZIER_KNOTS.);
#943 = CARTESIAN_POINT('',(-0.302135388289,-80.15020167567,
    28.400060960122));
#944 = CARTESIAN_POINT('',(-0.302135388289,-80.15020167567,
    26.400060960122));
#945 = CARTESIAN_POINT('',(-0.150044195355,-80.3022928686,
    28.400060960122));
#946 = CARTESIAN_POINT('',(-0.150044195355,-80.3022928686,
    26.400060960122));
#947 = DEFINITIONAL_REPRESENTATION('',(#948),#951);
#948 = B_SPLINE_CURVE_WITH_KNOTS('',1,(#949,#950),.UNSPECIFIED.,.F.,.F.,
  (2,2),(0.,8.468070771091),.PIECEWISE_BEZIER_KNOTS.);
#949 = CARTESIAN_POINT('',(0.,0.));
#950 = CARTESIAN_POINT('',(8.468070771091,0.));
#951 = ( GEOMETRIC_REPRESENTATION_CONTEXT(2) 
PARAMETRIC_REPRESENTATION_CONTEXT() REPRESENTATION_CONTEXT('2D SPACE',''
  ) );
#952 = ORIENTED_EDGE('',*,*,#953,.F.);
#953 = EDGE_CURVE('',#954,#929,#956,.T.);
#954 = VERTEX_POINT('',#955);
#955 = CARTESIAN_POINT('',(-0.44349295149,-79.98808597235,
    26.400060960122));
#956 = SURFACE_CURVE('',#957,(#960,#966),.PCURVE_S1.);
#957 = B_SPLINE_CURVE_WITH_KNOTS('',1,(#958,#959),.UNSPECIFIED.,.F.,.F.,
  (2,2),(0.,8.468070771091),.PIECEWISE_BEZIER_KNOTS.);
#958 = CARTESIAN_POINT('',(-0.44349295149,-79.98808597235,
    26.400060960122));
#959 = CARTESIAN_POINT('',(-0.302135388289,-80.15020167567,
    26.400060960122));
#960 = PCURVE('',#31,#961);
#961 = DEFINITIONAL_REPRESENTATION('',(#962),#965);
#962 = B_SPLINE_CURVE_WITH_KNOTS('',1,(#963,#964),.UNSPECIFIED.,.F.,.F.,
  (2,2),(0.,8.468070771091),.PIECEWISE_BEZIER_KNOTS.);
#963 = CARTESIAN_POINT('',(1.68273758739E+03,1.5922634175E+03));
#964 = CARTESIAN_POINT('',(1.689120082629E+03,1.586698170237E+03));
#965 = ( GEOMETRIC_REPRESENTATION_CONTEXT(2) 
PARAMETRIC_REPRESENTATION_CONTEXT() REPRESENTATION_CONTEXT('2D SPACE',''
  ) );
#966 = PCURVE('',#967,#972);
#967 = B_SPLINE_SURFACE_WITH_KNOTS('',1,1,(
    (#968,#969)
    ,(#970,#971
    )),.UNSPECIFIED.,.F.,.F.,.F.,(2,2),(2,2),(0.,8.468070771091),(-78.74
    ,0.),.PIECEWISE_BEZIER_KNOTS.);
#968 = CARTESIAN_POINT('',(-0.44349295149,-79.98808597235,
    28.400060960122));
#969 = CARTESIAN_POINT('',(-0.44349295149,-79.98808597235,
    26.400060960122));
#970 = CARTESIAN_POINT('',(-0.302135388289,-80.15020167567,
    28.400060960122));
#971 = CARTESIAN_POINT('',(-0.302135388289,-80.15020167567,
    26.400060960122));
#972 = DEFINITIONAL_REPRESENTATION('',(#973),#976);
#973 = B_SPLINE_CURVE_WITH_KNOTS('',1,(#974,#975),.UNSPECIFIED.,.F.,.F.,
  (2,2),(0.,8.468070771091),.PIECEWISE_BEZIER_KNOTS.);
#974 = CARTESIAN_POINT('',(0.,0.));
#975 = CARTESIAN_POINT('',(8.46807077109,0.));
#976 = ( GEOMETRIC_REPRESENTATION_CONTEXT(2) 
PARAMETRIC_REPRESENTATION_CONTEXT() REPRESENTATION_CONTEXT('2D SPACE',''
  ) );
#977 = ORIENTED_EDGE('',*,*,#978,.F.);
#978 = EDGE_CURVE('',#979,#954,#981,.T.);
#979 = VERTEX_POINT('',#980);
#980 = CARTESIAN_POINT('',(-0.573457810747,-79.81670161689,
    26.400060960122));
#981 = SURFACE_CURVE('',#982,(#985,#991),.PCURVE_S1.);
#982 = B_SPLINE_CURVE_WITH_KNOTS('',1,(#983,#984),.UNSPECIFIED.,.F.,.F.,
  (2,2),(0.,8.468070771091),.PIECEWISE_BEZIER_KNOTS.);
#983 = CARTESIAN_POINT('',(-0.573457810747,-79.81670161689,
    26.400060960122));
#984 = CARTESIAN_POINT('',(-0.44349295149,-79.98808597235,
    26.400060960122));
#985 = PCURVE('',#31,#986);
#986 = DEFINITIONAL_REPRESENTATION('',(#987),#990);
#987 = B_SPLINE_CURVE_WITH_KNOTS('',1,(#988,#989),.UNSPECIFIED.,.F.,.F.,
  (2,2),(0.,8.468070771091),.PIECEWISE_BEZIER_KNOTS.);
#988 = CARTESIAN_POINT('',(1.675990185315E+03,1.597380134009E+03));
#989 = CARTESIAN_POINT('',(1.68273758739E+03,1.5922634175E+03));
#990 = ( GEOMETRIC_REPRESENTATION_CONTEXT(2) 
PARAMETRIC_REPRESENTATION_CONTEXT() REPRESENTATION_CONTEXT('2D SPACE',''
  ) );
#991 = PCURVE('',#992,#997);
#992 = B_SPLINE_SURFACE_WITH_KNOTS('',1,1,(
    (#993,#994)
    ,(#995,#996
    )),.UNSPECIFIED.,.F.,.F.,.F.,(2,2),(2,2),(0.,8.468070771091),(-78.74
    ,0.),.PIECEWISE_BEZIER_KNOTS.);
#993 = CARTESIAN_POINT('',(-0.573457810747,-79.81670161689,
    28.400060960122));
#994 = CARTESIAN_POINT('',(-0.573457810747,-79.81670161689,
    26.400060960122));
#995 = CARTESIAN_POINT('',(-0.44349295149,-79.98808597235,
    28.400060960122));
#996 = CARTESIAN_POINT('',(-0.44349295149,-79.98808597235,
    26.400060960122));
#997 = DEFINITIONAL_REPRESENTATION('',(#998),#1001);
#998 = B_SPLINE_CURVE_WITH_KNOTS('',1,(#999,#1000),.UNSPECIFIED.,.F.,.F.
  ,(2,2),(0.,8.468070771091),.PIECEWISE_BEZIER_KNOTS.);
#999 = CARTESIAN_POINT('',(0.,0.));
#1000 = CARTESIAN_POINT('',(8.468070771092,0.));
#1001 = ( GEOMETRIC_REPRESENTATION_CONTEXT(2) 
PARAMETRIC_REPRESENTATION_CONTEXT() REPRESENTATION_CONTEXT('2D SPACE',''
  ) );
#1002 = ORIENTED_EDGE('',*,*,#1003,.F.);
#1003 = EDGE_CURVE('',#1004,#979,#1006,.T.);
#1004 = VERTEX_POINT('',#1005);
#1005 = CARTESIAN_POINT('',(-0.69142400989,-79.63684768228,
    26.400060960122));
#1006 = SURFACE_CURVE('',#1007,(#1010,#1016),.PCURVE_S1.);
#1007 = B_SPLINE_CURVE_WITH_KNOTS('',1,(#1008,#1009),.UNSPECIFIED.,.F.,
  .F.,(2,2),(0.,8.468070771091),.PIECEWISE_BEZIER_KNOTS.);
#1008 = CARTESIAN_POINT('',(-0.69142400989,-79.63684768228,
    26.400060960122));
#1009 = CARTESIAN_POINT('',(-0.573457810747,-79.81670161689,
    26.400060960122));
#1010 = PCURVE('',#31,#1011);
#1011 = DEFINITIONAL_REPRESENTATION('',(#1012),#1015);
#1012 = B_SPLINE_CURVE_WITH_KNOTS('',1,(#1013,#1014),.UNSPECIFIED.,.F.,
  .F.,(2,2),(0.,8.468070771091),.PIECEWISE_BEZIER_KNOTS.);
#1013 = CARTESIAN_POINT('',(1.66890933591E+03,1.602024463269E+03));
#1014 = CARTESIAN_POINT('',(1.675990185315E+03,1.597380134009E+03));
#1015 = ( GEOMETRIC_REPRESENTATION_CONTEXT(2) 
PARAMETRIC_REPRESENTATION_CONTEXT() REPRESENTATION_CONTEXT('2D SPACE',''
  ) );
#1016 = PCURVE('',#1017,#1022);
#1017 = B_SPLINE_SURFACE_WITH_KNOTS('',1,1,(
    (#1018,#1019)
    ,(#1020,#1021
    )),.UNSPECIFIED.,.F.,.F.,.F.,(2,2),(2,2),(0.,8.468070771091),(-78.74
    ,0.),.PIECEWISE_BEZIER_KNOTS.);
#1018 = CARTESIAN_POINT('',(-0.69142400989,-79.63684768228,
    28.400060960122));
#1019 = CARTESIAN_POINT('',(-0.69142400989,-79.63684768228,
    26.400060960122));
#1020 = CARTESIAN_POINT('',(-0.573457810747,-79.81670161689,
    28.400060960122));
#1021 = CARTESIAN_POINT('',(-0.573457810747,-79.81670161689,
    26.400060960122));
#1022 = DEFINITIONAL_REPRESENTATION('',(#1023),#1026);
#1023 = B_SPLINE_CURVE_WITH_KNOTS('',1,(#1024,#1025),.UNSPECIFIED.,.F.,
  .F.,(2,2),(0.,8.468070771091),.PIECEWISE_BEZIER_KNOTS.);
#1024 = CARTESIAN_POINT('',(0.,0.));
#1025 = CARTESIAN_POINT('',(8.468070771091,0.));
#1026 = ( GEOMETRIC_REPRESENTATION_CONTEXT(2) 
PARAMETRIC_REPRESENTATION_CONTEXT() REPRESENTATION_CONTEXT('2D SPACE',''
  ) );
#1027 = ORIENTED_EDGE('',*,*,#1028,.F.);
#1028 = EDGE_CURVE('',#1029,#1004,#1031,.T.);
#1029 = VERTEX_POINT('',#1030);
#1030 = CARTESIAN_POINT('',(-0.796841536045,-79.44936273058,
    26.400060960122));
#1031 = SURFACE_CURVE('',#1032,(#1035,#1041),.PCURVE_S1.);
#1032 = B_SPLINE_CURVE_WITH_KNOTS('',1,(#1033,#1034),.UNSPECIFIED.,.F.,
  .F.,(2,2),(0.,8.468070771091),.PIECEWISE_BEZIER_KNOTS.);
#1033 = CARTESIAN_POINT('',(-0.796841536045,-79.44936273058,
    26.400060960122));
#1034 = CARTESIAN_POINT('',(-0.69142400989,-79.63684768228,
    26.400060960122));
#1035 = PCURVE('',#31,#1036);
#1036 = DEFINITIONAL_REPRESENTATION('',(#1037),#1040);
#1037 = B_SPLINE_CURVE_WITH_KNOTS('',1,(#1038,#1039),.UNSPECIFIED.,.F.,
  .F.,(2,2),(0.,8.468070771091),.PIECEWISE_BEZIER_KNOTS.);
#1038 = CARTESIAN_POINT('',(1.661528053361E+03,1.606174751274E+03));
#1039 = CARTESIAN_POINT('',(1.66890933591E+03,1.602024463269E+03));
#1040 = ( GEOMETRIC_REPRESENTATION_CONTEXT(2) 
PARAMETRIC_REPRESENTATION_CONTEXT() REPRESENTATION_CONTEXT('2D SPACE',''
  ) );
#1041 = PCURVE('',#1042,#1047);
#1042 = B_SPLINE_SURFACE_WITH_KNOTS('',1,1,(
    (#1043,#1044)
    ,(#1045,#1046
    )),.UNSPECIFIED.,.F.,.F.,.F.,(2,2),(2,2),(0.,8.468070771091),(-78.74
    ,0.),.PIECEWISE_BEZIER_KNOTS.);
#1043 = CARTESIAN_POINT('',(-0.796841536045,-79.44936273058,
    28.400060960122));
#1044 = CARTESIAN_POINT('',(-0.796841536045,-79.44936273058,
    26.400060960122));
#1045 = CARTESIAN_POINT('',(-0.69142400989,-79.63684768228,
    28.400060960122));
#1046 = CARTESIAN_POINT('',(-0.69142400989,-79.63684768228,
    26.400060960122));
#1047 = DEFINITIONAL_REPRESENTATION('',(#1048),#1051);
#1048 = B_SPLINE_CURVE_WITH_KNOTS('',1,(#1049,#1050),.UNSPECIFIED.,.F.,
  .F.,(2,2),(0.,8.468070771091),.PIECEWISE_BEZIER_KNOTS.);
#1049 = CARTESIAN_POINT('',(0.,0.));
#1050 = CARTESIAN_POINT('',(8.468070771091,0.));
#1051 = ( GEOMETRIC_REPRESENTATION_CONTEXT(2) 
PARAMETRIC_REPRESENTATION_CONTEXT() REPRESENTATION_CONTEXT('2D SPACE',''
  ) );
#1052 = ORIENTED_EDGE('',*,*,#1053,.F.);
#1053 = EDGE_CURVE('',#1054,#1029,#1056,.T.);
#1054 = VERTEX_POINT('',#1055);
#1055 = CARTESIAN_POINT('',(-0.889218884041,-79.25512090317,
    26.400060960122));
#1056 = SURFACE_CURVE('',#1057,(#1060,#1066),.PCURVE_S1.);
#1057 = B_SPLINE_CURVE_WITH_KNOTS('',1,(#1058,#1059),.UNSPECIFIED.,.F.,
  .F.,(2,2),(0.,8.468070771091),.PIECEWISE_BEZIER_KNOTS.);
#1058 = CARTESIAN_POINT('',(-0.889218884041,-79.25512090317,
    26.400060960122));
#1059 = CARTESIAN_POINT('',(-0.796841536045,-79.44936273058,
    26.400060960122));
#1060 = PCURVE('',#31,#1061);
#1061 = DEFINITIONAL_REPRESENTATION('',(#1062),#1065);
#1062 = B_SPLINE_CURVE_WITH_KNOTS('',1,(#1063,#1064),.UNSPECIFIED.,.F.,
  .F.,(2,2),(0.,8.468070771091),.PIECEWISE_BEZIER_KNOTS.);
#1063 = CARTESIAN_POINT('',(1.653880752616E+03,1.609811647465E+03));
#1064 = CARTESIAN_POINT('',(1.661528053361E+03,1.606174751274E+03));
#1065 = ( GEOMETRIC_REPRESENTATION_CONTEXT(2) 
PARAMETRIC_REPRESENTATION_CONTEXT() REPRESENTATION_CONTEXT('2D SPACE',''
  ) );
#1066 = PCURVE('',#1067,#1072);
#1067 = B_SPLINE_SURFACE_WITH_KNOTS('',1,1,(
    (#1068,#1069)
    ,(#1070,#1071
    )),.UNSPECIFIED.,.F.,.F.,.F.,(2,2),(2,2),(0.,8.468070771091),(-78.74
    ,0.),.PIECEWISE_BEZIER_KNOTS.);
#1068 = CARTESIAN_POINT('',(-0.889218884041,-79.25512090317,
    28.400060960122));
#1069 = CARTESIAN_POINT('',(-0.889218884041,-79.25512090317,
    26.400060960122));
#1070 = CARTESIAN_POINT('',(-0.796841536045,-79.44936273058,
    28.400060960122));
#1071 = CARTESIAN_POINT('',(-0.796841536045,-79.44936273058,
    26.400060960122));
#1072 = DEFINITIONAL_REPRESENTATION('',(#1073),#1076);
#1073 = B_SPLINE_CURVE_WITH_KNOTS('',1,(#1074,#1075),.UNSPECIFIED.,.F.,
  .F.,(2,2),(0.,8.468070771091),.PIECEWISE_BEZIER_KNOTS.);
#1074 = CARTESIAN_POINT('',(0.,0.));
#1075 = CARTESIAN_POINT('',(8.468070771091,0.));
#1076 = ( GEOMETRIC_REPRESENTATION_CONTEXT(2) 
PARAMETRIC_REPRESENTATION_CONTEXT() REPRESENTATION_CONTEXT('2D SPACE',''
  ) );
#1077 = ORIENTED_EDGE('',*,*,#1078,.F.);
#1078 = EDGE_CURVE('',#1079,#1054,#1081,.T.);
#1079 = VERTEX_POINT('',#1080);
#1080 = CARTESIAN_POINT('',(-0.968125348038,-79.05502784513,
    26.400060960122));
#1081 = SURFACE_CURVE('',#1082,(#1085,#1091),.PCURVE_S1.);
#1082 = B_SPLINE_CURVE_WITH_KNOTS('',1,(#1083,#1084),.UNSPECIFIED.,.F.,
  .F.,(2,2),(0.,8.468070771091),.PIECEWISE_BEZIER_KNOTS.);
#1083 = CARTESIAN_POINT('',(-0.968125348038,-79.05502784513,
    26.400060960122));
#1084 = CARTESIAN_POINT('',(-0.889218884041,-79.25512090317,
    26.400060960122));
#1085 = PCURVE('',#31,#1086);
#1086 = DEFINITIONAL_REPRESENTATION('',(#1087),#1090);
#1087 = B_SPLINE_CURVE_WITH_KNOTS('',1,(#1088,#1089),.UNSPECIFIED.,.F.,
  .F.,(2,2),(0.,8.468070771091),.PIECEWISE_BEZIER_KNOTS.);
#1088 = CARTESIAN_POINT('',(1.646003088921E+03,1.612918194952E+03));
#1089 = CARTESIAN_POINT('',(1.653880752616E+03,1.609811647465E+03));
#1090 = ( GEOMETRIC_REPRESENTATION_CONTEXT(2) 
PARAMETRIC_REPRESENTATION_CONTEXT() REPRESENTATION_CONTEXT('2D SPACE',''
  ) );
#1091 = PCURVE('',#1092,#1097);
#1092 = B_SPLINE_SURFACE_WITH_KNOTS('',1,1,(
    (#1093,#1094)
    ,(#1095,#1096
    )),.UNSPECIFIED.,.F.,.F.,.F.,(2,2),(2,2),(0.,8.468070771091),(-78.74
    ,0.),.PIECEWISE_BEZIER_KNOTS.);
#1093 = CARTESIAN_POINT('',(-0.968125348038,-79.05502784513,
    28.400060960122));
#1094 = CARTESIAN_POINT('',(-0.968125348038,-79.05502784513,
    26.400060960122));
#1095 = CARTESIAN_POINT('',(-0.889218884041,-79.25512090317,
    28.400060960122));
#1096 = CARTESIAN_POINT('',(-0.889218884041,-79.25512090317,
    26.400060960122));
#1097 = DEFINITIONAL_REPRESENTATION('',(#1098),#1101);
#1098 = B_SPLINE_CURVE_WITH_KNOTS('',1,(#1099,#1100),.UNSPECIFIED.,.F.,
  .F.,(2,2),(0.,8.468070771091),.PIECEWISE_BEZIER_KNOTS.);
#1099 = CARTESIAN_POINT('',(0.,0.));
#1100 = CARTESIAN_POINT('',(8.468070771091,0.));
#1101 = ( GEOMETRIC_REPRESENTATION_CONTEXT(2) 
PARAMETRIC_REPRESENTATION_CONTEXT() REPRESENTATION_CONTEXT('2D SPACE',''
  ) );
#1102 = ORIENTED_EDGE('',*,*,#1103,.F.);
#1103 = EDGE_CURVE('',#1104,#1079,#1106,.T.);
#1104 = VERTEX_POINT('',#1105);
#1105 = CARTESIAN_POINT('',(-1.033193029677,-78.85001648266,
    26.400060960122));
#1106 = SURFACE_CURVE('',#1107,(#1110,#1116),.PCURVE_S1.);
#1107 = B_SPLINE_CURVE_WITH_KNOTS('',1,(#1108,#1109),.UNSPECIFIED.,.F.,
  .F.,(2,2),(0.,8.468070771091),.PIECEWISE_BEZIER_KNOTS.);
#1108 = CARTESIAN_POINT('',(-1.033193029677,-78.85001648266,
    26.400060960122));
#1109 = CARTESIAN_POINT('',(-0.968125348038,-79.05502784513,
    26.400060960122));
#1110 = PCURVE('',#31,#1111);
#1111 = DEFINITIONAL_REPRESENTATION('',(#1112),#1115);
#1112 = B_SPLINE_CURVE_WITH_KNOTS('',1,(#1113,#1114),.UNSPECIFIED.,.F.,
  .F.,(2,2),(0.,8.468070771091),.PIECEWISE_BEZIER_KNOTS.);
#1113 = CARTESIAN_POINT('',(1.637931791581E+03,1.615479909578E+03));
#1114 = CARTESIAN_POINT('',(1.646003088921E+03,1.612918194952E+03));
#1115 = ( GEOMETRIC_REPRESENTATION_CONTEXT(2) 
PARAMETRIC_REPRESENTATION_CONTEXT() REPRESENTATION_CONTEXT('2D SPACE',''
  ) );
#1116 = PCURVE('',#1117,#1122);
#1117 = B_SPLINE_SURFACE_WITH_KNOTS('',1,1,(
    (#1118,#1119)
    ,(#1120,#1121
    )),.UNSPECIFIED.,.F.,.F.,.F.,(2,2),(2,2),(0.,8.468070771091),(-78.74
    ,0.),.PIECEWISE_BEZIER_KNOTS.);
#1118 = CARTESIAN_POINT('',(-1.033193029677,-78.85001648266,
    28.400060960122));
#1119 = CARTESIAN_POINT('',(-1.033193029677,-78.85001648266,
    26.400060960122));
#1120 = CARTESIAN_POINT('',(-0.968125348038,-79.05502784513,
    28.400060960122));
#1121 = CARTESIAN_POINT('',(-0.968125348038,-79.05502784513,
    26.400060960122));
#1122 = DEFINITIONAL_REPRESENTATION('',(#1123),#1126);
#1123 = B_SPLINE_CURVE_WITH_KNOTS('',1,(#1124,#1125),.UNSPECIFIED.,.F.,
  .F.,(2,2),(0.,8.468070771091),.PIECEWISE_BEZIER_KNOTS.);
#1124 = CARTESIAN_POINT('',(0.,0.));
#1125 = CARTESIAN_POINT('',(8.468070771091,0.));
#1126 = ( GEOMETRIC_REPRESENTATION_CONTEXT(2) 
PARAMETRIC_REPRESENTATION_CONTEXT() REPRESENTATION_CONTEXT('2D SPACE',''
  ) );
#1127 = ORIENTED_EDGE('',*,*,#1128,.F.);
#1128 = EDGE_CURVE('',#1129,#1104,#1131,.T.);
#1129 = VERTEX_POINT('',#1130);
#1130 = CARTESIAN_POINT('',(-1.084118553391,-78.64104267337,
    26.400060960122));
#1131 = SURFACE_CURVE('',#1132,(#1135,#1141),.PCURVE_S1.);
#1132 = B_SPLINE_CURVE_WITH_KNOTS('',1,(#1133,#1134),.UNSPECIFIED.,.F.,
  .F.,(2,2),(0.,8.468070771091),.PIECEWISE_BEZIER_KNOTS.);
#1133 = CARTESIAN_POINT('',(-1.084118553391,-78.64104267337,
    26.400060960122));
#1134 = CARTESIAN_POINT('',(-1.033193029677,-78.85001648266,
    26.400060960122));
#1135 = PCURVE('',#31,#1136);
#1136 = DEFINITIONAL_REPRESENTATION('',(#1137),#1140);
#1137 = B_SPLINE_CURVE_WITH_KNOTS('',1,(#1138,#1139),.UNSPECIFIED.,.F.,
  .F.,(2,2),(0.,8.468070771091),.PIECEWISE_BEZIER_KNOTS.);
#1138 = CARTESIAN_POINT('',(1.629704492709E+03,1.617484847447E+03));
#1139 = CARTESIAN_POINT('',(1.637931791581E+03,1.615479909578E+03));
#1140 = ( GEOMETRIC_REPRESENTATION_CONTEXT(2) 
PARAMETRIC_REPRESENTATION_CONTEXT() REPRESENTATION_CONTEXT('2D SPACE',''
  ) );
#1141 = PCURVE('',#1142,#1147);
#1142 = B_SPLINE_SURFACE_WITH_KNOTS('',1,1,(
    (#1143,#1144)
    ,(#1145,#1146
    )),.UNSPECIFIED.,.F.,.F.,.F.,(2,2),(2,2),(0.,8.468070771091),(-78.74
    ,0.),.PIECEWISE_BEZIER_KNOTS.);
#1143 = CARTESIAN_POINT('',(-1.084118553391,-78.64104267337,
    28.400060960122));
#1144 = CARTESIAN_POINT('',(-1.084118553391,-78.64104267337,
    26.400060960122));
#1145 = CARTESIAN_POINT('',(-1.033193029677,-78.85001648266,
    28.400060960122));
#1146 = CARTESIAN_POINT('',(-1.033193029677,-78.85001648266,
    26.400060960122));
#1147 = DEFINITIONAL_REPRESENTATION('',(#1148),#1151);
#1148 = B_SPLINE_CURVE_WITH_KNOTS('',1,(#1149,#1150),.UNSPECIFIED.,.F.,
  .F.,(2,2),(0.,8.468070771091),.PIECEWISE_BEZIER_KNOTS.);
#1149 = CARTESIAN_POINT('',(0.,0.));
#1150 = CARTESIAN_POINT('',(8.468070771091,0.));
#1151 = ( GEOMETRIC_REPRESENTATION_CONTEXT(2) 
PARAMETRIC_REPRESENTATION_CONTEXT() REPRESENTATION_CONTEXT('2D SPACE',''
  ) );
#1152 = ORIENTED_EDGE('',*,*,#1153,.F.);
#1153 = EDGE_CURVE('',#1154,#1129,#1156,.T.);
#1154 = VERTEX_POINT('',#1155);
#1155 = CARTESIAN_POINT('',(-1.120664480878,-78.42908074962,
    26.400060960122));
#1156 = SURFACE_CURVE('',#1157,(#1160,#1166),.PCURVE_S1.);
#1157 = B_SPLINE_CURVE_WITH_KNOTS('',1,(#1158,#1159),.UNSPECIFIED.,.F.,
  .F.,(2,2),(0.,8.468070771091),.PIECEWISE_BEZIER_KNOTS.);
#1158 = CARTESIAN_POINT('',(-1.120664480878,-78.42908074962,
    26.400060960122));
#1159 = CARTESIAN_POINT('',(-1.084118553391,-78.64104267337,
    26.400060960122));
#1160 = PCURVE('',#31,#1161);
#1161 = DEFINITIONAL_REPRESENTATION('',(#1162),#1165);
#1162 = B_SPLINE_CURVE_WITH_KNOTS('',1,(#1163,#1164),.UNSPECIFIED.,.F.,
  .F.,(2,2),(0.,8.468070771091),.PIECEWISE_BEZIER_KNOTS.);
#1163 = CARTESIAN_POINT('',(1.621359551771E+03,1.618923660612E+03));
#1164 = CARTESIAN_POINT('',(1.629704492709E+03,1.617484847447E+03));
#1165 = ( GEOMETRIC_REPRESENTATION_CONTEXT(2) 
PARAMETRIC_REPRESENTATION_CONTEXT() REPRESENTATION_CONTEXT('2D SPACE',''
  ) );
#1166 = PCURVE('',#1167,#1172);
#1167 = B_SPLINE_SURFACE_WITH_KNOTS('',1,1,(
    (#1168,#1169)
    ,(#1170,#1171
    )),.UNSPECIFIED.,.F.,.F.,.F.,(2,2),(2,2),(0.,8.468070771091),(-78.74
    ,0.),.PIECEWISE_BEZIER_KNOTS.);
#1168 = CARTESIAN_POINT('',(-1.120664480878,-78.42908074962,
    28.400060960122));
#1169 = CARTESIAN_POINT('',(-1.120664480878,-78.42908074962,
    26.400060960122));
#1170 = CARTESIAN_POINT('',(-1.084118553391,-78.64104267337,
    28.400060960122));
#1171 = CARTESIAN_POINT('',(-1.084118553391,-78.64104267337,
    26.400060960122));
#1172 = DEFINITIONAL_REPRESENTATION('',(#1173),#1176);
#1173 = B_SPLINE_CURVE_WITH_KNOTS('',1,(#1174,#1175),.UNSPECIFIED.,.F.,
  .F.,(2,2),(0.,8.468070771091),.PIECEWISE_BEZIER_KNOTS.);
#1174 = CARTESIAN_POINT('',(0.,0.));
#1175 = CARTESIAN_POINT('',(8.468070771091,0.));
#1176 = ( GEOMETRIC_REPRESENTATION_CONTEXT(2) 
PARAMETRIC_REPRESENTATION_CONTEXT() REPRESENTATION_CONTEXT('2D SPACE',''
  ) );
#1177 = ORIENTED_EDGE('',*,*,#1178,.F.);
#1178 = EDGE_CURVE('',#1179,#1154,#1181,.T.);
#1179 = VERTEX_POINT('',#1180);
#1180 = CARTESIAN_POINT('',(-1.142660418154,-78.21511897574,
    26.400060960122));
#1181 = SURFACE_CURVE('',#1182,(#1185,#1191),.PCURVE_S1.);
#1182 = B_SPLINE_CURVE_WITH_KNOTS('',1,(#1183,#1184),.UNSPECIFIED.,.F.,
  .F.,(2,2),(0.,8.468070771091),.PIECEWISE_BEZIER_KNOTS.);
#1183 = CARTESIAN_POINT('',(-1.142660418154,-78.21511897574,
    26.400060960122));
#1184 = CARTESIAN_POINT('',(-1.120664480878,-78.42908074962,
    26.400060960122));
#1185 = PCURVE('',#31,#1186);
#1186 = DEFINITIONAL_REPRESENTATION('',(#1187),#1190);
#1187 = B_SPLINE_CURVE_WITH_KNOTS('',1,(#1188,#1189),.UNSPECIFIED.,.F.,
  .F.,(2,2),(0.,8.468070771091),.PIECEWISE_BEZIER_KNOTS.);
#1188 = CARTESIAN_POINT('',(1.612935876733E+03,1.619789640663E+03));
#1189 = CARTESIAN_POINT('',(1.621359551771E+03,1.618923660612E+03));
#1190 = ( GEOMETRIC_REPRESENTATION_CONTEXT(2) 
PARAMETRIC_REPRESENTATION_CONTEXT() REPRESENTATION_CONTEXT('2D SPACE',''
  ) );
#1191 = PCURVE('',#1192,#1197);
#1192 = B_SPLINE_SURFACE_WITH_KNOTS('',1,1,(
    (#1193,#1194)
    ,(#1195,#1196
    )),.UNSPECIFIED.,.F.,.F.,.F.,(2,2),(2,2),(0.,8.468070771091),(-78.74
    ,0.),.PIECEWISE_BEZIER_KNOTS.);
#1193 = CARTESIAN_POINT('',(-1.142660418154,-78.21511897574,
    28.400060960122));
#1194 = CARTESIAN_POINT('',(-1.142660418154,-78.21511897574,
    26.400060960122));
#1195 = CARTESIAN_POINT('',(-1.120664480878,-78.42908074962,
    28.400060960122));
#1196 = CARTESIAN_POINT('',(-1.120664480878,-78.42908074962,
    26.400060960122));
#1197 = DEFINITIONAL_REPRESENTATION('',(#1198),#1201);
#1198 = B_SPLINE_CURVE_WITH_KNOTS('',1,(#1199,#1200),.UNSPECIFIED.,.F.,
  .F.,(2,2),(0.,8.468070771091),.PIECEWISE_BEZIER_KNOTS.);
#1199 = CARTESIAN_POINT('',(0.,0.));
#1200 = CARTESIAN_POINT('',(8.468070771091,0.));
#1201 = ( GEOMETRIC_REPRESENTATION_CONTEXT(2) 
PARAMETRIC_REPRESENTATION_CONTEXT() REPRESENTATION_CONTEXT('2D SPACE',''
  ) );
#1202 = ORIENTED_EDGE('',*,*,#1203,.F.);
#1203 = EDGE_CURVE('',#1204,#1179,#1206,.T.);
#1204 = VERTEX_POINT('',#1205);
#1205 = CARTESIAN_POINT('',(-1.150003810008,-78.00015494031,
    26.400060960122));
#1206 = SURFACE_CURVE('',#1207,(#1210,#1216),.PCURVE_S1.);
#1207 = B_SPLINE_CURVE_WITH_KNOTS('',1,(#1208,#1209),.UNSPECIFIED.,.F.,
  .F.,(2,2),(0.,8.468070771091),.PIECEWISE_BEZIER_KNOTS.);
#1208 = CARTESIAN_POINT('',(-1.150003810008,-78.00015494031,
    26.400060960122));
#1209 = CARTESIAN_POINT('',(-1.142660418154,-78.21511897574,
    26.400060960122));
#1210 = PCURVE('',#31,#1211);
#1211 = DEFINITIONAL_REPRESENTATION('',(#1212),#1215);
#1212 = B_SPLINE_CURVE_WITH_KNOTS('',1,(#1213,#1214),.UNSPECIFIED.,.F.,
  .F.,(2,2),(0.,8.468070771091),.PIECEWISE_BEZIER_KNOTS.);
#1213 = CARTESIAN_POINT('',(1.604472742658E+03,1.62007875E+03));
#1214 = CARTESIAN_POINT('',(1.612935876733E+03,1.619789640663E+03));
#1215 = ( GEOMETRIC_REPRESENTATION_CONTEXT(2) 
PARAMETRIC_REPRESENTATION_CONTEXT() REPRESENTATION_CONTEXT('2D SPACE',''
  ) );
#1216 = PCURVE('',#1217,#1222);
#1217 = B_SPLINE_SURFACE_WITH_KNOTS('',1,1,(
    (#1218,#1219)
    ,(#1220,#1221
    )),.UNSPECIFIED.,.F.,.F.,.F.,(2,2),(2,2),(0.,8.468070771091),(-78.74
    ,0.),.PIECEWISE_BEZIER_KNOTS.);
#1218 = CARTESIAN_POINT('',(-1.150003810008,-78.00015494031,
    28.400060960122));
#1219 = CARTESIAN_POINT('',(-1.150003810008,-78.00015494031,
    26.400060960122));
#1220 = CARTESIAN_POINT('',(-1.142660418154,-78.21511897574,
    28.400060960122));
#1221 = CARTESIAN_POINT('',(-1.142660418154,-78.21511897574,
    26.400060960122));
#1222 = DEFINITIONAL_REPRESENTATION('',(#1223),#1226);
#1223 = B_SPLINE_CURVE_WITH_KNOTS('',1,(#1224,#1225),.UNSPECIFIED.,.F.,
  .F.,(2,2),(0.,8.468070771091),.PIECEWISE_BEZIER_KNOTS.);
#1224 = CARTESIAN_POINT('',(0.,0.));
#1225 = CARTESIAN_POINT('',(8.46807077109,0.));
#1226 = ( GEOMETRIC_REPRESENTATION_CONTEXT(2) 
PARAMETRIC_REPRESENTATION_CONTEXT() REPRESENTATION_CONTEXT('2D SPACE',''
  ) );
#1227 = ORIENTED_EDGE('',*,*,#1228,.F.);
#1228 = EDGE_CURVE('',#1229,#1204,#1231,.T.);
#1229 = VERTEX_POINT('',#1230);
#1230 = CARTESIAN_POINT('',(-1.150003810008,-1.900002540005,
    26.400060960122));
#1231 = SURFACE_CURVE('',#1232,(#1235,#1241),.PCURVE_S1.);
#1232 = B_SPLINE_CURVE_WITH_KNOTS('',1,(#1233,#1234),.UNSPECIFIED.,.F.,
  .F.,(2,2),(25.590549999999,3.02165355E+03),.PIECEWISE_BEZIER_KNOTS.);
#1233 = CARTESIAN_POINT('',(-1.150003810008,-1.900002540005,
    26.400060960122));
#1234 = CARTESIAN_POINT('',(-1.150003810008,-78.00015494031,
    26.400060960122));
#1235 = PCURVE('',#31,#1236);
#1236 = DEFINITIONAL_REPRESENTATION('',(#1237),#1240);
#1237 = B_SPLINE_CURVE_WITH_KNOTS('',1,(#1238,#1239),.UNSPECIFIED.,.F.,
  .F.,(2,2),(25.590549999999,3.02165355E+03),.PIECEWISE_BEZIER_KNOTS.);
#1238 = CARTESIAN_POINT('',(-1.391590257342E+03,1.62007875E+03));
#1239 = CARTESIAN_POINT('',(1.604472742658E+03,1.62007875E+03));
#1240 = ( GEOMETRIC_REPRESENTATION_CONTEXT(2) 
PARAMETRIC_REPRESENTATION_CONTEXT() REPRESENTATION_CONTEXT('2D SPACE',''
  ) );
#1241 = PCURVE('',#1242,#1247);
#1242 = B_SPLINE_SURFACE_WITH_KNOTS('',1,1,(
    (#1243,#1244)
    ,(#1245,#1246
    )),.UNSPECIFIED.,.F.,.F.,.F.,(2,2),(2,2),(25.590549999999,
    3.02165355E+03),(-78.74,0.),.PIECEWISE_BEZIER_KNOTS.);
#1243 = CARTESIAN_POINT('',(-1.150003810008,-1.900002540005,
    28.400060960122));
#1244 = CARTESIAN_POINT('',(-1.150003810008,-1.900002540005,
    26.400060960122));
#1245 = CARTESIAN_POINT('',(-1.150003810008,-78.00015494031,
    28.400060960122));
#1246 = CARTESIAN_POINT('',(-1.150003810008,-78.00015494031,
    26.400060960122));
#1247 = DEFINITIONAL_REPRESENTATION('',(#1248),#1251);
#1248 = B_SPLINE_CURVE_WITH_KNOTS('',1,(#1249,#1250),.UNSPECIFIED.,.F.,
  .F.,(2,2),(25.590549999999,3.02165355E+03),.PIECEWISE_BEZIER_KNOTS.);
#1249 = CARTESIAN_POINT('',(25.590549999999,0.));
#1250 = CARTESIAN_POINT('',(3.02165355E+03,0.));
#1251 = ( GEOMETRIC_REPRESENTATION_CONTEXT(2) 
PARAMETRIC_REPRESENTATION_CONTEXT() REPRESENTATION_CONTEXT('2D SPACE',''
  ) );
#1252 = ORIENTED_EDGE('',*,*,#1253,.T.);
#1253 = EDGE_CURVE('',#1229,#1254,#1256,.T.);
#1254 = VERTEX_POINT('',#1255);
#1255 = CARTESIAN_POINT('',(-2.748953603744,-1.900002540005,
    26.400060960122));
#1256 = SURFACE_CURVE('',#1257,(#1260,#1266),.PCURVE_S1.);
#1257 = B_SPLINE_CURVE_WITH_KNOTS('',1,(#1258,#1259),.UNSPECIFIED.,.F.,
  .F.,(2,2),(62.992,125.94265337938),.PIECEWISE_BEZIER_KNOTS.);
#1258 = CARTESIAN_POINT('',(-1.150003810008,-1.900002540005,
    26.400060960122));
#1259 = CARTESIAN_POINT('',(-2.748953603744,-1.900002540005,
    26.400060960122));
#1260 = PCURVE('',#31,#1261);
#1261 = DEFINITIONAL_REPRESENTATION('',(#1262),#1265);
#1262 = B_SPLINE_CURVE_WITH_KNOTS('',1,(#1263,#1264),.UNSPECIFIED.,.F.,
  .F.,(2,2),(62.992,125.94265337938),.PIECEWISE_BEZIER_KNOTS.);
#1263 = CARTESIAN_POINT('',(-1.391590257342E+03,1.62007875E+03));
#1264 = CARTESIAN_POINT('',(-1.391590257342E+03,1.683029403379E+03));
#1265 = ( GEOMETRIC_REPRESENTATION_CONTEXT(2) 
PARAMETRIC_REPRESENTATION_CONTEXT() REPRESENTATION_CONTEXT('2D SPACE',''
  ) );
#1266 = PCURVE('',#1267,#1272);
#1267 = B_SPLINE_SURFACE_WITH_KNOTS('',1,1,(
    (#1268,#1269)
    ,(#1270,#1271
    )),.UNSPECIFIED.,.F.,.F.,.F.,(2,2),(2,2),(0.,125.94265337938),(
    -141.732,0.),.PIECEWISE_BEZIER_KNOTS.);
#1268 = CARTESIAN_POINT('',(0.449996189992,-1.900002540005,
    30.000060960122));
#1269 = CARTESIAN_POINT('',(0.449996189992,-1.900002540005,
    26.400060960122));
#1270 = CARTESIAN_POINT('',(-2.748953603744,-1.900002540005,
    30.000060960122));
#1271 = CARTESIAN_POINT('',(-2.748953603744,-1.900002540005,
    26.400060960122));
#1272 = DEFINITIONAL_REPRESENTATION('',(#1273),#1276);
#1273 = B_SPLINE_CURVE_WITH_KNOTS('',1,(#1274,#1275),.UNSPECIFIED.,.F.,
  .F.,(2,2),(62.992,125.94265337938),.PIECEWISE_BEZIER_KNOTS.);
#1274 = CARTESIAN_POINT('',(62.992,0.));
#1275 = CARTESIAN_POINT('',(125.94265337938,0.));
#1276 = ( GEOMETRIC_REPRESENTATION_CONTEXT(2) 
PARAMETRIC_REPRESENTATION_CONTEXT() REPRESENTATION_CONTEXT('2D SPACE',''
  ) );
#1277 = ORIENTED_EDGE('',*,*,#1278,.T.);
#1278 = EDGE_CURVE('',#1254,#1279,#1281,.T.);
#1279 = VERTEX_POINT('',#1280);
#1280 = CARTESIAN_POINT('',(-2.731444455949,-1.580486414305,
    26.400060960122));
#1281 = SURFACE_CURVE('',#1282,(#1285,#1291),.PCURVE_S1.);
#1282 = B_SPLINE_CURVE_WITH_KNOTS('',1,(#1283,#1284),.UNSPECIFIED.,.F.,
  .F.,(2,2),(0.,12.598223131436),.PIECEWISE_BEZIER_KNOTS.);
#1283 = CARTESIAN_POINT('',(-2.748953603744,-1.900002540005,
    26.400060960122));
#1284 = CARTESIAN_POINT('',(-2.731444455949,-1.580486414305,
    26.400060960122));
#1285 = PCURVE('',#31,#1286);
#1286 = DEFINITIONAL_REPRESENTATION('',(#1287),#1290);
#1287 = B_SPLINE_CURVE_WITH_KNOTS('',1,(#1288,#1289),.UNSPECIFIED.,.F.,
  .F.,(2,2),(0.,12.598223131436),.PIECEWISE_BEZIER_KNOTS.);
#1288 = CARTESIAN_POINT('',(-1.391590257342E+03,1.683029403379E+03));
#1289 = CARTESIAN_POINT('',(-1.404169607211E+03,1.682340068231E+03));
#1290 = ( GEOMETRIC_REPRESENTATION_CONTEXT(2) 
PARAMETRIC_REPRESENTATION_CONTEXT() REPRESENTATION_CONTEXT('2D SPACE',''
  ) );
#1291 = PCURVE('',#1292,#1297);
#1292 = B_SPLINE_SURFACE_WITH_KNOTS('',1,1,(
    (#1293,#1294)
    ,(#1295,#1296
    )),.UNSPECIFIED.,.F.,.F.,.F.,(2,2),(2,2),(0.,12.598223131436),(
    -141.732,0.),.PIECEWISE_BEZIER_KNOTS.);
#1293 = CARTESIAN_POINT('',(-2.748953603744,-1.900002540005,
    30.000060960122));
#1294 = CARTESIAN_POINT('',(-2.748953603744,-1.900002540005,
    26.400060960122));
#1295 = CARTESIAN_POINT('',(-2.731444455949,-1.580486414305,
    30.000060960122));
#1296 = CARTESIAN_POINT('',(-2.731444455949,-1.580486414305,
    26.400060960122));
#1297 = DEFINITIONAL_REPRESENTATION('',(#1298),#1301);
#1298 = B_SPLINE_CURVE_WITH_KNOTS('',1,(#1299,#1300),.UNSPECIFIED.,.F.,
  .F.,(2,2),(0.,12.598223131436),.PIECEWISE_BEZIER_KNOTS.);
#1299 = CARTESIAN_POINT('',(0.,0.));
#1300 = CARTESIAN_POINT('',(12.598223131436,0.));
#1301 = ( GEOMETRIC_REPRESENTATION_CONTEXT(2) 
PARAMETRIC_REPRESENTATION_CONTEXT() REPRESENTATION_CONTEXT('2D SPACE',''
  ) );
#1302 = ORIENTED_EDGE('',*,*,#1303,.T.);
#1303 = EDGE_CURVE('',#1279,#1304,#1306,.T.);
#1304 = VERTEX_POINT('',#1305);
#1305 = CARTESIAN_POINT('',(-2.692462299614,-1.262874203698,
    26.400060960122));
#1306 = SURFACE_CURVE('',#1307,(#1310,#1316),.PCURVE_S1.);
#1307 = B_SPLINE_CURVE_WITH_KNOTS('',1,(#1308,#1309),.UNSPECIFIED.,.F.,
  .F.,(2,2),(0.,12.598223131437),.PIECEWISE_BEZIER_KNOTS.);
#1308 = CARTESIAN_POINT('',(-2.731444455949,-1.580486414305,
    26.400060960122));
#1309 = CARTESIAN_POINT('',(-2.692462299614,-1.262874203698,
    26.400060960122));
#1310 = PCURVE('',#31,#1311);
#1311 = DEFINITIONAL_REPRESENTATION('',(#1312),#1315);
#1312 = B_SPLINE_CURVE_WITH_KNOTS('',1,(#1313,#1314),.UNSPECIFIED.,.F.,
  .F.,(2,2),(0.,12.598223131437),.PIECEWISE_BEZIER_KNOTS.);
#1313 = CARTESIAN_POINT('',(-1.404169607211E+03,1.682340068231E+03));
#1314 = CARTESIAN_POINT('',(-1.416673999942E+03,1.680805340736E+03));
#1315 = ( GEOMETRIC_REPRESENTATION_CONTEXT(2) 
PARAMETRIC_REPRESENTATION_CONTEXT() REPRESENTATION_CONTEXT('2D SPACE',''
  ) );
#1316 = PCURVE('',#1317,#1322);
#1317 = B_SPLINE_SURFACE_WITH_KNOTS('',1,1,(
    (#1318,#1319)
    ,(#1320,#1321
    )),.UNSPECIFIED.,.F.,.F.,.F.,(2,2),(2,2),(0.,12.598223131437),(
    -141.732,0.),.PIECEWISE_BEZIER_KNOTS.);
#1318 = CARTESIAN_POINT('',(-2.731444455949,-1.580486414305,
    30.000060960122));
#1319 = CARTESIAN_POINT('',(-2.731444455949,-1.580486414305,
    26.400060960122));
#1320 = CARTESIAN_POINT('',(-2.692462299614,-1.262874203698,
    30.000060960122));
#1321 = CARTESIAN_POINT('',(-2.692462299614,-1.262874203698,
    26.400060960122));
#1322 = DEFINITIONAL_REPRESENTATION('',(#1323),#1326);
#1323 = B_SPLINE_CURVE_WITH_KNOTS('',1,(#1324,#1325),.UNSPECIFIED.,.F.,
  .F.,(2,2),(0.,12.598223131437),.PIECEWISE_BEZIER_KNOTS.);
#1324 = CARTESIAN_POINT('',(0.,0.));
#1325 = CARTESIAN_POINT('',(12.598223131437,0.));
#1326 = ( GEOMETRIC_REPRESENTATION_CONTEXT(2) 
PARAMETRIC_REPRESENTATION_CONTEXT() REPRESENTATION_CONTEXT('2D SPACE',''
  ) );
#1327 = ORIENTED_EDGE('',*,*,#1328,.T.);
#1328 = EDGE_CURVE('',#1304,#1329,#1331,.T.);
#1329 = VERTEX_POINT('',#1330);
#1330 = CARTESIAN_POINT('',(-2.632184049786,-0.948607346653,
    26.400060960122));
#1331 = SURFACE_CURVE('',#1332,(#1335,#1341),.PCURVE_S1.);
#1332 = B_SPLINE_CURVE_WITH_KNOTS('',1,(#1333,#1334),.UNSPECIFIED.,.F.,
  .F.,(2,2),(0.,12.598223131437),.PIECEWISE_BEZIER_KNOTS.);
#1333 = CARTESIAN_POINT('',(-2.692462299614,-1.262874203698,
    26.400060960122));
#1334 = CARTESIAN_POINT('',(-2.632184049786,-0.948607346653,
    26.400060960122));
#1335 = PCURVE('',#31,#1336);
#1336 = DEFINITIONAL_REPRESENTATION('',(#1337),#1340);
#1337 = B_SPLINE_CURVE_WITH_KNOTS('',1,(#1338,#1339),.UNSPECIFIED.,.F.,
  .F.,(2,2),(0.,12.598223131437),.PIECEWISE_BEZIER_KNOTS.);
#1338 = CARTESIAN_POINT('',(-1.416673999942E+03,1.680805340736E+03));
#1339 = CARTESIAN_POINT('',(-1.429046686104E+03,1.67843218604E+03));
#1340 = ( GEOMETRIC_REPRESENTATION_CONTEXT(2) 
PARAMETRIC_REPRESENTATION_CONTEXT() REPRESENTATION_CONTEXT('2D SPACE',''
  ) );
#1341 = PCURVE('',#1342,#1347);
#1342 = B_SPLINE_SURFACE_WITH_KNOTS('',1,1,(
    (#1343,#1344)
    ,(#1345,#1346
    )),.UNSPECIFIED.,.F.,.F.,.F.,(2,2),(2,2),(0.,12.598223131437),(
    -141.732,0.),.PIECEWISE_BEZIER_KNOTS.);
#1343 = CARTESIAN_POINT('',(-2.692462299614,-1.262874203698,
    30.000060960122));
#1344 = CARTESIAN_POINT('',(-2.692462299614,-1.262874203698,
    26.400060960122));
#1345 = CARTESIAN_POINT('',(-2.632184049786,-0.948607346653,
    30.000060960122));
#1346 = CARTESIAN_POINT('',(-2.632184049786,-0.948607346653,
    26.400060960122));
#1347 = DEFINITIONAL_REPRESENTATION('',(#1348),#1351);
#1348 = B_SPLINE_CURVE_WITH_KNOTS('',1,(#1349,#1350),.UNSPECIFIED.,.F.,
  .F.,(2,2),(0.,12.598223131437),.PIECEWISE_BEZIER_KNOTS.);
#1349 = CARTESIAN_POINT('',(0.,0.));
#1350 = CARTESIAN_POINT('',(12.598223131437,0.));
#1351 = ( GEOMETRIC_REPRESENTATION_CONTEXT(2) 
PARAMETRIC_REPRESENTATION_CONTEXT() REPRESENTATION_CONTEXT('2D SPACE',''
  ) );
#1352 = ORIENTED_EDGE('',*,*,#1353,.T.);
#1353 = EDGE_CURVE('',#1329,#1354,#1356,.T.);
#1354 = VERTEX_POINT('',#1355);
#1355 = CARTESIAN_POINT('',(-2.550883270849,-0.639112099221,
    26.400060960122));
#1356 = SURFACE_CURVE('',#1357,(#1360,#1366),.PCURVE_S1.);
#1357 = B_SPLINE_CURVE_WITH_KNOTS('',1,(#1358,#1359),.UNSPECIFIED.,.F.,
  .F.,(2,2),(0.,12.598223131436),.PIECEWISE_BEZIER_KNOTS.);
#1358 = CARTESIAN_POINT('',(-2.632184049786,-0.948607346653,
    26.400060960122));
#1359 = CARTESIAN_POINT('',(-2.550883270849,-0.639112099221,
    26.400060960122));
#1360 = PCURVE('',#31,#1361);
#1361 = DEFINITIONAL_REPRESENTATION('',(#1362),#1365);
#1362 = B_SPLINE_CURVE_WITH_KNOTS('',1,(#1363,#1364),.UNSPECIFIED.,.F.,
  .F.,(2,2),(0.,12.598223131436),.PIECEWISE_BEZIER_KNOTS.);
#1363 = CARTESIAN_POINT('',(-1.429046686104E+03,1.67843218604E+03));
#1364 = CARTESIAN_POINT('',(-1.441231513996E+03,1.675231374373E+03));
#1365 = ( GEOMETRIC_REPRESENTATION_CONTEXT(2) 
PARAMETRIC_REPRESENTATION_CONTEXT() REPRESENTATION_CONTEXT('2D SPACE',''
  ) );
#1366 = PCURVE('',#1367,#1372);
#1367 = B_SPLINE_SURFACE_WITH_KNOTS('',1,1,(
    (#1368,#1369)
    ,(#1370,#1371
    )),.UNSPECIFIED.,.F.,.F.,.F.,(2,2),(2,2),(0.,12.598223131436),(
    -141.732,0.),.PIECEWISE_BEZIER_KNOTS.);
#1368 = CARTESIAN_POINT('',(-2.632184049786,-0.948607346653,
    30.000060960122));
#1369 = CARTESIAN_POINT('',(-2.632184049786,-0.948607346653,
    26.400060960122));
#1370 = CARTESIAN_POINT('',(-2.550883270849,-0.639112099221,
    30.000060960122));
#1371 = CARTESIAN_POINT('',(-2.550883270849,-0.639112099221,
    26.400060960122));
#1372 = DEFINITIONAL_REPRESENTATION('',(#1373),#1376);
#1373 = B_SPLINE_CURVE_WITH_KNOTS('',1,(#1374,#1375),.UNSPECIFIED.,.F.,
  .F.,(2,2),(0.,12.598223131436),.PIECEWISE_BEZIER_KNOTS.);
#1374 = CARTESIAN_POINT('',(0.,0.));
#1375 = CARTESIAN_POINT('',(12.598223131436,0.));
#1376 = ( GEOMETRIC_REPRESENTATION_CONTEXT(2) 
PARAMETRIC_REPRESENTATION_CONTEXT() REPRESENTATION_CONTEXT('2D SPACE',''
  ) );
#1377 = ORIENTED_EDGE('',*,*,#1378,.T.);
#1378 = EDGE_CURVE('',#1354,#1379,#1381,.T.);
#1379 = VERTEX_POINT('',#1380);
#1380 = CARTESIAN_POINT('',(-2.448928934982,-0.335793062171,
    26.400060960122));
#1381 = SURFACE_CURVE('',#1382,(#1385,#1391),.PCURVE_S1.);
#1382 = B_SPLINE_CURVE_WITH_KNOTS('',1,(#1383,#1384),.UNSPECIFIED.,.F.,
  .F.,(2,2),(0.,12.598223131436),.PIECEWISE_BEZIER_KNOTS.);
#1383 = CARTESIAN_POINT('',(-2.550883270849,-0.639112099221,
    26.400060960122));
#1384 = CARTESIAN_POINT('',(-2.448928934982,-0.335793062171,
    26.400060960122));
#1385 = PCURVE('',#31,#1386);
#1386 = DEFINITIONAL_REPRESENTATION('',(#1387),#1390);
#1387 = B_SPLINE_CURVE_WITH_KNOTS('',1,(#1388,#1389),.UNSPECIFIED.,.F.,
  .F.,(2,2),(0.,12.598223131436),.PIECEWISE_BEZIER_KNOTS.);
#1388 = CARTESIAN_POINT('',(-1.441231513996E+03,1.675231374373E+03));
#1389 = CARTESIAN_POINT('',(-1.453173184484E+03,1.67121743217E+03));
#1390 = ( GEOMETRIC_REPRESENTATION_CONTEXT(2) 
PARAMETRIC_REPRESENTATION_CONTEXT() REPRESENTATION_CONTEXT('2D SPACE',''
  ) );
#1391 = PCURVE('',#1392,#1397);
#1392 = B_SPLINE_SURFACE_WITH_KNOTS('',1,1,(
    (#1393,#1394)
    ,(#1395,#1396
    )),.UNSPECIFIED.,.F.,.F.,.F.,(2,2),(2,2),(0.,12.598223131436),(
    -141.732,0.),.PIECEWISE_BEZIER_KNOTS.);
#1393 = CARTESIAN_POINT('',(-2.550883270849,-0.639112099221,
    30.000060960122));
#1394 = CARTESIAN_POINT('',(-2.550883270849,-0.639112099221,
    26.400060960122));
#1395 = CARTESIAN_POINT('',(-2.448928934982,-0.335793062171,
    30.000060960122));
#1396 = CARTESIAN_POINT('',(-2.448928934982,-0.335793062171,
    26.400060960122));
#1397 = DEFINITIONAL_REPRESENTATION('',(#1398),#1401);
#1398 = B_SPLINE_CURVE_WITH_KNOTS('',1,(#1399,#1400),.UNSPECIFIED.,.F.,
  .F.,(2,2),(0.,12.598223131436),.PIECEWISE_BEZIER_KNOTS.);
#1399 = CARTESIAN_POINT('',(0.,0.));
#1400 = CARTESIAN_POINT('',(12.598223131436,0.));
#1401 = ( GEOMETRIC_REPRESENTATION_CONTEXT(2) 
PARAMETRIC_REPRESENTATION_CONTEXT() REPRESENTATION_CONTEXT('2D SPACE',''
  ) );
#1402 = ORIENTED_EDGE('',*,*,#1403,.T.);
#1403 = EDGE_CURVE('',#1379,#1404,#1406,.T.);
#1404 = VERTEX_POINT('',#1405);
#1405 = CARTESIAN_POINT('',(-2.32678374764,-4.002680640733E-02,
    26.400060960122));
#1406 = SURFACE_CURVE('',#1407,(#1410,#1416),.PCURVE_S1.);
#1407 = B_SPLINE_CURVE_WITH_KNOTS('',1,(#1408,#1409),.UNSPECIFIED.,.F.,
  .F.,(2,2),(0.,12.598223131436),.PIECEWISE_BEZIER_KNOTS.);
#1408 = CARTESIAN_POINT('',(-2.448928934982,-0.335793062171,
    26.400060960122));
#1409 = CARTESIAN_POINT('',(-2.32678374764,-4.002680640733E-02,
    26.400060960122));
#1410 = PCURVE('',#31,#1411);
#1411 = DEFINITIONAL_REPRESENTATION('',(#1412),#1415);
#1412 = B_SPLINE_CURVE_WITH_KNOTS('',1,(#1413,#1414),.UNSPECIFIED.,.F.,
  .F.,(2,2),(0.,12.598223131436),.PIECEWISE_BEZIER_KNOTS.);
#1413 = CARTESIAN_POINT('',(-1.453173184484E+03,1.67121743217E+03));
#1414 = CARTESIAN_POINT('',(-1.464817501974E+03,1.666408576145E+03));
#1415 = ( GEOMETRIC_REPRESENTATION_CONTEXT(2) 
PARAMETRIC_REPRESENTATION_CONTEXT() REPRESENTATION_CONTEXT('2D SPACE',''
  ) );
#1416 = PCURVE('',#1417,#1422);
#1417 = B_SPLINE_SURFACE_WITH_KNOTS('',1,1,(
    (#1418,#1419)
    ,(#1420,#1421
    )),.UNSPECIFIED.,.F.,.F.,.F.,(2,2),(2,2),(0.,12.598223131436),(
    -141.732,0.),.PIECEWISE_BEZIER_KNOTS.);
#1418 = CARTESIAN_POINT('',(-2.448928934982,-0.335793062171,
    30.000060960122));
#1419 = CARTESIAN_POINT('',(-2.448928934982,-0.335793062171,
    26.400060960122));
#1420 = CARTESIAN_POINT('',(-2.32678374764,-4.002680640733E-02,
    30.000060960122));
#1421 = CARTESIAN_POINT('',(-2.32678374764,-4.002680640733E-02,
    26.400060960122));
#1422 = DEFINITIONAL_REPRESENTATION('',(#1423),#1426);
#1423 = B_SPLINE_CURVE_WITH_KNOTS('',1,(#1424,#1425),.UNSPECIFIED.,.F.,
  .F.,(2,2),(0.,12.598223131436),.PIECEWISE_BEZIER_KNOTS.);
#1424 = CARTESIAN_POINT('',(0.,0.));
#1425 = CARTESIAN_POINT('',(12.598223131436,0.));
#1426 = ( GEOMETRIC_REPRESENTATION_CONTEXT(2) 
PARAMETRIC_REPRESENTATION_CONTEXT() REPRESENTATION_CONTEXT('2D SPACE',''
  ) );
#1427 = ORIENTED_EDGE('',*,*,#1428,.T.);
#1428 = EDGE_CURVE('',#1404,#1429,#1431,.T.);
#1429 = VERTEX_POINT('',#1430);
#1430 = CARTESIAN_POINT('',(-2.185002047623,0.246844374402,
    26.400060960122));
#1431 = SURFACE_CURVE('',#1432,(#1435,#1441),.PCURVE_S1.);
#1432 = B_SPLINE_CURVE_WITH_KNOTS('',1,(#1433,#1434),.UNSPECIFIED.,.F.,
  .F.,(2,2),(0.,12.598223131436),.PIECEWISE_BEZIER_KNOTS.);
#1433 = CARTESIAN_POINT('',(-2.32678374764,-4.002680640733E-02,
    26.400060960122));
#1434 = CARTESIAN_POINT('',(-2.185002047623,0.246844374402,
    26.400060960122));
#1435 = PCURVE('',#31,#1436);
#1436 = DEFINITIONAL_REPRESENTATION('',(#1437),#1440);
#1437 = B_SPLINE_CURVE_WITH_KNOTS('',1,(#1438,#1439),.UNSPECIFIED.,.F.,
  .F.,(2,2),(0.,12.598223131436),.PIECEWISE_BEZIER_KNOTS.);
#1438 = CARTESIAN_POINT('',(-1.464817501974E+03,1.666408576145E+03));
#1439 = CARTESIAN_POINT('',(-1.476111620362E+03,1.660826630615E+03));
#1440 = ( GEOMETRIC_REPRESENTATION_CONTEXT(2) 
PARAMETRIC_REPRESENTATION_CONTEXT() REPRESENTATION_CONTEXT('2D SPACE',''
  ) );
#1441 = PCURVE('',#1442,#1447);
#1442 = B_SPLINE_SURFACE_WITH_KNOTS('',1,1,(
    (#1443,#1444)
    ,(#1445,#1446
    )),.UNSPECIFIED.,.F.,.F.,.F.,(2,2),(2,2),(0.,12.598223131436),(
    -141.732,0.),.PIECEWISE_BEZIER_KNOTS.);
#1443 = CARTESIAN_POINT('',(-2.32678374764,-4.002680640733E-02,
    30.000060960122));
#1444 = CARTESIAN_POINT('',(-2.32678374764,-4.002680640733E-02,
    26.400060960122));
#1445 = CARTESIAN_POINT('',(-2.185002047623,0.246844374402,
    30.000060960122));
#1446 = CARTESIAN_POINT('',(-2.185002047623,0.246844374402,
    26.400060960122));
#1447 = DEFINITIONAL_REPRESENTATION('',(#1448),#1451);
#1448 = B_SPLINE_CURVE_WITH_KNOTS('',1,(#1449,#1450),.UNSPECIFIED.,.F.,
  .F.,(2,2),(0.,12.598223131436),.PIECEWISE_BEZIER_KNOTS.);
#1449 = CARTESIAN_POINT('',(0.,0.));
#1450 = CARTESIAN_POINT('',(12.598223131436,0.));
#1451 = ( GEOMETRIC_REPRESENTATION_CONTEXT(2) 
PARAMETRIC_REPRESENTATION_CONTEXT() REPRESENTATION_CONTEXT('2D SPACE',''
  ) );
#1452 = ORIENTED_EDGE('',*,*,#1453,.T.);
#1453 = EDGE_CURVE('',#1429,#1454,#1456,.T.);
#1454 = VERTEX_POINT('',#1455);
#1455 = CARTESIAN_POINT('',(-2.024227291288,0.523518555642,
    26.400060960122));
#1456 = SURFACE_CURVE('',#1457,(#1460,#1466),.PCURVE_S1.);
#1457 = B_SPLINE_CURVE_WITH_KNOTS('',1,(#1458,#1459),.UNSPECIFIED.,.F.,
  .F.,(2,2),(0.,12.598223131436),.PIECEWISE_BEZIER_KNOTS.);
#1458 = CARTESIAN_POINT('',(-2.185002047623,0.246844374402,
    26.400060960122));
#1459 = CARTESIAN_POINT('',(-2.024227291288,0.523518555642,
    26.400060960122));
#1460 = PCURVE('',#31,#1461);
#1461 = DEFINITIONAL_REPRESENTATION('',(#1462),#1465);
#1462 = B_SPLINE_CURVE_WITH_KNOTS('',1,(#1463,#1464),.UNSPECIFIED.,.F.,
  .F.,(2,2),(0.,12.598223131436),.PIECEWISE_BEZIER_KNOTS.);
#1463 = CARTESIAN_POINT('',(-1.476111620362E+03,1.660826630615E+03));
#1464 = CARTESIAN_POINT('',(-1.487004282878E+03,1.654496928458E+03));
#1465 = ( GEOMETRIC_REPRESENTATION_CONTEXT(2) 
PARAMETRIC_REPRESENTATION_CONTEXT() REPRESENTATION_CONTEXT('2D SPACE',''
  ) );
#1466 = PCURVE('',#1467,#1472);
#1467 = B_SPLINE_SURFACE_WITH_KNOTS('',1,1,(
    (#1468,#1469)
    ,(#1470,#1471
    )),.UNSPECIFIED.,.F.,.F.,.F.,(2,2),(2,2),(0.,12.598223131436),(
    -141.732,0.),.PIECEWISE_BEZIER_KNOTS.);
#1468 = CARTESIAN_POINT('',(-2.185002047623,0.246844374402,
    30.000060960122));
#1469 = CARTESIAN_POINT('',(-2.185002047623,0.246844374402,
    26.400060960122));
#1470 = CARTESIAN_POINT('',(-2.024227291288,0.523518555642,
    30.000060960122));
#1471 = CARTESIAN_POINT('',(-2.024227291288,0.523518555642,
    26.400060960122));
#1472 = DEFINITIONAL_REPRESENTATION('',(#1473),#1476);
#1473 = B_SPLINE_CURVE_WITH_KNOTS('',1,(#1474,#1475),.UNSPECIFIED.,.F.,
  .F.,(2,2),(0.,12.598223131436),.PIECEWISE_BEZIER_KNOTS.);
#1474 = CARTESIAN_POINT('',(0.,0.));
#1475 = CARTESIAN_POINT('',(12.598223131436,0.));
#1476 = ( GEOMETRIC_REPRESENTATION_CONTEXT(2) 
PARAMETRIC_REPRESENTATION_CONTEXT() REPRESENTATION_CONTEXT('2D SPACE',''
  ) );
#1477 = ORIENTED_EDGE('',*,*,#1478,.T.);
#1478 = EDGE_CURVE('',#1454,#1479,#1481,.T.);
#1479 = VERTEX_POINT('',#1480);
#1480 = CARTESIAN_POINT('',(-1.845189132318,0.788740090348,
    26.400060960122));
#1481 = SURFACE_CURVE('',#1482,(#1485,#1491),.PCURVE_S1.);
#1482 = B_SPLINE_CURVE_WITH_KNOTS('',1,(#1483,#1484),.UNSPECIFIED.,.F.,
  .F.,(2,2),(0.,12.598223131436),.PIECEWISE_BEZIER_KNOTS.);
#1483 = CARTESIAN_POINT('',(-2.024227291288,0.523518555642,
    26.400060960122));
#1484 = CARTESIAN_POINT('',(-1.845189132318,0.788740090348,
    26.400060960122));
#1485 = PCURVE('',#31,#1486);
#1486 = DEFINITIONAL_REPRESENTATION('',(#1487),#1490);
#1487 = B_SPLINE_CURVE_WITH_KNOTS('',1,(#1488,#1489),.UNSPECIFIED.,.F.,
  .F.,(2,2),(0.,12.598223131436),.PIECEWISE_BEZIER_KNOTS.);
#1488 = CARTESIAN_POINT('',(-1.487004282878E+03,1.654496928458E+03));
#1489 = CARTESIAN_POINT('',(-1.497446054699E+03,1.647448196139E+03));
#1490 = ( GEOMETRIC_REPRESENTATION_CONTEXT(2) 
PARAMETRIC_REPRESENTATION_CONTEXT() REPRESENTATION_CONTEXT('2D SPACE',''
  ) );
#1491 = PCURVE('',#1492,#1497);
#1492 = B_SPLINE_SURFACE_WITH_KNOTS('',1,1,(
    (#1493,#1494)
    ,(#1495,#1496
    )),.UNSPECIFIED.,.F.,.F.,.F.,(2,2),(2,2),(0.,12.598223131436),(
    -141.732,0.),.PIECEWISE_BEZIER_KNOTS.);
#1493 = CARTESIAN_POINT('',(-2.024227291288,0.523518555642,
    30.000060960122));
#1494 = CARTESIAN_POINT('',(-2.024227291288,0.523518555642,
    26.400060960122));
#1495 = CARTESIAN_POINT('',(-1.845189132318,0.788740090348,
    30.000060960122));
#1496 = CARTESIAN_POINT('',(-1.845189132318,0.788740090348,
    26.400060960122));
#1497 = DEFINITIONAL_REPRESENTATION('',(#1498),#1501);
#1498 = B_SPLINE_CURVE_WITH_KNOTS('',1,(#1499,#1500),.UNSPECIFIED.,.F.,
  .F.,(2,2),(0.,12.598223131436),.PIECEWISE_BEZIER_KNOTS.);
#1499 = CARTESIAN_POINT('',(0.,0.));
#1500 = CARTESIAN_POINT('',(12.598223131436,0.));
#1501 = ( GEOMETRIC_REPRESENTATION_CONTEXT(2) 
PARAMETRIC_REPRESENTATION_CONTEXT() REPRESENTATION_CONTEXT('2D SPACE',''
  ) );
#1502 = ORIENTED_EDGE('',*,*,#1503,.T.);
#1503 = EDGE_CURVE('',#1479,#1504,#1506,.T.);
#1504 = VERTEX_POINT('',#1505);
#1505 = CARTESIAN_POINT('',(-1.648700110283,1.041305307785,
    26.400060960122));
#1506 = SURFACE_CURVE('',#1507,(#1510,#1516),.PCURVE_S1.);
#1507 = B_SPLINE_CURVE_WITH_KNOTS('',1,(#1508,#1509),.UNSPECIFIED.,.F.,
  .F.,(2,2),(0.,12.598223131436),.PIECEWISE_BEZIER_KNOTS.);
#1508 = CARTESIAN_POINT('',(-1.845189132318,0.788740090348,
    26.400060960122));
#1509 = CARTESIAN_POINT('',(-1.648700110283,1.041305307785,
    26.400060960122));
#1510 = PCURVE('',#31,#1511);
#1511 = DEFINITIONAL_REPRESENTATION('',(#1512),#1515);
#1512 = B_SPLINE_CURVE_WITH_KNOTS('',1,(#1513,#1514),.UNSPECIFIED.,.F.,
  .F.,(2,2),(0.,12.598223131436),.PIECEWISE_BEZIER_KNOTS.);
#1513 = CARTESIAN_POINT('',(-1.497446054699E+03,1.647448196139E+03));
#1514 = CARTESIAN_POINT('',(-1.50738954731E+03,1.639712423342E+03));
#1515 = ( GEOMETRIC_REPRESENTATION_CONTEXT(2) 
PARAMETRIC_REPRESENTATION_CONTEXT() REPRESENTATION_CONTEXT('2D SPACE',''
  ) );
#1516 = PCURVE('',#1517,#1522);
#1517 = B_SPLINE_SURFACE_WITH_KNOTS('',1,1,(
    (#1518,#1519)
    ,(#1520,#1521
    )),.UNSPECIFIED.,.F.,.F.,.F.,(2,2),(2,2),(0.,12.598223131436),(
    -141.732,0.),.PIECEWISE_BEZIER_KNOTS.);
#1518 = CARTESIAN_POINT('',(-1.845189132318,0.788740090348,
    30.000060960122));
#1519 = CARTESIAN_POINT('',(-1.845189132318,0.788740090348,
    26.400060960122));
#1520 = CARTESIAN_POINT('',(-1.648700110283,1.041305307785,
    30.000060960122));
#1521 = CARTESIAN_POINT('',(-1.648700110283,1.041305307785,
    26.400060960122));
#1522 = DEFINITIONAL_REPRESENTATION('',(#1523),#1526);
#1523 = B_SPLINE_CURVE_WITH_KNOTS('',1,(#1524,#1525),.UNSPECIFIED.,.F.,
  .F.,(2,2),(0.,12.598223131436),.PIECEWISE_BEZIER_KNOTS.);
#1524 = CARTESIAN_POINT('',(0.,0.));
#1525 = CARTESIAN_POINT('',(12.598223131436,0.));
#1526 = ( GEOMETRIC_REPRESENTATION_CONTEXT(2) 
PARAMETRIC_REPRESENTATION_CONTEXT() REPRESENTATION_CONTEXT('2D SPACE',''
  ) );
#1527 = ORIENTED_EDGE('',*,*,#1528,.T.);
#1528 = EDGE_CURVE('',#1504,#1529,#1531,.T.);
#1529 = VERTEX_POINT('',#1530);
#1530 = CARTESIAN_POINT('',(-1.435651963051,1.280067976139,
    26.400060960122));
#1531 = SURFACE_CURVE('',#1532,(#1535,#1541),.PCURVE_S1.);
#1532 = B_SPLINE_CURVE_WITH_KNOTS('',1,(#1533,#1534),.UNSPECIFIED.,.F.,
  .F.,(2,2),(0.,12.598223131437),.PIECEWISE_BEZIER_KNOTS.);
#1533 = CARTESIAN_POINT('',(-1.648700110283,1.041305307785,
    26.400060960122));
#1534 = CARTESIAN_POINT('',(-1.435651963051,1.280067976139,
    26.400060960122));
#1535 = PCURVE('',#31,#1536);
#1536 = DEFINITIONAL_REPRESENTATION('',(#1537),#1540);
#1537 = B_SPLINE_CURVE_WITH_KNOTS('',1,(#1538,#1539),.UNSPECIFIED.,.F.,
  .F.,(2,2),(0.,12.598223131437),.PIECEWISE_BEZIER_KNOTS.);
#1538 = CARTESIAN_POINT('',(-1.50738954731E+03,1.639712423342E+03));
#1539 = CARTESIAN_POINT('',(-1.516789633563E+03,1.631324717785E+03));
#1540 = ( GEOMETRIC_REPRESENTATION_CONTEXT(2) 
PARAMETRIC_REPRESENTATION_CONTEXT() REPRESENTATION_CONTEXT('2D SPACE',''
  ) );
#1541 = PCURVE('',#1542,#1547);
#1542 = B_SPLINE_SURFACE_WITH_KNOTS('',1,1,(
    (#1543,#1544)
    ,(#1545,#1546
    )),.UNSPECIFIED.,.F.,.F.,.F.,(2,2),(2,2),(0.,12.598223131437),(
    -141.732,0.),.PIECEWISE_BEZIER_KNOTS.);
#1543 = CARTESIAN_POINT('',(-1.648700110283,1.041305307785,
    30.000060960122));
#1544 = CARTESIAN_POINT('',(-1.648700110283,1.041305307785,
    26.400060960122));
#1545 = CARTESIAN_POINT('',(-1.435651963051,1.280067976139,
    30.000060960122));
#1546 = CARTESIAN_POINT('',(-1.435651963051,1.280067976139,
    26.400060960122));
#1547 = DEFINITIONAL_REPRESENTATION('',(#1548),#1551);
#1548 = B_SPLINE_CURVE_WITH_KNOTS('',1,(#1549,#1550),.UNSPECIFIED.,.F.,
  .F.,(2,2),(0.,12.598223131437),.PIECEWISE_BEZIER_KNOTS.);
#1549 = CARTESIAN_POINT('',(0.,0.));
#1550 = CARTESIAN_POINT('',(12.598223131437,0.));
#1551 = ( GEOMETRIC_REPRESENTATION_CONTEXT(2) 
PARAMETRIC_REPRESENTATION_CONTEXT() REPRESENTATION_CONTEXT('2D SPACE',''
  ) );
#1552 = ORIENTED_EDGE('',*,*,#1553,.T.);
#1553 = EDGE_CURVE('',#1529,#1554,#1556,.T.);
#1554 = VERTEX_POINT('',#1555);
#1555 = CARTESIAN_POINT('',(-1.207011579754,1.503944504531,
    26.400060960122));
#1556 = SURFACE_CURVE('',#1557,(#1560,#1566),.PCURVE_S1.);
#1557 = B_SPLINE_CURVE_WITH_KNOTS('',1,(#1558,#1559),.UNSPECIFIED.,.F.,
  .F.,(2,2),(0.,12.598223131436),.PIECEWISE_BEZIER_KNOTS.);
#1558 = CARTESIAN_POINT('',(-1.435651963051,1.280067976139,
    26.400060960122));
#1559 = CARTESIAN_POINT('',(-1.207011579754,1.503944504531,
    26.400060960122));
#1560 = PCURVE('',#31,#1561);
#1561 = DEFINITIONAL_REPRESENTATION('',(#1562),#1565);
#1562 = B_SPLINE_CURVE_WITH_KNOTS('',1,(#1563,#1564),.UNSPECIFIED.,.F.,
  .F.,(2,2),(0.,12.598223131436),.PIECEWISE_BEZIER_KNOTS.);
#1563 = CARTESIAN_POINT('',(-1.516789633563E+03,1.631324717785E+03));
#1564 = CARTESIAN_POINT('',(-1.525603652485E+03,1.622323145895E+03));
#1565 = ( GEOMETRIC_REPRESENTATION_CONTEXT(2) 
PARAMETRIC_REPRESENTATION_CONTEXT() REPRESENTATION_CONTEXT('2D SPACE',''
  ) );
#1566 = PCURVE('',#1567,#1572);
#1567 = B_SPLINE_SURFACE_WITH_KNOTS('',1,1,(
    (#1568,#1569)
    ,(#1570,#1571
    )),.UNSPECIFIED.,.F.,.F.,.F.,(2,2),(2,2),(0.,12.598223131436),(
    -141.732,0.),.PIECEWISE_BEZIER_KNOTS.);
#1568 = CARTESIAN_POINT('',(-1.435651963051,1.280067976139,
    30.000060960122));
#1569 = CARTESIAN_POINT('',(-1.435651963051,1.280067976139,
    26.400060960122));
#1570 = CARTESIAN_POINT('',(-1.207011579754,1.503944504531,
    30.000060960122));
#1571 = CARTESIAN_POINT('',(-1.207011579754,1.503944504531,
    26.400060960122));
#1572 = DEFINITIONAL_REPRESENTATION('',(#1573),#1576);
#1573 = B_SPLINE_CURVE_WITH_KNOTS('',1,(#1574,#1575),.UNSPECIFIED.,.F.,
  .F.,(2,2),(0.,12.598223131436),.PIECEWISE_BEZIER_KNOTS.);
#1574 = CARTESIAN_POINT('',(0.,0.));
#1575 = CARTESIAN_POINT('',(12.598223131436,0.));
#1576 = ( GEOMETRIC_REPRESENTATION_CONTEXT(2) 
PARAMETRIC_REPRESENTATION_CONTEXT() REPRESENTATION_CONTEXT('2D SPACE',''
  ) );
#1577 = ORIENTED_EDGE('',*,*,#1578,.T.);
#1578 = EDGE_CURVE('',#1554,#1579,#1581,.T.);
#1579 = VERTEX_POINT('',#1580);
#1580 = CARTESIAN_POINT('',(-0.963816612702,1.711918860738,
    26.400060960122));
#1581 = SURFACE_CURVE('',#1582,(#1585,#1591),.PCURVE_S1.);
#1582 = B_SPLINE_CURVE_WITH_KNOTS('',1,(#1583,#1584),.UNSPECIFIED.,.F.,
  .F.,(2,2),(0.,12.598223131437),.PIECEWISE_BEZIER_KNOTS.);
#1583 = CARTESIAN_POINT('',(-1.207011579754,1.503944504531,
    26.400060960122));
#1584 = CARTESIAN_POINT('',(-0.963816612702,1.711918860738,
    26.400060960122));
#1585 = PCURVE('',#31,#1586);
#1586 = DEFINITIONAL_REPRESENTATION('',(#1587),#1590);
#1587 = B_SPLINE_CURVE_WITH_KNOTS('',1,(#1588,#1589),.UNSPECIFIED.,.F.,
  .F.,(2,2),(0.,12.598223131437),.PIECEWISE_BEZIER_KNOTS.);
#1588 = CARTESIAN_POINT('',(-1.525603652485E+03,1.622323145895E+03));
#1589 = CARTESIAN_POINT('',(-1.533791602889E+03,1.612748560042E+03));
#1590 = ( GEOMETRIC_REPRESENTATION_CONTEXT(2) 
PARAMETRIC_REPRESENTATION_CONTEXT() REPRESENTATION_CONTEXT('2D SPACE',''
  ) );
#1591 = PCURVE('',#1592,#1597);
#1592 = B_SPLINE_SURFACE_WITH_KNOTS('',1,1,(
    (#1593,#1594)
    ,(#1595,#1596
    )),.UNSPECIFIED.,.F.,.F.,.F.,(2,2),(2,2),(0.,12.598223131437),(
    -141.732,0.),.PIECEWISE_BEZIER_KNOTS.);
#1593 = CARTESIAN_POINT('',(-1.207011579754,1.503944504531,
    30.000060960122));
#1594 = CARTESIAN_POINT('',(-1.207011579754,1.503944504531,
    26.400060960122));
#1595 = CARTESIAN_POINT('',(-0.963816612702,1.711918860738,
    30.000060960122));
#1596 = CARTESIAN_POINT('',(-0.963816612702,1.711918860738,
    26.400060960122));
#1597 = DEFINITIONAL_REPRESENTATION('',(#1598),#1601);
#1598 = B_SPLINE_CURVE_WITH_KNOTS('',1,(#1599,#1600),.UNSPECIFIED.,.F.,
  .F.,(2,2),(0.,12.598223131437),.PIECEWISE_BEZIER_KNOTS.);
#1599 = CARTESIAN_POINT('',(0.,0.));
#1600 = CARTESIAN_POINT('',(12.598223131437,0.));
#1601 = ( GEOMETRIC_REPRESENTATION_CONTEXT(2) 
PARAMETRIC_REPRESENTATION_CONTEXT() REPRESENTATION_CONTEXT('2D SPACE',''
  ) );
#1602 = ORIENTED_EDGE('',*,*,#1603,.T.);
#1603 = EDGE_CURVE('',#1579,#1604,#1606,.T.);
#1604 = VERTEX_POINT('',#1605);
#1605 = CARTESIAN_POINT('',(-0.707170768141,1.903047182315,
    26.400060960122));
#1606 = SURFACE_CURVE('',#1607,(#1610,#1616),.PCURVE_S1.);
#1607 = B_SPLINE_CURVE_WITH_KNOTS('',1,(#1608,#1609),.UNSPECIFIED.,.F.,
  .F.,(2,2),(0.,12.598223131436),.PIECEWISE_BEZIER_KNOTS.);
#1608 = CARTESIAN_POINT('',(-0.963816612702,1.711918860738,
    26.400060960122));
#1609 = CARTESIAN_POINT('',(-0.707170768141,1.903047182315,
    26.400060960122));
#1610 = PCURVE('',#31,#1611);
#1611 = DEFINITIONAL_REPRESENTATION('',(#1612),#1615);
#1612 = B_SPLINE_CURVE_WITH_KNOTS('',1,(#1613,#1614),.UNSPECIFIED.,.F.,
  .F.,(2,2),(0.,12.598223131436),.PIECEWISE_BEZIER_KNOTS.);
#1613 = CARTESIAN_POINT('',(-1.533791602889E+03,1.612748560042E+03));
#1614 = CARTESIAN_POINT('',(-1.54131632491E+03,1.602644413142E+03));
#1615 = ( GEOMETRIC_REPRESENTATION_CONTEXT(2) 
PARAMETRIC_REPRESENTATION_CONTEXT() REPRESENTATION_CONTEXT('2D SPACE',''
  ) );
#1616 = PCURVE('',#1617,#1622);
#1617 = B_SPLINE_SURFACE_WITH_KNOTS('',1,1,(
    (#1618,#1619)
    ,(#1620,#1621
    )),.UNSPECIFIED.,.F.,.F.,.F.,(2,2),(2,2),(0.,12.598223131436),(
    -141.732,0.),.PIECEWISE_BEZIER_KNOTS.);
#1618 = CARTESIAN_POINT('',(-0.963816612702,1.711918860738,
    30.000060960122));
#1619 = CARTESIAN_POINT('',(-0.963816612702,1.711918860738,
    26.400060960122));
#1620 = CARTESIAN_POINT('',(-0.707170768141,1.903047182315,
    30.000060960122));
#1621 = CARTESIAN_POINT('',(-0.707170768141,1.903047182315,
    26.400060960122));
#1622 = DEFINITIONAL_REPRESENTATION('',(#1623),#1626);
#1623 = B_SPLINE_CURVE_WITH_KNOTS('',1,(#1624,#1625),.UNSPECIFIED.,.F.,
  .F.,(2,2),(0.,12.598223131436),.PIECEWISE_BEZIER_KNOTS.);
#1624 = CARTESIAN_POINT('',(0.,0.));
#1625 = CARTESIAN_POINT('',(12.598223131436,0.));
#1626 = ( GEOMETRIC_REPRESENTATION_CONTEXT(2) 
PARAMETRIC_REPRESENTATION_CONTEXT() REPRESENTATION_CONTEXT('2D SPACE',''
  ) );
#1627 = ORIENTED_EDGE('',*,*,#1628,.T.);
#1628 = EDGE_CURVE('',#1604,#1629,#1631,.T.);
#1629 = VERTEX_POINT('',#1630);
#1630 = CARTESIAN_POINT('',(-0.43823879724,2.076462060184,
    26.400060960122));
#1631 = SURFACE_CURVE('',#1632,(#1635,#1641),.PCURVE_S1.);
#1632 = B_SPLINE_CURVE_WITH_KNOTS('',1,(#1633,#1634),.UNSPECIFIED.,.F.,
  .F.,(2,2),(0.,12.598223131436),.PIECEWISE_BEZIER_KNOTS.);
#1633 = CARTESIAN_POINT('',(-0.707170768141,1.903047182315,
    26.400060960122));
#1634 = CARTESIAN_POINT('',(-0.43823879724,2.076462060184,
    26.400060960122));
#1635 = PCURVE('',#31,#1636);
#1636 = DEFINITIONAL_REPRESENTATION('',(#1637),#1640);
#1637 = B_SPLINE_CURVE_WITH_KNOTS('',1,(#1638,#1639),.UNSPECIFIED.,.F.,
  .F.,(2,2),(0.,12.598223131436),.PIECEWISE_BEZIER_KNOTS.);
#1638 = CARTESIAN_POINT('',(-1.54131632491E+03,1.602644413142E+03));
#1639 = CARTESIAN_POINT('',(-1.548143668651E+03,1.592056561447E+03));
#1640 = ( GEOMETRIC_REPRESENTATION_CONTEXT(2) 
PARAMETRIC_REPRESENTATION_CONTEXT() REPRESENTATION_CONTEXT('2D SPACE',''
  ) );
#1641 = PCURVE('',#1642,#1647);
#1642 = B_SPLINE_SURFACE_WITH_KNOTS('',1,1,(
    (#1643,#1644)
    ,(#1645,#1646
    )),.UNSPECIFIED.,.F.,.F.,.F.,(2,2),(2,2),(0.,12.598223131436),(
    -141.732,0.),.PIECEWISE_BEZIER_KNOTS.);
#1643 = CARTESIAN_POINT('',(-0.707170768141,1.903047182315,
    30.000060960122));
#1644 = CARTESIAN_POINT('',(-0.707170768141,1.903047182315,
    26.400060960122));
#1645 = CARTESIAN_POINT('',(-0.43823879724,2.076462060184,
    30.000060960122));
#1646 = CARTESIAN_POINT('',(-0.43823879724,2.076462060184,
    26.400060960122));
#1647 = DEFINITIONAL_REPRESENTATION('',(#1648),#1651);
#1648 = B_SPLINE_CURVE_WITH_KNOTS('',1,(#1649,#1650),.UNSPECIFIED.,.F.,
  .F.,(2,2),(0.,12.598223131436),.PIECEWISE_BEZIER_KNOTS.);
#1649 = CARTESIAN_POINT('',(0.,0.));
#1650 = CARTESIAN_POINT('',(12.598223131436,0.));
#1651 = ( GEOMETRIC_REPRESENTATION_CONTEXT(2) 
PARAMETRIC_REPRESENTATION_CONTEXT() REPRESENTATION_CONTEXT('2D SPACE',''
  ) );
#1652 = ORIENTED_EDGE('',*,*,#1653,.T.);
#1653 = EDGE_CURVE('',#1629,#1654,#1656,.T.);
#1654 = VERTEX_POINT('',#1655);
#1655 = CARTESIAN_POINT('',(-0.158241210027,2.231376475245,
    26.400060960122));
#1656 = SURFACE_CURVE('',#1657,(#1660,#1666),.PCURVE_S1.);
#1657 = B_SPLINE_CURVE_WITH_KNOTS('',1,(#1658,#1659),.UNSPECIFIED.,.F.,
  .F.,(2,2),(0.,12.598223131436),.PIECEWISE_BEZIER_KNOTS.);
#1658 = CARTESIAN_POINT('',(-0.43823879724,2.076462060184,
    26.400060960122));
#1659 = CARTESIAN_POINT('',(-0.158241210027,2.231376475245,
    26.400060960122));
#1660 = PCURVE('',#31,#1661);
#1661 = DEFINITIONAL_REPRESENTATION('',(#1662),#1665);
#1662 = B_SPLINE_CURVE_WITH_KNOTS('',1,(#1663,#1664),.UNSPECIFIED.,.F.,
  .F.,(2,2),(0.,12.598223131436),.PIECEWISE_BEZIER_KNOTS.);
#1663 = CARTESIAN_POINT('',(-1.548143668651E+03,1.592056561447E+03));
#1664 = CARTESIAN_POINT('',(-1.554242649172E+03,1.581033056439E+03));
#1665 = ( GEOMETRIC_REPRESENTATION_CONTEXT(2) 
PARAMETRIC_REPRESENTATION_CONTEXT() REPRESENTATION_CONTEXT('2D SPACE',''
  ) );
#1666 = PCURVE('',#1667,#1672);
#1667 = B_SPLINE_SURFACE_WITH_KNOTS('',1,1,(
    (#1668,#1669)
    ,(#1670,#1671
    )),.UNSPECIFIED.,.F.,.F.,.F.,(2,2),(2,2),(0.,12.598223131436),(
    -141.732,0.),.PIECEWISE_BEZIER_KNOTS.);
#1668 = CARTESIAN_POINT('',(-0.43823879724,2.076462060184,
    30.000060960122));
#1669 = CARTESIAN_POINT('',(-0.43823879724,2.076462060184,
    26.400060960122));
#1670 = CARTESIAN_POINT('',(-0.158241210027,2.231376475245,
    30.000060960122));
#1671 = CARTESIAN_POINT('',(-0.158241210027,2.231376475245,
    26.400060960122));
#1672 = DEFINITIONAL_REPRESENTATION('',(#1673),#1676);
#1673 = B_SPLINE_CURVE_WITH_KNOTS('',1,(#1674,#1675),.UNSPECIFIED.,.F.,
  .F.,(2,2),(0.,12.598223131436),.PIECEWISE_BEZIER_KNOTS.);
#1674 = CARTESIAN_POINT('',(0.,0.));
#1675 = CARTESIAN_POINT('',(12.598223131436,0.));
#1676 = ( GEOMETRIC_REPRESENTATION_CONTEXT(2) 
PARAMETRIC_REPRESENTATION_CONTEXT() REPRESENTATION_CONTEXT('2D SPACE',''
  ) );
#1677 = ORIENTED_EDGE('',*,*,#1678,.T.);
#1678 = EDGE_CURVE('',#1654,#1679,#1681,.T.);
#1679 = VERTEX_POINT('',#1680);
#1680 = CARTESIAN_POINT('',(0.131551263723,2.367087370154,
    26.400060960122));
#1681 = SURFACE_CURVE('',#1682,(#1685,#1691),.PCURVE_S1.);
#1682 = B_SPLINE_CURVE_WITH_KNOTS('',1,(#1683,#1684),.UNSPECIFIED.,.F.,
  .F.,(2,2),(0.,12.598223131437),.PIECEWISE_BEZIER_KNOTS.);
#1683 = CARTESIAN_POINT('',(-0.158241210027,2.231376475245,
    26.400060960122));
#1684 = CARTESIAN_POINT('',(0.131551263723,2.367087370154,
    26.400060960122));
#1685 = PCURVE('',#31,#1686);
#1686 = DEFINITIONAL_REPRESENTATION('',(#1687),#1690);
#1687 = B_SPLINE_CURVE_WITH_KNOTS('',1,(#1688,#1689),.UNSPECIFIED.,.F.,
  .F.,(2,2),(0.,12.598223131437),.PIECEWISE_BEZIER_KNOTS.);
#1688 = CARTESIAN_POINT('',(-1.554242649172E+03,1.581033056439E+03));
#1689 = CARTESIAN_POINT('',(-1.559585587105E+03,1.569623926747E+03));
#1690 = ( GEOMETRIC_REPRESENTATION_CONTEXT(2) 
PARAMETRIC_REPRESENTATION_CONTEXT() REPRESENTATION_CONTEXT('2D SPACE',''
  ) );
#1691 = PCURVE('',#1692,#1697);
#1692 = B_SPLINE_SURFACE_WITH_KNOTS('',1,1,(
    (#1693,#1694)
    ,(#1695,#1696
    )),.UNSPECIFIED.,.F.,.F.,.F.,(2,2),(2,2),(0.,12.598223131437),(
    -141.732,0.),.PIECEWISE_BEZIER_KNOTS.);
#1693 = CARTESIAN_POINT('',(-0.158241210027,2.231376475245,
    30.000060960122));
#1694 = CARTESIAN_POINT('',(-0.158241210027,2.231376475245,
    26.400060960122));
#1695 = CARTESIAN_POINT('',(0.131551263723,2.367087370154,
    30.000060960122));
#1696 = CARTESIAN_POINT('',(0.131551263723,2.367087370154,
    26.400060960122));
#1697 = DEFINITIONAL_REPRESENTATION('',(#1698),#1701);
#1698 = B_SPLINE_CURVE_WITH_KNOTS('',1,(#1699,#1700),.UNSPECIFIED.,.F.,
  .F.,(2,2),(0.,12.598223131437),.PIECEWISE_BEZIER_KNOTS.);
#1699 = CARTESIAN_POINT('',(0.,0.));
#1700 = CARTESIAN_POINT('',(12.598223131437,0.));
#1701 = ( GEOMETRIC_REPRESENTATION_CONTEXT(2) 
PARAMETRIC_REPRESENTATION_CONTEXT() REPRESENTATION_CONTEXT('2D SPACE',''
  ) );
#1702 = ORIENTED_EDGE('',*,*,#1703,.T.);
#1703 = EDGE_CURVE('',#1679,#1704,#1706,.T.);
#1704 = VERTEX_POINT('',#1705);
#1705 = CARTESIAN_POINT('',(0.429823441515,2.482978840049,
    26.400060960122));
#1706 = SURFACE_CURVE('',#1707,(#1710,#1716),.PCURVE_S1.);
#1707 = B_SPLINE_CURVE_WITH_KNOTS('',1,(#1708,#1709),.UNSPECIFIED.,.F.,
  .F.,(2,2),(0.,12.598223131436),.PIECEWISE_BEZIER_KNOTS.);
#1708 = CARTESIAN_POINT('',(0.131551263723,2.367087370154,
    26.400060960122));
#1709 = CARTESIAN_POINT('',(0.429823441515,2.482978840049,
    26.400060960122));
#1710 = PCURVE('',#31,#1711);
#1711 = DEFINITIONAL_REPRESENTATION('',(#1712),#1715);
#1712 = B_SPLINE_CURVE_WITH_KNOTS('',1,(#1713,#1714),.UNSPECIFIED.,.F.,
  .F.,(2,2),(0.,12.598223131436),.PIECEWISE_BEZIER_KNOTS.);
#1713 = CARTESIAN_POINT('',(-1.559585587105E+03,1.569623926747E+03));
#1714 = CARTESIAN_POINT('',(-1.564148234275E+03,1.557880951108E+03));
#1715 = ( GEOMETRIC_REPRESENTATION_CONTEXT(2) 
PARAMETRIC_REPRESENTATION_CONTEXT() REPRESENTATION_CONTEXT('2D SPACE',''
  ) );
#1716 = PCURVE('',#1717,#1722);
#1717 = B_SPLINE_SURFACE_WITH_KNOTS('',1,1,(
    (#1718,#1719)
    ,(#1720,#1721
    )),.UNSPECIFIED.,.F.,.F.,.F.,(2,2),(2,2),(0.,12.598223131436),(
    -141.732,0.),.PIECEWISE_BEZIER_KNOTS.);
#1718 = CARTESIAN_POINT('',(0.131551263723,2.367087370154,
    30.000060960122));
#1719 = CARTESIAN_POINT('',(0.131551263723,2.367087370154,
    26.400060960122));
#1720 = CARTESIAN_POINT('',(0.429823441515,2.482978840049,
    30.000060960122));
#1721 = CARTESIAN_POINT('',(0.429823441515,2.482978840049,
    26.400060960122));
#1722 = DEFINITIONAL_REPRESENTATION('',(#1723),#1726);
#1723 = B_SPLINE_CURVE_WITH_KNOTS('',1,(#1724,#1725),.UNSPECIFIED.,.F.,
  .F.,(2,2),(0.,12.598223131436),.PIECEWISE_BEZIER_KNOTS.);
#1724 = CARTESIAN_POINT('',(0.,0.));
#1725 = CARTESIAN_POINT('',(12.598223131436,0.));
#1726 = ( GEOMETRIC_REPRESENTATION_CONTEXT(2) 
PARAMETRIC_REPRESENTATION_CONTEXT() REPRESENTATION_CONTEXT('2D SPACE',''
  ) );
#1727 = ORIENTED_EDGE('',*,*,#1728,.T.);
#1728 = EDGE_CURVE('',#1704,#1729,#1731,.T.);
#1729 = VERTEX_POINT('',#1730);
#1730 = CARTESIAN_POINT('',(0.735221656906,2.578524927751,
    26.400060960122));
#1731 = SURFACE_CURVE('',#1732,(#1735,#1741),.PCURVE_S1.);
#1732 = B_SPLINE_CURVE_WITH_KNOTS('',1,(#1733,#1734),.UNSPECIFIED.,.F.,
  .F.,(2,2),(0.,12.598223131436),.PIECEWISE_BEZIER_KNOTS.);
#1733 = CARTESIAN_POINT('',(0.429823441515,2.482978840049,
    26.400060960122));
#1734 = CARTESIAN_POINT('',(0.735221656906,2.578524927751,
    26.400060960122));
#1735 = PCURVE('',#31,#1736);
#1736 = DEFINITIONAL_REPRESENTATION('',(#1737),#1740);
#1737 = B_SPLINE_CURVE_WITH_KNOTS('',1,(#1738,#1739),.UNSPECIFIED.,.F.,
  .F.,(2,2),(0.,12.598223131436),.PIECEWISE_BEZIER_KNOTS.);
#1738 = CARTESIAN_POINT('',(-1.564148234275E+03,1.557880951108E+03));
#1739 = CARTESIAN_POINT('',(-1.567909883748E+03,1.545857423368E+03));
#1740 = ( GEOMETRIC_REPRESENTATION_CONTEXT(2) 
PARAMETRIC_REPRESENTATION_CONTEXT() REPRESENTATION_CONTEXT('2D SPACE',''
  ) );
#1741 = PCURVE('',#1742,#1747);
#1742 = B_SPLINE_SURFACE_WITH_KNOTS('',1,1,(
    (#1743,#1744)
    ,(#1745,#1746
    )),.UNSPECIFIED.,.F.,.F.,.F.,(2,2),(2,2),(0.,12.598223131436),(
    -141.732,0.),.PIECEWISE_BEZIER_KNOTS.);
#1743 = CARTESIAN_POINT('',(0.429823441515,2.482978840049,
    30.000060960122));
#1744 = CARTESIAN_POINT('',(0.429823441515,2.482978840049,
    26.400060960122));
#1745 = CARTESIAN_POINT('',(0.735221656906,2.578524927751,
    30.000060960122));
#1746 = CARTESIAN_POINT('',(0.735221656906,2.578524927751,
    26.400060960122));
#1747 = DEFINITIONAL_REPRESENTATION('',(#1748),#1751);
#1748 = B_SPLINE_CURVE_WITH_KNOTS('',1,(#1749,#1750),.UNSPECIFIED.,.F.,
  .F.,(2,2),(0.,12.598223131436),.PIECEWISE_BEZIER_KNOTS.);
#1749 = CARTESIAN_POINT('',(0.,0.));
#1750 = CARTESIAN_POINT('',(12.598223131436,0.));
#1751 = ( GEOMETRIC_REPRESENTATION_CONTEXT(2) 
PARAMETRIC_REPRESENTATION_CONTEXT() REPRESENTATION_CONTEXT('2D SPACE',''
  ) );
#1752 = ORIENTED_EDGE('',*,*,#1753,.T.);
#1753 = EDGE_CURVE('',#1729,#1754,#1756,.T.);
#1754 = VERTEX_POINT('',#1755);
#1755 = CARTESIAN_POINT('',(1.046359902932,2.653292010741,
    26.400060960122));
#1756 = SURFACE_CURVE('',#1757,(#1760,#1766),.PCURVE_S1.);
#1757 = B_SPLINE_CURVE_WITH_KNOTS('',1,(#1758,#1759),.UNSPECIFIED.,.F.,
  .F.,(2,2),(0.,12.598223131437),.PIECEWISE_BEZIER_KNOTS.);
#1758 = CARTESIAN_POINT('',(0.735221656906,2.578524927751,
    26.400060960122));
#1759 = CARTESIAN_POINT('',(1.046359902932,2.653292010741,
    26.400060960122));
#1760 = PCURVE('',#31,#1761);
#1761 = DEFINITIONAL_REPRESENTATION('',(#1762),#1765);
#1762 = B_SPLINE_CURVE_WITH_KNOTS('',1,(#1763,#1764),.UNSPECIFIED.,.F.,
  .F.,(2,2),(0.,12.598223131437),.PIECEWISE_BEZIER_KNOTS.);
#1763 = CARTESIAN_POINT('',(-1.567909883748E+03,1.545857423368E+03));
#1764 = CARTESIAN_POINT('',(-1.570853463805E+03,1.533607910622E+03));
#1765 = ( GEOMETRIC_REPRESENTATION_CONTEXT(2) 
PARAMETRIC_REPRESENTATION_CONTEXT() REPRESENTATION_CONTEXT('2D SPACE',''
  ) );
#1766 = PCURVE('',#1767,#1772);
#1767 = B_SPLINE_SURFACE_WITH_KNOTS('',1,1,(
    (#1768,#1769)
    ,(#1770,#1771
    )),.UNSPECIFIED.,.F.,.F.,.F.,(2,2),(2,2),(0.,12.598223131437),(
    -141.732,0.),.PIECEWISE_BEZIER_KNOTS.);
#1768 = CARTESIAN_POINT('',(0.735221656906,2.578524927751,
    30.000060960122));
#1769 = CARTESIAN_POINT('',(0.735221656906,2.578524927751,
    26.400060960122));
#1770 = CARTESIAN_POINT('',(1.046359902932,2.653292010741,
    30.000060960122));
#1771 = CARTESIAN_POINT('',(1.046359902932,2.653292010741,
    26.400060960122));
#1772 = DEFINITIONAL_REPRESENTATION('',(#1773),#1776);
#1773 = B_SPLINE_CURVE_WITH_KNOTS('',1,(#1774,#1775),.UNSPECIFIED.,.F.,
  .F.,(2,2),(0.,12.598223131437),.PIECEWISE_BEZIER_KNOTS.);
#1774 = CARTESIAN_POINT('',(0.,0.));
#1775 = CARTESIAN_POINT('',(12.598223131437,0.));
#1776 = ( GEOMETRIC_REPRESENTATION_CONTEXT(2) 
PARAMETRIC_REPRESENTATION_CONTEXT() REPRESENTATION_CONTEXT('2D SPACE',''
  ) );
#1777 = ORIENTED_EDGE('',*,*,#1778,.T.);
#1778 = EDGE_CURVE('',#1754,#1779,#1781,.T.);
#1779 = VERTEX_POINT('',#1780);
#1780 = CARTESIAN_POINT('',(1.361826122305,2.706940769101,
    26.400060960122));
#1781 = SURFACE_CURVE('',#1782,(#1785,#1791),.PCURVE_S1.);
#1782 = B_SPLINE_CURVE_WITH_KNOTS('',1,(#1783,#1784),.UNSPECIFIED.,.F.,
  .F.,(2,2),(0.,12.598223131436),.PIECEWISE_BEZIER_KNOTS.);
#1783 = CARTESIAN_POINT('',(1.046359902932,2.653292010741,
    26.400060960122));
#1784 = CARTESIAN_POINT('',(1.361826122305,2.706940769101,
    26.400060960122));
#1785 = PCURVE('',#31,#1786);
#1786 = DEFINITIONAL_REPRESENTATION('',(#1787),#1790);
#1787 = B_SPLINE_CURVE_WITH_KNOTS('',1,(#1788,#1789),.UNSPECIFIED.,.F.,
  .F.,(2,2),(0.,12.598223131436),.PIECEWISE_BEZIER_KNOTS.);
#1788 = CARTESIAN_POINT('',(-1.570853463805E+03,1.533607910622E+03));
#1789 = CARTESIAN_POINT('',(-1.572965615422E+03,1.521188005565E+03));
#1790 = ( GEOMETRIC_REPRESENTATION_CONTEXT(2) 
PARAMETRIC_REPRESENTATION_CONTEXT() REPRESENTATION_CONTEXT('2D SPACE',''
  ) );
#1791 = PCURVE('',#1792,#1797);
#1792 = B_SPLINE_SURFACE_WITH_KNOTS('',1,1,(
    (#1793,#1794)
    ,(#1795,#1796
    )),.UNSPECIFIED.,.F.,.F.,.F.,(2,2),(2,2),(0.,12.598223131436),(
    -141.732,0.),.PIECEWISE_BEZIER_KNOTS.);
#1793 = CARTESIAN_POINT('',(1.046359902932,2.653292010741,
    30.000060960122));
#1794 = CARTESIAN_POINT('',(1.046359902932,2.653292010741,
    26.400060960122));
#1795 = CARTESIAN_POINT('',(1.361826122305,2.706940769101,
    30.000060960122));
#1796 = CARTESIAN_POINT('',(1.361826122305,2.706940769101,
    26.400060960122));
#1797 = DEFINITIONAL_REPRESENTATION('',(#1798),#1801);
#1798 = B_SPLINE_CURVE_WITH_KNOTS('',1,(#1799,#1800),.UNSPECIFIED.,.F.,
  .F.,(2,2),(0.,12.598223131436),.PIECEWISE_BEZIER_KNOTS.);
#1799 = CARTESIAN_POINT('',(0.,0.));
#1800 = CARTESIAN_POINT('',(12.598223131436,0.));
#1801 = ( GEOMETRIC_REPRESENTATION_CONTEXT(2) 
PARAMETRIC_REPRESENTATION_CONTEXT() REPRESENTATION_CONTEXT('2D SPACE',''
  ) );
#1802 = ORIENTED_EDGE('',*,*,#1803,.T.);
#1803 = EDGE_CURVE('',#1779,#1804,#1806,.T.);
#1804 = VERTEX_POINT('',#1805);
#1805 = CARTESIAN_POINT('',(1.680188615837,2.739227725466,
    26.400060960122));
#1806 = SURFACE_CURVE('',#1807,(#1810,#1816),.PCURVE_S1.);
#1807 = B_SPLINE_CURVE_WITH_KNOTS('',1,(#1808,#1809),.UNSPECIFIED.,.F.,
  .F.,(2,2),(0.,12.598223131436),.PIECEWISE_BEZIER_KNOTS.);
#1808 = CARTESIAN_POINT('',(1.361826122305,2.706940769101,
    26.400060960122));
#1809 = CARTESIAN_POINT('',(1.680188615837,2.739227725466,
    26.400060960122));
#1810 = PCURVE('',#31,#1811);
#1811 = DEFINITIONAL_REPRESENTATION('',(#1812),#1815);
#1812 = B_SPLINE_CURVE_WITH_KNOTS('',1,(#1813,#1814),.UNSPECIFIED.,.F.,
  .F.,(2,2),(0.,12.598223131436),.PIECEWISE_BEZIER_KNOTS.);
#1813 = CARTESIAN_POINT('',(-1.572965615422E+03,1.521188005565E+03));
#1814 = CARTESIAN_POINT('',(-1.574236752894E+03,1.508654074195E+03));
#1815 = ( GEOMETRIC_REPRESENTATION_CONTEXT(2) 
PARAMETRIC_REPRESENTATION_CONTEXT() REPRESENTATION_CONTEXT('2D SPACE',''
  ) );
#1816 = PCURVE('',#1817,#1822);
#1817 = B_SPLINE_SURFACE_WITH_KNOTS('',1,1,(
    (#1818,#1819)
    ,(#1820,#1821
    )),.UNSPECIFIED.,.F.,.F.,.F.,(2,2),(2,2),(0.,12.598223131436),(
    -141.732,0.),.PIECEWISE_BEZIER_KNOTS.);
#1818 = CARTESIAN_POINT('',(1.361826122305,2.706940769101,
    30.000060960122));
#1819 = CARTESIAN_POINT('',(1.361826122305,2.706940769101,
    26.400060960122));
#1820 = CARTESIAN_POINT('',(1.680188615837,2.739227725466,
    30.000060960122));
#1821 = CARTESIAN_POINT('',(1.680188615837,2.739227725466,
    26.400060960122));
#1822 = DEFINITIONAL_REPRESENTATION('',(#1823),#1826);
#1823 = B_SPLINE_CURVE_WITH_KNOTS('',1,(#1824,#1825),.UNSPECIFIED.,.F.,
  .F.,(2,2),(0.,12.598223131436),.PIECEWISE_BEZIER_KNOTS.);
#1824 = CARTESIAN_POINT('',(0.,0.));
#1825 = CARTESIAN_POINT('',(12.598223131436,0.));
#1826 = ( GEOMETRIC_REPRESENTATION_CONTEXT(2) 
PARAMETRIC_REPRESENTATION_CONTEXT() REPRESENTATION_CONTEXT('2D SPACE',''
  ) );
#1827 = ORIENTED_EDGE('',*,*,#1828,.T.);
#1828 = EDGE_CURVE('',#1804,#1829,#1831,.T.);
#1829 = VERTEX_POINT('',#1830);
#1830 = CARTESIAN_POINT('',(2.000002540005,2.750006350013,
    26.400060960122));
#1831 = SURFACE_CURVE('',#1832,(#1835,#1841),.PCURVE_S1.);
#1832 = B_SPLINE_CURVE_WITH_KNOTS('',1,(#1833,#1834),.UNSPECIFIED.,.F.,
  .F.,(2,2),(0.,12.598223131436),.PIECEWISE_BEZIER_KNOTS.);
#1833 = CARTESIAN_POINT('',(1.680188615837,2.739227725466,
    26.400060960122));
#1834 = CARTESIAN_POINT('',(2.000002540005,2.750006350013,
    26.400060960122));
#1835 = PCURVE('',#31,#1836);
#1836 = DEFINITIONAL_REPRESENTATION('',(#1837),#1840);
#1837 = B_SPLINE_CURVE_WITH_KNOTS('',1,(#1838,#1839),.UNSPECIFIED.,.F.,
  .F.,(2,2),(0.,12.598223131436),.PIECEWISE_BEZIER_KNOTS.);
#1838 = CARTESIAN_POINT('',(-1.574236752894E+03,1.508654074195E+03));
#1839 = CARTESIAN_POINT('',(-1.574661107342E+03,1.496063E+03));
#1840 = ( GEOMETRIC_REPRESENTATION_CONTEXT(2) 
PARAMETRIC_REPRESENTATION_CONTEXT() REPRESENTATION_CONTEXT('2D SPACE',''
  ) );
#1841 = PCURVE('',#1842,#1847);
#1842 = B_SPLINE_SURFACE_WITH_KNOTS('',1,1,(
    (#1843,#1844)
    ,(#1845,#1846
    )),.UNSPECIFIED.,.F.,.F.,.F.,(2,2),(2,2),(0.,12.598223131436),(
    -141.732,0.),.PIECEWISE_BEZIER_KNOTS.);
#1843 = CARTESIAN_POINT('',(1.680188615837,2.739227725466,
    30.000060960122));
#1844 = CARTESIAN_POINT('',(1.680188615837,2.739227725466,
    26.400060960122));
#1845 = CARTESIAN_POINT('',(2.000002540005,2.750006350013,
    30.000060960122));
#1846 = CARTESIAN_POINT('',(2.000002540005,2.750006350013,
    26.400060960122));
#1847 = DEFINITIONAL_REPRESENTATION('',(#1848),#1851);
#1848 = B_SPLINE_CURVE_WITH_KNOTS('',1,(#1849,#1850),.UNSPECIFIED.,.F.,
  .F.,(2,2),(0.,12.598223131436),.PIECEWISE_BEZIER_KNOTS.);
#1849 = CARTESIAN_POINT('',(0.,0.));
#1850 = CARTESIAN_POINT('',(12.598223131436,0.));
#1851 = ( GEOMETRIC_REPRESENTATION_CONTEXT(2) 
PARAMETRIC_REPRESENTATION_CONTEXT() REPRESENTATION_CONTEXT('2D SPACE',''
  ) );
#1852 = ORIENTED_EDGE('',*,*,#1853,.T.);
#1853 = EDGE_CURVE('',#1829,#1854,#1856,.T.);
#1854 = VERTEX_POINT('',#1855);
#1855 = CARTESIAN_POINT('',(78.00015494031,2.750006350013,
    26.400060960122));
#1856 = SURFACE_CURVE('',#1857,(#1860,#1866),.PCURVE_S1.);
#1857 = B_SPLINE_CURVE_WITH_KNOTS('',1,(#1858,#1859),.UNSPECIFIED.,.F.,
  .F.,(2,2),(0.,2.992126E+03),.PIECEWISE_BEZIER_KNOTS.);
#1858 = CARTESIAN_POINT('',(2.000002540005,2.750006350013,
    26.400060960122));
#1859 = CARTESIAN_POINT('',(78.00015494031,2.750006350013,
    26.400060960122));
#1860 = PCURVE('',#31,#1861);
#1861 = DEFINITIONAL_REPRESENTATION('',(#1862),#1865);
#1862 = B_SPLINE_CURVE_WITH_KNOTS('',1,(#1863,#1864),.UNSPECIFIED.,.F.,
  .F.,(2,2),(0.,2.992126E+03),.PIECEWISE_BEZIER_KNOTS.);
#1863 = CARTESIAN_POINT('',(-1.574661107342E+03,1.496063E+03));
#1864 = CARTESIAN_POINT('',(-1.574661107342E+03,-1.496063E+03));
#1865 = ( GEOMETRIC_REPRESENTATION_CONTEXT(2) 
PARAMETRIC_REPRESENTATION_CONTEXT() REPRESENTATION_CONTEXT('2D SPACE',''
  ) );
#1866 = PCURVE('',#1867,#1872);
#1867 = B_SPLINE_SURFACE_WITH_KNOTS('',1,1,(
    (#1868,#1869)
    ,(#1870,#1871
    )),.UNSPECIFIED.,.F.,.F.,.F.,(2,2),(2,2),(0.,2.992126E+03),(-141.732
    ,0.),.PIECEWISE_BEZIER_KNOTS.);
#1868 = CARTESIAN_POINT('',(2.000002540005,2.750006350013,
    30.000060960122));
#1869 = CARTESIAN_POINT('',(2.000002540005,2.750006350013,
    26.400060960122));
#1870 = CARTESIAN_POINT('',(78.00015494031,2.750006350013,
    30.000060960122));
#1871 = CARTESIAN_POINT('',(78.00015494031,2.750006350013,
    26.400060960122));
#1872 = DEFINITIONAL_REPRESENTATION('',(#1873),#1876);
#1873 = B_SPLINE_CURVE_WITH_KNOTS('',1,(#1874,#1875),.UNSPECIFIED.,.F.,
  .F.,(2,2),(0.,2.992126E+03),.PIECEWISE_BEZIER_KNOTS.);
#1874 = CARTESIAN_POINT('',(0.,0.));
#1875 = CARTESIAN_POINT('',(2.992126E+03,0.));
#1876 = ( GEOMETRIC_REPRESENTATION_CONTEXT(2) 
PARAMETRIC_REPRESENTATION_CONTEXT() REPRESENTATION_CONTEXT('2D SPACE',''
  ) );
#1877 = ORIENTED_EDGE('',*,*,#1878,.T.);
#1878 = EDGE_CURVE('',#1854,#1879,#1881,.T.);
#1879 = VERTEX_POINT('',#1880);
#1880 = CARTESIAN_POINT('',(78.319968864478,2.739227725466,
    26.400060960122));
#1881 = SURFACE_CURVE('',#1882,(#1885,#1891),.PCURVE_S1.);
#1882 = B_SPLINE_CURVE_WITH_KNOTS('',1,(#1883,#1884),.UNSPECIFIED.,.F.,
  .F.,(2,2),(0.,12.598223131436),.PIECEWISE_BEZIER_KNOTS.);
#1883 = CARTESIAN_POINT('',(78.00015494031,2.750006350013,
    26.400060960122));
#1884 = CARTESIAN_POINT('',(78.319968864478,2.739227725466,
    26.400060960122));
#1885 = PCURVE('',#31,#1886);
#1886 = DEFINITIONAL_REPRESENTATION('',(#1887),#1890);
#1887 = B_SPLINE_CURVE_WITH_KNOTS('',1,(#1888,#1889),.UNSPECIFIED.,.F.,
  .F.,(2,2),(0.,12.598223131436),.PIECEWISE_BEZIER_KNOTS.);
#1888 = CARTESIAN_POINT('',(-1.574661107342E+03,-1.496063E+03));
#1889 = CARTESIAN_POINT('',(-1.574236752894E+03,-1.508654074194E+03));
#1890 = ( GEOMETRIC_REPRESENTATION_CONTEXT(2) 
PARAMETRIC_REPRESENTATION_CONTEXT() REPRESENTATION_CONTEXT('2D SPACE',''
  ) );
#1891 = PCURVE('',#1892,#1897);
#1892 = B_SPLINE_SURFACE_WITH_KNOTS('',1,1,(
    (#1893,#1894)
    ,(#1895,#1896
    )),.UNSPECIFIED.,.F.,.F.,.F.,(2,2),(2,2),(0.,12.598223131436),(
    -141.732,0.),.PIECEWISE_BEZIER_KNOTS.);
#1893 = CARTESIAN_POINT('',(78.00015494031,2.750006350013,
    30.000060960122));
#1894 = CARTESIAN_POINT('',(78.00015494031,2.750006350013,
    26.400060960122));
#1895 = CARTESIAN_POINT('',(78.319968864478,2.739227725466,
    30.000060960122));
#1896 = CARTESIAN_POINT('',(78.319968864478,2.739227725466,
    26.400060960122));
#1897 = DEFINITIONAL_REPRESENTATION('',(#1898),#1901);
#1898 = B_SPLINE_CURVE_WITH_KNOTS('',1,(#1899,#1900),.UNSPECIFIED.,.F.,
  .F.,(2,2),(0.,12.598223131436),.PIECEWISE_BEZIER_KNOTS.);
#1899 = CARTESIAN_POINT('',(0.,0.));
#1900 = CARTESIAN_POINT('',(12.598223131436,0.));
#1901 = ( GEOMETRIC_REPRESENTATION_CONTEXT(2) 
PARAMETRIC_REPRESENTATION_CONTEXT() REPRESENTATION_CONTEXT('2D SPACE',''
  ) );
#1902 = ORIENTED_EDGE('',*,*,#1903,.T.);
#1903 = EDGE_CURVE('',#1879,#1904,#1906,.T.);
#1904 = VERTEX_POINT('',#1905);
#1905 = CARTESIAN_POINT('',(78.63833135801,2.706940769101,
    26.400060960122));
#1906 = SURFACE_CURVE('',#1907,(#1910,#1916),.PCURVE_S1.);
#1907 = B_SPLINE_CURVE_WITH_KNOTS('',1,(#1908,#1909),.UNSPECIFIED.,.F.,
  .F.,(2,2),(0.,12.598223131436),.PIECEWISE_BEZIER_KNOTS.);
#1908 = CARTESIAN_POINT('',(78.319968864478,2.739227725466,
    26.400060960122));
#1909 = CARTESIAN_POINT('',(78.63833135801,2.706940769101,
    26.400060960122));
#1910 = PCURVE('',#31,#1911);
#1911 = DEFINITIONAL_REPRESENTATION('',(#1912),#1915);
#1912 = B_SPLINE_CURVE_WITH_KNOTS('',1,(#1913,#1914),.UNSPECIFIED.,.F.,
  .F.,(2,2),(0.,12.598223131436),.PIECEWISE_BEZIER_KNOTS.);
#1913 = CARTESIAN_POINT('',(-1.574236752894E+03,-1.508654074194E+03));
#1914 = CARTESIAN_POINT('',(-1.572965615422E+03,-1.521188005565E+03));
#1915 = ( GEOMETRIC_REPRESENTATION_CONTEXT(2) 
PARAMETRIC_REPRESENTATION_CONTEXT() REPRESENTATION_CONTEXT('2D SPACE',''
  ) );
#1916 = PCURVE('',#1917,#1922);
#1917 = B_SPLINE_SURFACE_WITH_KNOTS('',1,1,(
    (#1918,#1919)
    ,(#1920,#1921
    )),.UNSPECIFIED.,.F.,.F.,.F.,(2,2),(2,2),(0.,12.598223131436),(
    -141.732,0.),.PIECEWISE_BEZIER_KNOTS.);
#1918 = CARTESIAN_POINT('',(78.319968864478,2.739227725466,
    30.000060960122));
#1919 = CARTESIAN_POINT('',(78.319968864478,2.739227725466,
    26.400060960122));
#1920 = CARTESIAN_POINT('',(78.63833135801,2.706940769101,
    30.000060960122));
#1921 = CARTESIAN_POINT('',(78.63833135801,2.706940769101,
    26.400060960122));
#1922 = DEFINITIONAL_REPRESENTATION('',(#1923),#1926);
#1923 = B_SPLINE_CURVE_WITH_KNOTS('',1,(#1924,#1925),.UNSPECIFIED.,.F.,
  .F.,(2,2),(0.,12.598223131436),.PIECEWISE_BEZIER_KNOTS.);
#1924 = CARTESIAN_POINT('',(0.,0.));
#1925 = CARTESIAN_POINT('',(12.598223131436,0.));
#1926 = ( GEOMETRIC_REPRESENTATION_CONTEXT(2) 
PARAMETRIC_REPRESENTATION_CONTEXT() REPRESENTATION_CONTEXT('2D SPACE',''
  ) );
#1927 = ORIENTED_EDGE('',*,*,#1928,.T.);
#1928 = EDGE_CURVE('',#1904,#1929,#1931,.T.);
#1929 = VERTEX_POINT('',#1930);
#1930 = CARTESIAN_POINT('',(78.953797577383,2.653292010741,
    26.400060960122));
#1931 = SURFACE_CURVE('',#1932,(#1935,#1941),.PCURVE_S1.);
#1932 = B_SPLINE_CURVE_WITH_KNOTS('',1,(#1933,#1934),.UNSPECIFIED.,.F.,
  .F.,(2,2),(0.,12.598223131436),.PIECEWISE_BEZIER_KNOTS.);
#1933 = CARTESIAN_POINT('',(78.63833135801,2.706940769101,
    26.400060960122));
#1934 = CARTESIAN_POINT('',(78.953797577383,2.653292010741,
    26.400060960122));
#1935 = PCURVE('',#31,#1936);
#1936 = DEFINITIONAL_REPRESENTATION('',(#1937),#1940);
#1937 = B_SPLINE_CURVE_WITH_KNOTS('',1,(#1938,#1939),.UNSPECIFIED.,.F.,
  .F.,(2,2),(0.,12.598223131436),.PIECEWISE_BEZIER_KNOTS.);
#1938 = CARTESIAN_POINT('',(-1.572965615422E+03,-1.521188005565E+03));
#1939 = CARTESIAN_POINT('',(-1.570853463805E+03,-1.533607910622E+03));
#1940 = ( GEOMETRIC_REPRESENTATION_CONTEXT(2) 
PARAMETRIC_REPRESENTATION_CONTEXT() REPRESENTATION_CONTEXT('2D SPACE',''
  ) );
#1941 = PCURVE('',#1942,#1947);
#1942 = B_SPLINE_SURFACE_WITH_KNOTS('',1,1,(
    (#1943,#1944)
    ,(#1945,#1946
    )),.UNSPECIFIED.,.F.,.F.,.F.,(2,2),(2,2),(0.,12.598223131436),(
    -141.732,0.),.PIECEWISE_BEZIER_KNOTS.);
#1943 = CARTESIAN_POINT('',(78.63833135801,2.706940769101,
    30.000060960122));
#1944 = CARTESIAN_POINT('',(78.63833135801,2.706940769101,
    26.400060960122));
#1945 = CARTESIAN_POINT('',(78.953797577383,2.653292010741,
    30.000060960122));
#1946 = CARTESIAN_POINT('',(78.953797577383,2.653292010741,
    26.400060960122));
#1947 = DEFINITIONAL_REPRESENTATION('',(#1948),#1951);
#1948 = B_SPLINE_CURVE_WITH_KNOTS('',1,(#1949,#1950),.UNSPECIFIED.,.F.,
  .F.,(2,2),(0.,12.598223131436),.PIECEWISE_BEZIER_KNOTS.);
#1949 = CARTESIAN_POINT('',(0.,0.));
#1950 = CARTESIAN_POINT('',(12.598223131436,0.));
#1951 = ( GEOMETRIC_REPRESENTATION_CONTEXT(2) 
PARAMETRIC_REPRESENTATION_CONTEXT() REPRESENTATION_CONTEXT('2D SPACE',''
  ) );
#1952 = ORIENTED_EDGE('',*,*,#1953,.T.);
#1953 = EDGE_CURVE('',#1929,#1954,#1956,.T.);
#1954 = VERTEX_POINT('',#1955);
#1955 = CARTESIAN_POINT('',(79.264935823409,2.578524927751,
    26.400060960122));
#1956 = SURFACE_CURVE('',#1957,(#1960,#1966),.PCURVE_S1.);
#1957 = B_SPLINE_CURVE_WITH_KNOTS('',1,(#1958,#1959),.UNSPECIFIED.,.F.,
  .F.,(2,2),(0.,12.598223131436),.PIECEWISE_BEZIER_KNOTS.);
#1958 = CARTESIAN_POINT('',(78.953797577383,2.653292010741,
    26.400060960122));
#1959 = CARTESIAN_POINT('',(79.264935823409,2.578524927751,
    26.400060960122));
#1960 = PCURVE('',#31,#1961);
#1961 = DEFINITIONAL_REPRESENTATION('',(#1962),#1965);
#1962 = B_SPLINE_CURVE_WITH_KNOTS('',1,(#1963,#1964),.UNSPECIFIED.,.F.,
  .F.,(2,2),(0.,12.598223131436),.PIECEWISE_BEZIER_KNOTS.);
#1963 = CARTESIAN_POINT('',(-1.570853463805E+03,-1.533607910622E+03));
#1964 = CARTESIAN_POINT('',(-1.567909883748E+03,-1.545857423368E+03));
#1965 = ( GEOMETRIC_REPRESENTATION_CONTEXT(2) 
PARAMETRIC_REPRESENTATION_CONTEXT() REPRESENTATION_CONTEXT('2D SPACE',''
  ) );
#1966 = PCURVE('',#1967,#1972);
#1967 = B_SPLINE_SURFACE_WITH_KNOTS('',1,1,(
    (#1968,#1969)
    ,(#1970,#1971
    )),.UNSPECIFIED.,.F.,.F.,.F.,(2,2),(2,2),(0.,12.598223131436),(
    -141.732,0.),.PIECEWISE_BEZIER_KNOTS.);
#1968 = CARTESIAN_POINT('',(78.953797577383,2.653292010741,
    30.000060960122));
#1969 = CARTESIAN_POINT('',(78.953797577383,2.653292010741,
    26.400060960122));
#1970 = CARTESIAN_POINT('',(79.264935823409,2.578524927751,
    30.000060960122));
#1971 = CARTESIAN_POINT('',(79.264935823409,2.578524927751,
    26.400060960122));
#1972 = DEFINITIONAL_REPRESENTATION('',(#1973),#1976);
#1973 = B_SPLINE_CURVE_WITH_KNOTS('',1,(#1974,#1975),.UNSPECIFIED.,.F.,
  .F.,(2,2),(0.,12.598223131436),.PIECEWISE_BEZIER_KNOTS.);
#1974 = CARTESIAN_POINT('',(0.,0.));
#1975 = CARTESIAN_POINT('',(12.598223131436,0.));
#1976 = ( GEOMETRIC_REPRESENTATION_CONTEXT(2) 
PARAMETRIC_REPRESENTATION_CONTEXT() REPRESENTATION_CONTEXT('2D SPACE',''
  ) );
#1977 = ORIENTED_EDGE('',*,*,#1978,.T.);
#1978 = EDGE_CURVE('',#1954,#1979,#1981,.T.);
#1979 = VERTEX_POINT('',#1980);
#1980 = CARTESIAN_POINT('',(79.5703340388,2.482978840049,26.400060960122
    ));
#1981 = SURFACE_CURVE('',#1982,(#1985,#1991),.PCURVE_S1.);
#1982 = B_SPLINE_CURVE_WITH_KNOTS('',1,(#1983,#1984),.UNSPECIFIED.,.F.,
  .F.,(2,2),(0.,12.598223131436),.PIECEWISE_BEZIER_KNOTS.);
#1983 = CARTESIAN_POINT('',(79.264935823409,2.578524927751,
    26.400060960122));
#1984 = CARTESIAN_POINT('',(79.5703340388,2.482978840049,26.400060960122
    ));
#1985 = PCURVE('',#31,#1986);
#1986 = DEFINITIONAL_REPRESENTATION('',(#1987),#1990);
#1987 = B_SPLINE_CURVE_WITH_KNOTS('',1,(#1988,#1989),.UNSPECIFIED.,.F.,
  .F.,(2,2),(0.,12.598223131436),.PIECEWISE_BEZIER_KNOTS.);
#1988 = CARTESIAN_POINT('',(-1.567909883748E+03,-1.545857423368E+03));
#1989 = CARTESIAN_POINT('',(-1.564148234275E+03,-1.557880951108E+03));
#1990 = ( GEOMETRIC_REPRESENTATION_CONTEXT(2) 
PARAMETRIC_REPRESENTATION_CONTEXT() REPRESENTATION_CONTEXT('2D SPACE',''
  ) );
#1991 = PCURVE('',#1992,#1997);
#1992 = B_SPLINE_SURFACE_WITH_KNOTS('',1,1,(
    (#1993,#1994)
    ,(#1995,#1996
    )),.UNSPECIFIED.,.F.,.F.,.F.,(2,2),(2,2),(0.,12.598223131436),(
    -141.732,0.),.PIECEWISE_BEZIER_KNOTS.);
#1993 = CARTESIAN_POINT('',(79.264935823409,2.578524927751,
    30.000060960122));
#1994 = CARTESIAN_POINT('',(79.264935823409,2.578524927751,
    26.400060960122));
#1995 = CARTESIAN_POINT('',(79.5703340388,2.482978840049,30.000060960122
    ));
#1996 = CARTESIAN_POINT('',(79.5703340388,2.482978840049,26.400060960122
    ));
#1997 = DEFINITIONAL_REPRESENTATION('',(#1998),#2001);
#1998 = B_SPLINE_CURVE_WITH_KNOTS('',1,(#1999,#2000),.UNSPECIFIED.,.F.,
  .F.,(2,2),(0.,12.598223131436),.PIECEWISE_BEZIER_KNOTS.);
#1999 = CARTESIAN_POINT('',(0.,0.));
#2000 = CARTESIAN_POINT('',(12.598223131436,0.));
#2001 = ( GEOMETRIC_REPRESENTATION_CONTEXT(2) 
PARAMETRIC_REPRESENTATION_CONTEXT() REPRESENTATION_CONTEXT('2D SPACE',''
  ) );
#2002 = ORIENTED_EDGE('',*,*,#2003,.T.);
#2003 = EDGE_CURVE('',#1979,#2004,#2006,.T.);
#2004 = VERTEX_POINT('',#2005);
#2005 = CARTESIAN_POINT('',(79.868606216591,2.367087370154,
    26.400060960122));
#2006 = SURFACE_CURVE('',#2007,(#2010,#2016),.PCURVE_S1.);
#2007 = B_SPLINE_CURVE_WITH_KNOTS('',1,(#2008,#2009),.UNSPECIFIED.,.F.,
  .F.,(2,2),(0.,12.598223131437),.PIECEWISE_BEZIER_KNOTS.);
#2008 = CARTESIAN_POINT('',(79.5703340388,2.482978840049,26.400060960122
    ));
#2009 = CARTESIAN_POINT('',(79.868606216591,2.367087370154,
    26.400060960122));
#2010 = PCURVE('',#31,#2011);
#2011 = DEFINITIONAL_REPRESENTATION('',(#2012),#2015);
#2012 = B_SPLINE_CURVE_WITH_KNOTS('',1,(#2013,#2014),.UNSPECIFIED.,.F.,
  .F.,(2,2),(0.,12.598223131437),.PIECEWISE_BEZIER_KNOTS.);
#2013 = CARTESIAN_POINT('',(-1.564148234275E+03,-1.557880951108E+03));
#2014 = CARTESIAN_POINT('',(-1.559585587105E+03,-1.569623926747E+03));
#2015 = ( GEOMETRIC_REPRESENTATION_CONTEXT(2) 
PARAMETRIC_REPRESENTATION_CONTEXT() REPRESENTATION_CONTEXT('2D SPACE',''
  ) );
#2016 = PCURVE('',#2017,#2022);
#2017 = B_SPLINE_SURFACE_WITH_KNOTS('',1,1,(
    (#2018,#2019)
    ,(#2020,#2021
    )),.UNSPECIFIED.,.F.,.F.,.F.,(2,2),(2,2),(0.,12.598223131437),(
    -141.732,0.),.PIECEWISE_BEZIER_KNOTS.);
#2018 = CARTESIAN_POINT('',(79.5703340388,2.482978840049,30.000060960122
    ));
#2019 = CARTESIAN_POINT('',(79.5703340388,2.482978840049,26.400060960122
    ));
#2020 = CARTESIAN_POINT('',(79.868606216591,2.367087370154,
    30.000060960122));
#2021 = CARTESIAN_POINT('',(79.868606216591,2.367087370154,
    26.400060960122));
#2022 = DEFINITIONAL_REPRESENTATION('',(#2023),#2026);
#2023 = B_SPLINE_CURVE_WITH_KNOTS('',1,(#2024,#2025),.UNSPECIFIED.,.F.,
  .F.,(2,2),(0.,12.598223131437),.PIECEWISE_BEZIER_KNOTS.);
#2024 = CARTESIAN_POINT('',(0.,0.));
#2025 = CARTESIAN_POINT('',(12.598223131436,0.));
#2026 = ( GEOMETRIC_REPRESENTATION_CONTEXT(2) 
PARAMETRIC_REPRESENTATION_CONTEXT() REPRESENTATION_CONTEXT('2D SPACE',''
  ) );
#2027 = ORIENTED_EDGE('',*,*,#2028,.T.);
#2028 = EDGE_CURVE('',#2004,#2029,#2031,.T.);
#2029 = VERTEX_POINT('',#2030);
#2030 = CARTESIAN_POINT('',(80.158398690341,2.231376475245,
    26.400060960122));
#2031 = SURFACE_CURVE('',#2032,(#2035,#2041),.PCURVE_S1.);
#2032 = B_SPLINE_CURVE_WITH_KNOTS('',1,(#2033,#2034),.UNSPECIFIED.,.F.,
  .F.,(2,2),(0.,12.598223131436),.PIECEWISE_BEZIER_KNOTS.);
#2033 = CARTESIAN_POINT('',(79.868606216591,2.367087370154,
    26.400060960122));
#2034 = CARTESIAN_POINT('',(80.158398690341,2.231376475245,
    26.400060960122));
#2035 = PCURVE('',#31,#2036);
#2036 = DEFINITIONAL_REPRESENTATION('',(#2037),#2040);
#2037 = B_SPLINE_CURVE_WITH_KNOTS('',1,(#2038,#2039),.UNSPECIFIED.,.F.,
  .F.,(2,2),(0.,12.598223131436),.PIECEWISE_BEZIER_KNOTS.);
#2038 = CARTESIAN_POINT('',(-1.559585587105E+03,-1.569623926747E+03));
#2039 = CARTESIAN_POINT('',(-1.554242649172E+03,-1.581033056439E+03));
#2040 = ( GEOMETRIC_REPRESENTATION_CONTEXT(2) 
PARAMETRIC_REPRESENTATION_CONTEXT() REPRESENTATION_CONTEXT('2D SPACE',''
  ) );
#2041 = PCURVE('',#2042,#2047);
#2042 = B_SPLINE_SURFACE_WITH_KNOTS('',1,1,(
    (#2043,#2044)
    ,(#2045,#2046
    )),.UNSPECIFIED.,.F.,.F.,.F.,(2,2),(2,2),(0.,12.598223131436),(
    -141.732,0.),.PIECEWISE_BEZIER_KNOTS.);
#2043 = CARTESIAN_POINT('',(79.868606216591,2.367087370154,
    30.000060960122));
#2044 = CARTESIAN_POINT('',(79.868606216591,2.367087370154,
    26.400060960122));
#2045 = CARTESIAN_POINT('',(80.158398690341,2.231376475245,
    30.000060960122));
#2046 = CARTESIAN_POINT('',(80.158398690341,2.231376475245,
    26.400060960122));
#2047 = DEFINITIONAL_REPRESENTATION('',(#2048),#2051);
#2048 = B_SPLINE_CURVE_WITH_KNOTS('',1,(#2049,#2050),.UNSPECIFIED.,.F.,
  .F.,(2,2),(0.,12.598223131436),.PIECEWISE_BEZIER_KNOTS.);
#2049 = CARTESIAN_POINT('',(0.,0.));
#2050 = CARTESIAN_POINT('',(12.598223131436,0.));
#2051 = ( GEOMETRIC_REPRESENTATION_CONTEXT(2) 
PARAMETRIC_REPRESENTATION_CONTEXT() REPRESENTATION_CONTEXT('2D SPACE',''
  ) );
#2052 = ORIENTED_EDGE('',*,*,#2053,.T.);
#2053 = EDGE_CURVE('',#2029,#2054,#2056,.T.);
#2054 = VERTEX_POINT('',#2055);
#2055 = CARTESIAN_POINT('',(80.438396277555,2.076462060184,
    26.400060960122));
#2056 = SURFACE_CURVE('',#2057,(#2060,#2066),.PCURVE_S1.);
#2057 = B_SPLINE_CURVE_WITH_KNOTS('',1,(#2058,#2059),.UNSPECIFIED.,.F.,
  .F.,(2,2),(0.,12.598223131436),.PIECEWISE_BEZIER_KNOTS.);
#2058 = CARTESIAN_POINT('',(80.158398690341,2.231376475245,
    26.400060960122));
#2059 = CARTESIAN_POINT('',(80.438396277555,2.076462060184,
    26.400060960122));
#2060 = PCURVE('',#31,#2061);
#2061 = DEFINITIONAL_REPRESENTATION('',(#2062),#2065);
#2062 = B_SPLINE_CURVE_WITH_KNOTS('',1,(#2063,#2064),.UNSPECIFIED.,.F.,
  .F.,(2,2),(0.,12.598223131436),.PIECEWISE_BEZIER_KNOTS.);
#2063 = CARTESIAN_POINT('',(-1.554242649172E+03,-1.581033056439E+03));
#2064 = CARTESIAN_POINT('',(-1.548143668651E+03,-1.592056561447E+03));
#2065 = ( GEOMETRIC_REPRESENTATION_CONTEXT(2) 
PARAMETRIC_REPRESENTATION_CONTEXT() REPRESENTATION_CONTEXT('2D SPACE',''
  ) );
#2066 = PCURVE('',#2067,#2072);
#2067 = B_SPLINE_SURFACE_WITH_KNOTS('',1,1,(
    (#2068,#2069)
    ,(#2070,#2071
    )),.UNSPECIFIED.,.F.,.F.,.F.,(2,2),(2,2),(0.,12.598223131436),(
    -141.732,0.),.PIECEWISE_BEZIER_KNOTS.);
#2068 = CARTESIAN_POINT('',(80.158398690341,2.231376475245,
    30.000060960122));
#2069 = CARTESIAN_POINT('',(80.158398690341,2.231376475245,
    26.400060960122));
#2070 = CARTESIAN_POINT('',(80.438396277555,2.076462060184,
    30.000060960122));
#2071 = CARTESIAN_POINT('',(80.438396277555,2.076462060184,
    26.400060960122));
#2072 = DEFINITIONAL_REPRESENTATION('',(#2073),#2076);
#2073 = B_SPLINE_CURVE_WITH_KNOTS('',1,(#2074,#2075),.UNSPECIFIED.,.F.,
  .F.,(2,2),(0.,12.598223131436),.PIECEWISE_BEZIER_KNOTS.);
#2074 = CARTESIAN_POINT('',(0.,0.));
#2075 = CARTESIAN_POINT('',(12.598223131436,0.));
#2076 = ( GEOMETRIC_REPRESENTATION_CONTEXT(2) 
PARAMETRIC_REPRESENTATION_CONTEXT() REPRESENTATION_CONTEXT('2D SPACE',''
  ) );
#2077 = ORIENTED_EDGE('',*,*,#2078,.T.);
#2078 = EDGE_CURVE('',#2054,#2079,#2081,.T.);
#2079 = VERTEX_POINT('',#2080);
#2080 = CARTESIAN_POINT('',(80.707328248456,1.903047182315,
    26.400060960122));
#2081 = SURFACE_CURVE('',#2082,(#2085,#2091),.PCURVE_S1.);
#2082 = B_SPLINE_CURVE_WITH_KNOTS('',1,(#2083,#2084),.UNSPECIFIED.,.F.,
  .F.,(2,2),(0.,12.598223131437),.PIECEWISE_BEZIER_KNOTS.);
#2083 = CARTESIAN_POINT('',(80.438396277555,2.076462060184,
    26.400060960122));
#2084 = CARTESIAN_POINT('',(80.707328248456,1.903047182315,
    26.400060960122));
#2085 = PCURVE('',#31,#2086);
#2086 = DEFINITIONAL_REPRESENTATION('',(#2087),#2090);
#2087 = B_SPLINE_CURVE_WITH_KNOTS('',1,(#2088,#2089),.UNSPECIFIED.,.F.,
  .F.,(2,2),(0.,12.598223131437),.PIECEWISE_BEZIER_KNOTS.);
#2088 = CARTESIAN_POINT('',(-1.548143668651E+03,-1.592056561447E+03));
#2089 = CARTESIAN_POINT('',(-1.54131632491E+03,-1.602644413142E+03));
#2090 = ( GEOMETRIC_REPRESENTATION_CONTEXT(2) 
PARAMETRIC_REPRESENTATION_CONTEXT() REPRESENTATION_CONTEXT('2D SPACE',''
  ) );
#2091 = PCURVE('',#2092,#2097);
#2092 = B_SPLINE_SURFACE_WITH_KNOTS('',1,1,(
    (#2093,#2094)
    ,(#2095,#2096
    )),.UNSPECIFIED.,.F.,.F.,.F.,(2,2),(2,2),(0.,12.598223131437),(
    -141.732,0.),.PIECEWISE_BEZIER_KNOTS.);
#2093 = CARTESIAN_POINT('',(80.438396277555,2.076462060184,
    30.000060960122));
#2094 = CARTESIAN_POINT('',(80.438396277555,2.076462060184,
    26.400060960122));
#2095 = CARTESIAN_POINT('',(80.707328248456,1.903047182315,
    30.000060960122));
#2096 = CARTESIAN_POINT('',(80.707328248456,1.903047182315,
    26.400060960122));
#2097 = DEFINITIONAL_REPRESENTATION('',(#2098),#2101);
#2098 = B_SPLINE_CURVE_WITH_KNOTS('',1,(#2099,#2100),.UNSPECIFIED.,.F.,
  .F.,(2,2),(0.,12.598223131437),.PIECEWISE_BEZIER_KNOTS.);
#2099 = CARTESIAN_POINT('',(0.,0.));
#2100 = CARTESIAN_POINT('',(12.598223131437,0.));
#2101 = ( GEOMETRIC_REPRESENTATION_CONTEXT(2) 
PARAMETRIC_REPRESENTATION_CONTEXT() REPRESENTATION_CONTEXT('2D SPACE',''
  ) );
#2102 = ORIENTED_EDGE('',*,*,#2103,.T.);
#2103 = EDGE_CURVE('',#2079,#2104,#2106,.T.);
#2104 = VERTEX_POINT('',#2105);
#2105 = CARTESIAN_POINT('',(80.963974093017,1.711918860738,
    26.400060960122));
#2106 = SURFACE_CURVE('',#2107,(#2110,#2116),.PCURVE_S1.);
#2107 = B_SPLINE_CURVE_WITH_KNOTS('',1,(#2108,#2109),.UNSPECIFIED.,.F.,
  .F.,(2,2),(0.,12.598223131436),.PIECEWISE_BEZIER_KNOTS.);
#2108 = CARTESIAN_POINT('',(80.707328248456,1.903047182315,
    26.400060960122));
#2109 = CARTESIAN_POINT('',(80.963974093017,1.711918860738,
    26.400060960122));
#2110 = PCURVE('',#31,#2111);
#2111 = DEFINITIONAL_REPRESENTATION('',(#2112),#2115);
#2112 = B_SPLINE_CURVE_WITH_KNOTS('',1,(#2113,#2114),.UNSPECIFIED.,.F.,
  .F.,(2,2),(0.,12.598223131436),.PIECEWISE_BEZIER_KNOTS.);
#2113 = CARTESIAN_POINT('',(-1.54131632491E+03,-1.602644413142E+03));
#2114 = CARTESIAN_POINT('',(-1.533791602889E+03,-1.612748560042E+03));
#2115 = ( GEOMETRIC_REPRESENTATION_CONTEXT(2) 
PARAMETRIC_REPRESENTATION_CONTEXT() REPRESENTATION_CONTEXT('2D SPACE',''
  ) );
#2116 = PCURVE('',#2117,#2122);
#2117 = B_SPLINE_SURFACE_WITH_KNOTS('',1,1,(
    (#2118,#2119)
    ,(#2120,#2121
    )),.UNSPECIFIED.,.F.,.F.,.F.,(2,2),(2,2),(0.,12.598223131436),(
    -141.732,0.),.PIECEWISE_BEZIER_KNOTS.);
#2118 = CARTESIAN_POINT('',(80.707328248456,1.903047182315,
    30.000060960122));
#2119 = CARTESIAN_POINT('',(80.707328248456,1.903047182315,
    26.400060960122));
#2120 = CARTESIAN_POINT('',(80.963974093017,1.711918860738,
    30.000060960122));
#2121 = CARTESIAN_POINT('',(80.963974093017,1.711918860738,
    26.400060960122));
#2122 = DEFINITIONAL_REPRESENTATION('',(#2123),#2126);
#2123 = B_SPLINE_CURVE_WITH_KNOTS('',1,(#2124,#2125),.UNSPECIFIED.,.F.,
  .F.,(2,2),(0.,12.598223131436),.PIECEWISE_BEZIER_KNOTS.);
#2124 = CARTESIAN_POINT('',(0.,0.));
#2125 = CARTESIAN_POINT('',(12.598223131436,0.));
#2126 = ( GEOMETRIC_REPRESENTATION_CONTEXT(2) 
PARAMETRIC_REPRESENTATION_CONTEXT() REPRESENTATION_CONTEXT('2D SPACE',''
  ) );
#2127 = ORIENTED_EDGE('',*,*,#2128,.T.);
#2128 = EDGE_CURVE('',#2104,#2129,#2131,.T.);
#2129 = VERTEX_POINT('',#2130);
#2130 = CARTESIAN_POINT('',(81.207169060069,1.503944504531,
    26.400060960122));
#2131 = SURFACE_CURVE('',#2132,(#2135,#2141),.PCURVE_S1.);
#2132 = B_SPLINE_CURVE_WITH_KNOTS('',1,(#2133,#2134),.UNSPECIFIED.,.F.,
  .F.,(2,2),(0.,12.598223131436),.PIECEWISE_BEZIER_KNOTS.);
#2133 = CARTESIAN_POINT('',(80.963974093017,1.711918860738,
    26.400060960122));
#2134 = CARTESIAN_POINT('',(81.207169060069,1.503944504531,
    26.400060960122));
#2135 = PCURVE('',#31,#2136);
#2136 = DEFINITIONAL_REPRESENTATION('',(#2137),#2140);
#2137 = B_SPLINE_CURVE_WITH_KNOTS('',1,(#2138,#2139),.UNSPECIFIED.,.F.,
  .F.,(2,2),(0.,12.598223131436),.PIECEWISE_BEZIER_KNOTS.);
#2138 = CARTESIAN_POINT('',(-1.533791602889E+03,-1.612748560042E+03));
#2139 = CARTESIAN_POINT('',(-1.525603652485E+03,-1.622323145895E+03));
#2140 = ( GEOMETRIC_REPRESENTATION_CONTEXT(2) 
PARAMETRIC_REPRESENTATION_CONTEXT() REPRESENTATION_CONTEXT('2D SPACE',''
  ) );
#2141 = PCURVE('',#2142,#2147);
#2142 = B_SPLINE_SURFACE_WITH_KNOTS('',1,1,(
    (#2143,#2144)
    ,(#2145,#2146
    )),.UNSPECIFIED.,.F.,.F.,.F.,(2,2),(2,2),(0.,12.598223131436),(
    -141.732,0.),.PIECEWISE_BEZIER_KNOTS.);
#2143 = CARTESIAN_POINT('',(80.963974093017,1.711918860738,
    30.000060960122));
#2144 = CARTESIAN_POINT('',(80.963974093017,1.711918860738,
    26.400060960122));
#2145 = CARTESIAN_POINT('',(81.207169060069,1.503944504531,
    30.000060960122));
#2146 = CARTESIAN_POINT('',(81.207169060069,1.503944504531,
    26.400060960122));
#2147 = DEFINITIONAL_REPRESENTATION('',(#2148),#2151);
#2148 = B_SPLINE_CURVE_WITH_KNOTS('',1,(#2149,#2150),.UNSPECIFIED.,.F.,
  .F.,(2,2),(0.,12.598223131436),.PIECEWISE_BEZIER_KNOTS.);
#2149 = CARTESIAN_POINT('',(0.,0.));
#2150 = CARTESIAN_POINT('',(12.598223131436,0.));
#2151 = ( GEOMETRIC_REPRESENTATION_CONTEXT(2) 
PARAMETRIC_REPRESENTATION_CONTEXT() REPRESENTATION_CONTEXT('2D SPACE',''
  ) );
#2152 = ORIENTED_EDGE('',*,*,#2153,.T.);
#2153 = EDGE_CURVE('',#2129,#2154,#2156,.T.);
#2154 = VERTEX_POINT('',#2155);
#2155 = CARTESIAN_POINT('',(81.435809443366,1.280067976139,
    26.400060960122));
#2156 = SURFACE_CURVE('',#2157,(#2160,#2166),.PCURVE_S1.);
#2157 = B_SPLINE_CURVE_WITH_KNOTS('',1,(#2158,#2159),.UNSPECIFIED.,.F.,
  .F.,(2,2),(0.,12.598223131436),.PIECEWISE_BEZIER_KNOTS.);
#2158 = CARTESIAN_POINT('',(81.207169060069,1.503944504531,
    26.400060960122));
#2159 = CARTESIAN_POINT('',(81.435809443366,1.280067976139,
    26.400060960122));
#2160 = PCURVE('',#31,#2161);
#2161 = DEFINITIONAL_REPRESENTATION('',(#2162),#2165);
#2162 = B_SPLINE_CURVE_WITH_KNOTS('',1,(#2163,#2164),.UNSPECIFIED.,.F.,
  .F.,(2,2),(0.,12.598223131436),.PIECEWISE_BEZIER_KNOTS.);
#2163 = CARTESIAN_POINT('',(-1.525603652485E+03,-1.622323145895E+03));
#2164 = CARTESIAN_POINT('',(-1.516789633563E+03,-1.631324717785E+03));
#2165 = ( GEOMETRIC_REPRESENTATION_CONTEXT(2) 
PARAMETRIC_REPRESENTATION_CONTEXT() REPRESENTATION_CONTEXT('2D SPACE',''
  ) );
#2166 = PCURVE('',#2167,#2172);
#2167 = B_SPLINE_SURFACE_WITH_KNOTS('',1,1,(
    (#2168,#2169)
    ,(#2170,#2171
    )),.UNSPECIFIED.,.F.,.F.,.F.,(2,2),(2,2),(0.,12.598223131436),(
    -141.732,0.),.PIECEWISE_BEZIER_KNOTS.);
#2168 = CARTESIAN_POINT('',(81.207169060069,1.503944504531,
    30.000060960122));
#2169 = CARTESIAN_POINT('',(81.207169060069,1.503944504531,
    26.400060960122));
#2170 = CARTESIAN_POINT('',(81.435809443366,1.280067976139,
    30.000060960122));
#2171 = CARTESIAN_POINT('',(81.435809443366,1.280067976139,
    26.400060960122));
#2172 = DEFINITIONAL_REPRESENTATION('',(#2173),#2176);
#2173 = B_SPLINE_CURVE_WITH_KNOTS('',1,(#2174,#2175),.UNSPECIFIED.,.F.,
  .F.,(2,2),(0.,12.598223131436),.PIECEWISE_BEZIER_KNOTS.);
#2174 = CARTESIAN_POINT('',(0.,0.));
#2175 = CARTESIAN_POINT('',(12.598223131436,0.));
#2176 = ( GEOMETRIC_REPRESENTATION_CONTEXT(2) 
PARAMETRIC_REPRESENTATION_CONTEXT() REPRESENTATION_CONTEXT('2D SPACE',''
  ) );
#2177 = ORIENTED_EDGE('',*,*,#2178,.T.);
#2178 = EDGE_CURVE('',#2154,#2179,#2181,.T.);
#2179 = VERTEX_POINT('',#2180);
#2180 = CARTESIAN_POINT('',(81.648857590598,1.041305307785,
    26.400060960122));
#2181 = SURFACE_CURVE('',#2182,(#2185,#2191),.PCURVE_S1.);
#2182 = B_SPLINE_CURVE_WITH_KNOTS('',1,(#2183,#2184),.UNSPECIFIED.,.F.,
  .F.,(2,2),(0.,12.598223131436),.PIECEWISE_BEZIER_KNOTS.);
#2183 = CARTESIAN_POINT('',(81.435809443366,1.280067976139,
    26.400060960122));
#2184 = CARTESIAN_POINT('',(81.648857590598,1.041305307785,
    26.400060960122));
#2185 = PCURVE('',#31,#2186);
#2186 = DEFINITIONAL_REPRESENTATION('',(#2187),#2190);
#2187 = B_SPLINE_CURVE_WITH_KNOTS('',1,(#2188,#2189),.UNSPECIFIED.,.F.,
  .F.,(2,2),(0.,12.598223131436),.PIECEWISE_BEZIER_KNOTS.);
#2188 = CARTESIAN_POINT('',(-1.516789633563E+03,-1.631324717785E+03));
#2189 = CARTESIAN_POINT('',(-1.50738954731E+03,-1.639712423342E+03));
#2190 = ( GEOMETRIC_REPRESENTATION_CONTEXT(2) 
PARAMETRIC_REPRESENTATION_CONTEXT() REPRESENTATION_CONTEXT('2D SPACE',''
  ) );
#2191 = PCURVE('',#2192,#2197);
#2192 = B_SPLINE_SURFACE_WITH_KNOTS('',1,1,(
    (#2193,#2194)
    ,(#2195,#2196
    )),.UNSPECIFIED.,.F.,.F.,.F.,(2,2),(2,2),(0.,12.598223131436),(
    -141.732,0.),.PIECEWISE_BEZIER_KNOTS.);
#2193 = CARTESIAN_POINT('',(81.435809443366,1.280067976139,
    30.000060960122));
#2194 = CARTESIAN_POINT('',(81.435809443366,1.280067976139,
    26.400060960122));
#2195 = CARTESIAN_POINT('',(81.648857590598,1.041305307785,
    30.000060960122));
#2196 = CARTESIAN_POINT('',(81.648857590598,1.041305307785,
    26.400060960122));
#2197 = DEFINITIONAL_REPRESENTATION('',(#2198),#2201);
#2198 = B_SPLINE_CURVE_WITH_KNOTS('',1,(#2199,#2200),.UNSPECIFIED.,.F.,
  .F.,(2,2),(0.,12.598223131436),.PIECEWISE_BEZIER_KNOTS.);
#2199 = CARTESIAN_POINT('',(0.,0.));
#2200 = CARTESIAN_POINT('',(12.598223131436,0.));
#2201 = ( GEOMETRIC_REPRESENTATION_CONTEXT(2) 
PARAMETRIC_REPRESENTATION_CONTEXT() REPRESENTATION_CONTEXT('2D SPACE',''
  ) );
#2202 = ORIENTED_EDGE('',*,*,#2203,.T.);
#2203 = EDGE_CURVE('',#2179,#2204,#2206,.T.);
#2204 = VERTEX_POINT('',#2205);
#2205 = CARTESIAN_POINT('',(81.845346612633,0.788740090348,
    26.400060960122));
#2206 = SURFACE_CURVE('',#2207,(#2210,#2216),.PCURVE_S1.);
#2207 = B_SPLINE_CURVE_WITH_KNOTS('',1,(#2208,#2209),.UNSPECIFIED.,.F.,
  .F.,(2,2),(0.,12.598223131436),.PIECEWISE_BEZIER_KNOTS.);
#2208 = CARTESIAN_POINT('',(81.648857590598,1.041305307785,
    26.400060960122));
#2209 = CARTESIAN_POINT('',(81.845346612633,0.788740090348,
    26.400060960122));
#2210 = PCURVE('',#31,#2211);
#2211 = DEFINITIONAL_REPRESENTATION('',(#2212),#2215);
#2212 = B_SPLINE_CURVE_WITH_KNOTS('',1,(#2213,#2214),.UNSPECIFIED.,.F.,
  .F.,(2,2),(0.,12.598223131436),.PIECEWISE_BEZIER_KNOTS.);
#2213 = CARTESIAN_POINT('',(-1.50738954731E+03,-1.639712423342E+03));
#2214 = CARTESIAN_POINT('',(-1.497446054699E+03,-1.647448196139E+03));
#2215 = ( GEOMETRIC_REPRESENTATION_CONTEXT(2) 
PARAMETRIC_REPRESENTATION_CONTEXT() REPRESENTATION_CONTEXT('2D SPACE',''
  ) );
#2216 = PCURVE('',#2217,#2222);
#2217 = B_SPLINE_SURFACE_WITH_KNOTS('',1,1,(
    (#2218,#2219)
    ,(#2220,#2221
    )),.UNSPECIFIED.,.F.,.F.,.F.,(2,2),(2,2),(0.,12.598223131436),(
    -141.732,0.),.PIECEWISE_BEZIER_KNOTS.);
#2218 = CARTESIAN_POINT('',(81.648857590598,1.041305307785,
    30.000060960122));
#2219 = CARTESIAN_POINT('',(81.648857590598,1.041305307785,
    26.400060960122));
#2220 = CARTESIAN_POINT('',(81.845346612633,0.788740090348,
    30.000060960122));
#2221 = CARTESIAN_POINT('',(81.845346612633,0.788740090348,
    26.400060960122));
#2222 = DEFINITIONAL_REPRESENTATION('',(#2223),#2226);
#2223 = B_SPLINE_CURVE_WITH_KNOTS('',1,(#2224,#2225),.UNSPECIFIED.,.F.,
  .F.,(2,2),(0.,12.598223131436),.PIECEWISE_BEZIER_KNOTS.);
#2224 = CARTESIAN_POINT('',(0.,0.));
#2225 = CARTESIAN_POINT('',(12.598223131436,0.));
#2226 = ( GEOMETRIC_REPRESENTATION_CONTEXT(2) 
PARAMETRIC_REPRESENTATION_CONTEXT() REPRESENTATION_CONTEXT('2D SPACE',''
  ) );
#2227 = ORIENTED_EDGE('',*,*,#2228,.T.);
#2228 = EDGE_CURVE('',#2204,#2229,#2231,.T.);
#2229 = VERTEX_POINT('',#2230);
#2230 = CARTESIAN_POINT('',(82.024384771603,0.523518555642,
    26.400060960122));
#2231 = SURFACE_CURVE('',#2232,(#2235,#2241),.PCURVE_S1.);
#2232 = B_SPLINE_CURVE_WITH_KNOTS('',1,(#2233,#2234),.UNSPECIFIED.,.F.,
  .F.,(2,2),(0.,12.598223131436),.PIECEWISE_BEZIER_KNOTS.);
#2233 = CARTESIAN_POINT('',(81.845346612633,0.788740090348,
    26.400060960122));
#2234 = CARTESIAN_POINT('',(82.024384771603,0.523518555642,
    26.400060960122));
#2235 = PCURVE('',#31,#2236);
#2236 = DEFINITIONAL_REPRESENTATION('',(#2237),#2240);
#2237 = B_SPLINE_CURVE_WITH_KNOTS('',1,(#2238,#2239),.UNSPECIFIED.,.F.,
  .F.,(2,2),(0.,12.598223131436),.PIECEWISE_BEZIER_KNOTS.);
#2238 = CARTESIAN_POINT('',(-1.497446054699E+03,-1.647448196139E+03));
#2239 = CARTESIAN_POINT('',(-1.487004282878E+03,-1.654496928458E+03));
#2240 = ( GEOMETRIC_REPRESENTATION_CONTEXT(2) 
PARAMETRIC_REPRESENTATION_CONTEXT() REPRESENTATION_CONTEXT('2D SPACE',''
  ) );
#2241 = PCURVE('',#2242,#2247);
#2242 = B_SPLINE_SURFACE_WITH_KNOTS('',1,1,(
    (#2243,#2244)
    ,(#2245,#2246
    )),.UNSPECIFIED.,.F.,.F.,.F.,(2,2),(2,2),(0.,12.598223131436),(
    -141.732,0.),.PIECEWISE_BEZIER_KNOTS.);
#2243 = CARTESIAN_POINT('',(81.845346612633,0.788740090348,
    30.000060960122));
#2244 = CARTESIAN_POINT('',(81.845346612633,0.788740090348,
    26.400060960122));
#2245 = CARTESIAN_POINT('',(82.024384771603,0.523518555642,
    30.000060960122));
#2246 = CARTESIAN_POINT('',(82.024384771603,0.523518555642,
    26.400060960122));
#2247 = DEFINITIONAL_REPRESENTATION('',(#2248),#2251);
#2248 = B_SPLINE_CURVE_WITH_KNOTS('',1,(#2249,#2250),.UNSPECIFIED.,.F.,
  .F.,(2,2),(0.,12.598223131436),.PIECEWISE_BEZIER_KNOTS.);
#2249 = CARTESIAN_POINT('',(0.,0.));
#2250 = CARTESIAN_POINT('',(12.598223131436,0.));
#2251 = ( GEOMETRIC_REPRESENTATION_CONTEXT(2) 
PARAMETRIC_REPRESENTATION_CONTEXT() REPRESENTATION_CONTEXT('2D SPACE',''
  ) );
#2252 = ORIENTED_EDGE('',*,*,#2253,.T.);
#2253 = EDGE_CURVE('',#2229,#2254,#2256,.T.);
#2254 = VERTEX_POINT('',#2255);
#2255 = CARTESIAN_POINT('',(82.185159527938,0.246844374402,
    26.400060960122));
#2256 = SURFACE_CURVE('',#2257,(#2260,#2266),.PCURVE_S1.);
#2257 = B_SPLINE_CURVE_WITH_KNOTS('',1,(#2258,#2259),.UNSPECIFIED.,.F.,
  .F.,(2,2),(0.,12.598223131436),.PIECEWISE_BEZIER_KNOTS.);
#2258 = CARTESIAN_POINT('',(82.024384771603,0.523518555642,
    26.400060960122));
#2259 = CARTESIAN_POINT('',(82.185159527938,0.246844374402,
    26.400060960122));
#2260 = PCURVE('',#31,#2261);
#2261 = DEFINITIONAL_REPRESENTATION('',(#2262),#2265);
#2262 = B_SPLINE_CURVE_WITH_KNOTS('',1,(#2263,#2264),.UNSPECIFIED.,.F.,
  .F.,(2,2),(0.,12.598223131436),.PIECEWISE_BEZIER_KNOTS.);
#2263 = CARTESIAN_POINT('',(-1.487004282878E+03,-1.654496928458E+03));
#2264 = CARTESIAN_POINT('',(-1.476111620362E+03,-1.660826630615E+03));
#2265 = ( GEOMETRIC_REPRESENTATION_CONTEXT(2) 
PARAMETRIC_REPRESENTATION_CONTEXT() REPRESENTATION_CONTEXT('2D SPACE',''
  ) );
#2266 = PCURVE('',#2267,#2272);
#2267 = B_SPLINE_SURFACE_WITH_KNOTS('',1,1,(
    (#2268,#2269)
    ,(#2270,#2271
    )),.UNSPECIFIED.,.F.,.F.,.F.,(2,2),(2,2),(0.,12.598223131436),(
    -141.732,0.),.PIECEWISE_BEZIER_KNOTS.);
#2268 = CARTESIAN_POINT('',(82.024384771603,0.523518555642,
    30.000060960122));
#2269 = CARTESIAN_POINT('',(82.024384771603,0.523518555642,
    26.400060960122));
#2270 = CARTESIAN_POINT('',(82.185159527938,0.246844374402,
    30.000060960122));
#2271 = CARTESIAN_POINT('',(82.185159527938,0.246844374402,
    26.400060960122));
#2272 = DEFINITIONAL_REPRESENTATION('',(#2273),#2276);
#2273 = B_SPLINE_CURVE_WITH_KNOTS('',1,(#2274,#2275),.UNSPECIFIED.,.F.,
  .F.,(2,2),(0.,12.598223131436),.PIECEWISE_BEZIER_KNOTS.);
#2274 = CARTESIAN_POINT('',(0.,0.));
#2275 = CARTESIAN_POINT('',(12.598223131436,0.));
#2276 = ( GEOMETRIC_REPRESENTATION_CONTEXT(2) 
PARAMETRIC_REPRESENTATION_CONTEXT() REPRESENTATION_CONTEXT('2D SPACE',''
  ) );
#2277 = ORIENTED_EDGE('',*,*,#2278,.T.);
#2278 = EDGE_CURVE('',#2254,#2279,#2281,.T.);
#2279 = VERTEX_POINT('',#2280);
#2280 = CARTESIAN_POINT('',(82.326941227955,-4.002680640733E-02,
    26.400060960122));
#2281 = SURFACE_CURVE('',#2282,(#2285,#2291),.PCURVE_S1.);
#2282 = B_SPLINE_CURVE_WITH_KNOTS('',1,(#2283,#2284),.UNSPECIFIED.,.F.,
  .F.,(2,2),(0.,12.598223131437),.PIECEWISE_BEZIER_KNOTS.);
#2283 = CARTESIAN_POINT('',(82.185159527938,0.246844374402,
    26.400060960122));
#2284 = CARTESIAN_POINT('',(82.326941227955,-4.002680640733E-02,
    26.400060960122));
#2285 = PCURVE('',#31,#2286);
#2286 = DEFINITIONAL_REPRESENTATION('',(#2287),#2290);
#2287 = B_SPLINE_CURVE_WITH_KNOTS('',1,(#2288,#2289),.UNSPECIFIED.,.F.,
  .F.,(2,2),(0.,12.598223131437),.PIECEWISE_BEZIER_KNOTS.);
#2288 = CARTESIAN_POINT('',(-1.476111620362E+03,-1.660826630615E+03));
#2289 = CARTESIAN_POINT('',(-1.464817501974E+03,-1.666408576145E+03));
#2290 = ( GEOMETRIC_REPRESENTATION_CONTEXT(2) 
PARAMETRIC_REPRESENTATION_CONTEXT() REPRESENTATION_CONTEXT('2D SPACE',''
  ) );
#2291 = PCURVE('',#2292,#2297);
#2292 = B_SPLINE_SURFACE_WITH_KNOTS('',1,1,(
    (#2293,#2294)
    ,(#2295,#2296
    )),.UNSPECIFIED.,.F.,.F.,.F.,(2,2),(2,2),(0.,12.598223131437),(
    -141.732,0.),.PIECEWISE_BEZIER_KNOTS.);
#2293 = CARTESIAN_POINT('',(82.185159527938,0.246844374402,
    30.000060960122));
#2294 = CARTESIAN_POINT('',(82.185159527938,0.246844374402,
    26.400060960122));
#2295 = CARTESIAN_POINT('',(82.326941227955,-4.002680640733E-02,
    30.000060960122));
#2296 = CARTESIAN_POINT('',(82.326941227955,-4.002680640733E-02,
    26.400060960122));
#2297 = DEFINITIONAL_REPRESENTATION('',(#2298),#2301);
#2298 = B_SPLINE_CURVE_WITH_KNOTS('',1,(#2299,#2300),.UNSPECIFIED.,.F.,
  .F.,(2,2),(0.,12.598223131437),.PIECEWISE_BEZIER_KNOTS.);
#2299 = CARTESIAN_POINT('',(0.,0.));
#2300 = CARTESIAN_POINT('',(12.598223131437,0.));
#2301 = ( GEOMETRIC_REPRESENTATION_CONTEXT(2) 
PARAMETRIC_REPRESENTATION_CONTEXT() REPRESENTATION_CONTEXT('2D SPACE',''
  ) );
#2302 = ORIENTED_EDGE('',*,*,#2303,.T.);
#2303 = EDGE_CURVE('',#2279,#2304,#2306,.T.);
#2304 = VERTEX_POINT('',#2305);
#2305 = CARTESIAN_POINT('',(82.449086415297,-0.335793062171,
    26.400060960122));
#2306 = SURFACE_CURVE('',#2307,(#2310,#2316),.PCURVE_S1.);
#2307 = B_SPLINE_CURVE_WITH_KNOTS('',1,(#2308,#2309),.UNSPECIFIED.,.F.,
  .F.,(2,2),(0.,12.598223131436),.PIECEWISE_BEZIER_KNOTS.);
#2308 = CARTESIAN_POINT('',(82.326941227955,-4.002680640733E-02,
    26.400060960122));
#2309 = CARTESIAN_POINT('',(82.449086415297,-0.335793062171,
    26.400060960122));
#2310 = PCURVE('',#31,#2311);
#2311 = DEFINITIONAL_REPRESENTATION('',(#2312),#2315);
#2312 = B_SPLINE_CURVE_WITH_KNOTS('',1,(#2313,#2314),.UNSPECIFIED.,.F.,
  .F.,(2,2),(0.,12.598223131436),.PIECEWISE_BEZIER_KNOTS.);
#2313 = CARTESIAN_POINT('',(-1.464817501974E+03,-1.666408576145E+03));
#2314 = CARTESIAN_POINT('',(-1.453173184484E+03,-1.67121743217E+03));
#2315 = ( GEOMETRIC_REPRESENTATION_CONTEXT(2) 
PARAMETRIC_REPRESENTATION_CONTEXT() REPRESENTATION_CONTEXT('2D SPACE',''
  ) );
#2316 = PCURVE('',#2317,#2322);
#2317 = B_SPLINE_SURFACE_WITH_KNOTS('',1,1,(
    (#2318,#2319)
    ,(#2320,#2321
    )),.UNSPECIFIED.,.F.,.F.,.F.,(2,2),(2,2),(0.,12.598223131436),(
    -141.732,0.),.PIECEWISE_BEZIER_KNOTS.);
#2318 = CARTESIAN_POINT('',(82.326941227955,-4.002680640733E-02,
    30.000060960122));
#2319 = CARTESIAN_POINT('',(82.326941227955,-4.002680640733E-02,
    26.400060960122));
#2320 = CARTESIAN_POINT('',(82.449086415297,-0.335793062171,
    30.000060960122));
#2321 = CARTESIAN_POINT('',(82.449086415297,-0.335793062171,
    26.400060960122));
#2322 = DEFINITIONAL_REPRESENTATION('',(#2323),#2326);
#2323 = B_SPLINE_CURVE_WITH_KNOTS('',1,(#2324,#2325),.UNSPECIFIED.,.F.,
  .F.,(2,2),(0.,12.598223131436),.PIECEWISE_BEZIER_KNOTS.);
#2324 = CARTESIAN_POINT('',(0.,0.));
#2325 = CARTESIAN_POINT('',(12.598223131436,0.));
#2326 = ( GEOMETRIC_REPRESENTATION_CONTEXT(2) 
PARAMETRIC_REPRESENTATION_CONTEXT() REPRESENTATION_CONTEXT('2D SPACE',''
  ) );
#2327 = ORIENTED_EDGE('',*,*,#2328,.T.);
#2328 = EDGE_CURVE('',#2304,#2329,#2331,.T.);
#2329 = VERTEX_POINT('',#2330);
#2330 = CARTESIAN_POINT('',(82.551040751164,-0.639112099221,
    26.400060960122));
#2331 = SURFACE_CURVE('',#2332,(#2335,#2341),.PCURVE_S1.);
#2332 = B_SPLINE_CURVE_WITH_KNOTS('',1,(#2333,#2334),.UNSPECIFIED.,.F.,
  .F.,(2,2),(0.,12.598223131436),.PIECEWISE_BEZIER_KNOTS.);
#2333 = CARTESIAN_POINT('',(82.449086415297,-0.335793062171,
    26.400060960122));
#2334 = CARTESIAN_POINT('',(82.551040751164,-0.639112099221,
    26.400060960122));
#2335 = PCURVE('',#31,#2336);
#2336 = DEFINITIONAL_REPRESENTATION('',(#2337),#2340);
#2337 = B_SPLINE_CURVE_WITH_KNOTS('',1,(#2338,#2339),.UNSPECIFIED.,.F.,
  .F.,(2,2),(0.,12.598223131436),.PIECEWISE_BEZIER_KNOTS.);
#2338 = CARTESIAN_POINT('',(-1.453173184484E+03,-1.67121743217E+03));
#2339 = CARTESIAN_POINT('',(-1.441231513996E+03,-1.675231374373E+03));
#2340 = ( GEOMETRIC_REPRESENTATION_CONTEXT(2) 
PARAMETRIC_REPRESENTATION_CONTEXT() REPRESENTATION_CONTEXT('2D SPACE',''
  ) );
#2341 = PCURVE('',#2342,#2347);
#2342 = B_SPLINE_SURFACE_WITH_KNOTS('',1,1,(
    (#2343,#2344)
    ,(#2345,#2346
    )),.UNSPECIFIED.,.F.,.F.,.F.,(2,2),(2,2),(0.,12.598223131436),(
    -141.732,0.),.PIECEWISE_BEZIER_KNOTS.);
#2343 = CARTESIAN_POINT('',(82.449086415297,-0.335793062171,
    30.000060960122));
#2344 = CARTESIAN_POINT('',(82.449086415297,-0.335793062171,
    26.400060960122));
#2345 = CARTESIAN_POINT('',(82.551040751164,-0.639112099221,
    30.000060960122));
#2346 = CARTESIAN_POINT('',(82.551040751164,-0.639112099221,
    26.400060960122));
#2347 = DEFINITIONAL_REPRESENTATION('',(#2348),#2351);
#2348 = B_SPLINE_CURVE_WITH_KNOTS('',1,(#2349,#2350),.UNSPECIFIED.,.F.,
  .F.,(2,2),(0.,12.598223131436),.PIECEWISE_BEZIER_KNOTS.);
#2349 = CARTESIAN_POINT('',(0.,0.));
#2350 = CARTESIAN_POINT('',(12.598223131436,0.));
#2351 = ( GEOMETRIC_REPRESENTATION_CONTEXT(2) 
PARAMETRIC_REPRESENTATION_CONTEXT() REPRESENTATION_CONTEXT('2D SPACE',''
  ) );
#2352 = ORIENTED_EDGE('',*,*,#2353,.T.);
#2353 = EDGE_CURVE('',#2329,#2354,#2356,.T.);
#2354 = VERTEX_POINT('',#2355);
#2355 = CARTESIAN_POINT('',(82.632341530101,-0.948607346653,
    26.400060960122));
#2356 = SURFACE_CURVE('',#2357,(#2360,#2366),.PCURVE_S1.);
#2357 = B_SPLINE_CURVE_WITH_KNOTS('',1,(#2358,#2359),.UNSPECIFIED.,.F.,
  .F.,(2,2),(0.,12.598223131436),.PIECEWISE_BEZIER_KNOTS.);
#2358 = CARTESIAN_POINT('',(82.551040751164,-0.639112099221,
    26.400060960122));
#2359 = CARTESIAN_POINT('',(82.632341530101,-0.948607346653,
    26.400060960122));
#2360 = PCURVE('',#31,#2361);
#2361 = DEFINITIONAL_REPRESENTATION('',(#2362),#2365);
#2362 = B_SPLINE_CURVE_WITH_KNOTS('',1,(#2363,#2364),.UNSPECIFIED.,.F.,
  .F.,(2,2),(0.,12.598223131436),.PIECEWISE_BEZIER_KNOTS.);
#2363 = CARTESIAN_POINT('',(-1.441231513996E+03,-1.675231374373E+03));
#2364 = CARTESIAN_POINT('',(-1.429046686104E+03,-1.67843218604E+03));
#2365 = ( GEOMETRIC_REPRESENTATION_CONTEXT(2) 
PARAMETRIC_REPRESENTATION_CONTEXT() REPRESENTATION_CONTEXT('2D SPACE',''
  ) );
#2366 = PCURVE('',#2367,#2372);
#2367 = B_SPLINE_SURFACE_WITH_KNOTS('',1,1,(
    (#2368,#2369)
    ,(#2370,#2371
    )),.UNSPECIFIED.,.F.,.F.,.F.,(2,2),(2,2),(0.,12.598223131436),(
    -141.732,0.),.PIECEWISE_BEZIER_KNOTS.);
#2368 = CARTESIAN_POINT('',(82.551040751164,-0.639112099221,
    30.000060960122));
#2369 = CARTESIAN_POINT('',(82.551040751164,-0.639112099221,
    26.400060960122));
#2370 = CARTESIAN_POINT('',(82.632341530101,-0.948607346653,
    30.000060960122));
#2371 = CARTESIAN_POINT('',(82.632341530101,-0.948607346653,
    26.400060960122));
#2372 = DEFINITIONAL_REPRESENTATION('',(#2373),#2376);
#2373 = B_SPLINE_CURVE_WITH_KNOTS('',1,(#2374,#2375),.UNSPECIFIED.,.F.,
  .F.,(2,2),(0.,12.598223131436),.PIECEWISE_BEZIER_KNOTS.);
#2374 = CARTESIAN_POINT('',(0.,0.));
#2375 = CARTESIAN_POINT('',(12.598223131436,0.));
#2376 = ( GEOMETRIC_REPRESENTATION_CONTEXT(2) 
PARAMETRIC_REPRESENTATION_CONTEXT() REPRESENTATION_CONTEXT('2D SPACE',''
  ) );
#2377 = ORIENTED_EDGE('',*,*,#2378,.T.);
#2378 = EDGE_CURVE('',#2354,#2379,#2381,.T.);
#2379 = VERTEX_POINT('',#2380);
#2380 = CARTESIAN_POINT('',(82.692619779929,-1.262874203698,
    26.400060960122));
#2381 = SURFACE_CURVE('',#2382,(#2385,#2391),.PCURVE_S1.);
#2382 = B_SPLINE_CURVE_WITH_KNOTS('',1,(#2383,#2384),.UNSPECIFIED.,.F.,
  .F.,(2,2),(0.,12.598223131436),.PIECEWISE_BEZIER_KNOTS.);
#2383 = CARTESIAN_POINT('',(82.632341530101,-0.948607346653,
    26.400060960122));
#2384 = CARTESIAN_POINT('',(82.692619779929,-1.262874203698,
    26.400060960122));
#2385 = PCURVE('',#31,#2386);
#2386 = DEFINITIONAL_REPRESENTATION('',(#2387),#2390);
#2387 = B_SPLINE_CURVE_WITH_KNOTS('',1,(#2388,#2389),.UNSPECIFIED.,.F.,
  .F.,(2,2),(0.,12.598223131436),.PIECEWISE_BEZIER_KNOTS.);
#2388 = CARTESIAN_POINT('',(-1.429046686104E+03,-1.67843218604E+03));
#2389 = CARTESIAN_POINT('',(-1.416673999942E+03,-1.680805340736E+03));
#2390 = ( GEOMETRIC_REPRESENTATION_CONTEXT(2) 
PARAMETRIC_REPRESENTATION_CONTEXT() REPRESENTATION_CONTEXT('2D SPACE',''
  ) );
#2391 = PCURVE('',#2392,#2397);
#2392 = B_SPLINE_SURFACE_WITH_KNOTS('',1,1,(
    (#2393,#2394)
    ,(#2395,#2396
    )),.UNSPECIFIED.,.F.,.F.,.F.,(2,2),(2,2),(0.,12.598223131436),(
    -141.732,0.),.PIECEWISE_BEZIER_KNOTS.);
#2393 = CARTESIAN_POINT('',(82.632341530101,-0.948607346653,
    30.000060960122));
#2394 = CARTESIAN_POINT('',(82.632341530101,-0.948607346653,
    26.400060960122));
#2395 = CARTESIAN_POINT('',(82.692619779929,-1.262874203698,
    30.000060960122));
#2396 = CARTESIAN_POINT('',(82.692619779929,-1.262874203698,
    26.400060960122));
#2397 = DEFINITIONAL_REPRESENTATION('',(#2398),#2401);
#2398 = B_SPLINE_CURVE_WITH_KNOTS('',1,(#2399,#2400),.UNSPECIFIED.,.F.,
  .F.,(2,2),(0.,12.598223131436),.PIECEWISE_BEZIER_KNOTS.);
#2399 = CARTESIAN_POINT('',(0.,0.));
#2400 = CARTESIAN_POINT('',(12.598223131436,0.));
#2401 = ( GEOMETRIC_REPRESENTATION_CONTEXT(2) 
PARAMETRIC_REPRESENTATION_CONTEXT() REPRESENTATION_CONTEXT('2D SPACE',''
  ) );
#2402 = ORIENTED_EDGE('',*,*,#2403,.T.);
#2403 = EDGE_CURVE('',#2379,#2404,#2406,.T.);
#2404 = VERTEX_POINT('',#2405);
#2405 = CARTESIAN_POINT('',(82.731601936264,-1.580486414305,
    26.400060960122));
#2406 = SURFACE_CURVE('',#2407,(#2410,#2416),.PCURVE_S1.);
#2407 = B_SPLINE_CURVE_WITH_KNOTS('',1,(#2408,#2409),.UNSPECIFIED.,.F.,
  .F.,(2,2),(0.,12.598223131436),.PIECEWISE_BEZIER_KNOTS.);
#2408 = CARTESIAN_POINT('',(82.692619779929,-1.262874203698,
    26.400060960122));
#2409 = CARTESIAN_POINT('',(82.731601936264,-1.580486414305,
    26.400060960122));
#2410 = PCURVE('',#31,#2411);
#2411 = DEFINITIONAL_REPRESENTATION('',(#2412),#2415);
#2412 = B_SPLINE_CURVE_WITH_KNOTS('',1,(#2413,#2414),.UNSPECIFIED.,.F.,
  .F.,(2,2),(0.,12.598223131436),.PIECEWISE_BEZIER_KNOTS.);
#2413 = CARTESIAN_POINT('',(-1.416673999942E+03,-1.680805340736E+03));
#2414 = CARTESIAN_POINT('',(-1.404169607211E+03,-1.682340068231E+03));
#2415 = ( GEOMETRIC_REPRESENTATION_CONTEXT(2) 
PARAMETRIC_REPRESENTATION_CONTEXT() REPRESENTATION_CONTEXT('2D SPACE',''
  ) );
#2416 = PCURVE('',#2417,#2422);
#2417 = B_SPLINE_SURFACE_WITH_KNOTS('',1,1,(
    (#2418,#2419)
    ,(#2420,#2421
    )),.UNSPECIFIED.,.F.,.F.,.F.,(2,2),(2,2),(0.,12.598223131436),(
    -141.732,0.),.PIECEWISE_BEZIER_KNOTS.);
#2418 = CARTESIAN_POINT('',(82.692619779929,-1.262874203698,
    30.000060960122));
#2419 = CARTESIAN_POINT('',(82.692619779929,-1.262874203698,
    26.400060960122));
#2420 = CARTESIAN_POINT('',(82.731601936264,-1.580486414305,
    30.000060960122));
#2421 = CARTESIAN_POINT('',(82.731601936264,-1.580486414305,
    26.400060960122));
#2422 = DEFINITIONAL_REPRESENTATION('',(#2423),#2426);
#2423 = B_SPLINE_CURVE_WITH_KNOTS('',1,(#2424,#2425),.UNSPECIFIED.,.F.,
  .F.,(2,2),(0.,12.598223131436),.PIECEWISE_BEZIER_KNOTS.);
#2424 = CARTESIAN_POINT('',(0.,0.));
#2425 = CARTESIAN_POINT('',(12.598223131436,0.));
#2426 = ( GEOMETRIC_REPRESENTATION_CONTEXT(2) 
PARAMETRIC_REPRESENTATION_CONTEXT() REPRESENTATION_CONTEXT('2D SPACE',''
  ) );
#2427 = ORIENTED_EDGE('',*,*,#2428,.T.);
#2428 = EDGE_CURVE('',#2404,#2429,#2431,.T.);
#2429 = VERTEX_POINT('',#2430);
#2430 = CARTESIAN_POINT('',(82.749111084059,-1.900002540005,
    26.400060960122));
#2431 = SURFACE_CURVE('',#2432,(#2435,#2441),.PCURVE_S1.);
#2432 = B_SPLINE_CURVE_WITH_KNOTS('',1,(#2433,#2434),.UNSPECIFIED.,.F.,
  .F.,(2,2),(0.,12.598223131437),.PIECEWISE_BEZIER_KNOTS.);
#2433 = CARTESIAN_POINT('',(82.731601936264,-1.580486414305,
    26.400060960122));
#2434 = CARTESIAN_POINT('',(82.749111084059,-1.900002540005,
    26.400060960122));
#2435 = PCURVE('',#31,#2436);
#2436 = DEFINITIONAL_REPRESENTATION('',(#2437),#2440);
#2437 = B_SPLINE_CURVE_WITH_KNOTS('',1,(#2438,#2439),.UNSPECIFIED.,.F.,
  .F.,(2,2),(0.,12.598223131437),.PIECEWISE_BEZIER_KNOTS.);
#2438 = CARTESIAN_POINT('',(-1.404169607211E+03,-1.682340068231E+03));
#2439 = CARTESIAN_POINT('',(-1.391590257342E+03,-1.683029403379E+03));
#2440 = ( GEOMETRIC_REPRESENTATION_CONTEXT(2) 
PARAMETRIC_REPRESENTATION_CONTEXT() REPRESENTATION_CONTEXT('2D SPACE',''
  ) );
#2441 = PCURVE('',#2442,#2447);
#2442 = B_SPLINE_SURFACE_WITH_KNOTS('',1,1,(
    (#2443,#2444)
    ,(#2445,#2446
    )),.UNSPECIFIED.,.F.,.F.,.F.,(2,2),(2,2),(0.,12.598223131437),(
    -141.732,0.),.PIECEWISE_BEZIER_KNOTS.);
#2443 = CARTESIAN_POINT('',(82.731601936264,-1.580486414305,
    30.000060960122));
#2444 = CARTESIAN_POINT('',(82.731601936264,-1.580486414305,
    26.400060960122));
#2445 = CARTESIAN_POINT('',(82.749111084059,-1.900002540005,
    30.000060960122));
#2446 = CARTESIAN_POINT('',(82.749111084059,-1.900002540005,
    26.400060960122));
#2447 = DEFINITIONAL_REPRESENTATION('',(#2448),#2451);
#2448 = B_SPLINE_CURVE_WITH_KNOTS('',1,(#2449,#2450),.UNSPECIFIED.,.F.,
  .F.,(2,2),(0.,12.598223131437),.PIECEWISE_BEZIER_KNOTS.);
#2449 = CARTESIAN_POINT('',(0.,0.));
#2450 = CARTESIAN_POINT('',(12.598223131437,0.));
#2451 = ( GEOMETRIC_REPRESENTATION_CONTEXT(2) 
PARAMETRIC_REPRESENTATION_CONTEXT() REPRESENTATION_CONTEXT('2D SPACE',''
  ) );
#2452 = ORIENTED_EDGE('',*,*,#2453,.T.);
#2453 = EDGE_CURVE('',#2429,#24,#2454,.T.);
#2454 = SURFACE_CURVE('',#2455,(#2458,#2464),.PCURVE_S1.);
#2455 = B_SPLINE_CURVE_WITH_KNOTS('',1,(#2456,#2457),.UNSPECIFIED.,.F.,
  .F.,(2,2),(0.,62.950653379382),.PIECEWISE_BEZIER_KNOTS.);
#2456 = CARTESIAN_POINT('',(82.749111084059,-1.900002540005,
    26.400060960122));
#2457 = CARTESIAN_POINT('',(81.150161290323,-1.900002540005,
    26.400060960122));
#2458 = PCURVE('',#31,#2459);
#2459 = DEFINITIONAL_REPRESENTATION('',(#2460),#2463);
#2460 = B_SPLINE_CURVE_WITH_KNOTS('',1,(#2461,#2462),.UNSPECIFIED.,.F.,
  .F.,(2,2),(0.,62.950653379382),.PIECEWISE_BEZIER_KNOTS.);
#2461 = CARTESIAN_POINT('',(-1.391590257342E+03,-1.683029403379E+03));
#2462 = CARTESIAN_POINT('',(-1.391590257342E+03,-1.62007875E+03));
#2463 = ( GEOMETRIC_REPRESENTATION_CONTEXT(2) 
PARAMETRIC_REPRESENTATION_CONTEXT() REPRESENTATION_CONTEXT('2D SPACE',''
  ) );
#2464 = PCURVE('',#2465,#2470);
#2465 = B_SPLINE_SURFACE_WITH_KNOTS('',1,1,(
    (#2466,#2467)
    ,(#2468,#2469
    )),.UNSPECIFIED.,.F.,.F.,.F.,(2,2),(2,2),(0.,125.94265337938),(
    -141.732,0.),.PIECEWISE_BEZIER_KNOTS.);
#2466 = CARTESIAN_POINT('',(82.749111084059,-1.900002540005,
    30.000060960122));
#2467 = CARTESIAN_POINT('',(82.749111084059,-1.900002540005,
    26.400060960122));
#2468 = CARTESIAN_POINT('',(79.550161290323,-1.900002540005,
    30.000060960122));
#2469 = CARTESIAN_POINT('',(79.550161290323,-1.900002540005,
    26.400060960122));
#2470 = DEFINITIONAL_REPRESENTATION('',(#2471),#2474);
#2471 = B_SPLINE_CURVE_WITH_KNOTS('',1,(#2472,#2473),.UNSPECIFIED.,.F.,
  .F.,(2,2),(0.,62.950653379382),.PIECEWISE_BEZIER_KNOTS.);
#2472 = CARTESIAN_POINT('',(0.,0.));
#2473 = CARTESIAN_POINT('',(62.950653379383,0.));
#2474 = ( GEOMETRIC_REPRESENTATION_CONTEXT(2) 
PARAMETRIC_REPRESENTATION_CONTEXT() REPRESENTATION_CONTEXT('2D SPACE',''
  ) );
#2475 = FACE_BOUND('',#2476,.T.);
#2476 = EDGE_LOOP('',(#2477,#2504,#2529,#2554));
#2477 = ORIENTED_EDGE('',*,*,#2478,.F.);
#2478 = EDGE_CURVE('',#2479,#2481,#2483,.T.);
#2479 = VERTEX_POINT('',#2480);
#2480 = CARTESIAN_POINT('',(16.000033020066,-28.00005588011,
    26.400060960122));
#2481 = VERTEX_POINT('',#2482);
#2482 = CARTESIAN_POINT('',(16.000033020066,-20.00004064008,
    26.400060960122));
#2483 = SURFACE_CURVE('',#2484,(#2487,#2493),.PCURVE_S1.);
#2484 = B_SPLINE_CURVE_WITH_KNOTS('',1,(#2485,#2486),.UNSPECIFIED.,.F.,
  .F.,(2,2),(182.01557867101,496.97617867101),.PIECEWISE_BEZIER_KNOTS.);
#2485 = CARTESIAN_POINT('',(16.000033020066,-28.00005588011,
    26.400060960122));
#2486 = CARTESIAN_POINT('',(16.000033020066,-20.00004064008,
    26.400060960122));
#2487 = PCURVE('',#31,#2488);
#2488 = DEFINITIONAL_REPRESENTATION('',(#2489),#2492);
#2489 = B_SPLINE_CURVE_WITH_KNOTS('',1,(#2490,#2491),.UNSPECIFIED.,.F.,
  .F.,(2,2),(182.01557867101,496.97617867101),.PIECEWISE_BEZIER_KNOTS.);
#2490 = CARTESIAN_POINT('',(-364.031157342,944.8818));
#2491 = CARTESIAN_POINT('',(-678.991757342,944.8818));
#2492 = ( GEOMETRIC_REPRESENTATION_CONTEXT(2) 
PARAMETRIC_REPRESENTATION_CONTEXT() REPRESENTATION_CONTEXT('2D SPACE',''
  ) );
#2493 = PCURVE('',#2494,#2499);
#2494 = B_SPLINE_SURFACE_WITH_KNOTS('',1,1,(
    (#2495,#2496)
    ,(#2497,#2498
  )),.UNSPECIFIED.,.F.,.F.,.F.,(2,2),(2,2),(0.,314.9606),(-393.7008,
    -251.9688),.PIECEWISE_BEZIER_KNOTS.);
#2495 = CARTESIAN_POINT('',(16.000033020066,-28.00005588011,
    30.000060960122));
#2496 = CARTESIAN_POINT('',(16.000033020066,-28.00005588011,
    26.400060960122));
#2497 = CARTESIAN_POINT('',(16.000033020066,-20.00004064008,
    30.000060960122));
#2498 = CARTESIAN_POINT('',(16.000033020066,-20.00004064008,
    26.400060960122));
#2499 = DEFINITIONAL_REPRESENTATION('',(#2500),#2503);
#2500 = B_SPLINE_CURVE_WITH_KNOTS('',1,(#2501,#2502),.UNSPECIFIED.,.F.,
  .F.,(2,2),(182.01557867101,496.97617867101),.PIECEWISE_BEZIER_KNOTS.);
#2501 = CARTESIAN_POINT('',(0.,-251.9688));
#2502 = CARTESIAN_POINT('',(314.9606,-251.9688));
#2503 = ( GEOMETRIC_REPRESENTATION_CONTEXT(2) 
PARAMETRIC_REPRESENTATION_CONTEXT() REPRESENTATION_CONTEXT('2D SPACE',''
  ) );
#2504 = ORIENTED_EDGE('',*,*,#2505,.F.);
#2505 = EDGE_CURVE('',#2506,#2479,#2508,.T.);
#2506 = VERTEX_POINT('',#2507);
#2507 = CARTESIAN_POINT('',(56.000111760224,-28.00005588011,
    26.400060960122));
#2508 = SURFACE_CURVE('',#2509,(#2512,#2518),.PCURVE_S1.);
#2509 = B_SPLINE_CURVE_WITH_KNOTS('',1,(#2510,#2511),.UNSPECIFIED.,.F.,
  .F.,(2,2),(-314.9606499999,1.25984245E+03),.PIECEWISE_BEZIER_KNOTS.);
#2510 = CARTESIAN_POINT('',(56.000111760224,-28.00005588011,
    26.400060960122));
#2511 = CARTESIAN_POINT('',(16.000033020066,-28.00005588011,
    26.400060960122));
#2512 = PCURVE('',#31,#2513);
#2513 = DEFINITIONAL_REPRESENTATION('',(#2514),#2517);
#2514 = B_SPLINE_CURVE_WITH_KNOTS('',1,(#2515,#2516),.UNSPECIFIED.,.F.,
  .F.,(2,2),(-314.9606499999,1.25984245E+03),.PIECEWISE_BEZIER_KNOTS.);
#2515 = CARTESIAN_POINT('',(-364.031157342,-629.9212999999));
#2516 = CARTESIAN_POINT('',(-364.031157342,944.8818));
#2517 = ( GEOMETRIC_REPRESENTATION_CONTEXT(2) 
PARAMETRIC_REPRESENTATION_CONTEXT() REPRESENTATION_CONTEXT('2D SPACE',''
  ) );
#2518 = PCURVE('',#2519,#2524);
#2519 = B_SPLINE_SURFACE_WITH_KNOTS('',1,1,(
    (#2520,#2521)
    ,(#2522,#2523
    )),.UNSPECIFIED.,.F.,.F.,.F.,(2,2),(2,2),(0.,1.5748031E+03),(
    -393.7008,-251.9688),.PIECEWISE_BEZIER_KNOTS.);
#2520 = CARTESIAN_POINT('',(56.000111760224,-28.00005588011,
    30.000060960122));
#2521 = CARTESIAN_POINT('',(56.000111760224,-28.00005588011,
    26.400060960122));
#2522 = CARTESIAN_POINT('',(16.000033020066,-28.00005588011,
    30.000060960122));
#2523 = CARTESIAN_POINT('',(16.000033020066,-28.00005588011,
    26.400060960122));
#2524 = DEFINITIONAL_REPRESENTATION('',(#2525),#2528);
#2525 = B_SPLINE_CURVE_WITH_KNOTS('',1,(#2526,#2527),.UNSPECIFIED.,.F.,
  .F.,(2,2),(-314.9606499999,1.25984245E+03),.PIECEWISE_BEZIER_KNOTS.);
#2526 = CARTESIAN_POINT('',(0.,-251.9688));
#2527 = CARTESIAN_POINT('',(1.5748031E+03,-251.9688));
#2528 = ( GEOMETRIC_REPRESENTATION_CONTEXT(2) 
PARAMETRIC_REPRESENTATION_CONTEXT() REPRESENTATION_CONTEXT('2D SPACE',''
  ) );
#2529 = ORIENTED_EDGE('',*,*,#2530,.F.);
#2530 = EDGE_CURVE('',#2531,#2506,#2533,.T.);
#2531 = VERTEX_POINT('',#2532);
#2532 = CARTESIAN_POINT('',(56.000111760224,-20.00004064008,
    26.400060960122));
#2533 = SURFACE_CURVE('',#2534,(#2537,#2543),.PCURVE_S1.);
#2534 = B_SPLINE_CURVE_WITH_KNOTS('',1,(#2535,#2536),.UNSPECIFIED.,.F.,
  .F.,(2,2),(-339.495878671,-24.53527867101),.PIECEWISE_BEZIER_KNOTS.);
#2535 = CARTESIAN_POINT('',(56.000111760224,-20.00004064008,
    26.400060960122));
#2536 = CARTESIAN_POINT('',(56.000111760224,-28.00005588011,
    26.400060960122));
#2537 = PCURVE('',#31,#2538);
#2538 = DEFINITIONAL_REPRESENTATION('',(#2539),#2542);
#2539 = B_SPLINE_CURVE_WITH_KNOTS('',1,(#2540,#2541),.UNSPECIFIED.,.F.,
  .F.,(2,2),(-339.495878671,-24.53527867101),.PIECEWISE_BEZIER_KNOTS.);
#2540 = CARTESIAN_POINT('',(-678.991757342,-629.9212999999));
#2541 = CARTESIAN_POINT('',(-364.031157342,-629.9212999999));
#2542 = ( GEOMETRIC_REPRESENTATION_CONTEXT(2) 
PARAMETRIC_REPRESENTATION_CONTEXT() REPRESENTATION_CONTEXT('2D SPACE',''
  ) );
#2543 = PCURVE('',#2544,#2549);
#2544 = B_SPLINE_SURFACE_WITH_KNOTS('',1,1,(
    (#2545,#2546)
    ,(#2547,#2548
  )),.UNSPECIFIED.,.F.,.F.,.F.,(2,2),(2,2),(0.,314.9606),(-393.7008,
    -251.9688),.PIECEWISE_BEZIER_KNOTS.);
#2545 = CARTESIAN_POINT('',(56.000111760224,-20.00004064008,
    30.000060960122));
#2546 = CARTESIAN_POINT('',(56.000111760224,-20.00004064008,
    26.400060960122));
#2547 = CARTESIAN_POINT('',(56.000111760224,-28.00005588011,
    30.000060960122));
#2548 = CARTESIAN_POINT('',(56.000111760224,-28.00005588011,
    26.400060960122));
#2549 = DEFINITIONAL_REPRESENTATION('',(#2550),#2553);
#2550 = B_SPLINE_CURVE_WITH_KNOTS('',1,(#2551,#2552),.UNSPECIFIED.,.F.,
  .F.,(2,2),(-339.495878671,-24.53527867101),.PIECEWISE_BEZIER_KNOTS.);
#2551 = CARTESIAN_POINT('',(0.,-251.9688));
#2552 = CARTESIAN_POINT('',(314.9606,-251.9688));
#2553 = ( GEOMETRIC_REPRESENTATION_CONTEXT(2) 
PARAMETRIC_REPRESENTATION_CONTEXT() REPRESENTATION_CONTEXT('2D SPACE',''
  ) );
#2554 = ORIENTED_EDGE('',*,*,#2555,.F.);
#2555 = EDGE_CURVE('',#2481,#2531,#2556,.T.);
#2556 = SURFACE_CURVE('',#2557,(#2560,#2566),.PCURVE_S1.);
#2557 = B_SPLINE_CURVE_WITH_KNOTS('',1,(#2558,#2559),.UNSPECIFIED.,.F.,
  .F.,(2,2),(-472.4409,1.1023622E+03),.PIECEWISE_BEZIER_KNOTS.);
#2558 = CARTESIAN_POINT('',(16.000033020066,-20.00004064008,
    26.400060960122));
#2559 = CARTESIAN_POINT('',(56.000111760224,-20.00004064008,
    26.400060960122));
#2560 = PCURVE('',#31,#2561);
#2561 = DEFINITIONAL_REPRESENTATION('',(#2562),#2565);
#2562 = B_SPLINE_CURVE_WITH_KNOTS('',1,(#2563,#2564),.UNSPECIFIED.,.F.,
  .F.,(2,2),(-472.4409,1.1023622E+03),.PIECEWISE_BEZIER_KNOTS.);
#2563 = CARTESIAN_POINT('',(-678.991757342,944.8818));
#2564 = CARTESIAN_POINT('',(-678.991757342,-629.9212999999));
#2565 = ( GEOMETRIC_REPRESENTATION_CONTEXT(2) 
PARAMETRIC_REPRESENTATION_CONTEXT() REPRESENTATION_CONTEXT('2D SPACE',''
  ) );
#2566 = PCURVE('',#2567,#2572);
#2567 = B_SPLINE_SURFACE_WITH_KNOTS('',1,1,(
    (#2568,#2569)
    ,(#2570,#2571
    )),.UNSPECIFIED.,.F.,.F.,.F.,(2,2),(2,2),(0.,1.5748031E+03),(
    -393.7008,-251.9688),.PIECEWISE_BEZIER_KNOTS.);
#2568 = CARTESIAN_POINT('',(16.000033020066,-20.00004064008,
    30.000060960122));
#2569 = CARTESIAN_POINT('',(16.000033020066,-20.00004064008,
    26.400060960122));
#2570 = CARTESIAN_POINT('',(56.000111760224,-20.00004064008,
    30.000060960122));
#2571 = CARTESIAN_POINT('',(56.000111760224,-20.00004064008,
    26.400060960122));
#2572 = DEFINITIONAL_REPRESENTATION('',(#2573),#2576);
#2573 = B_SPLINE_CURVE_WITH_KNOTS('',1,(#2574,#2575),.UNSPECIFIED.,.F.,
  .F.,(2,2),(-472.4409,1.1023622E+03),.PIECEWISE_BEZIER_KNOTS.);
#2574 = CARTESIAN_POINT('',(0.,-251.9688));
#2575 = CARTESIAN_POINT('',(1.5748031E+03,-251.9688));
#2576 = ( GEOMETRIC_REPRESENTATION_CONTEXT(2) 
PARAMETRIC_REPRESENTATION_CONTEXT() REPRESENTATION_CONTEXT('2D SPACE',''
  ) );
#2577 = ADVANCED_FACE('',(#2578),#42,.F.);
#2578 = FACE_BOUND('',#2579,.F.);
#2579 = EDGE_LOOP('',(#2580,#2581,#2601,#2626));
#2580 = ORIENTED_EDGE('',*,*,#21,.F.);
#2581 = ORIENTED_EDGE('',*,*,#2582,.T.);
#2582 = EDGE_CURVE('',#22,#2583,#2585,.T.);
#2583 = VERTEX_POINT('',#2584);
#2584 = CARTESIAN_POINT('',(81.150161290323,-78.00015494031,
    28.400060960122));
#2585 = SURFACE_CURVE('',#2586,(#2589,#2595),.PCURVE_S1.);
#2586 = B_SPLINE_CURVE_WITH_KNOTS('',1,(#2587,#2588),.UNSPECIFIED.,.F.,
  .F.,(2,2),(0.,78.74),.PIECEWISE_BEZIER_KNOTS.);
#2587 = CARTESIAN_POINT('',(81.150161290323,-78.00015494031,
    26.400060960122));
#2588 = CARTESIAN_POINT('',(81.150161290323,-78.00015494031,
    28.400060960122));
#2589 = PCURVE('',#42,#2590);
#2590 = DEFINITIONAL_REPRESENTATION('',(#2591),#2594);
#2591 = B_SPLINE_CURVE_WITH_KNOTS('',1,(#2592,#2593),.UNSPECIFIED.,.F.,
  .F.,(2,2),(0.,78.74),.PIECEWISE_BEZIER_KNOTS.);
#2592 = CARTESIAN_POINT('',(0.,0.));
#2593 = CARTESIAN_POINT('',(0.,-78.74));
#2594 = ( GEOMETRIC_REPRESENTATION_CONTEXT(2) 
PARAMETRIC_REPRESENTATION_CONTEXT() REPRESENTATION_CONTEXT('2D SPACE',''
  ) );
#2595 = PCURVE('',#67,#2596);
#2596 = DEFINITIONAL_REPRESENTATION('',(#2597),#2600);
#2597 = B_SPLINE_CURVE_WITH_KNOTS('',1,(#2598,#2599),.UNSPECIFIED.,.F.,
  .F.,(2,2),(0.,78.74),.PIECEWISE_BEZIER_KNOTS.);
#2598 = CARTESIAN_POINT('',(8.468070771091,0.));
#2599 = CARTESIAN_POINT('',(8.468070771091,-78.74));
#2600 = ( GEOMETRIC_REPRESENTATION_CONTEXT(2) 
PARAMETRIC_REPRESENTATION_CONTEXT() REPRESENTATION_CONTEXT('2D SPACE',''
  ) );
#2601 = ORIENTED_EDGE('',*,*,#2602,.T.);
#2602 = EDGE_CURVE('',#2583,#2603,#2605,.T.);
#2603 = VERTEX_POINT('',#2604);
#2604 = CARTESIAN_POINT('',(81.150161290323,-1.900002540005,
    28.400060960122));
#2605 = SURFACE_CURVE('',#2606,(#2609,#2615),.PCURVE_S1.);
#2606 = B_SPLINE_CURVE_WITH_KNOTS('',1,(#2607,#2608),.UNSPECIFIED.,.F.,
  .F.,(2,2),(0.,2.996063E+03),.PIECEWISE_BEZIER_KNOTS.);
#2607 = CARTESIAN_POINT('',(81.150161290323,-78.00015494031,
    28.400060960122));
#2608 = CARTESIAN_POINT('',(81.150161290323,-1.900002540005,
    28.400060960122));
#2609 = PCURVE('',#42,#2610);
#2610 = DEFINITIONAL_REPRESENTATION('',(#2611),#2614);
#2611 = B_SPLINE_CURVE_WITH_KNOTS('',1,(#2612,#2613),.UNSPECIFIED.,.F.,
  .F.,(2,2),(0.,2.996063E+03),.PIECEWISE_BEZIER_KNOTS.);
#2612 = CARTESIAN_POINT('',(0.,-78.74));
#2613 = CARTESIAN_POINT('',(2.996063E+03,-78.74));
#2614 = ( GEOMETRIC_REPRESENTATION_CONTEXT(2) 
PARAMETRIC_REPRESENTATION_CONTEXT() REPRESENTATION_CONTEXT('2D SPACE',''
  ) );
#2615 = PCURVE('',#2616,#2621);
#2616 = B_SPLINE_SURFACE_WITH_KNOTS('',1,1,(
    (#2617,#2618)
    ,(#2619,#2620
    )),.UNSPECIFIED.,.F.,.F.,.F.,(2,2),(2,2),(-1.586237051129E+03,
    1.533841698871E+03),(-1.62007875E+03,1.62007875E+03),
  .PIECEWISE_BEZIER_KNOTS.);
#2617 = CARTESIAN_POINT('',(81.150161290323,-81.15016129032,
    28.400060960122));
#2618 = CARTESIAN_POINT('',(-1.150003810008,-81.15016129032,
    28.400060960122));
#2619 = CARTESIAN_POINT('',(81.150161290323,-1.900002540005,
    28.400060960122));
#2620 = CARTESIAN_POINT('',(-1.150003810008,-1.900002540005,
    28.400060960122));
#2621 = DEFINITIONAL_REPRESENTATION('',(#2622),#2625);
#2622 = B_SPLINE_CURVE_WITH_KNOTS('',1,(#2623,#2624),.UNSPECIFIED.,.F.,
  .F.,(2,2),(0.,2.996063E+03),.PIECEWISE_BEZIER_KNOTS.);
#2623 = CARTESIAN_POINT('',(-1.462221301129E+03,-1.62007875E+03));
#2624 = CARTESIAN_POINT('',(1.533841698871E+03,-1.62007875E+03));
#2625 = ( GEOMETRIC_REPRESENTATION_CONTEXT(2) 
PARAMETRIC_REPRESENTATION_CONTEXT() REPRESENTATION_CONTEXT('2D SPACE',''
  ) );
#2626 = ORIENTED_EDGE('',*,*,#2627,.T.);
#2627 = EDGE_CURVE('',#2603,#24,#2628,.T.);
#2628 = SURFACE_CURVE('',#2629,(#2632,#2638),.PCURVE_S1.);
#2629 = B_SPLINE_CURVE_WITH_KNOTS('',1,(#2630,#2631),.UNSPECIFIED.,.F.,
  .F.,(2,2),(-78.74,0.),.PIECEWISE_BEZIER_KNOTS.);
#2630 = CARTESIAN_POINT('',(81.150161290323,-1.900002540005,
    28.400060960122));
#2631 = CARTESIAN_POINT('',(81.150161290323,-1.900002540005,
    26.400060960122));
#2632 = PCURVE('',#42,#2633);
#2633 = DEFINITIONAL_REPRESENTATION('',(#2634),#2637);
#2634 = B_SPLINE_CURVE_WITH_KNOTS('',1,(#2635,#2636),.UNSPECIFIED.,.F.,
  .F.,(2,2),(-78.74,0.),.PIECEWISE_BEZIER_KNOTS.);
#2635 = CARTESIAN_POINT('',(2.996063E+03,-78.74));
#2636 = CARTESIAN_POINT('',(2.996063E+03,0.));
#2637 = ( GEOMETRIC_REPRESENTATION_CONTEXT(2) 
PARAMETRIC_REPRESENTATION_CONTEXT() REPRESENTATION_CONTEXT('2D SPACE',''
  ) );
#2638 = PCURVE('',#2465,#2639);
#2639 = DEFINITIONAL_REPRESENTATION('',(#2640),#2643);
#2640 = B_SPLINE_CURVE_WITH_KNOTS('',1,(#2641,#2642),.UNSPECIFIED.,.F.,
  .F.,(2,2),(-78.74,0.),.PIECEWISE_BEZIER_KNOTS.);
#2641 = CARTESIAN_POINT('',(62.950653379382,-78.74));
#2642 = CARTESIAN_POINT('',(62.950653379382,0.));
#2643 = ( GEOMETRIC_REPRESENTATION_CONTEXT(2) 
PARAMETRIC_REPRESENTATION_CONTEXT() REPRESENTATION_CONTEXT('2D SPACE',''
  ) );
#2644 = ADVANCED_FACE('',(#2645),#67,.F.);
#2645 = FACE_BOUND('',#2646,.F.);
#2646 = EDGE_LOOP('',(#2647,#2667,#2685,#2686));
#2647 = ORIENTED_EDGE('',*,*,#2648,.T.);
#2648 = EDGE_CURVE('',#54,#2649,#2651,.T.);
#2649 = VERTEX_POINT('',#2650);
#2650 = CARTESIAN_POINT('',(81.142817898469,-78.21511897574,
    28.400060960122));
#2651 = SURFACE_CURVE('',#2652,(#2655,#2661),.PCURVE_S1.);
#2652 = B_SPLINE_CURVE_WITH_KNOTS('',1,(#2653,#2654),.UNSPECIFIED.,.F.,
  .F.,(2,2),(0.,78.74),.PIECEWISE_BEZIER_KNOTS.);
#2653 = CARTESIAN_POINT('',(81.142817898469,-78.21511897574,
    26.400060960122));
#2654 = CARTESIAN_POINT('',(81.142817898469,-78.21511897574,
    28.400060960122));
#2655 = PCURVE('',#67,#2656);
#2656 = DEFINITIONAL_REPRESENTATION('',(#2657),#2660);
#2657 = B_SPLINE_CURVE_WITH_KNOTS('',1,(#2658,#2659),.UNSPECIFIED.,.F.,
  .F.,(2,2),(0.,78.74),.PIECEWISE_BEZIER_KNOTS.);
#2658 = CARTESIAN_POINT('',(0.,0.));
#2659 = CARTESIAN_POINT('',(0.,-78.74));
#2660 = ( GEOMETRIC_REPRESENTATION_CONTEXT(2) 
PARAMETRIC_REPRESENTATION_CONTEXT() REPRESENTATION_CONTEXT('2D SPACE',''
  ) );
#2661 = PCURVE('',#92,#2662);
#2662 = DEFINITIONAL_REPRESENTATION('',(#2663),#2666);
#2663 = B_SPLINE_CURVE_WITH_KNOTS('',1,(#2664,#2665),.UNSPECIFIED.,.F.,
  .F.,(2,2),(0.,78.74),.PIECEWISE_BEZIER_KNOTS.);
#2664 = CARTESIAN_POINT('',(8.468070771091,0.));
#2665 = CARTESIAN_POINT('',(8.468070771091,-78.74));
#2666 = ( GEOMETRIC_REPRESENTATION_CONTEXT(2) 
PARAMETRIC_REPRESENTATION_CONTEXT() REPRESENTATION_CONTEXT('2D SPACE',''
  ) );
#2667 = ORIENTED_EDGE('',*,*,#2668,.T.);
#2668 = EDGE_CURVE('',#2649,#2583,#2669,.T.);
#2669 = SURFACE_CURVE('',#2670,(#2673,#2679),.PCURVE_S1.);
#2670 = B_SPLINE_CURVE_WITH_KNOTS('',1,(#2671,#2672),.UNSPECIFIED.,.F.,
  .F.,(2,2),(0.,8.468070771091),.PIECEWISE_BEZIER_KNOTS.);
#2671 = CARTESIAN_POINT('',(81.142817898469,-78.21511897574,
    28.400060960122));
#2672 = CARTESIAN_POINT('',(81.150161290323,-78.00015494031,
    28.400060960122));
#2673 = PCURVE('',#67,#2674);
#2674 = DEFINITIONAL_REPRESENTATION('',(#2675),#2678);
#2675 = B_SPLINE_CURVE_WITH_KNOTS('',1,(#2676,#2677),.UNSPECIFIED.,.F.,
  .F.,(2,2),(0.,8.468070771091),.PIECEWISE_BEZIER_KNOTS.);
#2676 = CARTESIAN_POINT('',(0.,-78.74));
#2677 = CARTESIAN_POINT('',(8.468070771091,-78.74));
#2678 = ( GEOMETRIC_REPRESENTATION_CONTEXT(2) 
PARAMETRIC_REPRESENTATION_CONTEXT() REPRESENTATION_CONTEXT('2D SPACE',''
  ) );
#2679 = PCURVE('',#2616,#2680);
#2680 = DEFINITIONAL_REPRESENTATION('',(#2681),#2684);
#2681 = B_SPLINE_CURVE_WITH_KNOTS('',1,(#2682,#2683),.UNSPECIFIED.,.F.,
  .F.,(2,2),(0.,8.468070771091),.PIECEWISE_BEZIER_KNOTS.);
#2682 = CARTESIAN_POINT('',(-1.470684435204E+03,-1.619789640663E+03));
#2683 = CARTESIAN_POINT('',(-1.462221301129E+03,-1.62007875E+03));
#2684 = ( GEOMETRIC_REPRESENTATION_CONTEXT(2) 
PARAMETRIC_REPRESENTATION_CONTEXT() REPRESENTATION_CONTEXT('2D SPACE',''
  ) );
#2685 = ORIENTED_EDGE('',*,*,#2582,.F.);
#2686 = ORIENTED_EDGE('',*,*,#53,.F.);
#2687 = ADVANCED_FACE('',(#2688),#2465,.T.);
#2688 = FACE_BOUND('',#2689,.T.);
#2689 = EDGE_LOOP('',(#2690,#2691,#2711,#2736,#2761,#2779));
#2690 = ORIENTED_EDGE('',*,*,#2453,.F.);
#2691 = ORIENTED_EDGE('',*,*,#2692,.T.);
#2692 = EDGE_CURVE('',#2429,#2693,#2695,.T.);
#2693 = VERTEX_POINT('',#2694);
#2694 = CARTESIAN_POINT('',(82.749111084059,-1.900002540005,
    30.000060960122));
#2695 = SURFACE_CURVE('',#2696,(#2699,#2705),.PCURVE_S1.);
#2696 = B_SPLINE_CURVE_WITH_KNOTS('',1,(#2697,#2698),.UNSPECIFIED.,.F.,
  .F.,(2,2),(0.,141.732),.PIECEWISE_BEZIER_KNOTS.);
#2697 = CARTESIAN_POINT('',(82.749111084059,-1.900002540005,
    26.400060960122));
#2698 = CARTESIAN_POINT('',(82.749111084059,-1.900002540005,
    30.000060960122));
#2699 = PCURVE('',#2465,#2700);
#2700 = DEFINITIONAL_REPRESENTATION('',(#2701),#2704);
#2701 = B_SPLINE_CURVE_WITH_KNOTS('',1,(#2702,#2703),.UNSPECIFIED.,.F.,
  .F.,(2,2),(0.,141.732),.PIECEWISE_BEZIER_KNOTS.);
#2702 = CARTESIAN_POINT('',(0.,0.));
#2703 = CARTESIAN_POINT('',(0.,-141.732));
#2704 = ( GEOMETRIC_REPRESENTATION_CONTEXT(2) 
PARAMETRIC_REPRESENTATION_CONTEXT() REPRESENTATION_CONTEXT('2D SPACE',''
  ) );
#2705 = PCURVE('',#2442,#2706);
#2706 = DEFINITIONAL_REPRESENTATION('',(#2707),#2710);
#2707 = B_SPLINE_CURVE_WITH_KNOTS('',1,(#2708,#2709),.UNSPECIFIED.,.F.,
  .F.,(2,2),(0.,141.732),.PIECEWISE_BEZIER_KNOTS.);
#2708 = CARTESIAN_POINT('',(12.598223131437,0.));
#2709 = CARTESIAN_POINT('',(12.598223131437,-141.732));
#2710 = ( GEOMETRIC_REPRESENTATION_CONTEXT(2) 
PARAMETRIC_REPRESENTATION_CONTEXT() REPRESENTATION_CONTEXT('2D SPACE',''
  ) );
#2711 = ORIENTED_EDGE('',*,*,#2712,.T.);
#2712 = EDGE_CURVE('',#2693,#2713,#2715,.T.);
#2713 = VERTEX_POINT('',#2714);
#2714 = CARTESIAN_POINT('',(79.550161290323,-1.900002540005,
    30.000060960122));
#2715 = SURFACE_CURVE('',#2716,(#2719,#2725),.PCURVE_S1.);
#2716 = B_SPLINE_CURVE_WITH_KNOTS('',1,(#2717,#2718),.UNSPECIFIED.,.F.,
  .F.,(2,2),(0.,125.94265337938),.PIECEWISE_BEZIER_KNOTS.);
#2717 = CARTESIAN_POINT('',(82.749111084059,-1.900002540005,
    30.000060960122));
#2718 = CARTESIAN_POINT('',(79.550161290323,-1.900002540005,
    30.000060960122));
#2719 = PCURVE('',#2465,#2720);
#2720 = DEFINITIONAL_REPRESENTATION('',(#2721),#2724);
#2721 = B_SPLINE_CURVE_WITH_KNOTS('',1,(#2722,#2723),.UNSPECIFIED.,.F.,
  .F.,(2,2),(0.,125.94265337938),.PIECEWISE_BEZIER_KNOTS.);
#2722 = CARTESIAN_POINT('',(0.,-141.732));
#2723 = CARTESIAN_POINT('',(125.94265337938,-141.732));
#2724 = ( GEOMETRIC_REPRESENTATION_CONTEXT(2) 
PARAMETRIC_REPRESENTATION_CONTEXT() REPRESENTATION_CONTEXT('2D SPACE',''
  ) );
#2725 = PCURVE('',#2726,#2731);
#2726 = B_SPLINE_SURFACE_WITH_KNOTS('',1,1,(
    (#2727,#2728)
    ,(#2729,#2730
    )),.UNSPECIFIED.,.F.,.F.,.F.,(2,2),(2,2),(-1.574661107342E+03,
    1.665496492658E+03),(-1.683029403379E+03,1.683029403379E+03),
  .PIECEWISE_BEZIER_KNOTS.);
#2727 = CARTESIAN_POINT('',(82.749111084059,2.750006350013,
    30.000060960122));
#2728 = CARTESIAN_POINT('',(-2.748953603744,2.750006350013,
    30.000060960122));
#2729 = CARTESIAN_POINT('',(82.749111084059,-79.55016129032,
    30.000060960122));
#2730 = CARTESIAN_POINT('',(-2.748953603744,-79.55016129032,
    30.000060960122));
#2731 = DEFINITIONAL_REPRESENTATION('',(#2732),#2735);
#2732 = B_SPLINE_CURVE_WITH_KNOTS('',1,(#2733,#2734),.UNSPECIFIED.,.F.,
  .F.,(2,2),(0.,125.94265337938),.PIECEWISE_BEZIER_KNOTS.);
#2733 = CARTESIAN_POINT('',(-1.391590257342E+03,-1.683029403379E+03));
#2734 = CARTESIAN_POINT('',(-1.391590257342E+03,-1.55708675E+03));
#2735 = ( GEOMETRIC_REPRESENTATION_CONTEXT(2) 
PARAMETRIC_REPRESENTATION_CONTEXT() REPRESENTATION_CONTEXT('2D SPACE',''
  ) );
#2736 = ORIENTED_EDGE('',*,*,#2737,.F.);
#2737 = EDGE_CURVE('',#2738,#2713,#2740,.T.);
#2738 = VERTEX_POINT('',#2739);
#2739 = CARTESIAN_POINT('',(79.550161290323,-1.900002540005,
    28.400060960122));
#2740 = SURFACE_CURVE('',#2741,(#2744,#2750),.PCURVE_S1.);
#2741 = B_SPLINE_CURVE_WITH_KNOTS('',1,(#2742,#2743),.UNSPECIFIED.,.F.,
  .F.,(2,2),(78.74,141.732),.PIECEWISE_BEZIER_KNOTS.);
#2742 = CARTESIAN_POINT('',(79.550161290323,-1.900002540005,
    28.400060960122));
#2743 = CARTESIAN_POINT('',(79.550161290323,-1.900002540005,
    30.000060960122));
#2744 = PCURVE('',#2465,#2745);
#2745 = DEFINITIONAL_REPRESENTATION('',(#2746),#2749);
#2746 = B_SPLINE_CURVE_WITH_KNOTS('',1,(#2747,#2748),.UNSPECIFIED.,.F.,
  .F.,(2,2),(78.74,141.732),.PIECEWISE_BEZIER_KNOTS.);
#2747 = CARTESIAN_POINT('',(125.94265337938,-78.74));
#2748 = CARTESIAN_POINT('',(125.94265337938,-141.732));
#2749 = ( GEOMETRIC_REPRESENTATION_CONTEXT(2) 
PARAMETRIC_REPRESENTATION_CONTEXT() REPRESENTATION_CONTEXT('2D SPACE',''
  ) );
#2750 = PCURVE('',#2751,#2756);
#2751 = B_SPLINE_SURFACE_WITH_KNOTS('',1,1,(
    (#2752,#2753)
    ,(#2754,#2755
    )),.UNSPECIFIED.,.F.,.F.,.F.,(2,2),(2,2),(0.,2.996063E+03),(-141.732
    ,-78.74),.PIECEWISE_BEZIER_KNOTS.);
#2752 = CARTESIAN_POINT('',(79.550161290323,-1.900002540005,
    30.000060960122));
#2753 = CARTESIAN_POINT('',(79.550161290323,-1.900002540005,
    28.400060960122));
#2754 = CARTESIAN_POINT('',(79.550161290323,-78.00015494031,
    30.000060960122));
#2755 = CARTESIAN_POINT('',(79.550161290323,-78.00015494031,
    28.400060960122));
#2756 = DEFINITIONAL_REPRESENTATION('',(#2757),#2760);
#2757 = B_SPLINE_CURVE_WITH_KNOTS('',1,(#2758,#2759),.UNSPECIFIED.,.F.,
  .F.,(2,2),(78.74,141.732),.PIECEWISE_BEZIER_KNOTS.);
#2758 = CARTESIAN_POINT('',(0.,-78.74));
#2759 = CARTESIAN_POINT('',(0.,-141.732));
#2760 = ( GEOMETRIC_REPRESENTATION_CONTEXT(2) 
PARAMETRIC_REPRESENTATION_CONTEXT() REPRESENTATION_CONTEXT('2D SPACE',''
  ) );
#2761 = ORIENTED_EDGE('',*,*,#2762,.F.);
#2762 = EDGE_CURVE('',#2603,#2738,#2763,.T.);
#2763 = SURFACE_CURVE('',#2764,(#2767,#2773),.PCURVE_S1.);
#2764 = B_SPLINE_CURVE_WITH_KNOTS('',1,(#2765,#2766),.UNSPECIFIED.,.F.,
  .F.,(2,2),(-778.5640483103,-715.5720483103),.PIECEWISE_BEZIER_KNOTS.);
#2765 = CARTESIAN_POINT('',(81.150161290323,-1.900002540005,
    28.400060960122));
#2766 = CARTESIAN_POINT('',(79.550161290323,-1.900002540005,
    28.400060960122));
#2767 = PCURVE('',#2465,#2768);
#2768 = DEFINITIONAL_REPRESENTATION('',(#2769),#2772);
#2769 = B_SPLINE_CURVE_WITH_KNOTS('',1,(#2770,#2771),.UNSPECIFIED.,.F.,
  .F.,(2,2),(-778.5640483103,-715.5720483103),.PIECEWISE_BEZIER_KNOTS.);
#2770 = CARTESIAN_POINT('',(62.950653379383,-78.74));
#2771 = CARTESIAN_POINT('',(125.94265337938,-78.74));
#2772 = ( GEOMETRIC_REPRESENTATION_CONTEXT(2) 
PARAMETRIC_REPRESENTATION_CONTEXT() REPRESENTATION_CONTEXT('2D SPACE',''
  ) );
#2773 = PCURVE('',#2616,#2774);
#2774 = DEFINITIONAL_REPRESENTATION('',(#2775),#2778);
#2775 = B_SPLINE_CURVE_WITH_KNOTS('',1,(#2776,#2777),.UNSPECIFIED.,.F.,
  .F.,(2,2),(-778.5640483103,-715.5720483103),.PIECEWISE_BEZIER_KNOTS.);
#2776 = CARTESIAN_POINT('',(1.533841698871E+03,-1.62007875E+03));
#2777 = CARTESIAN_POINT('',(1.533841698871E+03,-1.55708675E+03));
#2778 = ( GEOMETRIC_REPRESENTATION_CONTEXT(2) 
PARAMETRIC_REPRESENTATION_CONTEXT() REPRESENTATION_CONTEXT('2D SPACE',''
  ) );
#2779 = ORIENTED_EDGE('',*,*,#2627,.T.);
#2780 = ADVANCED_FACE('',(#2781),#92,.F.);
#2781 = FACE_BOUND('',#2782,.F.);
#2782 = EDGE_LOOP('',(#2783,#2803,#2821,#2822));
#2783 = ORIENTED_EDGE('',*,*,#2784,.T.);
#2784 = EDGE_CURVE('',#79,#2785,#2787,.T.);
#2785 = VERTEX_POINT('',#2786);
#2786 = CARTESIAN_POINT('',(81.120821961193,-78.42908074962,
    28.400060960122));
#2787 = SURFACE_CURVE('',#2788,(#2791,#2797),.PCURVE_S1.);
#2788 = B_SPLINE_CURVE_WITH_KNOTS('',1,(#2789,#2790),.UNSPECIFIED.,.F.,
  .F.,(2,2),(0.,78.74),.PIECEWISE_BEZIER_KNOTS.);
#2789 = CARTESIAN_POINT('',(81.120821961193,-78.42908074962,
    26.400060960122));
#2790 = CARTESIAN_POINT('',(81.120821961193,-78.42908074962,
    28.400060960122));
#2791 = PCURVE('',#92,#2792);
#2792 = DEFINITIONAL_REPRESENTATION('',(#2793),#2796);
#2793 = B_SPLINE_CURVE_WITH_KNOTS('',1,(#2794,#2795),.UNSPECIFIED.,.F.,
  .F.,(2,2),(0.,78.74),.PIECEWISE_BEZIER_KNOTS.);
#2794 = CARTESIAN_POINT('',(0.,0.));
#2795 = CARTESIAN_POINT('',(0.,-78.74));
#2796 = ( GEOMETRIC_REPRESENTATION_CONTEXT(2) 
PARAMETRIC_REPRESENTATION_CONTEXT() REPRESENTATION_CONTEXT('2D SPACE',''
  ) );
#2797 = PCURVE('',#117,#2798);
#2798 = DEFINITIONAL_REPRESENTATION('',(#2799),#2802);
#2799 = B_SPLINE_CURVE_WITH_KNOTS('',1,(#2800,#2801),.UNSPECIFIED.,.F.,
  .F.,(2,2),(0.,78.74),.PIECEWISE_BEZIER_KNOTS.);
#2800 = CARTESIAN_POINT('',(8.46807077109,0.));
#2801 = CARTESIAN_POINT('',(8.46807077109,-78.74));
#2802 = ( GEOMETRIC_REPRESENTATION_CONTEXT(2) 
PARAMETRIC_REPRESENTATION_CONTEXT() REPRESENTATION_CONTEXT('2D SPACE',''
  ) );
#2803 = ORIENTED_EDGE('',*,*,#2804,.T.);
#2804 = EDGE_CURVE('',#2785,#2649,#2805,.T.);
#2805 = SURFACE_CURVE('',#2806,(#2809,#2815),.PCURVE_S1.);
#2806 = B_SPLINE_CURVE_WITH_KNOTS('',1,(#2807,#2808),.UNSPECIFIED.,.F.,
  .F.,(2,2),(0.,8.468070771091),.PIECEWISE_BEZIER_KNOTS.);
#2807 = CARTESIAN_POINT('',(81.120821961193,-78.42908074962,
    28.400060960122));
#2808 = CARTESIAN_POINT('',(81.142817898469,-78.21511897574,
    28.400060960122));
#2809 = PCURVE('',#92,#2810);
#2810 = DEFINITIONAL_REPRESENTATION('',(#2811),#2814);
#2811 = B_SPLINE_CURVE_WITH_KNOTS('',1,(#2812,#2813),.UNSPECIFIED.,.F.,
  .F.,(2,2),(0.,8.468070771091),.PIECEWISE_BEZIER_KNOTS.);
#2812 = CARTESIAN_POINT('',(0.,-78.74));
#2813 = CARTESIAN_POINT('',(8.468070771091,-78.74));
#2814 = ( GEOMETRIC_REPRESENTATION_CONTEXT(2) 
PARAMETRIC_REPRESENTATION_CONTEXT() REPRESENTATION_CONTEXT('2D SPACE',''
  ) );
#2815 = PCURVE('',#2616,#2816);
#2816 = DEFINITIONAL_REPRESENTATION('',(#2817),#2820);
#2817 = B_SPLINE_CURVE_WITH_KNOTS('',1,(#2818,#2819),.UNSPECIFIED.,.F.,
  .F.,(2,2),(0.,8.468070771091),.PIECEWISE_BEZIER_KNOTS.);
#2818 = CARTESIAN_POINT('',(-1.479108110242E+03,-1.618923660612E+03));
#2819 = CARTESIAN_POINT('',(-1.470684435204E+03,-1.619789640663E+03));
#2820 = ( GEOMETRIC_REPRESENTATION_CONTEXT(2) 
PARAMETRIC_REPRESENTATION_CONTEXT() REPRESENTATION_CONTEXT('2D SPACE',''
  ) );
#2821 = ORIENTED_EDGE('',*,*,#2648,.F.);
#2822 = ORIENTED_EDGE('',*,*,#78,.F.);
#2823 = ADVANCED_FACE('',(#2824),#2442,.T.);
#2824 = FACE_BOUND('',#2825,.T.);
#2825 = EDGE_LOOP('',(#2826,#2846,#2864,#2865));
#2826 = ORIENTED_EDGE('',*,*,#2827,.T.);
#2827 = EDGE_CURVE('',#2404,#2828,#2830,.T.);
#2828 = VERTEX_POINT('',#2829);
#2829 = CARTESIAN_POINT('',(82.731601936264,-1.580486414305,
    30.000060960122));
#2830 = SURFACE_CURVE('',#2831,(#2834,#2840),.PCURVE_S1.);
#2831 = B_SPLINE_CURVE_WITH_KNOTS('',1,(#2832,#2833),.UNSPECIFIED.,.F.,
  .F.,(2,2),(0.,141.732),.PIECEWISE_BEZIER_KNOTS.);
#2832 = CARTESIAN_POINT('',(82.731601936264,-1.580486414305,
    26.400060960122));
#2833 = CARTESIAN_POINT('',(82.731601936264,-1.580486414305,
    30.000060960122));
#2834 = PCURVE('',#2442,#2835);
#2835 = DEFINITIONAL_REPRESENTATION('',(#2836),#2839);
#2836 = B_SPLINE_CURVE_WITH_KNOTS('',1,(#2837,#2838),.UNSPECIFIED.,.F.,
  .F.,(2,2),(0.,141.732),.PIECEWISE_BEZIER_KNOTS.);
#2837 = CARTESIAN_POINT('',(0.,0.));
#2838 = CARTESIAN_POINT('',(0.,-141.732));
#2839 = ( GEOMETRIC_REPRESENTATION_CONTEXT(2) 
PARAMETRIC_REPRESENTATION_CONTEXT() REPRESENTATION_CONTEXT('2D SPACE',''
  ) );
#2840 = PCURVE('',#2417,#2841);
#2841 = DEFINITIONAL_REPRESENTATION('',(#2842),#2845);
#2842 = B_SPLINE_CURVE_WITH_KNOTS('',1,(#2843,#2844),.UNSPECIFIED.,.F.,
  .F.,(2,2),(0.,141.732),.PIECEWISE_BEZIER_KNOTS.);
#2843 = CARTESIAN_POINT('',(12.598223131436,0.));
#2844 = CARTESIAN_POINT('',(12.598223131436,-141.732));
#2845 = ( GEOMETRIC_REPRESENTATION_CONTEXT(2) 
PARAMETRIC_REPRESENTATION_CONTEXT() REPRESENTATION_CONTEXT('2D SPACE',''
  ) );
#2846 = ORIENTED_EDGE('',*,*,#2847,.T.);
#2847 = EDGE_CURVE('',#2828,#2693,#2848,.T.);
#2848 = SURFACE_CURVE('',#2849,(#2852,#2858),.PCURVE_S1.);
#2849 = B_SPLINE_CURVE_WITH_KNOTS('',1,(#2850,#2851),.UNSPECIFIED.,.F.,
  .F.,(2,2),(0.,12.598223131437),.PIECEWISE_BEZIER_KNOTS.);
#2850 = CARTESIAN_POINT('',(82.731601936264,-1.580486414305,
    30.000060960122));
#2851 = CARTESIAN_POINT('',(82.749111084059,-1.900002540005,
    30.000060960122));
#2852 = PCURVE('',#2442,#2853);
#2853 = DEFINITIONAL_REPRESENTATION('',(#2854),#2857);
#2854 = B_SPLINE_CURVE_WITH_KNOTS('',1,(#2855,#2856),.UNSPECIFIED.,.F.,
  .F.,(2,2),(0.,12.598223131437),.PIECEWISE_BEZIER_KNOTS.);
#2855 = CARTESIAN_POINT('',(0.,-141.732));
#2856 = CARTESIAN_POINT('',(12.598223131437,-141.732));
#2857 = ( GEOMETRIC_REPRESENTATION_CONTEXT(2) 
PARAMETRIC_REPRESENTATION_CONTEXT() REPRESENTATION_CONTEXT('2D SPACE',''
  ) );
#2858 = PCURVE('',#2726,#2859);
#2859 = DEFINITIONAL_REPRESENTATION('',(#2860),#2863);
#2860 = B_SPLINE_CURVE_WITH_KNOTS('',1,(#2861,#2862),.UNSPECIFIED.,.F.,
  .F.,(2,2),(0.,12.598223131437),.PIECEWISE_BEZIER_KNOTS.);
#2861 = CARTESIAN_POINT('',(-1.404169607211E+03,-1.682340068231E+03));
#2862 = CARTESIAN_POINT('',(-1.391590257342E+03,-1.683029403379E+03));
#2863 = ( GEOMETRIC_REPRESENTATION_CONTEXT(2) 
PARAMETRIC_REPRESENTATION_CONTEXT() REPRESENTATION_CONTEXT('2D SPACE',''
  ) );
#2864 = ORIENTED_EDGE('',*,*,#2692,.F.);
#2865 = ORIENTED_EDGE('',*,*,#2428,.F.);
#2866 = ADVANCED_FACE('',(#2867),#117,.F.);
#2867 = FACE_BOUND('',#2868,.F.);
#2868 = EDGE_LOOP('',(#2869,#2889,#2907,#2908));
#2869 = ORIENTED_EDGE('',*,*,#2870,.T.);
#2870 = EDGE_CURVE('',#104,#2871,#2873,.T.);
#2871 = VERTEX_POINT('',#2872);
#2872 = CARTESIAN_POINT('',(81.084276033706,-78.64104267337,
    28.400060960122));
#2873 = SURFACE_CURVE('',#2874,(#2877,#2883),.PCURVE_S1.);
#2874 = B_SPLINE_CURVE_WITH_KNOTS('',1,(#2875,#2876),.UNSPECIFIED.,.F.,
  .F.,(2,2),(0.,78.74),.PIECEWISE_BEZIER_KNOTS.);
#2875 = CARTESIAN_POINT('',(81.084276033706,-78.64104267337,
    26.400060960122));
#2876 = CARTESIAN_POINT('',(81.084276033706,-78.64104267337,
    28.400060960122));
#2877 = PCURVE('',#117,#2878);
#2878 = DEFINITIONAL_REPRESENTATION('',(#2879),#2882);
#2879 = B_SPLINE_CURVE_WITH_KNOTS('',1,(#2880,#2881),.UNSPECIFIED.,.F.,
  .F.,(2,2),(0.,78.74),.PIECEWISE_BEZIER_KNOTS.);
#2880 = CARTESIAN_POINT('',(0.,0.));
#2881 = CARTESIAN_POINT('',(0.,-78.74));
#2882 = ( GEOMETRIC_REPRESENTATION_CONTEXT(2) 
PARAMETRIC_REPRESENTATION_CONTEXT() REPRESENTATION_CONTEXT('2D SPACE',''
  ) );
#2883 = PCURVE('',#142,#2884);
#2884 = DEFINITIONAL_REPRESENTATION('',(#2885),#2888);
#2885 = B_SPLINE_CURVE_WITH_KNOTS('',1,(#2886,#2887),.UNSPECIFIED.,.F.,
  .F.,(2,2),(0.,78.74),.PIECEWISE_BEZIER_KNOTS.);
#2886 = CARTESIAN_POINT('',(8.468070771091,0.));
#2887 = CARTESIAN_POINT('',(8.468070771091,-78.74));
#2888 = ( GEOMETRIC_REPRESENTATION_CONTEXT(2) 
PARAMETRIC_REPRESENTATION_CONTEXT() REPRESENTATION_CONTEXT('2D SPACE',''
  ) );
#2889 = ORIENTED_EDGE('',*,*,#2890,.T.);
#2890 = EDGE_CURVE('',#2871,#2785,#2891,.T.);
#2891 = SURFACE_CURVE('',#2892,(#2895,#2901),.PCURVE_S1.);
#2892 = B_SPLINE_CURVE_WITH_KNOTS('',1,(#2893,#2894),.UNSPECIFIED.,.F.,
  .F.,(2,2),(0.,8.468070771091),.PIECEWISE_BEZIER_KNOTS.);
#2893 = CARTESIAN_POINT('',(81.084276033706,-78.64104267337,
    28.400060960122));
#2894 = CARTESIAN_POINT('',(81.120821961193,-78.42908074962,
    28.400060960122));
#2895 = PCURVE('',#117,#2896);
#2896 = DEFINITIONAL_REPRESENTATION('',(#2897),#2900);
#2897 = B_SPLINE_CURVE_WITH_KNOTS('',1,(#2898,#2899),.UNSPECIFIED.,.F.,
  .F.,(2,2),(0.,8.468070771091),.PIECEWISE_BEZIER_KNOTS.);
#2898 = CARTESIAN_POINT('',(0.,-78.74));
#2899 = CARTESIAN_POINT('',(8.46807077109,-78.74));
#2900 = ( GEOMETRIC_REPRESENTATION_CONTEXT(2) 
PARAMETRIC_REPRESENTATION_CONTEXT() REPRESENTATION_CONTEXT('2D SPACE',''
  ) );
#2901 = PCURVE('',#2616,#2902);
#2902 = DEFINITIONAL_REPRESENTATION('',(#2903),#2906);
#2903 = B_SPLINE_CURVE_WITH_KNOTS('',1,(#2904,#2905),.UNSPECIFIED.,.F.,
  .F.,(2,2),(0.,8.468070771091),.PIECEWISE_BEZIER_KNOTS.);
#2904 = CARTESIAN_POINT('',(-1.48745305118E+03,-1.617484847447E+03));
#2905 = CARTESIAN_POINT('',(-1.479108110242E+03,-1.618923660612E+03));
#2906 = ( GEOMETRIC_REPRESENTATION_CONTEXT(2) 
PARAMETRIC_REPRESENTATION_CONTEXT() REPRESENTATION_CONTEXT('2D SPACE',''
  ) );
#2907 = ORIENTED_EDGE('',*,*,#2784,.F.);
#2908 = ORIENTED_EDGE('',*,*,#103,.F.);
#2909 = ADVANCED_FACE('',(#2910),#2417,.T.);
#2910 = FACE_BOUND('',#2911,.T.);
#2911 = EDGE_LOOP('',(#2912,#2932,#2950,#2951));
#2912 = ORIENTED_EDGE('',*,*,#2913,.T.);
#2913 = EDGE_CURVE('',#2379,#2914,#2916,.T.);
#2914 = VERTEX_POINT('',#2915);
#2915 = CARTESIAN_POINT('',(82.692619779929,-1.262874203698,
    30.000060960122));
#2916 = SURFACE_CURVE('',#2917,(#2920,#2926),.PCURVE_S1.);
#2917 = B_SPLINE_CURVE_WITH_KNOTS('',1,(#2918,#2919),.UNSPECIFIED.,.F.,
  .F.,(2,2),(0.,141.732),.PIECEWISE_BEZIER_KNOTS.);
#2918 = CARTESIAN_POINT('',(82.692619779929,-1.262874203698,
    26.400060960122));
#2919 = CARTESIAN_POINT('',(82.692619779929,-1.262874203698,
    30.000060960122));
#2920 = PCURVE('',#2417,#2921);
#2921 = DEFINITIONAL_REPRESENTATION('',(#2922),#2925);
#2922 = B_SPLINE_CURVE_WITH_KNOTS('',1,(#2923,#2924),.UNSPECIFIED.,.F.,
  .F.,(2,2),(0.,141.732),.PIECEWISE_BEZIER_KNOTS.);
#2923 = CARTESIAN_POINT('',(0.,0.));
#2924 = CARTESIAN_POINT('',(0.,-141.732));
#2925 = ( GEOMETRIC_REPRESENTATION_CONTEXT(2) 
PARAMETRIC_REPRESENTATION_CONTEXT() REPRESENTATION_CONTEXT('2D SPACE',''
  ) );
#2926 = PCURVE('',#2392,#2927);
#2927 = DEFINITIONAL_REPRESENTATION('',(#2928),#2931);
#2928 = B_SPLINE_CURVE_WITH_KNOTS('',1,(#2929,#2930),.UNSPECIFIED.,.F.,
  .F.,(2,2),(0.,141.732),.PIECEWISE_BEZIER_KNOTS.);
#2929 = CARTESIAN_POINT('',(12.598223131436,0.));
#2930 = CARTESIAN_POINT('',(12.598223131436,-141.732));
#2931 = ( GEOMETRIC_REPRESENTATION_CONTEXT(2) 
PARAMETRIC_REPRESENTATION_CONTEXT() REPRESENTATION_CONTEXT('2D SPACE',''
  ) );
#2932 = ORIENTED_EDGE('',*,*,#2933,.T.);
#2933 = EDGE_CURVE('',#2914,#2828,#2934,.T.);
#2934 = SURFACE_CURVE('',#2935,(#2938,#2944),.PCURVE_S1.);
#2935 = B_SPLINE_CURVE_WITH_KNOTS('',1,(#2936,#2937),.UNSPECIFIED.,.F.,
  .F.,(2,2),(0.,12.598223131436),.PIECEWISE_BEZIER_KNOTS.);
#2936 = CARTESIAN_POINT('',(82.692619779929,-1.262874203698,
    30.000060960122));
#2937 = CARTESIAN_POINT('',(82.731601936264,-1.580486414305,
    30.000060960122));
#2938 = PCURVE('',#2417,#2939);
#2939 = DEFINITIONAL_REPRESENTATION('',(#2940),#2943);
#2940 = B_SPLINE_CURVE_WITH_KNOTS('',1,(#2941,#2942),.UNSPECIFIED.,.F.,
  .F.,(2,2),(0.,12.598223131436),.PIECEWISE_BEZIER_KNOTS.);
#2941 = CARTESIAN_POINT('',(0.,-141.732));
#2942 = CARTESIAN_POINT('',(12.598223131436,-141.732));
#2943 = ( GEOMETRIC_REPRESENTATION_CONTEXT(2) 
PARAMETRIC_REPRESENTATION_CONTEXT() REPRESENTATION_CONTEXT('2D SPACE',''
  ) );
#2944 = PCURVE('',#2726,#2945);
#2945 = DEFINITIONAL_REPRESENTATION('',(#2946),#2949);
#2946 = B_SPLINE_CURVE_WITH_KNOTS('',1,(#2947,#2948),.UNSPECIFIED.,.F.,
  .F.,(2,2),(0.,12.598223131436),.PIECEWISE_BEZIER_KNOTS.);
#2947 = CARTESIAN_POINT('',(-1.416673999942E+03,-1.680805340736E+03));
#2948 = CARTESIAN_POINT('',(-1.404169607211E+03,-1.682340068231E+03));
#2949 = ( GEOMETRIC_REPRESENTATION_CONTEXT(2) 
PARAMETRIC_REPRESENTATION_CONTEXT() REPRESENTATION_CONTEXT('2D SPACE',''
  ) );
#2950 = ORIENTED_EDGE('',*,*,#2827,.F.);
#2951 = ORIENTED_EDGE('',*,*,#2403,.F.);
#2952 = ADVANCED_FACE('',(#2953),#142,.F.);
#2953 = FACE_BOUND('',#2954,.F.);
#2954 = EDGE_LOOP('',(#2955,#2975,#2993,#2994));
#2955 = ORIENTED_EDGE('',*,*,#2956,.T.);
#2956 = EDGE_CURVE('',#129,#2957,#2959,.T.);
#2957 = VERTEX_POINT('',#2958);
#2958 = CARTESIAN_POINT('',(81.033350509992,-78.85001648266,
    28.400060960122));
#2959 = SURFACE_CURVE('',#2960,(#2963,#2969),.PCURVE_S1.);
#2960 = B_SPLINE_CURVE_WITH_KNOTS('',1,(#2961,#2962),.UNSPECIFIED.,.F.,
  .F.,(2,2),(0.,78.74),.PIECEWISE_BEZIER_KNOTS.);
#2961 = CARTESIAN_POINT('',(81.033350509992,-78.85001648266,
    26.400060960122));
#2962 = CARTESIAN_POINT('',(81.033350509992,-78.85001648266,
    28.400060960122));
#2963 = PCURVE('',#142,#2964);
#2964 = DEFINITIONAL_REPRESENTATION('',(#2965),#2968);
#2965 = B_SPLINE_CURVE_WITH_KNOTS('',1,(#2966,#2967),.UNSPECIFIED.,.F.,
  .F.,(2,2),(0.,78.74),.PIECEWISE_BEZIER_KNOTS.);
#2966 = CARTESIAN_POINT('',(0.,0.));
#2967 = CARTESIAN_POINT('',(0.,-78.74));
#2968 = ( GEOMETRIC_REPRESENTATION_CONTEXT(2) 
PARAMETRIC_REPRESENTATION_CONTEXT() REPRESENTATION_CONTEXT('2D SPACE',''
  ) );
#2969 = PCURVE('',#167,#2970);
#2970 = DEFINITIONAL_REPRESENTATION('',(#2971),#2974);
#2971 = B_SPLINE_CURVE_WITH_KNOTS('',1,(#2972,#2973),.UNSPECIFIED.,.F.,
  .F.,(2,2),(0.,78.74),.PIECEWISE_BEZIER_KNOTS.);
#2972 = CARTESIAN_POINT('',(8.46807077109,0.));
#2973 = CARTESIAN_POINT('',(8.46807077109,-78.74));
#2974 = ( GEOMETRIC_REPRESENTATION_CONTEXT(2) 
PARAMETRIC_REPRESENTATION_CONTEXT() REPRESENTATION_CONTEXT('2D SPACE',''
  ) );
#2975 = ORIENTED_EDGE('',*,*,#2976,.T.);
#2976 = EDGE_CURVE('',#2957,#2871,#2977,.T.);
#2977 = SURFACE_CURVE('',#2978,(#2981,#2987),.PCURVE_S1.);
#2978 = B_SPLINE_CURVE_WITH_KNOTS('',1,(#2979,#2980),.UNSPECIFIED.,.F.,
  .F.,(2,2),(0.,8.468070771091),.PIECEWISE_BEZIER_KNOTS.);
#2979 = CARTESIAN_POINT('',(81.033350509992,-78.85001648266,
    28.400060960122));
#2980 = CARTESIAN_POINT('',(81.084276033706,-78.64104267337,
    28.400060960122));
#2981 = PCURVE('',#142,#2982);
#2982 = DEFINITIONAL_REPRESENTATION('',(#2983),#2986);
#2983 = B_SPLINE_CURVE_WITH_KNOTS('',1,(#2984,#2985),.UNSPECIFIED.,.F.,
  .F.,(2,2),(0.,8.468070771091),.PIECEWISE_BEZIER_KNOTS.);
#2984 = CARTESIAN_POINT('',(0.,-78.74));
#2985 = CARTESIAN_POINT('',(8.468070771091,-78.74));
#2986 = ( GEOMETRIC_REPRESENTATION_CONTEXT(2) 
PARAMETRIC_REPRESENTATION_CONTEXT() REPRESENTATION_CONTEXT('2D SPACE',''
  ) );
#2987 = PCURVE('',#2616,#2988);
#2988 = DEFINITIONAL_REPRESENTATION('',(#2989),#2992);
#2989 = B_SPLINE_CURVE_WITH_KNOTS('',1,(#2990,#2991),.UNSPECIFIED.,.F.,
  .F.,(2,2),(0.,8.468070771091),.PIECEWISE_BEZIER_KNOTS.);
#2990 = CARTESIAN_POINT('',(-1.495680350052E+03,-1.615479909578E+03));
#2991 = CARTESIAN_POINT('',(-1.48745305118E+03,-1.617484847447E+03));
#2992 = ( GEOMETRIC_REPRESENTATION_CONTEXT(2) 
PARAMETRIC_REPRESENTATION_CONTEXT() REPRESENTATION_CONTEXT('2D SPACE',''
  ) );
#2993 = ORIENTED_EDGE('',*,*,#2870,.F.);
#2994 = ORIENTED_EDGE('',*,*,#128,.F.);
#2995 = ADVANCED_FACE('',(#2996),#2392,.T.);
#2996 = FACE_BOUND('',#2997,.T.);
#2997 = EDGE_LOOP('',(#2998,#3018,#3036,#3037));
#2998 = ORIENTED_EDGE('',*,*,#2999,.T.);
#2999 = EDGE_CURVE('',#2354,#3000,#3002,.T.);
#3000 = VERTEX_POINT('',#3001);
#3001 = CARTESIAN_POINT('',(82.632341530101,-0.948607346653,
    30.000060960122));
#3002 = SURFACE_CURVE('',#3003,(#3006,#3012),.PCURVE_S1.);
#3003 = B_SPLINE_CURVE_WITH_KNOTS('',1,(#3004,#3005),.UNSPECIFIED.,.F.,
  .F.,(2,2),(0.,141.732),.PIECEWISE_BEZIER_KNOTS.);
#3004 = CARTESIAN_POINT('',(82.632341530101,-0.948607346653,
    26.400060960122));
#3005 = CARTESIAN_POINT('',(82.632341530101,-0.948607346653,
    30.000060960122));
#3006 = PCURVE('',#2392,#3007);
#3007 = DEFINITIONAL_REPRESENTATION('',(#3008),#3011);
#3008 = B_SPLINE_CURVE_WITH_KNOTS('',1,(#3009,#3010),.UNSPECIFIED.,.F.,
  .F.,(2,2),(0.,141.732),.PIECEWISE_BEZIER_KNOTS.);
#3009 = CARTESIAN_POINT('',(0.,0.));
#3010 = CARTESIAN_POINT('',(0.,-141.732));
#3011 = ( GEOMETRIC_REPRESENTATION_CONTEXT(2) 
PARAMETRIC_REPRESENTATION_CONTEXT() REPRESENTATION_CONTEXT('2D SPACE',''
  ) );
#3012 = PCURVE('',#2367,#3013);
#3013 = DEFINITIONAL_REPRESENTATION('',(#3014),#3017);
#3014 = B_SPLINE_CURVE_WITH_KNOTS('',1,(#3015,#3016),.UNSPECIFIED.,.F.,
  .F.,(2,2),(0.,141.732),.PIECEWISE_BEZIER_KNOTS.);
#3015 = CARTESIAN_POINT('',(12.598223131436,0.));
#3016 = CARTESIAN_POINT('',(12.598223131436,-141.732));
#3017 = ( GEOMETRIC_REPRESENTATION_CONTEXT(2) 
PARAMETRIC_REPRESENTATION_CONTEXT() REPRESENTATION_CONTEXT('2D SPACE',''
  ) );
#3018 = ORIENTED_EDGE('',*,*,#3019,.T.);
#3019 = EDGE_CURVE('',#3000,#2914,#3020,.T.);
#3020 = SURFACE_CURVE('',#3021,(#3024,#3030),.PCURVE_S1.);
#3021 = B_SPLINE_CURVE_WITH_KNOTS('',1,(#3022,#3023),.UNSPECIFIED.,.F.,
  .F.,(2,2),(0.,12.598223131436),.PIECEWISE_BEZIER_KNOTS.);
#3022 = CARTESIAN_POINT('',(82.632341530101,-0.948607346653,
    30.000060960122));
#3023 = CARTESIAN_POINT('',(82.692619779929,-1.262874203698,
    30.000060960122));
#3024 = PCURVE('',#2392,#3025);
#3025 = DEFINITIONAL_REPRESENTATION('',(#3026),#3029);
#3026 = B_SPLINE_CURVE_WITH_KNOTS('',1,(#3027,#3028),.UNSPECIFIED.,.F.,
  .F.,(2,2),(0.,12.598223131436),.PIECEWISE_BEZIER_KNOTS.);
#3027 = CARTESIAN_POINT('',(0.,-141.732));
#3028 = CARTESIAN_POINT('',(12.598223131436,-141.732));
#3029 = ( GEOMETRIC_REPRESENTATION_CONTEXT(2) 
PARAMETRIC_REPRESENTATION_CONTEXT() REPRESENTATION_CONTEXT('2D SPACE',''
  ) );
#3030 = PCURVE('',#2726,#3031);
#3031 = DEFINITIONAL_REPRESENTATION('',(#3032),#3035);
#3032 = B_SPLINE_CURVE_WITH_KNOTS('',1,(#3033,#3034),.UNSPECIFIED.,.F.,
  .F.,(2,2),(0.,12.598223131436),.PIECEWISE_BEZIER_KNOTS.);
#3033 = CARTESIAN_POINT('',(-1.429046686104E+03,-1.67843218604E+03));
#3034 = CARTESIAN_POINT('',(-1.416673999942E+03,-1.680805340736E+03));
#3035 = ( GEOMETRIC_REPRESENTATION_CONTEXT(2) 
PARAMETRIC_REPRESENTATION_CONTEXT() REPRESENTATION_CONTEXT('2D SPACE',''
  ) );
#3036 = ORIENTED_EDGE('',*,*,#2913,.F.);
#3037 = ORIENTED_EDGE('',*,*,#2378,.F.);
#3038 = ADVANCED_FACE('',(#3039),#167,.F.);
#3039 = FACE_BOUND('',#3040,.F.);
#3040 = EDGE_LOOP('',(#3041,#3061,#3079,#3080));
#3041 = ORIENTED_EDGE('',*,*,#3042,.T.);
#3042 = EDGE_CURVE('',#154,#3043,#3045,.T.);
#3043 = VERTEX_POINT('',#3044);
#3044 = CARTESIAN_POINT('',(80.968282828353,-79.05502784513,
    28.400060960122));
#3045 = SURFACE_CURVE('',#3046,(#3049,#3055),.PCURVE_S1.);
#3046 = B_SPLINE_CURVE_WITH_KNOTS('',1,(#3047,#3048),.UNSPECIFIED.,.F.,
  .F.,(2,2),(0.,78.74),.PIECEWISE_BEZIER_KNOTS.);
#3047 = CARTESIAN_POINT('',(80.968282828353,-79.05502784513,
    26.400060960122));
#3048 = CARTESIAN_POINT('',(80.968282828353,-79.05502784513,
    28.400060960122));
#3049 = PCURVE('',#167,#3050);
#3050 = DEFINITIONAL_REPRESENTATION('',(#3051),#3054);
#3051 = B_SPLINE_CURVE_WITH_KNOTS('',1,(#3052,#3053),.UNSPECIFIED.,.F.,
  .F.,(2,2),(0.,78.74),.PIECEWISE_BEZIER_KNOTS.);
#3052 = CARTESIAN_POINT('',(0.,0.));
#3053 = CARTESIAN_POINT('',(0.,-78.74));
#3054 = ( GEOMETRIC_REPRESENTATION_CONTEXT(2) 
PARAMETRIC_REPRESENTATION_CONTEXT() REPRESENTATION_CONTEXT('2D SPACE',''
  ) );
#3055 = PCURVE('',#192,#3056);
#3056 = DEFINITIONAL_REPRESENTATION('',(#3057),#3060);
#3057 = B_SPLINE_CURVE_WITH_KNOTS('',1,(#3058,#3059),.UNSPECIFIED.,.F.,
  .F.,(2,2),(0.,78.74),.PIECEWISE_BEZIER_KNOTS.);
#3058 = CARTESIAN_POINT('',(8.468070771091,0.));
#3059 = CARTESIAN_POINT('',(8.468070771091,-78.74));
#3060 = ( GEOMETRIC_REPRESENTATION_CONTEXT(2) 
PARAMETRIC_REPRESENTATION_CONTEXT() REPRESENTATION_CONTEXT('2D SPACE',''
  ) );
#3061 = ORIENTED_EDGE('',*,*,#3062,.T.);
#3062 = EDGE_CURVE('',#3043,#2957,#3063,.T.);
#3063 = SURFACE_CURVE('',#3064,(#3067,#3073),.PCURVE_S1.);
#3064 = B_SPLINE_CURVE_WITH_KNOTS('',1,(#3065,#3066),.UNSPECIFIED.,.F.,
  .F.,(2,2),(0.,8.468070771091),.PIECEWISE_BEZIER_KNOTS.);
#3065 = CARTESIAN_POINT('',(80.968282828353,-79.05502784513,
    28.400060960122));
#3066 = CARTESIAN_POINT('',(81.033350509992,-78.85001648266,
    28.400060960122));
#3067 = PCURVE('',#167,#3068);
#3068 = DEFINITIONAL_REPRESENTATION('',(#3069),#3072);
#3069 = B_SPLINE_CURVE_WITH_KNOTS('',1,(#3070,#3071),.UNSPECIFIED.,.F.,
  .F.,(2,2),(0.,8.468070771091),.PIECEWISE_BEZIER_KNOTS.);
#3070 = CARTESIAN_POINT('',(0.,-78.74));
#3071 = CARTESIAN_POINT('',(8.46807077109,-78.74));
#3072 = ( GEOMETRIC_REPRESENTATION_CONTEXT(2) 
PARAMETRIC_REPRESENTATION_CONTEXT() REPRESENTATION_CONTEXT('2D SPACE',''
  ) );
#3073 = PCURVE('',#2616,#3074);
#3074 = DEFINITIONAL_REPRESENTATION('',(#3075),#3078);
#3075 = B_SPLINE_CURVE_WITH_KNOTS('',1,(#3076,#3077),.UNSPECIFIED.,.F.,
  .F.,(2,2),(0.,8.468070771091),.PIECEWISE_BEZIER_KNOTS.);
#3076 = CARTESIAN_POINT('',(-1.503751647392E+03,-1.612918194952E+03));
#3077 = CARTESIAN_POINT('',(-1.495680350052E+03,-1.615479909578E+03));
#3078 = ( GEOMETRIC_REPRESENTATION_CONTEXT(2) 
PARAMETRIC_REPRESENTATION_CONTEXT() REPRESENTATION_CONTEXT('2D SPACE',''
  ) );
#3079 = ORIENTED_EDGE('',*,*,#2956,.F.);
#3080 = ORIENTED_EDGE('',*,*,#153,.F.);
#3081 = ADVANCED_FACE('',(#3082),#2367,.T.);
#3082 = FACE_BOUND('',#3083,.T.);
#3083 = EDGE_LOOP('',(#3084,#3104,#3122,#3123));
#3084 = ORIENTED_EDGE('',*,*,#3085,.T.);
#3085 = EDGE_CURVE('',#2329,#3086,#3088,.T.);
#3086 = VERTEX_POINT('',#3087);
#3087 = CARTESIAN_POINT('',(82.551040751164,-0.639112099221,
    30.000060960122));
#3088 = SURFACE_CURVE('',#3089,(#3092,#3098),.PCURVE_S1.);
#3089 = B_SPLINE_CURVE_WITH_KNOTS('',1,(#3090,#3091),.UNSPECIFIED.,.F.,
  .F.,(2,2),(0.,141.732),.PIECEWISE_BEZIER_KNOTS.);
#3090 = CARTESIAN_POINT('',(82.551040751164,-0.639112099221,
    26.400060960122));
#3091 = CARTESIAN_POINT('',(82.551040751164,-0.639112099221,
    30.000060960122));
#3092 = PCURVE('',#2367,#3093);
#3093 = DEFINITIONAL_REPRESENTATION('',(#3094),#3097);
#3094 = B_SPLINE_CURVE_WITH_KNOTS('',1,(#3095,#3096),.UNSPECIFIED.,.F.,
  .F.,(2,2),(0.,141.732),.PIECEWISE_BEZIER_KNOTS.);
#3095 = CARTESIAN_POINT('',(0.,0.));
#3096 = CARTESIAN_POINT('',(0.,-141.732));
#3097 = ( GEOMETRIC_REPRESENTATION_CONTEXT(2) 
PARAMETRIC_REPRESENTATION_CONTEXT() REPRESENTATION_CONTEXT('2D SPACE',''
  ) );
#3098 = PCURVE('',#2342,#3099);
#3099 = DEFINITIONAL_REPRESENTATION('',(#3100),#3103);
#3100 = B_SPLINE_CURVE_WITH_KNOTS('',1,(#3101,#3102),.UNSPECIFIED.,.F.,
  .F.,(2,2),(0.,141.732),.PIECEWISE_BEZIER_KNOTS.);
#3101 = CARTESIAN_POINT('',(12.598223131436,0.));
#3102 = CARTESIAN_POINT('',(12.598223131436,-141.732));
#3103 = ( GEOMETRIC_REPRESENTATION_CONTEXT(2) 
PARAMETRIC_REPRESENTATION_CONTEXT() REPRESENTATION_CONTEXT('2D SPACE',''
  ) );
#3104 = ORIENTED_EDGE('',*,*,#3105,.T.);
#3105 = EDGE_CURVE('',#3086,#3000,#3106,.T.);
#3106 = SURFACE_CURVE('',#3107,(#3110,#3116),.PCURVE_S1.);
#3107 = B_SPLINE_CURVE_WITH_KNOTS('',1,(#3108,#3109),.UNSPECIFIED.,.F.,
  .F.,(2,2),(0.,12.598223131436),.PIECEWISE_BEZIER_KNOTS.);
#3108 = CARTESIAN_POINT('',(82.551040751164,-0.639112099221,
    30.000060960122));
#3109 = CARTESIAN_POINT('',(82.632341530101,-0.948607346653,
    30.000060960122));
#3110 = PCURVE('',#2367,#3111);
#3111 = DEFINITIONAL_REPRESENTATION('',(#3112),#3115);
#3112 = B_SPLINE_CURVE_WITH_KNOTS('',1,(#3113,#3114),.UNSPECIFIED.,.F.,
  .F.,(2,2),(0.,12.598223131436),.PIECEWISE_BEZIER_KNOTS.);
#3113 = CARTESIAN_POINT('',(0.,-141.732));
#3114 = CARTESIAN_POINT('',(12.598223131436,-141.732));
#3115 = ( GEOMETRIC_REPRESENTATION_CONTEXT(2) 
PARAMETRIC_REPRESENTATION_CONTEXT() REPRESENTATION_CONTEXT('2D SPACE',''
  ) );
#3116 = PCURVE('',#2726,#3117);
#3117 = DEFINITIONAL_REPRESENTATION('',(#3118),#3121);
#3118 = B_SPLINE_CURVE_WITH_KNOTS('',1,(#3119,#3120),.UNSPECIFIED.,.F.,
  .F.,(2,2),(0.,12.598223131436),.PIECEWISE_BEZIER_KNOTS.);
#3119 = CARTESIAN_POINT('',(-1.441231513996E+03,-1.675231374373E+03));
#3120 = CARTESIAN_POINT('',(-1.429046686104E+03,-1.67843218604E+03));
#3121 = ( GEOMETRIC_REPRESENTATION_CONTEXT(2) 
PARAMETRIC_REPRESENTATION_CONTEXT() REPRESENTATION_CONTEXT('2D SPACE',''
  ) );
#3122 = ORIENTED_EDGE('',*,*,#2999,.F.);
#3123 = ORIENTED_EDGE('',*,*,#2353,.F.);
#3124 = ADVANCED_FACE('',(#3125),#192,.F.);
#3125 = FACE_BOUND('',#3126,.F.);
#3126 = EDGE_LOOP('',(#3127,#3147,#3165,#3166));
#3127 = ORIENTED_EDGE('',*,*,#3128,.T.);
#3128 = EDGE_CURVE('',#179,#3129,#3131,.T.);
#3129 = VERTEX_POINT('',#3130);
#3130 = CARTESIAN_POINT('',(80.889376364355,-79.25512090317,
    28.400060960122));
#3131 = SURFACE_CURVE('',#3132,(#3135,#3141),.PCURVE_S1.);
#3132 = B_SPLINE_CURVE_WITH_KNOTS('',1,(#3133,#3134),.UNSPECIFIED.,.F.,
  .F.,(2,2),(0.,78.74),.PIECEWISE_BEZIER_KNOTS.);
#3133 = CARTESIAN_POINT('',(80.889376364355,-79.25512090317,
    26.400060960122));
#3134 = CARTESIAN_POINT('',(80.889376364355,-79.25512090317,
    28.400060960122));
#3135 = PCURVE('',#192,#3136);
#3136 = DEFINITIONAL_REPRESENTATION('',(#3137),#3140);
#3137 = B_SPLINE_CURVE_WITH_KNOTS('',1,(#3138,#3139),.UNSPECIFIED.,.F.,
  .F.,(2,2),(0.,78.74),.PIECEWISE_BEZIER_KNOTS.);
#3138 = CARTESIAN_POINT('',(0.,0.));
#3139 = CARTESIAN_POINT('',(0.,-78.74));
#3140 = ( GEOMETRIC_REPRESENTATION_CONTEXT(2) 
PARAMETRIC_REPRESENTATION_CONTEXT() REPRESENTATION_CONTEXT('2D SPACE',''
  ) );
#3141 = PCURVE('',#217,#3142);
#3142 = DEFINITIONAL_REPRESENTATION('',(#3143),#3146);
#3143 = B_SPLINE_CURVE_WITH_KNOTS('',1,(#3144,#3145),.UNSPECIFIED.,.F.,
  .F.,(2,2),(0.,78.74),.PIECEWISE_BEZIER_KNOTS.);
#3144 = CARTESIAN_POINT('',(8.468070771091,0.));
#3145 = CARTESIAN_POINT('',(8.468070771091,-78.74));
#3146 = ( GEOMETRIC_REPRESENTATION_CONTEXT(2) 
PARAMETRIC_REPRESENTATION_CONTEXT() REPRESENTATION_CONTEXT('2D SPACE',''
  ) );
#3147 = ORIENTED_EDGE('',*,*,#3148,.T.);
#3148 = EDGE_CURVE('',#3129,#3043,#3149,.T.);
#3149 = SURFACE_CURVE('',#3150,(#3153,#3159),.PCURVE_S1.);
#3150 = B_SPLINE_CURVE_WITH_KNOTS('',1,(#3151,#3152),.UNSPECIFIED.,.F.,
  .F.,(2,2),(0.,8.468070771091),.PIECEWISE_BEZIER_KNOTS.);
#3151 = CARTESIAN_POINT('',(80.889376364355,-79.25512090317,
    28.400060960122));
#3152 = CARTESIAN_POINT('',(80.968282828353,-79.05502784513,
    28.400060960122));
#3153 = PCURVE('',#192,#3154);
#3154 = DEFINITIONAL_REPRESENTATION('',(#3155),#3158);
#3155 = B_SPLINE_CURVE_WITH_KNOTS('',1,(#3156,#3157),.UNSPECIFIED.,.F.,
  .F.,(2,2),(0.,8.468070771091),.PIECEWISE_BEZIER_KNOTS.);
#3156 = CARTESIAN_POINT('',(0.,-78.74));
#3157 = CARTESIAN_POINT('',(8.468070771091,-78.74));
#3158 = ( GEOMETRIC_REPRESENTATION_CONTEXT(2) 
PARAMETRIC_REPRESENTATION_CONTEXT() REPRESENTATION_CONTEXT('2D SPACE',''
  ) );
#3159 = PCURVE('',#2616,#3160);
#3160 = DEFINITIONAL_REPRESENTATION('',(#3161),#3164);
#3161 = B_SPLINE_CURVE_WITH_KNOTS('',1,(#3162,#3163),.UNSPECIFIED.,.F.,
  .F.,(2,2),(0.,8.468070771091),.PIECEWISE_BEZIER_KNOTS.);
#3162 = CARTESIAN_POINT('',(-1.511629311087E+03,-1.609811647465E+03));
#3163 = CARTESIAN_POINT('',(-1.503751647392E+03,-1.612918194952E+03));
#3164 = ( GEOMETRIC_REPRESENTATION_CONTEXT(2) 
PARAMETRIC_REPRESENTATION_CONTEXT() REPRESENTATION_CONTEXT('2D SPACE',''
  ) );
#3165 = ORIENTED_EDGE('',*,*,#3042,.F.);
#3166 = ORIENTED_EDGE('',*,*,#178,.F.);
#3167 = ADVANCED_FACE('',(#3168),#2342,.T.);
#3168 = FACE_BOUND('',#3169,.T.);
#3169 = EDGE_LOOP('',(#3170,#3190,#3208,#3209));
#3170 = ORIENTED_EDGE('',*,*,#3171,.T.);
#3171 = EDGE_CURVE('',#2304,#3172,#3174,.T.);
#3172 = VERTEX_POINT('',#3173);
#3173 = CARTESIAN_POINT('',(82.449086415297,-0.335793062171,
    30.000060960122));
#3174 = SURFACE_CURVE('',#3175,(#3178,#3184),.PCURVE_S1.);
#3175 = B_SPLINE_CURVE_WITH_KNOTS('',1,(#3176,#3177),.UNSPECIFIED.,.F.,
  .F.,(2,2),(0.,141.732),.PIECEWISE_BEZIER_KNOTS.);
#3176 = CARTESIAN_POINT('',(82.449086415297,-0.335793062171,
    26.400060960122));
#3177 = CARTESIAN_POINT('',(82.449086415297,-0.335793062171,
    30.000060960122));
#3178 = PCURVE('',#2342,#3179);
#3179 = DEFINITIONAL_REPRESENTATION('',(#3180),#3183);
#3180 = B_SPLINE_CURVE_WITH_KNOTS('',1,(#3181,#3182),.UNSPECIFIED.,.F.,
  .F.,(2,2),(0.,141.732),.PIECEWISE_BEZIER_KNOTS.);
#3181 = CARTESIAN_POINT('',(0.,0.));
#3182 = CARTESIAN_POINT('',(0.,-141.732));
#3183 = ( GEOMETRIC_REPRESENTATION_CONTEXT(2) 
PARAMETRIC_REPRESENTATION_CONTEXT() REPRESENTATION_CONTEXT('2D SPACE',''
  ) );
#3184 = PCURVE('',#2317,#3185);
#3185 = DEFINITIONAL_REPRESENTATION('',(#3186),#3189);
#3186 = B_SPLINE_CURVE_WITH_KNOTS('',1,(#3187,#3188),.UNSPECIFIED.,.F.,
  .F.,(2,2),(0.,141.732),.PIECEWISE_BEZIER_KNOTS.);
#3187 = CARTESIAN_POINT('',(12.598223131436,0.));
#3188 = CARTESIAN_POINT('',(12.598223131436,-141.732));
#3189 = ( GEOMETRIC_REPRESENTATION_CONTEXT(2) 
PARAMETRIC_REPRESENTATION_CONTEXT() REPRESENTATION_CONTEXT('2D SPACE',''
  ) );
#3190 = ORIENTED_EDGE('',*,*,#3191,.T.);
#3191 = EDGE_CURVE('',#3172,#3086,#3192,.T.);
#3192 = SURFACE_CURVE('',#3193,(#3196,#3202),.PCURVE_S1.);
#3193 = B_SPLINE_CURVE_WITH_KNOTS('',1,(#3194,#3195),.UNSPECIFIED.,.F.,
  .F.,(2,2),(0.,12.598223131436),.PIECEWISE_BEZIER_KNOTS.);
#3194 = CARTESIAN_POINT('',(82.449086415297,-0.335793062171,
    30.000060960122));
#3195 = CARTESIAN_POINT('',(82.551040751164,-0.639112099221,
    30.000060960122));
#3196 = PCURVE('',#2342,#3197);
#3197 = DEFINITIONAL_REPRESENTATION('',(#3198),#3201);
#3198 = B_SPLINE_CURVE_WITH_KNOTS('',1,(#3199,#3200),.UNSPECIFIED.,.F.,
  .F.,(2,2),(0.,12.598223131436),.PIECEWISE_BEZIER_KNOTS.);
#3199 = CARTESIAN_POINT('',(0.,-141.732));
#3200 = CARTESIAN_POINT('',(12.598223131436,-141.732));
#3201 = ( GEOMETRIC_REPRESENTATION_CONTEXT(2) 
PARAMETRIC_REPRESENTATION_CONTEXT() REPRESENTATION_CONTEXT('2D SPACE',''
  ) );
#3202 = PCURVE('',#2726,#3203);
#3203 = DEFINITIONAL_REPRESENTATION('',(#3204),#3207);
#3204 = B_SPLINE_CURVE_WITH_KNOTS('',1,(#3205,#3206),.UNSPECIFIED.,.F.,
  .F.,(2,2),(0.,12.598223131436),.PIECEWISE_BEZIER_KNOTS.);
#3205 = CARTESIAN_POINT('',(-1.453173184484E+03,-1.67121743217E+03));
#3206 = CARTESIAN_POINT('',(-1.441231513996E+03,-1.675231374373E+03));
#3207 = ( GEOMETRIC_REPRESENTATION_CONTEXT(2) 
PARAMETRIC_REPRESENTATION_CONTEXT() REPRESENTATION_CONTEXT('2D SPACE',''
  ) );
#3208 = ORIENTED_EDGE('',*,*,#3085,.F.);
#3209 = ORIENTED_EDGE('',*,*,#2328,.F.);
#3210 = ADVANCED_FACE('',(#3211),#217,.F.);
#3211 = FACE_BOUND('',#3212,.F.);
#3212 = EDGE_LOOP('',(#3213,#3233,#3251,#3252));
#3213 = ORIENTED_EDGE('',*,*,#3214,.T.);
#3214 = EDGE_CURVE('',#204,#3215,#3217,.T.);
#3215 = VERTEX_POINT('',#3216);
#3216 = CARTESIAN_POINT('',(80.79699901636,-79.44936273058,
    28.400060960122));
#3217 = SURFACE_CURVE('',#3218,(#3221,#3227),.PCURVE_S1.);
#3218 = B_SPLINE_CURVE_WITH_KNOTS('',1,(#3219,#3220),.UNSPECIFIED.,.F.,
  .F.,(2,2),(0.,78.74),.PIECEWISE_BEZIER_KNOTS.);
#3219 = CARTESIAN_POINT('',(80.79699901636,-79.44936273058,
    26.400060960122));
#3220 = CARTESIAN_POINT('',(80.79699901636,-79.44936273058,
    28.400060960122));
#3221 = PCURVE('',#217,#3222);
#3222 = DEFINITIONAL_REPRESENTATION('',(#3223),#3226);
#3223 = B_SPLINE_CURVE_WITH_KNOTS('',1,(#3224,#3225),.UNSPECIFIED.,.F.,
  .F.,(2,2),(0.,78.74),.PIECEWISE_BEZIER_KNOTS.);
#3224 = CARTESIAN_POINT('',(0.,0.));
#3225 = CARTESIAN_POINT('',(0.,-78.74));
#3226 = ( GEOMETRIC_REPRESENTATION_CONTEXT(2) 
PARAMETRIC_REPRESENTATION_CONTEXT() REPRESENTATION_CONTEXT('2D SPACE',''
  ) );
#3227 = PCURVE('',#242,#3228);
#3228 = DEFINITIONAL_REPRESENTATION('',(#3229),#3232);
#3229 = B_SPLINE_CURVE_WITH_KNOTS('',1,(#3230,#3231),.UNSPECIFIED.,.F.,
  .F.,(2,2),(0.,78.74),.PIECEWISE_BEZIER_KNOTS.);
#3230 = CARTESIAN_POINT('',(8.468070771091,0.));
#3231 = CARTESIAN_POINT('',(8.468070771091,-78.74));
#3232 = ( GEOMETRIC_REPRESENTATION_CONTEXT(2) 
PARAMETRIC_REPRESENTATION_CONTEXT() REPRESENTATION_CONTEXT('2D SPACE',''
  ) );
#3233 = ORIENTED_EDGE('',*,*,#3234,.T.);
#3234 = EDGE_CURVE('',#3215,#3129,#3235,.T.);
#3235 = SURFACE_CURVE('',#3236,(#3239,#3245),.PCURVE_S1.);
#3236 = B_SPLINE_CURVE_WITH_KNOTS('',1,(#3237,#3238),.UNSPECIFIED.,.F.,
  .F.,(2,2),(0.,8.468070771091),.PIECEWISE_BEZIER_KNOTS.);
#3237 = CARTESIAN_POINT('',(80.79699901636,-79.44936273058,
    28.400060960122));
#3238 = CARTESIAN_POINT('',(80.889376364355,-79.25512090317,
    28.400060960122));
#3239 = PCURVE('',#217,#3240);
#3240 = DEFINITIONAL_REPRESENTATION('',(#3241),#3244);
#3241 = B_SPLINE_CURVE_WITH_KNOTS('',1,(#3242,#3243),.UNSPECIFIED.,.F.,
  .F.,(2,2),(0.,8.468070771091),.PIECEWISE_BEZIER_KNOTS.);
#3242 = CARTESIAN_POINT('',(0.,-78.74));
#3243 = CARTESIAN_POINT('',(8.468070771091,-78.74));
#3244 = ( GEOMETRIC_REPRESENTATION_CONTEXT(2) 
PARAMETRIC_REPRESENTATION_CONTEXT() REPRESENTATION_CONTEXT('2D SPACE',''
  ) );
#3245 = PCURVE('',#2616,#3246);
#3246 = DEFINITIONAL_REPRESENTATION('',(#3247),#3250);
#3247 = B_SPLINE_CURVE_WITH_KNOTS('',1,(#3248,#3249),.UNSPECIFIED.,.F.,
  .F.,(2,2),(0.,8.468070771091),.PIECEWISE_BEZIER_KNOTS.);
#3248 = CARTESIAN_POINT('',(-1.519276611832E+03,-1.606174751274E+03));
#3249 = CARTESIAN_POINT('',(-1.511629311087E+03,-1.609811647465E+03));
#3250 = ( GEOMETRIC_REPRESENTATION_CONTEXT(2) 
PARAMETRIC_REPRESENTATION_CONTEXT() REPRESENTATION_CONTEXT('2D SPACE',''
  ) );
#3251 = ORIENTED_EDGE('',*,*,#3128,.F.);
#3252 = ORIENTED_EDGE('',*,*,#203,.F.);
#3253 = ADVANCED_FACE('',(#3254),#2317,.T.);
#3254 = FACE_BOUND('',#3255,.T.);
#3255 = EDGE_LOOP('',(#3256,#3276,#3294,#3295));
#3256 = ORIENTED_EDGE('',*,*,#3257,.T.);
#3257 = EDGE_CURVE('',#2279,#3258,#3260,.T.);
#3258 = VERTEX_POINT('',#3259);
#3259 = CARTESIAN_POINT('',(82.326941227955,-4.002680640733E-02,
    30.000060960122));
#3260 = SURFACE_CURVE('',#3261,(#3264,#3270),.PCURVE_S1.);
#3261 = B_SPLINE_CURVE_WITH_KNOTS('',1,(#3262,#3263),.UNSPECIFIED.,.F.,
  .F.,(2,2),(0.,141.732),.PIECEWISE_BEZIER_KNOTS.);
#3262 = CARTESIAN_POINT('',(82.326941227955,-4.002680640733E-02,
    26.400060960122));
#3263 = CARTESIAN_POINT('',(82.326941227955,-4.002680640733E-02,
    30.000060960122));
#3264 = PCURVE('',#2317,#3265);
#3265 = DEFINITIONAL_REPRESENTATION('',(#3266),#3269);
#3266 = B_SPLINE_CURVE_WITH_KNOTS('',1,(#3267,#3268),.UNSPECIFIED.,.F.,
  .F.,(2,2),(0.,141.732),.PIECEWISE_BEZIER_KNOTS.);
#3267 = CARTESIAN_POINT('',(0.,0.));
#3268 = CARTESIAN_POINT('',(0.,-141.732));
#3269 = ( GEOMETRIC_REPRESENTATION_CONTEXT(2) 
PARAMETRIC_REPRESENTATION_CONTEXT() REPRESENTATION_CONTEXT('2D SPACE',''
  ) );
#3270 = PCURVE('',#2292,#3271);
#3271 = DEFINITIONAL_REPRESENTATION('',(#3272),#3275);
#3272 = B_SPLINE_CURVE_WITH_KNOTS('',1,(#3273,#3274),.UNSPECIFIED.,.F.,
  .F.,(2,2),(0.,141.732),.PIECEWISE_BEZIER_KNOTS.);
#3273 = CARTESIAN_POINT('',(12.598223131437,0.));
#3274 = CARTESIAN_POINT('',(12.598223131437,-141.732));
#3275 = ( GEOMETRIC_REPRESENTATION_CONTEXT(2) 
PARAMETRIC_REPRESENTATION_CONTEXT() REPRESENTATION_CONTEXT('2D SPACE',''
  ) );
#3276 = ORIENTED_EDGE('',*,*,#3277,.T.);
#3277 = EDGE_CURVE('',#3258,#3172,#3278,.T.);
#3278 = SURFACE_CURVE('',#3279,(#3282,#3288),.PCURVE_S1.);
#3279 = B_SPLINE_CURVE_WITH_KNOTS('',1,(#3280,#3281),.UNSPECIFIED.,.F.,
  .F.,(2,2),(0.,12.598223131436),.PIECEWISE_BEZIER_KNOTS.);
#3280 = CARTESIAN_POINT('',(82.326941227955,-4.002680640733E-02,
    30.000060960122));
#3281 = CARTESIAN_POINT('',(82.449086415297,-0.335793062171,
    30.000060960122));
#3282 = PCURVE('',#2317,#3283);
#3283 = DEFINITIONAL_REPRESENTATION('',(#3284),#3287);
#3284 = B_SPLINE_CURVE_WITH_KNOTS('',1,(#3285,#3286),.UNSPECIFIED.,.F.,
  .F.,(2,2),(0.,12.598223131436),.PIECEWISE_BEZIER_KNOTS.);
#3285 = CARTESIAN_POINT('',(0.,-141.732));
#3286 = CARTESIAN_POINT('',(12.598223131436,-141.732));
#3287 = ( GEOMETRIC_REPRESENTATION_CONTEXT(2) 
PARAMETRIC_REPRESENTATION_CONTEXT() REPRESENTATION_CONTEXT('2D SPACE',''
  ) );
#3288 = PCURVE('',#2726,#3289);
#3289 = DEFINITIONAL_REPRESENTATION('',(#3290),#3293);
#3290 = B_SPLINE_CURVE_WITH_KNOTS('',1,(#3291,#3292),.UNSPECIFIED.,.F.,
  .F.,(2,2),(0.,12.598223131436),.PIECEWISE_BEZIER_KNOTS.);
#3291 = CARTESIAN_POINT('',(-1.464817501974E+03,-1.666408576145E+03));
#3292 = CARTESIAN_POINT('',(-1.453173184484E+03,-1.67121743217E+03));
#3293 = ( GEOMETRIC_REPRESENTATION_CONTEXT(2) 
PARAMETRIC_REPRESENTATION_CONTEXT() REPRESENTATION_CONTEXT('2D SPACE',''
  ) );
#3294 = ORIENTED_EDGE('',*,*,#3171,.F.);
#3295 = ORIENTED_EDGE('',*,*,#2303,.F.);
#3296 = ADVANCED_FACE('',(#3297),#242,.F.);
#3297 = FACE_BOUND('',#3298,.F.);
#3298 = EDGE_LOOP('',(#3299,#3319,#3337,#3338));
#3299 = ORIENTED_EDGE('',*,*,#3300,.T.);
#3300 = EDGE_CURVE('',#229,#3301,#3303,.T.);
#3301 = VERTEX_POINT('',#3302);
#3302 = CARTESIAN_POINT('',(80.691581490205,-79.63684768228,
    28.400060960122));
#3303 = SURFACE_CURVE('',#3304,(#3307,#3313),.PCURVE_S1.);
#3304 = B_SPLINE_CURVE_WITH_KNOTS('',1,(#3305,#3306),.UNSPECIFIED.,.F.,
  .F.,(2,2),(0.,78.74),.PIECEWISE_BEZIER_KNOTS.);
#3305 = CARTESIAN_POINT('',(80.691581490205,-79.63684768228,
    26.400060960122));
#3306 = CARTESIAN_POINT('',(80.691581490205,-79.63684768228,
    28.400060960122));
#3307 = PCURVE('',#242,#3308);
#3308 = DEFINITIONAL_REPRESENTATION('',(#3309),#3312);
#3309 = B_SPLINE_CURVE_WITH_KNOTS('',1,(#3310,#3311),.UNSPECIFIED.,.F.,
  .F.,(2,2),(0.,78.74),.PIECEWISE_BEZIER_KNOTS.);
#3310 = CARTESIAN_POINT('',(0.,0.));
#3311 = CARTESIAN_POINT('',(0.,-78.74));
#3312 = ( GEOMETRIC_REPRESENTATION_CONTEXT(2) 
PARAMETRIC_REPRESENTATION_CONTEXT() REPRESENTATION_CONTEXT('2D SPACE',''
  ) );
#3313 = PCURVE('',#267,#3314);
#3314 = DEFINITIONAL_REPRESENTATION('',(#3315),#3318);
#3315 = B_SPLINE_CURVE_WITH_KNOTS('',1,(#3316,#3317),.UNSPECIFIED.,.F.,
  .F.,(2,2),(0.,78.74),.PIECEWISE_BEZIER_KNOTS.);
#3316 = CARTESIAN_POINT('',(8.468070771091,0.));
#3317 = CARTESIAN_POINT('',(8.468070771091,-78.74));
#3318 = ( GEOMETRIC_REPRESENTATION_CONTEXT(2) 
PARAMETRIC_REPRESENTATION_CONTEXT() REPRESENTATION_CONTEXT('2D SPACE',''
  ) );
#3319 = ORIENTED_EDGE('',*,*,#3320,.T.);
#3320 = EDGE_CURVE('',#3301,#3215,#3321,.T.);
#3321 = SURFACE_CURVE('',#3322,(#3325,#3331),.PCURVE_S1.);
#3322 = B_SPLINE_CURVE_WITH_KNOTS('',1,(#3323,#3324),.UNSPECIFIED.,.F.,
  .F.,(2,2),(0.,8.468070771091),.PIECEWISE_BEZIER_KNOTS.);
#3323 = CARTESIAN_POINT('',(80.691581490205,-79.63684768228,
    28.400060960122));
#3324 = CARTESIAN_POINT('',(80.79699901636,-79.44936273058,
    28.400060960122));
#3325 = PCURVE('',#242,#3326);
#3326 = DEFINITIONAL_REPRESENTATION('',(#3327),#3330);
#3327 = B_SPLINE_CURVE_WITH_KNOTS('',1,(#3328,#3329),.UNSPECIFIED.,.F.,
  .F.,(2,2),(0.,8.468070771091),.PIECEWISE_BEZIER_KNOTS.);
#3328 = CARTESIAN_POINT('',(0.,-78.74));
#3329 = CARTESIAN_POINT('',(8.468070771091,-78.74));
#3330 = ( GEOMETRIC_REPRESENTATION_CONTEXT(2) 
PARAMETRIC_REPRESENTATION_CONTEXT() REPRESENTATION_CONTEXT('2D SPACE',''
  ) );
#3331 = PCURVE('',#2616,#3332);
#3332 = DEFINITIONAL_REPRESENTATION('',(#3333),#3336);
#3333 = B_SPLINE_CURVE_WITH_KNOTS('',1,(#3334,#3335),.UNSPECIFIED.,.F.,
  .F.,(2,2),(0.,8.468070771091),.PIECEWISE_BEZIER_KNOTS.);
#3334 = CARTESIAN_POINT('',(-1.526657894381E+03,-1.602024463269E+03));
#3335 = CARTESIAN_POINT('',(-1.519276611832E+03,-1.606174751274E+03));
#3336 = ( GEOMETRIC_REPRESENTATION_CONTEXT(2) 
PARAMETRIC_REPRESENTATION_CONTEXT() REPRESENTATION_CONTEXT('2D SPACE',''
  ) );
#3337 = ORIENTED_EDGE('',*,*,#3214,.F.);
#3338 = ORIENTED_EDGE('',*,*,#228,.F.);
#3339 = ADVANCED_FACE('',(#3340),#2292,.T.);
#3340 = FACE_BOUND('',#3341,.T.);
#3341 = EDGE_LOOP('',(#3342,#3362,#3380,#3381));
#3342 = ORIENTED_EDGE('',*,*,#3343,.T.);
#3343 = EDGE_CURVE('',#2254,#3344,#3346,.T.);
#3344 = VERTEX_POINT('',#3345);
#3345 = CARTESIAN_POINT('',(82.185159527938,0.246844374402,
    30.000060960122));
#3346 = SURFACE_CURVE('',#3347,(#3350,#3356),.PCURVE_S1.);
#3347 = B_SPLINE_CURVE_WITH_KNOTS('',1,(#3348,#3349),.UNSPECIFIED.,.F.,
  .F.,(2,2),(0.,141.732),.PIECEWISE_BEZIER_KNOTS.);
#3348 = CARTESIAN_POINT('',(82.185159527938,0.246844374402,
    26.400060960122));
#3349 = CARTESIAN_POINT('',(82.185159527938,0.246844374402,
    30.000060960122));
#3350 = PCURVE('',#2292,#3351);
#3351 = DEFINITIONAL_REPRESENTATION('',(#3352),#3355);
#3352 = B_SPLINE_CURVE_WITH_KNOTS('',1,(#3353,#3354),.UNSPECIFIED.,.F.,
  .F.,(2,2),(0.,141.732),.PIECEWISE_BEZIER_KNOTS.);
#3353 = CARTESIAN_POINT('',(0.,0.));
#3354 = CARTESIAN_POINT('',(0.,-141.732));
#3355 = ( GEOMETRIC_REPRESENTATION_CONTEXT(2) 
PARAMETRIC_REPRESENTATION_CONTEXT() REPRESENTATION_CONTEXT('2D SPACE',''
  ) );
#3356 = PCURVE('',#2267,#3357);
#3357 = DEFINITIONAL_REPRESENTATION('',(#3358),#3361);
#3358 = B_SPLINE_CURVE_WITH_KNOTS('',1,(#3359,#3360),.UNSPECIFIED.,.F.,
  .F.,(2,2),(0.,141.732),.PIECEWISE_BEZIER_KNOTS.);
#3359 = CARTESIAN_POINT('',(12.598223131436,0.));
#3360 = CARTESIAN_POINT('',(12.598223131436,-141.732));
#3361 = ( GEOMETRIC_REPRESENTATION_CONTEXT(2) 
PARAMETRIC_REPRESENTATION_CONTEXT() REPRESENTATION_CONTEXT('2D SPACE',''
  ) );
#3362 = ORIENTED_EDGE('',*,*,#3363,.T.);
#3363 = EDGE_CURVE('',#3344,#3258,#3364,.T.);
#3364 = SURFACE_CURVE('',#3365,(#3368,#3374),.PCURVE_S1.);
#3365 = B_SPLINE_CURVE_WITH_KNOTS('',1,(#3366,#3367),.UNSPECIFIED.,.F.,
  .F.,(2,2),(0.,12.598223131437),.PIECEWISE_BEZIER_KNOTS.);
#3366 = CARTESIAN_POINT('',(82.185159527938,0.246844374402,
    30.000060960122));
#3367 = CARTESIAN_POINT('',(82.326941227955,-4.002680640733E-02,
    30.000060960122));
#3368 = PCURVE('',#2292,#3369);
#3369 = DEFINITIONAL_REPRESENTATION('',(#3370),#3373);
#3370 = B_SPLINE_CURVE_WITH_KNOTS('',1,(#3371,#3372),.UNSPECIFIED.,.F.,
  .F.,(2,2),(0.,12.598223131437),.PIECEWISE_BEZIER_KNOTS.);
#3371 = CARTESIAN_POINT('',(0.,-141.732));
#3372 = CARTESIAN_POINT('',(12.598223131437,-141.732));
#3373 = ( GEOMETRIC_REPRESENTATION_CONTEXT(2) 
PARAMETRIC_REPRESENTATION_CONTEXT() REPRESENTATION_CONTEXT('2D SPACE',''
  ) );
#3374 = PCURVE('',#2726,#3375);
#3375 = DEFINITIONAL_REPRESENTATION('',(#3376),#3379);
#3376 = B_SPLINE_CURVE_WITH_KNOTS('',1,(#3377,#3378),.UNSPECIFIED.,.F.,
  .F.,(2,2),(0.,12.598223131437),.PIECEWISE_BEZIER_KNOTS.);
#3377 = CARTESIAN_POINT('',(-1.476111620362E+03,-1.660826630615E+03));
#3378 = CARTESIAN_POINT('',(-1.464817501974E+03,-1.666408576145E+03));
#3379 = ( GEOMETRIC_REPRESENTATION_CONTEXT(2) 
PARAMETRIC_REPRESENTATION_CONTEXT() REPRESENTATION_CONTEXT('2D SPACE',''
  ) );
#3380 = ORIENTED_EDGE('',*,*,#3257,.F.);
#3381 = ORIENTED_EDGE('',*,*,#2278,.F.);
#3382 = ADVANCED_FACE('',(#3383),#267,.F.);
#3383 = FACE_BOUND('',#3384,.F.);
#3384 = EDGE_LOOP('',(#3385,#3405,#3423,#3424));
#3385 = ORIENTED_EDGE('',*,*,#3386,.T.);
#3386 = EDGE_CURVE('',#254,#3387,#3389,.T.);
#3387 = VERTEX_POINT('',#3388);
#3388 = CARTESIAN_POINT('',(80.573615291062,-79.81670161689,
    28.400060960122));
#3389 = SURFACE_CURVE('',#3390,(#3393,#3399),.PCURVE_S1.);
#3390 = B_SPLINE_CURVE_WITH_KNOTS('',1,(#3391,#3392),.UNSPECIFIED.,.F.,
  .F.,(2,2),(0.,78.74),.PIECEWISE_BEZIER_KNOTS.);
#3391 = CARTESIAN_POINT('',(80.573615291062,-79.81670161689,
    26.400060960122));
#3392 = CARTESIAN_POINT('',(80.573615291062,-79.81670161689,
    28.400060960122));
#3393 = PCURVE('',#267,#3394);
#3394 = DEFINITIONAL_REPRESENTATION('',(#3395),#3398);
#3395 = B_SPLINE_CURVE_WITH_KNOTS('',1,(#3396,#3397),.UNSPECIFIED.,.F.,
  .F.,(2,2),(0.,78.74),.PIECEWISE_BEZIER_KNOTS.);
#3396 = CARTESIAN_POINT('',(0.,0.));
#3397 = CARTESIAN_POINT('',(0.,-78.74));
#3398 = ( GEOMETRIC_REPRESENTATION_CONTEXT(2) 
PARAMETRIC_REPRESENTATION_CONTEXT() REPRESENTATION_CONTEXT('2D SPACE',''
  ) );
#3399 = PCURVE('',#292,#3400);
#3400 = DEFINITIONAL_REPRESENTATION('',(#3401),#3404);
#3401 = B_SPLINE_CURVE_WITH_KNOTS('',1,(#3402,#3403),.UNSPECIFIED.,.F.,
  .F.,(2,2),(0.,78.74),.PIECEWISE_BEZIER_KNOTS.);
#3402 = CARTESIAN_POINT('',(8.468070771092,0.));
#3403 = CARTESIAN_POINT('',(8.468070771092,-78.74));
#3404 = ( GEOMETRIC_REPRESENTATION_CONTEXT(2) 
PARAMETRIC_REPRESENTATION_CONTEXT() REPRESENTATION_CONTEXT('2D SPACE',''
  ) );
#3405 = ORIENTED_EDGE('',*,*,#3406,.T.);
#3406 = EDGE_CURVE('',#3387,#3301,#3407,.T.);
#3407 = SURFACE_CURVE('',#3408,(#3411,#3417),.PCURVE_S1.);
#3408 = B_SPLINE_CURVE_WITH_KNOTS('',1,(#3409,#3410),.UNSPECIFIED.,.F.,
  .F.,(2,2),(0.,8.468070771091),.PIECEWISE_BEZIER_KNOTS.);
#3409 = CARTESIAN_POINT('',(80.573615291062,-79.81670161689,
    28.400060960122));
#3410 = CARTESIAN_POINT('',(80.691581490205,-79.63684768228,
    28.400060960122));
#3411 = PCURVE('',#267,#3412);
#3412 = DEFINITIONAL_REPRESENTATION('',(#3413),#3416);
#3413 = B_SPLINE_CURVE_WITH_KNOTS('',1,(#3414,#3415),.UNSPECIFIED.,.F.,
  .F.,(2,2),(0.,8.468070771091),.PIECEWISE_BEZIER_KNOTS.);
#3414 = CARTESIAN_POINT('',(0.,-78.74));
#3415 = CARTESIAN_POINT('',(8.468070771091,-78.74));
#3416 = ( GEOMETRIC_REPRESENTATION_CONTEXT(2) 
PARAMETRIC_REPRESENTATION_CONTEXT() REPRESENTATION_CONTEXT('2D SPACE',''
  ) );
#3417 = PCURVE('',#2616,#3418);
#3418 = DEFINITIONAL_REPRESENTATION('',(#3419),#3422);
#3419 = B_SPLINE_CURVE_WITH_KNOTS('',1,(#3420,#3421),.UNSPECIFIED.,.F.,
  .F.,(2,2),(0.,8.468070771091),.PIECEWISE_BEZIER_KNOTS.);
#3420 = CARTESIAN_POINT('',(-1.533738743786E+03,-1.597380134009E+03));
#3421 = CARTESIAN_POINT('',(-1.526657894381E+03,-1.602024463269E+03));
#3422 = ( GEOMETRIC_REPRESENTATION_CONTEXT(2) 
PARAMETRIC_REPRESENTATION_CONTEXT() REPRESENTATION_CONTEXT('2D SPACE',''
  ) );
#3423 = ORIENTED_EDGE('',*,*,#3300,.F.);
#3424 = ORIENTED_EDGE('',*,*,#253,.F.);
#3425 = ADVANCED_FACE('',(#3426),#2267,.T.);
#3426 = FACE_BOUND('',#3427,.T.);
#3427 = EDGE_LOOP('',(#3428,#3448,#3466,#3467));
#3428 = ORIENTED_EDGE('',*,*,#3429,.T.);
#3429 = EDGE_CURVE('',#2229,#3430,#3432,.T.);
#3430 = VERTEX_POINT('',#3431);
#3431 = CARTESIAN_POINT('',(82.024384771603,0.523518555642,
    30.000060960122));
#3432 = SURFACE_CURVE('',#3433,(#3436,#3442),.PCURVE_S1.);
#3433 = B_SPLINE_CURVE_WITH_KNOTS('',1,(#3434,#3435),.UNSPECIFIED.,.F.,
  .F.,(2,2),(0.,141.732),.PIECEWISE_BEZIER_KNOTS.);
#3434 = CARTESIAN_POINT('',(82.024384771603,0.523518555642,
    26.400060960122));
#3435 = CARTESIAN_POINT('',(82.024384771603,0.523518555642,
    30.000060960122));
#3436 = PCURVE('',#2267,#3437);
#3437 = DEFINITIONAL_REPRESENTATION('',(#3438),#3441);
#3438 = B_SPLINE_CURVE_WITH_KNOTS('',1,(#3439,#3440),.UNSPECIFIED.,.F.,
  .F.,(2,2),(0.,141.732),.PIECEWISE_BEZIER_KNOTS.);
#3439 = CARTESIAN_POINT('',(0.,0.));
#3440 = CARTESIAN_POINT('',(0.,-141.732));
#3441 = ( GEOMETRIC_REPRESENTATION_CONTEXT(2) 
PARAMETRIC_REPRESENTATION_CONTEXT() REPRESENTATION_CONTEXT('2D SPACE',''
  ) );
#3442 = PCURVE('',#2242,#3443);
#3443 = DEFINITIONAL_REPRESENTATION('',(#3444),#3447);
#3444 = B_SPLINE_CURVE_WITH_KNOTS('',1,(#3445,#3446),.UNSPECIFIED.,.F.,
  .F.,(2,2),(0.,141.732),.PIECEWISE_BEZIER_KNOTS.);
#3445 = CARTESIAN_POINT('',(12.598223131436,0.));
#3446 = CARTESIAN_POINT('',(12.598223131436,-141.732));
#3447 = ( GEOMETRIC_REPRESENTATION_CONTEXT(2) 
PARAMETRIC_REPRESENTATION_CONTEXT() REPRESENTATION_CONTEXT('2D SPACE',''
  ) );
#3448 = ORIENTED_EDGE('',*,*,#3449,.T.);
#3449 = EDGE_CURVE('',#3430,#3344,#3450,.T.);
#3450 = SURFACE_CURVE('',#3451,(#3454,#3460),.PCURVE_S1.);
#3451 = B_SPLINE_CURVE_WITH_KNOTS('',1,(#3452,#3453),.UNSPECIFIED.,.F.,
  .F.,(2,2),(0.,12.598223131436),.PIECEWISE_BEZIER_KNOTS.);
#3452 = CARTESIAN_POINT('',(82.024384771603,0.523518555642,
    30.000060960122));
#3453 = CARTESIAN_POINT('',(82.185159527938,0.246844374402,
    30.000060960122));
#3454 = PCURVE('',#2267,#3455);
#3455 = DEFINITIONAL_REPRESENTATION('',(#3456),#3459);
#3456 = B_SPLINE_CURVE_WITH_KNOTS('',1,(#3457,#3458),.UNSPECIFIED.,.F.,
  .F.,(2,2),(0.,12.598223131436),.PIECEWISE_BEZIER_KNOTS.);
#3457 = CARTESIAN_POINT('',(0.,-141.732));
#3458 = CARTESIAN_POINT('',(12.598223131436,-141.732));
#3459 = ( GEOMETRIC_REPRESENTATION_CONTEXT(2) 
PARAMETRIC_REPRESENTATION_CONTEXT() REPRESENTATION_CONTEXT('2D SPACE',''
  ) );
#3460 = PCURVE('',#2726,#3461);
#3461 = DEFINITIONAL_REPRESENTATION('',(#3462),#3465);
#3462 = B_SPLINE_CURVE_WITH_KNOTS('',1,(#3463,#3464),.UNSPECIFIED.,.F.,
  .F.,(2,2),(0.,12.598223131436),.PIECEWISE_BEZIER_KNOTS.);
#3463 = CARTESIAN_POINT('',(-1.487004282878E+03,-1.654496928458E+03));
#3464 = CARTESIAN_POINT('',(-1.476111620362E+03,-1.660826630615E+03));
#3465 = ( GEOMETRIC_REPRESENTATION_CONTEXT(2) 
PARAMETRIC_REPRESENTATION_CONTEXT() REPRESENTATION_CONTEXT('2D SPACE',''
  ) );
#3466 = ORIENTED_EDGE('',*,*,#3343,.F.);
#3467 = ORIENTED_EDGE('',*,*,#2253,.F.);
#3468 = ADVANCED_FACE('',(#3469),#292,.F.);
#3469 = FACE_BOUND('',#3470,.F.);
#3470 = EDGE_LOOP('',(#3471,#3491,#3509,#3510));
#3471 = ORIENTED_EDGE('',*,*,#3472,.T.);
#3472 = EDGE_CURVE('',#279,#3473,#3475,.T.);
#3473 = VERTEX_POINT('',#3474);
#3474 = CARTESIAN_POINT('',(80.443650431805,-79.98808597235,
    28.400060960122));
#3475 = SURFACE_CURVE('',#3476,(#3479,#3485),.PCURVE_S1.);
#3476 = B_SPLINE_CURVE_WITH_KNOTS('',1,(#3477,#3478),.UNSPECIFIED.,.F.,
  .F.,(2,2),(0.,78.74),.PIECEWISE_BEZIER_KNOTS.);
#3477 = CARTESIAN_POINT('',(80.443650431805,-79.98808597235,
    26.400060960122));
#3478 = CARTESIAN_POINT('',(80.443650431805,-79.98808597235,
    28.400060960122));
#3479 = PCURVE('',#292,#3480);
#3480 = DEFINITIONAL_REPRESENTATION('',(#3481),#3484);
#3481 = B_SPLINE_CURVE_WITH_KNOTS('',1,(#3482,#3483),.UNSPECIFIED.,.F.,
  .F.,(2,2),(0.,78.74),.PIECEWISE_BEZIER_KNOTS.);
#3482 = CARTESIAN_POINT('',(0.,0.));
#3483 = CARTESIAN_POINT('',(0.,-78.74));
#3484 = ( GEOMETRIC_REPRESENTATION_CONTEXT(2) 
PARAMETRIC_REPRESENTATION_CONTEXT() REPRESENTATION_CONTEXT('2D SPACE',''
  ) );
#3485 = PCURVE('',#317,#3486);
#3486 = DEFINITIONAL_REPRESENTATION('',(#3487),#3490);
#3487 = B_SPLINE_CURVE_WITH_KNOTS('',1,(#3488,#3489),.UNSPECIFIED.,.F.,
  .F.,(2,2),(0.,78.74),.PIECEWISE_BEZIER_KNOTS.);
#3488 = CARTESIAN_POINT('',(8.468070771091,0.));
#3489 = CARTESIAN_POINT('',(8.468070771091,-78.74));
#3490 = ( GEOMETRIC_REPRESENTATION_CONTEXT(2) 
PARAMETRIC_REPRESENTATION_CONTEXT() REPRESENTATION_CONTEXT('2D SPACE',''
  ) );
#3491 = ORIENTED_EDGE('',*,*,#3492,.T.);
#3492 = EDGE_CURVE('',#3473,#3387,#3493,.T.);
#3493 = SURFACE_CURVE('',#3494,(#3497,#3503),.PCURVE_S1.);
#3494 = B_SPLINE_CURVE_WITH_KNOTS('',1,(#3495,#3496),.UNSPECIFIED.,.F.,
  .F.,(2,2),(0.,8.468070771091),.PIECEWISE_BEZIER_KNOTS.);
#3495 = CARTESIAN_POINT('',(80.443650431805,-79.98808597235,
    28.400060960122));
#3496 = CARTESIAN_POINT('',(80.573615291062,-79.81670161689,
    28.400060960122));
#3497 = PCURVE('',#292,#3498);
#3498 = DEFINITIONAL_REPRESENTATION('',(#3499),#3502);
#3499 = B_SPLINE_CURVE_WITH_KNOTS('',1,(#3500,#3501),.UNSPECIFIED.,.F.,
  .F.,(2,2),(0.,8.468070771091),.PIECEWISE_BEZIER_KNOTS.);
#3500 = CARTESIAN_POINT('',(0.,-78.74));
#3501 = CARTESIAN_POINT('',(8.468070771092,-78.74));
#3502 = ( GEOMETRIC_REPRESENTATION_CONTEXT(2) 
PARAMETRIC_REPRESENTATION_CONTEXT() REPRESENTATION_CONTEXT('2D SPACE',''
  ) );
#3503 = PCURVE('',#2616,#3504);
#3504 = DEFINITIONAL_REPRESENTATION('',(#3505),#3508);
#3505 = B_SPLINE_CURVE_WITH_KNOTS('',1,(#3506,#3507),.UNSPECIFIED.,.F.,
  .F.,(2,2),(0.,8.468070771091),.PIECEWISE_BEZIER_KNOTS.);
#3506 = CARTESIAN_POINT('',(-1.540486145861E+03,-1.5922634175E+03));
#3507 = CARTESIAN_POINT('',(-1.533738743786E+03,-1.597380134009E+03));
#3508 = ( GEOMETRIC_REPRESENTATION_CONTEXT(2) 
PARAMETRIC_REPRESENTATION_CONTEXT() REPRESENTATION_CONTEXT('2D SPACE',''
  ) );
#3509 = ORIENTED_EDGE('',*,*,#3386,.F.);
#3510 = ORIENTED_EDGE('',*,*,#278,.F.);
#3511 = ADVANCED_FACE('',(#3512),#2242,.T.);
#3512 = FACE_BOUND('',#3513,.T.);
#3513 = EDGE_LOOP('',(#3514,#3534,#3552,#3553));
#3514 = ORIENTED_EDGE('',*,*,#3515,.T.);
#3515 = EDGE_CURVE('',#2204,#3516,#3518,.T.);
#3516 = VERTEX_POINT('',#3517);
#3517 = CARTESIAN_POINT('',(81.845346612633,0.788740090348,
    30.000060960122));
#3518 = SURFACE_CURVE('',#3519,(#3522,#3528),.PCURVE_S1.);
#3519 = B_SPLINE_CURVE_WITH_KNOTS('',1,(#3520,#3521),.UNSPECIFIED.,.F.,
  .F.,(2,2),(0.,141.732),.PIECEWISE_BEZIER_KNOTS.);
#3520 = CARTESIAN_POINT('',(81.845346612633,0.788740090348,
    26.400060960122));
#3521 = CARTESIAN_POINT('',(81.845346612633,0.788740090348,
    30.000060960122));
#3522 = PCURVE('',#2242,#3523);
#3523 = DEFINITIONAL_REPRESENTATION('',(#3524),#3527);
#3524 = B_SPLINE_CURVE_WITH_KNOTS('',1,(#3525,#3526),.UNSPECIFIED.,.F.,
  .F.,(2,2),(0.,141.732),.PIECEWISE_BEZIER_KNOTS.);
#3525 = CARTESIAN_POINT('',(0.,0.));
#3526 = CARTESIAN_POINT('',(0.,-141.732));
#3527 = ( GEOMETRIC_REPRESENTATION_CONTEXT(2) 
PARAMETRIC_REPRESENTATION_CONTEXT() REPRESENTATION_CONTEXT('2D SPACE',''
  ) );
#3528 = PCURVE('',#2217,#3529);
#3529 = DEFINITIONAL_REPRESENTATION('',(#3530),#3533);
#3530 = B_SPLINE_CURVE_WITH_KNOTS('',1,(#3531,#3532),.UNSPECIFIED.,.F.,
  .F.,(2,2),(0.,141.732),.PIECEWISE_BEZIER_KNOTS.);
#3531 = CARTESIAN_POINT('',(12.598223131436,0.));
#3532 = CARTESIAN_POINT('',(12.598223131436,-141.732));
#3533 = ( GEOMETRIC_REPRESENTATION_CONTEXT(2) 
PARAMETRIC_REPRESENTATION_CONTEXT() REPRESENTATION_CONTEXT('2D SPACE',''
  ) );
#3534 = ORIENTED_EDGE('',*,*,#3535,.T.);
#3535 = EDGE_CURVE('',#3516,#3430,#3536,.T.);
#3536 = SURFACE_CURVE('',#3537,(#3540,#3546),.PCURVE_S1.);
#3537 = B_SPLINE_CURVE_WITH_KNOTS('',1,(#3538,#3539),.UNSPECIFIED.,.F.,
  .F.,(2,2),(0.,12.598223131436),.PIECEWISE_BEZIER_KNOTS.);
#3538 = CARTESIAN_POINT('',(81.845346612633,0.788740090348,
    30.000060960122));
#3539 = CARTESIAN_POINT('',(82.024384771603,0.523518555642,
    30.000060960122));
#3540 = PCURVE('',#2242,#3541);
#3541 = DEFINITIONAL_REPRESENTATION('',(#3542),#3545);
#3542 = B_SPLINE_CURVE_WITH_KNOTS('',1,(#3543,#3544),.UNSPECIFIED.,.F.,
  .F.,(2,2),(0.,12.598223131436),.PIECEWISE_BEZIER_KNOTS.);
#3543 = CARTESIAN_POINT('',(0.,-141.732));
#3544 = CARTESIAN_POINT('',(12.598223131436,-141.732));
#3545 = ( GEOMETRIC_REPRESENTATION_CONTEXT(2) 
PARAMETRIC_REPRESENTATION_CONTEXT() REPRESENTATION_CONTEXT('2D SPACE',''
  ) );
#3546 = PCURVE('',#2726,#3547);
#3547 = DEFINITIONAL_REPRESENTATION('',(#3548),#3551);
#3548 = B_SPLINE_CURVE_WITH_KNOTS('',1,(#3549,#3550),.UNSPECIFIED.,.F.,
  .F.,(2,2),(0.,12.598223131436),.PIECEWISE_BEZIER_KNOTS.);
#3549 = CARTESIAN_POINT('',(-1.497446054699E+03,-1.647448196139E+03));
#3550 = CARTESIAN_POINT('',(-1.487004282878E+03,-1.654496928458E+03));
#3551 = ( GEOMETRIC_REPRESENTATION_CONTEXT(2) 
PARAMETRIC_REPRESENTATION_CONTEXT() REPRESENTATION_CONTEXT('2D SPACE',''
  ) );
#3552 = ORIENTED_EDGE('',*,*,#3429,.F.);
#3553 = ORIENTED_EDGE('',*,*,#2228,.F.);
#3554 = ADVANCED_FACE('',(#3555),#317,.F.);
#3555 = FACE_BOUND('',#3556,.F.);
#3556 = EDGE_LOOP('',(#3557,#3577,#3595,#3596));
#3557 = ORIENTED_EDGE('',*,*,#3558,.T.);
#3558 = EDGE_CURVE('',#304,#3559,#3561,.T.);
#3559 = VERTEX_POINT('',#3560);
#3560 = CARTESIAN_POINT('',(80.302292868604,-80.15020167567,
    28.400060960122));
#3561 = SURFACE_CURVE('',#3562,(#3565,#3571),.PCURVE_S1.);
#3562 = B_SPLINE_CURVE_WITH_KNOTS('',1,(#3563,#3564),.UNSPECIFIED.,.F.,
  .F.,(2,2),(0.,78.74),.PIECEWISE_BEZIER_KNOTS.);
#3563 = CARTESIAN_POINT('',(80.302292868604,-80.15020167567,
    26.400060960122));
#3564 = CARTESIAN_POINT('',(80.302292868604,-80.15020167567,
    28.400060960122));
#3565 = PCURVE('',#317,#3566);
#3566 = DEFINITIONAL_REPRESENTATION('',(#3567),#3570);
#3567 = B_SPLINE_CURVE_WITH_KNOTS('',1,(#3568,#3569),.UNSPECIFIED.,.F.,
  .F.,(2,2),(0.,78.74),.PIECEWISE_BEZIER_KNOTS.);
#3568 = CARTESIAN_POINT('',(0.,0.));
#3569 = CARTESIAN_POINT('',(0.,-78.74));
#3570 = ( GEOMETRIC_REPRESENTATION_CONTEXT(2) 
PARAMETRIC_REPRESENTATION_CONTEXT() REPRESENTATION_CONTEXT('2D SPACE',''
  ) );
#3571 = PCURVE('',#342,#3572);
#3572 = DEFINITIONAL_REPRESENTATION('',(#3573),#3576);
#3573 = B_SPLINE_CURVE_WITH_KNOTS('',1,(#3574,#3575),.UNSPECIFIED.,.F.,
  .F.,(2,2),(0.,78.74),.PIECEWISE_BEZIER_KNOTS.);
#3574 = CARTESIAN_POINT('',(8.468070771091,0.));
#3575 = CARTESIAN_POINT('',(8.468070771091,-78.74));
#3576 = ( GEOMETRIC_REPRESENTATION_CONTEXT(2) 
PARAMETRIC_REPRESENTATION_CONTEXT() REPRESENTATION_CONTEXT('2D SPACE',''
  ) );
#3577 = ORIENTED_EDGE('',*,*,#3578,.T.);
#3578 = EDGE_CURVE('',#3559,#3473,#3579,.T.);
#3579 = SURFACE_CURVE('',#3580,(#3583,#3589),.PCURVE_S1.);
#3580 = B_SPLINE_CURVE_WITH_KNOTS('',1,(#3581,#3582),.UNSPECIFIED.,.F.,
  .F.,(2,2),(0.,8.468070771091),.PIECEWISE_BEZIER_KNOTS.);
#3581 = CARTESIAN_POINT('',(80.302292868604,-80.15020167567,
    28.400060960122));
#3582 = CARTESIAN_POINT('',(80.443650431805,-79.98808597235,
    28.400060960122));
#3583 = PCURVE('',#317,#3584);
#3584 = DEFINITIONAL_REPRESENTATION('',(#3585),#3588);
#3585 = B_SPLINE_CURVE_WITH_KNOTS('',1,(#3586,#3587),.UNSPECIFIED.,.F.,
  .F.,(2,2),(0.,8.468070771091),.PIECEWISE_BEZIER_KNOTS.);
#3586 = CARTESIAN_POINT('',(0.,-78.74));
#3587 = CARTESIAN_POINT('',(8.468070771091,-78.74));
#3588 = ( GEOMETRIC_REPRESENTATION_CONTEXT(2) 
PARAMETRIC_REPRESENTATION_CONTEXT() REPRESENTATION_CONTEXT('2D SPACE',''
  ) );
#3589 = PCURVE('',#2616,#3590);
#3590 = DEFINITIONAL_REPRESENTATION('',(#3591),#3594);
#3591 = B_SPLINE_CURVE_WITH_KNOTS('',1,(#3592,#3593),.UNSPECIFIED.,.F.,
  .F.,(2,2),(0.,8.468070771091),.PIECEWISE_BEZIER_KNOTS.);
#3592 = CARTESIAN_POINT('',(-1.5468686411E+03,-1.586698170237E+03));
#3593 = CARTESIAN_POINT('',(-1.540486145861E+03,-1.5922634175E+03));
#3594 = ( GEOMETRIC_REPRESENTATION_CONTEXT(2) 
PARAMETRIC_REPRESENTATION_CONTEXT() REPRESENTATION_CONTEXT('2D SPACE',''
  ) );
#3595 = ORIENTED_EDGE('',*,*,#3472,.F.);
#3596 = ORIENTED_EDGE('',*,*,#303,.F.);
#3597 = ADVANCED_FACE('',(#3598),#2217,.T.);
#3598 = FACE_BOUND('',#3599,.T.);
#3599 = EDGE_LOOP('',(#3600,#3620,#3638,#3639));
#3600 = ORIENTED_EDGE('',*,*,#3601,.T.);
#3601 = EDGE_CURVE('',#2179,#3602,#3604,.T.);
#3602 = VERTEX_POINT('',#3603);
#3603 = CARTESIAN_POINT('',(81.648857590598,1.041305307785,
    30.000060960122));
#3604 = SURFACE_CURVE('',#3605,(#3608,#3614),.PCURVE_S1.);
#3605 = B_SPLINE_CURVE_WITH_KNOTS('',1,(#3606,#3607),.UNSPECIFIED.,.F.,
  .F.,(2,2),(0.,141.732),.PIECEWISE_BEZIER_KNOTS.);
#3606 = CARTESIAN_POINT('',(81.648857590598,1.041305307785,
    26.400060960122));
#3607 = CARTESIAN_POINT('',(81.648857590598,1.041305307785,
    30.000060960122));
#3608 = PCURVE('',#2217,#3609);
#3609 = DEFINITIONAL_REPRESENTATION('',(#3610),#3613);
#3610 = B_SPLINE_CURVE_WITH_KNOTS('',1,(#3611,#3612),.UNSPECIFIED.,.F.,
  .F.,(2,2),(0.,141.732),.PIECEWISE_BEZIER_KNOTS.);
#3611 = CARTESIAN_POINT('',(0.,0.));
#3612 = CARTESIAN_POINT('',(0.,-141.732));
#3613 = ( GEOMETRIC_REPRESENTATION_CONTEXT(2) 
PARAMETRIC_REPRESENTATION_CONTEXT() REPRESENTATION_CONTEXT('2D SPACE',''
  ) );
#3614 = PCURVE('',#2192,#3615);
#3615 = DEFINITIONAL_REPRESENTATION('',(#3616),#3619);
#3616 = B_SPLINE_CURVE_WITH_KNOTS('',1,(#3617,#3618),.UNSPECIFIED.,.F.,
  .F.,(2,2),(0.,141.732),.PIECEWISE_BEZIER_KNOTS.);
#3617 = CARTESIAN_POINT('',(12.598223131436,0.));
#3618 = CARTESIAN_POINT('',(12.598223131436,-141.732));
#3619 = ( GEOMETRIC_REPRESENTATION_CONTEXT(2) 
PARAMETRIC_REPRESENTATION_CONTEXT() REPRESENTATION_CONTEXT('2D SPACE',''
  ) );
#3620 = ORIENTED_EDGE('',*,*,#3621,.T.);
#3621 = EDGE_CURVE('',#3602,#3516,#3622,.T.);
#3622 = SURFACE_CURVE('',#3623,(#3626,#3632),.PCURVE_S1.);
#3623 = B_SPLINE_CURVE_WITH_KNOTS('',1,(#3624,#3625),.UNSPECIFIED.,.F.,
  .F.,(2,2),(0.,12.598223131436),.PIECEWISE_BEZIER_KNOTS.);
#3624 = CARTESIAN_POINT('',(81.648857590598,1.041305307785,
    30.000060960122));
#3625 = CARTESIAN_POINT('',(81.845346612633,0.788740090348,
    30.000060960122));
#3626 = PCURVE('',#2217,#3627);
#3627 = DEFINITIONAL_REPRESENTATION('',(#3628),#3631);
#3628 = B_SPLINE_CURVE_WITH_KNOTS('',1,(#3629,#3630),.UNSPECIFIED.,.F.,
  .F.,(2,2),(0.,12.598223131436),.PIECEWISE_BEZIER_KNOTS.);
#3629 = CARTESIAN_POINT('',(0.,-141.732));
#3630 = CARTESIAN_POINT('',(12.598223131436,-141.732));
#3631 = ( GEOMETRIC_REPRESENTATION_CONTEXT(2) 
PARAMETRIC_REPRESENTATION_CONTEXT() REPRESENTATION_CONTEXT('2D SPACE',''
  ) );
#3632 = PCURVE('',#2726,#3633);
#3633 = DEFINITIONAL_REPRESENTATION('',(#3634),#3637);
#3634 = B_SPLINE_CURVE_WITH_KNOTS('',1,(#3635,#3636),.UNSPECIFIED.,.F.,
  .F.,(2,2),(0.,12.598223131436),.PIECEWISE_BEZIER_KNOTS.);
#3635 = CARTESIAN_POINT('',(-1.50738954731E+03,-1.639712423342E+03));
#3636 = CARTESIAN_POINT('',(-1.497446054699E+03,-1.647448196139E+03));
#3637 = ( GEOMETRIC_REPRESENTATION_CONTEXT(2) 
PARAMETRIC_REPRESENTATION_CONTEXT() REPRESENTATION_CONTEXT('2D SPACE',''
  ) );
#3638 = ORIENTED_EDGE('',*,*,#3515,.F.);
#3639 = ORIENTED_EDGE('',*,*,#2203,.F.);
#3640 = ADVANCED_FACE('',(#3641),#342,.F.);
#3641 = FACE_BOUND('',#3642,.F.);
#3642 = EDGE_LOOP('',(#3643,#3663,#3681,#3682));
#3643 = ORIENTED_EDGE('',*,*,#3644,.T.);
#3644 = EDGE_CURVE('',#329,#3645,#3647,.T.);
#3645 = VERTEX_POINT('',#3646);
#3646 = CARTESIAN_POINT('',(80.15020167567,-80.3022928686,
    28.400060960122));
#3647 = SURFACE_CURVE('',#3648,(#3651,#3657),.PCURVE_S1.);
#3648 = B_SPLINE_CURVE_WITH_KNOTS('',1,(#3649,#3650),.UNSPECIFIED.,.F.,
  .F.,(2,2),(0.,78.74),.PIECEWISE_BEZIER_KNOTS.);
#3649 = CARTESIAN_POINT('',(80.15020167567,-80.3022928686,
    26.400060960122));
#3650 = CARTESIAN_POINT('',(80.15020167567,-80.3022928686,
    28.400060960122));
#3651 = PCURVE('',#342,#3652);
#3652 = DEFINITIONAL_REPRESENTATION('',(#3653),#3656);
#3653 = B_SPLINE_CURVE_WITH_KNOTS('',1,(#3654,#3655),.UNSPECIFIED.,.F.,
  .F.,(2,2),(0.,78.74),.PIECEWISE_BEZIER_KNOTS.);
#3654 = CARTESIAN_POINT('',(0.,0.));
#3655 = CARTESIAN_POINT('',(0.,-78.74));
#3656 = ( GEOMETRIC_REPRESENTATION_CONTEXT(2) 
PARAMETRIC_REPRESENTATION_CONTEXT() REPRESENTATION_CONTEXT('2D SPACE',''
  ) );
#3657 = PCURVE('',#367,#3658);
#3658 = DEFINITIONAL_REPRESENTATION('',(#3659),#3662);
#3659 = B_SPLINE_CURVE_WITH_KNOTS('',1,(#3660,#3661),.UNSPECIFIED.,.F.,
  .F.,(2,2),(0.,78.74),.PIECEWISE_BEZIER_KNOTS.);
#3660 = CARTESIAN_POINT('',(8.46807077109,0.));
#3661 = CARTESIAN_POINT('',(8.46807077109,-78.74));
#3662 = ( GEOMETRIC_REPRESENTATION_CONTEXT(2) 
PARAMETRIC_REPRESENTATION_CONTEXT() REPRESENTATION_CONTEXT('2D SPACE',''
  ) );
#3663 = ORIENTED_EDGE('',*,*,#3664,.T.);
#3664 = EDGE_CURVE('',#3645,#3559,#3665,.T.);
#3665 = SURFACE_CURVE('',#3666,(#3669,#3675),.PCURVE_S1.);
#3666 = B_SPLINE_CURVE_WITH_KNOTS('',1,(#3667,#3668),.UNSPECIFIED.,.F.,
  .F.,(2,2),(0.,8.468070771091),.PIECEWISE_BEZIER_KNOTS.);
#3667 = CARTESIAN_POINT('',(80.15020167567,-80.3022928686,
    28.400060960122));
#3668 = CARTESIAN_POINT('',(80.302292868604,-80.15020167567,
    28.400060960122));
#3669 = PCURVE('',#342,#3670);
#3670 = DEFINITIONAL_REPRESENTATION('',(#3671),#3674);
#3671 = B_SPLINE_CURVE_WITH_KNOTS('',1,(#3672,#3673),.UNSPECIFIED.,.F.,
  .F.,(2,2),(0.,8.468070771091),.PIECEWISE_BEZIER_KNOTS.);
#3672 = CARTESIAN_POINT('',(0.,-78.74));
#3673 = CARTESIAN_POINT('',(8.468070771091,-78.74));
#3674 = ( GEOMETRIC_REPRESENTATION_CONTEXT(2) 
PARAMETRIC_REPRESENTATION_CONTEXT() REPRESENTATION_CONTEXT('2D SPACE',''
  ) );
#3675 = PCURVE('',#2616,#3676);
#3676 = DEFINITIONAL_REPRESENTATION('',(#3677),#3680);
#3677 = B_SPLINE_CURVE_WITH_KNOTS('',1,(#3678,#3679),.UNSPECIFIED.,.F.,
  .F.,(2,2),(0.,8.468070771091),.PIECEWISE_BEZIER_KNOTS.);
#3678 = CARTESIAN_POINT('',(-1.552856471366E+03,-1.580710339971E+03));
#3679 = CARTESIAN_POINT('',(-1.5468686411E+03,-1.586698170237E+03));
#3680 = ( GEOMETRIC_REPRESENTATION_CONTEXT(2) 
PARAMETRIC_REPRESENTATION_CONTEXT() REPRESENTATION_CONTEXT('2D SPACE',''
  ) );
#3681 = ORIENTED_EDGE('',*,*,#3558,.F.);
#3682 = ORIENTED_EDGE('',*,*,#328,.F.);
#3683 = ADVANCED_FACE('',(#3684),#2192,.T.);
#3684 = FACE_BOUND('',#3685,.T.);
#3685 = EDGE_LOOP('',(#3686,#3706,#3724,#3725));
#3686 = ORIENTED_EDGE('',*,*,#3687,.T.);
#3687 = EDGE_CURVE('',#2154,#3688,#3690,.T.);
#3688 = VERTEX_POINT('',#3689);
#3689 = CARTESIAN_POINT('',(81.435809443366,1.280067976139,
    30.000060960122));
#3690 = SURFACE_CURVE('',#3691,(#3694,#3700),.PCURVE_S1.);
#3691 = B_SPLINE_CURVE_WITH_KNOTS('',1,(#3692,#3693),.UNSPECIFIED.,.F.,
  .F.,(2,2),(0.,141.732),.PIECEWISE_BEZIER_KNOTS.);
#3692 = CARTESIAN_POINT('',(81.435809443366,1.280067976139,
    26.400060960122));
#3693 = CARTESIAN_POINT('',(81.435809443366,1.280067976139,
    30.000060960122));
#3694 = PCURVE('',#2192,#3695);
#3695 = DEFINITIONAL_REPRESENTATION('',(#3696),#3699);
#3696 = B_SPLINE_CURVE_WITH_KNOTS('',1,(#3697,#3698),.UNSPECIFIED.,.F.,
  .F.,(2,2),(0.,141.732),.PIECEWISE_BEZIER_KNOTS.);
#3697 = CARTESIAN_POINT('',(0.,0.));
#3698 = CARTESIAN_POINT('',(0.,-141.732));
#3699 = ( GEOMETRIC_REPRESENTATION_CONTEXT(2) 
PARAMETRIC_REPRESENTATION_CONTEXT() REPRESENTATION_CONTEXT('2D SPACE',''
  ) );
#3700 = PCURVE('',#2167,#3701);
#3701 = DEFINITIONAL_REPRESENTATION('',(#3702),#3705);
#3702 = B_SPLINE_CURVE_WITH_KNOTS('',1,(#3703,#3704),.UNSPECIFIED.,.F.,
  .F.,(2,2),(0.,141.732),.PIECEWISE_BEZIER_KNOTS.);
#3703 = CARTESIAN_POINT('',(12.598223131436,0.));
#3704 = CARTESIAN_POINT('',(12.598223131436,-141.732));
#3705 = ( GEOMETRIC_REPRESENTATION_CONTEXT(2) 
PARAMETRIC_REPRESENTATION_CONTEXT() REPRESENTATION_CONTEXT('2D SPACE',''
  ) );
#3706 = ORIENTED_EDGE('',*,*,#3707,.T.);
#3707 = EDGE_CURVE('',#3688,#3602,#3708,.T.);
#3708 = SURFACE_CURVE('',#3709,(#3712,#3718),.PCURVE_S1.);
#3709 = B_SPLINE_CURVE_WITH_KNOTS('',1,(#3710,#3711),.UNSPECIFIED.,.F.,
  .F.,(2,2),(0.,12.598223131436),.PIECEWISE_BEZIER_KNOTS.);
#3710 = CARTESIAN_POINT('',(81.435809443366,1.280067976139,
    30.000060960122));
#3711 = CARTESIAN_POINT('',(81.648857590598,1.041305307785,
    30.000060960122));
#3712 = PCURVE('',#2192,#3713);
#3713 = DEFINITIONAL_REPRESENTATION('',(#3714),#3717);
#3714 = B_SPLINE_CURVE_WITH_KNOTS('',1,(#3715,#3716),.UNSPECIFIED.,.F.,
  .F.,(2,2),(0.,12.598223131436),.PIECEWISE_BEZIER_KNOTS.);
#3715 = CARTESIAN_POINT('',(0.,-141.732));
#3716 = CARTESIAN_POINT('',(12.598223131436,-141.732));
#3717 = ( GEOMETRIC_REPRESENTATION_CONTEXT(2) 
PARAMETRIC_REPRESENTATION_CONTEXT() REPRESENTATION_CONTEXT('2D SPACE',''
  ) );
#3718 = PCURVE('',#2726,#3719);
#3719 = DEFINITIONAL_REPRESENTATION('',(#3720),#3723);
#3720 = B_SPLINE_CURVE_WITH_KNOTS('',1,(#3721,#3722),.UNSPECIFIED.,.F.,
  .F.,(2,2),(0.,12.598223131436),.PIECEWISE_BEZIER_KNOTS.);
#3721 = CARTESIAN_POINT('',(-1.516789633563E+03,-1.631324717785E+03));
#3722 = CARTESIAN_POINT('',(-1.50738954731E+03,-1.639712423342E+03));
#3723 = ( GEOMETRIC_REPRESENTATION_CONTEXT(2) 
PARAMETRIC_REPRESENTATION_CONTEXT() REPRESENTATION_CONTEXT('2D SPACE',''
  ) );
#3724 = ORIENTED_EDGE('',*,*,#3601,.F.);
#3725 = ORIENTED_EDGE('',*,*,#2178,.F.);
#3726 = ADVANCED_FACE('',(#3727),#367,.F.);
#3727 = FACE_BOUND('',#3728,.F.);
#3728 = EDGE_LOOP('',(#3729,#3749,#3767,#3768));
#3729 = ORIENTED_EDGE('',*,*,#3730,.T.);
#3730 = EDGE_CURVE('',#354,#3731,#3733,.T.);
#3731 = VERTEX_POINT('',#3732);
#3732 = CARTESIAN_POINT('',(79.988085972353,-80.4436504318,
    28.400060960122));
#3733 = SURFACE_CURVE('',#3734,(#3737,#3743),.PCURVE_S1.);
#3734 = B_SPLINE_CURVE_WITH_KNOTS('',1,(#3735,#3736),.UNSPECIFIED.,.F.,
  .F.,(2,2),(0.,78.74),.PIECEWISE_BEZIER_KNOTS.);
#3735 = CARTESIAN_POINT('',(79.988085972353,-80.4436504318,
    26.400060960122));
#3736 = CARTESIAN_POINT('',(79.988085972353,-80.4436504318,
    28.400060960122));
#3737 = PCURVE('',#367,#3738);
#3738 = DEFINITIONAL_REPRESENTATION('',(#3739),#3742);
#3739 = B_SPLINE_CURVE_WITH_KNOTS('',1,(#3740,#3741),.UNSPECIFIED.,.F.,
  .F.,(2,2),(0.,78.74),.PIECEWISE_BEZIER_KNOTS.);
#3740 = CARTESIAN_POINT('',(0.,0.));
#3741 = CARTESIAN_POINT('',(0.,-78.74));
#3742 = ( GEOMETRIC_REPRESENTATION_CONTEXT(2) 
PARAMETRIC_REPRESENTATION_CONTEXT() REPRESENTATION_CONTEXT('2D SPACE',''
  ) );
#3743 = PCURVE('',#392,#3744);
#3744 = DEFINITIONAL_REPRESENTATION('',(#3745),#3748);
#3745 = B_SPLINE_CURVE_WITH_KNOTS('',1,(#3746,#3747),.UNSPECIFIED.,.F.,
  .F.,(2,2),(0.,78.74),.PIECEWISE_BEZIER_KNOTS.);
#3746 = CARTESIAN_POINT('',(8.468070771092,0.));
#3747 = CARTESIAN_POINT('',(8.468070771092,-78.74));
#3748 = ( GEOMETRIC_REPRESENTATION_CONTEXT(2) 
PARAMETRIC_REPRESENTATION_CONTEXT() REPRESENTATION_CONTEXT('2D SPACE',''
  ) );
#3749 = ORIENTED_EDGE('',*,*,#3750,.T.);
#3750 = EDGE_CURVE('',#3731,#3645,#3751,.T.);
#3751 = SURFACE_CURVE('',#3752,(#3755,#3761),.PCURVE_S1.);
#3752 = B_SPLINE_CURVE_WITH_KNOTS('',1,(#3753,#3754),.UNSPECIFIED.,.F.,
  .F.,(2,2),(0.,8.46807077109),.PIECEWISE_BEZIER_KNOTS.);
#3753 = CARTESIAN_POINT('',(79.988085972353,-80.4436504318,
    28.400060960122));
#3754 = CARTESIAN_POINT('',(80.15020167567,-80.3022928686,
    28.400060960122));
#3755 = PCURVE('',#367,#3756);
#3756 = DEFINITIONAL_REPRESENTATION('',(#3757),#3760);
#3757 = B_SPLINE_CURVE_WITH_KNOTS('',1,(#3758,#3759),.UNSPECIFIED.,.F.,
  .F.,(2,2),(0.,8.46807077109),.PIECEWISE_BEZIER_KNOTS.);
#3758 = CARTESIAN_POINT('',(0.,-78.74));
#3759 = CARTESIAN_POINT('',(8.46807077109,-78.74));
#3760 = ( GEOMETRIC_REPRESENTATION_CONTEXT(2) 
PARAMETRIC_REPRESENTATION_CONTEXT() REPRESENTATION_CONTEXT('2D SPACE',''
  ) );
#3761 = PCURVE('',#2616,#3762);
#3762 = DEFINITIONAL_REPRESENTATION('',(#3763),#3766);
#3763 = B_SPLINE_CURVE_WITH_KNOTS('',1,(#3764,#3765),.UNSPECIFIED.,.F.,
  .F.,(2,2),(0.,8.46807077109),.PIECEWISE_BEZIER_KNOTS.);
#3764 = CARTESIAN_POINT('',(-1.558421718629E+03,-1.574327844732E+03));
#3765 = CARTESIAN_POINT('',(-1.552856471366E+03,-1.580710339971E+03));
#3766 = ( GEOMETRIC_REPRESENTATION_CONTEXT(2) 
PARAMETRIC_REPRESENTATION_CONTEXT() REPRESENTATION_CONTEXT('2D SPACE',''
  ) );
#3767 = ORIENTED_EDGE('',*,*,#3644,.F.);
#3768 = ORIENTED_EDGE('',*,*,#353,.F.);
#3769 = ADVANCED_FACE('',(#3770),#2167,.T.);
#3770 = FACE_BOUND('',#3771,.T.);
#3771 = EDGE_LOOP('',(#3772,#3792,#3810,#3811));
#3772 = ORIENTED_EDGE('',*,*,#3773,.T.);
#3773 = EDGE_CURVE('',#2129,#3774,#3776,.T.);
#3774 = VERTEX_POINT('',#3775);
#3775 = CARTESIAN_POINT('',(81.207169060069,1.503944504531,
    30.000060960122));
#3776 = SURFACE_CURVE('',#3777,(#3780,#3786),.PCURVE_S1.);
#3777 = B_SPLINE_CURVE_WITH_KNOTS('',1,(#3778,#3779),.UNSPECIFIED.,.F.,
  .F.,(2,2),(0.,141.732),.PIECEWISE_BEZIER_KNOTS.);
#3778 = CARTESIAN_POINT('',(81.207169060069,1.503944504531,
    26.400060960122));
#3779 = CARTESIAN_POINT('',(81.207169060069,1.503944504531,
    30.000060960122));
#3780 = PCURVE('',#2167,#3781);
#3781 = DEFINITIONAL_REPRESENTATION('',(#3782),#3785);
#3782 = B_SPLINE_CURVE_WITH_KNOTS('',1,(#3783,#3784),.UNSPECIFIED.,.F.,
  .F.,(2,2),(0.,141.732),.PIECEWISE_BEZIER_KNOTS.);
#3783 = CARTESIAN_POINT('',(0.,0.));
#3784 = CARTESIAN_POINT('',(0.,-141.732));
#3785 = ( GEOMETRIC_REPRESENTATION_CONTEXT(2) 
PARAMETRIC_REPRESENTATION_CONTEXT() REPRESENTATION_CONTEXT('2D SPACE',''
  ) );
#3786 = PCURVE('',#2142,#3787);
#3787 = DEFINITIONAL_REPRESENTATION('',(#3788),#3791);
#3788 = B_SPLINE_CURVE_WITH_KNOTS('',1,(#3789,#3790),.UNSPECIFIED.,.F.,
  .F.,(2,2),(0.,141.732),.PIECEWISE_BEZIER_KNOTS.);
#3789 = CARTESIAN_POINT('',(12.598223131436,0.));
#3790 = CARTESIAN_POINT('',(12.598223131436,-141.732));
#3791 = ( GEOMETRIC_REPRESENTATION_CONTEXT(2) 
PARAMETRIC_REPRESENTATION_CONTEXT() REPRESENTATION_CONTEXT('2D SPACE',''
  ) );
#3792 = ORIENTED_EDGE('',*,*,#3793,.T.);
#3793 = EDGE_CURVE('',#3774,#3688,#3794,.T.);
#3794 = SURFACE_CURVE('',#3795,(#3798,#3804),.PCURVE_S1.);
#3795 = B_SPLINE_CURVE_WITH_KNOTS('',1,(#3796,#3797),.UNSPECIFIED.,.F.,
  .F.,(2,2),(0.,12.598223131436),.PIECEWISE_BEZIER_KNOTS.);
#3796 = CARTESIAN_POINT('',(81.207169060069,1.503944504531,
    30.000060960122));
#3797 = CARTESIAN_POINT('',(81.435809443366,1.280067976139,
    30.000060960122));
#3798 = PCURVE('',#2167,#3799);
#3799 = DEFINITIONAL_REPRESENTATION('',(#3800),#3803);
#3800 = B_SPLINE_CURVE_WITH_KNOTS('',1,(#3801,#3802),.UNSPECIFIED.,.F.,
  .F.,(2,2),(0.,12.598223131436),.PIECEWISE_BEZIER_KNOTS.);
#3801 = CARTESIAN_POINT('',(0.,-141.732));
#3802 = CARTESIAN_POINT('',(12.598223131436,-141.732));
#3803 = ( GEOMETRIC_REPRESENTATION_CONTEXT(2) 
PARAMETRIC_REPRESENTATION_CONTEXT() REPRESENTATION_CONTEXT('2D SPACE',''
  ) );
#3804 = PCURVE('',#2726,#3805);
#3805 = DEFINITIONAL_REPRESENTATION('',(#3806),#3809);
#3806 = B_SPLINE_CURVE_WITH_KNOTS('',1,(#3807,#3808),.UNSPECIFIED.,.F.,
  .F.,(2,2),(0.,12.598223131436),.PIECEWISE_BEZIER_KNOTS.);
#3807 = CARTESIAN_POINT('',(-1.525603652485E+03,-1.622323145895E+03));
#3808 = CARTESIAN_POINT('',(-1.516789633563E+03,-1.631324717785E+03));
#3809 = ( GEOMETRIC_REPRESENTATION_CONTEXT(2) 
PARAMETRIC_REPRESENTATION_CONTEXT() REPRESENTATION_CONTEXT('2D SPACE',''
  ) );
#3810 = ORIENTED_EDGE('',*,*,#3687,.F.);
#3811 = ORIENTED_EDGE('',*,*,#2153,.F.);
#3812 = ADVANCED_FACE('',(#3813),#392,.F.);
#3813 = FACE_BOUND('',#3814,.F.);
#3814 = EDGE_LOOP('',(#3815,#3835,#3853,#3854));
#3815 = ORIENTED_EDGE('',*,*,#3816,.T.);
#3816 = EDGE_CURVE('',#379,#3817,#3819,.T.);
#3817 = VERTEX_POINT('',#3818);
#3818 = CARTESIAN_POINT('',(79.816701616899,-80.57361529106,
    28.400060960122));
#3819 = SURFACE_CURVE('',#3820,(#3823,#3829),.PCURVE_S1.);
#3820 = B_SPLINE_CURVE_WITH_KNOTS('',1,(#3821,#3822),.UNSPECIFIED.,.F.,
  .F.,(2,2),(0.,78.74),.PIECEWISE_BEZIER_KNOTS.);
#3821 = CARTESIAN_POINT('',(79.816701616899,-80.57361529106,
    26.400060960122));
#3822 = CARTESIAN_POINT('',(79.816701616899,-80.57361529106,
    28.400060960122));
#3823 = PCURVE('',#392,#3824);
#3824 = DEFINITIONAL_REPRESENTATION('',(#3825),#3828);
#3825 = B_SPLINE_CURVE_WITH_KNOTS('',1,(#3826,#3827),.UNSPECIFIED.,.F.,
  .F.,(2,2),(0.,78.74),.PIECEWISE_BEZIER_KNOTS.);
#3826 = CARTESIAN_POINT('',(0.,0.));
#3827 = CARTESIAN_POINT('',(0.,-78.74));
#3828 = ( GEOMETRIC_REPRESENTATION_CONTEXT(2) 
PARAMETRIC_REPRESENTATION_CONTEXT() REPRESENTATION_CONTEXT('2D SPACE',''
  ) );
#3829 = PCURVE('',#417,#3830);
#3830 = DEFINITIONAL_REPRESENTATION('',(#3831),#3834);
#3831 = B_SPLINE_CURVE_WITH_KNOTS('',1,(#3832,#3833),.UNSPECIFIED.,.F.,
  .F.,(2,2),(0.,78.74),.PIECEWISE_BEZIER_KNOTS.);
#3832 = CARTESIAN_POINT('',(8.468070771091,0.));
#3833 = CARTESIAN_POINT('',(8.468070771091,-78.74));
#3834 = ( GEOMETRIC_REPRESENTATION_CONTEXT(2) 
PARAMETRIC_REPRESENTATION_CONTEXT() REPRESENTATION_CONTEXT('2D SPACE',''
  ) );
#3835 = ORIENTED_EDGE('',*,*,#3836,.T.);
#3836 = EDGE_CURVE('',#3817,#3731,#3837,.T.);
#3837 = SURFACE_CURVE('',#3838,(#3841,#3847),.PCURVE_S1.);
#3838 = B_SPLINE_CURVE_WITH_KNOTS('',1,(#3839,#3840),.UNSPECIFIED.,.F.,
  .F.,(2,2),(0.,8.468070771091),.PIECEWISE_BEZIER_KNOTS.);
#3839 = CARTESIAN_POINT('',(79.816701616899,-80.57361529106,
    28.400060960122));
#3840 = CARTESIAN_POINT('',(79.988085972353,-80.4436504318,
    28.400060960122));
#3841 = PCURVE('',#392,#3842);
#3842 = DEFINITIONAL_REPRESENTATION('',(#3843),#3846);
#3843 = B_SPLINE_CURVE_WITH_KNOTS('',1,(#3844,#3845),.UNSPECIFIED.,.F.,
  .F.,(2,2),(0.,8.468070771091),.PIECEWISE_BEZIER_KNOTS.);
#3844 = CARTESIAN_POINT('',(0.,-78.74));
#3845 = CARTESIAN_POINT('',(8.468070771092,-78.74));
#3846 = ( GEOMETRIC_REPRESENTATION_CONTEXT(2) 
PARAMETRIC_REPRESENTATION_CONTEXT() REPRESENTATION_CONTEXT('2D SPACE',''
  ) );
#3847 = PCURVE('',#2616,#3848);
#3848 = DEFINITIONAL_REPRESENTATION('',(#3849),#3852);
#3849 = B_SPLINE_CURVE_WITH_KNOTS('',1,(#3850,#3851),.UNSPECIFIED.,.F.,
  .F.,(2,2),(0.,8.468070771091),.PIECEWISE_BEZIER_KNOTS.);
#3850 = CARTESIAN_POINT('',(-1.563538435138E+03,-1.567580442657E+03));
#3851 = CARTESIAN_POINT('',(-1.558421718629E+03,-1.574327844732E+03));
#3852 = ( GEOMETRIC_REPRESENTATION_CONTEXT(2) 
PARAMETRIC_REPRESENTATION_CONTEXT() REPRESENTATION_CONTEXT('2D SPACE',''
  ) );
#3853 = ORIENTED_EDGE('',*,*,#3730,.F.);
#3854 = ORIENTED_EDGE('',*,*,#378,.F.);
#3855 = ADVANCED_FACE('',(#3856),#2142,.T.);
#3856 = FACE_BOUND('',#3857,.T.);
#3857 = EDGE_LOOP('',(#3858,#3878,#3896,#3897));
#3858 = ORIENTED_EDGE('',*,*,#3859,.T.);
#3859 = EDGE_CURVE('',#2104,#3860,#3862,.T.);
#3860 = VERTEX_POINT('',#3861);
#3861 = CARTESIAN_POINT('',(80.963974093017,1.711918860738,
    30.000060960122));
#3862 = SURFACE_CURVE('',#3863,(#3866,#3872),.PCURVE_S1.);
#3863 = B_SPLINE_CURVE_WITH_KNOTS('',1,(#3864,#3865),.UNSPECIFIED.,.F.,
  .F.,(2,2),(0.,141.732),.PIECEWISE_BEZIER_KNOTS.);
#3864 = CARTESIAN_POINT('',(80.963974093017,1.711918860738,
    26.400060960122));
#3865 = CARTESIAN_POINT('',(80.963974093017,1.711918860738,
    30.000060960122));
#3866 = PCURVE('',#2142,#3867);
#3867 = DEFINITIONAL_REPRESENTATION('',(#3868),#3871);
#3868 = B_SPLINE_CURVE_WITH_KNOTS('',1,(#3869,#3870),.UNSPECIFIED.,.F.,
  .F.,(2,2),(0.,141.732),.PIECEWISE_BEZIER_KNOTS.);
#3869 = CARTESIAN_POINT('',(0.,0.));
#3870 = CARTESIAN_POINT('',(0.,-141.732));
#3871 = ( GEOMETRIC_REPRESENTATION_CONTEXT(2) 
PARAMETRIC_REPRESENTATION_CONTEXT() REPRESENTATION_CONTEXT('2D SPACE',''
  ) );
#3872 = PCURVE('',#2117,#3873);
#3873 = DEFINITIONAL_REPRESENTATION('',(#3874),#3877);
#3874 = B_SPLINE_CURVE_WITH_KNOTS('',1,(#3875,#3876),.UNSPECIFIED.,.F.,
  .F.,(2,2),(0.,141.732),.PIECEWISE_BEZIER_KNOTS.);
#3875 = CARTESIAN_POINT('',(12.598223131436,0.));
#3876 = CARTESIAN_POINT('',(12.598223131436,-141.732));
#3877 = ( GEOMETRIC_REPRESENTATION_CONTEXT(2) 
PARAMETRIC_REPRESENTATION_CONTEXT() REPRESENTATION_CONTEXT('2D SPACE',''
  ) );
#3878 = ORIENTED_EDGE('',*,*,#3879,.T.);
#3879 = EDGE_CURVE('',#3860,#3774,#3880,.T.);
#3880 = SURFACE_CURVE('',#3881,(#3884,#3890),.PCURVE_S1.);
#3881 = B_SPLINE_CURVE_WITH_KNOTS('',1,(#3882,#3883),.UNSPECIFIED.,.F.,
  .F.,(2,2),(0.,12.598223131436),.PIECEWISE_BEZIER_KNOTS.);
#3882 = CARTESIAN_POINT('',(80.963974093017,1.711918860738,
    30.000060960122));
#3883 = CARTESIAN_POINT('',(81.207169060069,1.503944504531,
    30.000060960122));
#3884 = PCURVE('',#2142,#3885);
#3885 = DEFINITIONAL_REPRESENTATION('',(#3886),#3889);
#3886 = B_SPLINE_CURVE_WITH_KNOTS('',1,(#3887,#3888),.UNSPECIFIED.,.F.,
  .F.,(2,2),(0.,12.598223131436),.PIECEWISE_BEZIER_KNOTS.);
#3887 = CARTESIAN_POINT('',(0.,-141.732));
#3888 = CARTESIAN_POINT('',(12.598223131436,-141.732));
#3889 = ( GEOMETRIC_REPRESENTATION_CONTEXT(2) 
PARAMETRIC_REPRESENTATION_CONTEXT() REPRESENTATION_CONTEXT('2D SPACE',''
  ) );
#3890 = PCURVE('',#2726,#3891);
#3891 = DEFINITIONAL_REPRESENTATION('',(#3892),#3895);
#3892 = B_SPLINE_CURVE_WITH_KNOTS('',1,(#3893,#3894),.UNSPECIFIED.,.F.,
  .F.,(2,2),(0.,12.598223131436),.PIECEWISE_BEZIER_KNOTS.);
#3893 = CARTESIAN_POINT('',(-1.533791602889E+03,-1.612748560042E+03));
#3894 = CARTESIAN_POINT('',(-1.525603652485E+03,-1.622323145895E+03));
#3895 = ( GEOMETRIC_REPRESENTATION_CONTEXT(2) 
PARAMETRIC_REPRESENTATION_CONTEXT() REPRESENTATION_CONTEXT('2D SPACE',''
  ) );
#3896 = ORIENTED_EDGE('',*,*,#3773,.F.);
#3897 = ORIENTED_EDGE('',*,*,#2128,.F.);
#3898 = ADVANCED_FACE('',(#3899),#417,.F.);
#3899 = FACE_BOUND('',#3900,.F.);
#3900 = EDGE_LOOP('',(#3901,#3921,#3939,#3940));
#3901 = ORIENTED_EDGE('',*,*,#3902,.T.);
#3902 = EDGE_CURVE('',#404,#3903,#3905,.T.);
#3903 = VERTEX_POINT('',#3904);
#3904 = CARTESIAN_POINT('',(79.636847682286,-80.6915814902,
    28.400060960122));
#3905 = SURFACE_CURVE('',#3906,(#3909,#3915),.PCURVE_S1.);
#3906 = B_SPLINE_CURVE_WITH_KNOTS('',1,(#3907,#3908),.UNSPECIFIED.,.F.,
  .F.,(2,2),(0.,78.74),.PIECEWISE_BEZIER_KNOTS.);
#3907 = CARTESIAN_POINT('',(79.636847682286,-80.6915814902,
    26.400060960122));
#3908 = CARTESIAN_POINT('',(79.636847682286,-80.6915814902,
    28.400060960122));
#3909 = PCURVE('',#417,#3910);
#3910 = DEFINITIONAL_REPRESENTATION('',(#3911),#3914);
#3911 = B_SPLINE_CURVE_WITH_KNOTS('',1,(#3912,#3913),.UNSPECIFIED.,.F.,
  .F.,(2,2),(0.,78.74),.PIECEWISE_BEZIER_KNOTS.);
#3912 = CARTESIAN_POINT('',(0.,0.));
#3913 = CARTESIAN_POINT('',(0.,-78.74));
#3914 = ( GEOMETRIC_REPRESENTATION_CONTEXT(2) 
PARAMETRIC_REPRESENTATION_CONTEXT() REPRESENTATION_CONTEXT('2D SPACE',''
  ) );
#3915 = PCURVE('',#442,#3916);
#3916 = DEFINITIONAL_REPRESENTATION('',(#3917),#3920);
#3917 = B_SPLINE_CURVE_WITH_KNOTS('',1,(#3918,#3919),.UNSPECIFIED.,.F.,
  .F.,(2,2),(0.,78.74),.PIECEWISE_BEZIER_KNOTS.);
#3918 = CARTESIAN_POINT('',(8.46807077109,0.));
#3919 = CARTESIAN_POINT('',(8.46807077109,-78.74));
#3920 = ( GEOMETRIC_REPRESENTATION_CONTEXT(2) 
PARAMETRIC_REPRESENTATION_CONTEXT() REPRESENTATION_CONTEXT('2D SPACE',''
  ) );
#3921 = ORIENTED_EDGE('',*,*,#3922,.T.);
#3922 = EDGE_CURVE('',#3903,#3817,#3923,.T.);
#3923 = SURFACE_CURVE('',#3924,(#3927,#3933),.PCURVE_S1.);
#3924 = B_SPLINE_CURVE_WITH_KNOTS('',1,(#3925,#3926),.UNSPECIFIED.,.F.,
  .F.,(2,2),(0.,8.468070771091),.PIECEWISE_BEZIER_KNOTS.);
#3925 = CARTESIAN_POINT('',(79.636847682286,-80.6915814902,
    28.400060960122));
#3926 = CARTESIAN_POINT('',(79.816701616899,-80.57361529106,
    28.400060960122));
#3927 = PCURVE('',#417,#3928);
#3928 = DEFINITIONAL_REPRESENTATION('',(#3929),#3932);
#3929 = B_SPLINE_CURVE_WITH_KNOTS('',1,(#3930,#3931),.UNSPECIFIED.,.F.,
  .F.,(2,2),(0.,8.468070771091),.PIECEWISE_BEZIER_KNOTS.);
#3930 = CARTESIAN_POINT('',(0.,-78.74));
#3931 = CARTESIAN_POINT('',(8.468070771091,-78.74));
#3932 = ( GEOMETRIC_REPRESENTATION_CONTEXT(2) 
PARAMETRIC_REPRESENTATION_CONTEXT() REPRESENTATION_CONTEXT('2D SPACE',''
  ) );
#3933 = PCURVE('',#2616,#3934);
#3934 = DEFINITIONAL_REPRESENTATION('',(#3935),#3938);
#3935 = B_SPLINE_CURVE_WITH_KNOTS('',1,(#3936,#3937),.UNSPECIFIED.,.F.,
  .F.,(2,2),(0.,8.468070771091),.PIECEWISE_BEZIER_KNOTS.);
#3936 = CARTESIAN_POINT('',(-1.568182764398E+03,-1.560499593252E+03));
#3937 = CARTESIAN_POINT('',(-1.563538435138E+03,-1.567580442657E+03));
#3938 = ( GEOMETRIC_REPRESENTATION_CONTEXT(2) 
PARAMETRIC_REPRESENTATION_CONTEXT() REPRESENTATION_CONTEXT('2D SPACE',''
  ) );
#3939 = ORIENTED_EDGE('',*,*,#3816,.F.);
#3940 = ORIENTED_EDGE('',*,*,#403,.F.);
#3941 = ADVANCED_FACE('',(#3942),#2117,.T.);
#3942 = FACE_BOUND('',#3943,.T.);
#3943 = EDGE_LOOP('',(#3944,#3964,#3982,#3983));
#3944 = ORIENTED_EDGE('',*,*,#3945,.T.);
#3945 = EDGE_CURVE('',#2079,#3946,#3948,.T.);
#3946 = VERTEX_POINT('',#3947);
#3947 = CARTESIAN_POINT('',(80.707328248456,1.903047182315,
    30.000060960122));
#3948 = SURFACE_CURVE('',#3949,(#3952,#3958),.PCURVE_S1.);
#3949 = B_SPLINE_CURVE_WITH_KNOTS('',1,(#3950,#3951),.UNSPECIFIED.,.F.,
  .F.,(2,2),(0.,141.732),.PIECEWISE_BEZIER_KNOTS.);
#3950 = CARTESIAN_POINT('',(80.707328248456,1.903047182315,
    26.400060960122));
#3951 = CARTESIAN_POINT('',(80.707328248456,1.903047182315,
    30.000060960122));
#3952 = PCURVE('',#2117,#3953);
#3953 = DEFINITIONAL_REPRESENTATION('',(#3954),#3957);
#3954 = B_SPLINE_CURVE_WITH_KNOTS('',1,(#3955,#3956),.UNSPECIFIED.,.F.,
  .F.,(2,2),(0.,141.732),.PIECEWISE_BEZIER_KNOTS.);
#3955 = CARTESIAN_POINT('',(0.,0.));
#3956 = CARTESIAN_POINT('',(0.,-141.732));
#3957 = ( GEOMETRIC_REPRESENTATION_CONTEXT(2) 
PARAMETRIC_REPRESENTATION_CONTEXT() REPRESENTATION_CONTEXT('2D SPACE',''
  ) );
#3958 = PCURVE('',#2092,#3959);
#3959 = DEFINITIONAL_REPRESENTATION('',(#3960),#3963);
#3960 = B_SPLINE_CURVE_WITH_KNOTS('',1,(#3961,#3962),.UNSPECIFIED.,.F.,
  .F.,(2,2),(0.,141.732),.PIECEWISE_BEZIER_KNOTS.);
#3961 = CARTESIAN_POINT('',(12.598223131437,0.));
#3962 = CARTESIAN_POINT('',(12.598223131437,-141.732));
#3963 = ( GEOMETRIC_REPRESENTATION_CONTEXT(2) 
PARAMETRIC_REPRESENTATION_CONTEXT() REPRESENTATION_CONTEXT('2D SPACE',''
  ) );
#3964 = ORIENTED_EDGE('',*,*,#3965,.T.);
#3965 = EDGE_CURVE('',#3946,#3860,#3966,.T.);
#3966 = SURFACE_CURVE('',#3967,(#3970,#3976),.PCURVE_S1.);
#3967 = B_SPLINE_CURVE_WITH_KNOTS('',1,(#3968,#3969),.UNSPECIFIED.,.F.,
  .F.,(2,2),(0.,12.598223131436),.PIECEWISE_BEZIER_KNOTS.);
#3968 = CARTESIAN_POINT('',(80.707328248456,1.903047182315,
    30.000060960122));
#3969 = CARTESIAN_POINT('',(80.963974093017,1.711918860738,
    30.000060960122));
#3970 = PCURVE('',#2117,#3971);
#3971 = DEFINITIONAL_REPRESENTATION('',(#3972),#3975);
#3972 = B_SPLINE_CURVE_WITH_KNOTS('',1,(#3973,#3974),.UNSPECIFIED.,.F.,
  .F.,(2,2),(0.,12.598223131436),.PIECEWISE_BEZIER_KNOTS.);
#3973 = CARTESIAN_POINT('',(0.,-141.732));
#3974 = CARTESIAN_POINT('',(12.598223131436,-141.732));
#3975 = ( GEOMETRIC_REPRESENTATION_CONTEXT(2) 
PARAMETRIC_REPRESENTATION_CONTEXT() REPRESENTATION_CONTEXT('2D SPACE',''
  ) );
#3976 = PCURVE('',#2726,#3977);
#3977 = DEFINITIONAL_REPRESENTATION('',(#3978),#3981);
#3978 = B_SPLINE_CURVE_WITH_KNOTS('',1,(#3979,#3980),.UNSPECIFIED.,.F.,
  .F.,(2,2),(0.,12.598223131436),.PIECEWISE_BEZIER_KNOTS.);
#3979 = CARTESIAN_POINT('',(-1.54131632491E+03,-1.602644413142E+03));
#3980 = CARTESIAN_POINT('',(-1.533791602889E+03,-1.612748560042E+03));
#3981 = ( GEOMETRIC_REPRESENTATION_CONTEXT(2) 
PARAMETRIC_REPRESENTATION_CONTEXT() REPRESENTATION_CONTEXT('2D SPACE',''
  ) );
#3982 = ORIENTED_EDGE('',*,*,#3859,.F.);
#3983 = ORIENTED_EDGE('',*,*,#2103,.F.);
#3984 = ADVANCED_FACE('',(#3985),#442,.F.);
#3985 = FACE_BOUND('',#3986,.F.);
#3986 = EDGE_LOOP('',(#3987,#4007,#4025,#4026));
#3987 = ORIENTED_EDGE('',*,*,#3988,.T.);
#3988 = EDGE_CURVE('',#429,#3989,#3991,.T.);
#3989 = VERTEX_POINT('',#3990);
#3990 = CARTESIAN_POINT('',(79.449362730582,-80.79699901636,
    28.400060960122));
#3991 = SURFACE_CURVE('',#3992,(#3995,#4001),.PCURVE_S1.);
#3992 = B_SPLINE_CURVE_WITH_KNOTS('',1,(#3993,#3994),.UNSPECIFIED.,.F.,
  .F.,(2,2),(0.,78.74),.PIECEWISE_BEZIER_KNOTS.);
#3993 = CARTESIAN_POINT('',(79.449362730582,-80.79699901636,
    26.400060960122));
#3994 = CARTESIAN_POINT('',(79.449362730582,-80.79699901636,
    28.400060960122));
#3995 = PCURVE('',#442,#3996);
#3996 = DEFINITIONAL_REPRESENTATION('',(#3997),#4000);
#3997 = B_SPLINE_CURVE_WITH_KNOTS('',1,(#3998,#3999),.UNSPECIFIED.,.F.,
  .F.,(2,2),(0.,78.74),.PIECEWISE_BEZIER_KNOTS.);
#3998 = CARTESIAN_POINT('',(0.,0.));
#3999 = CARTESIAN_POINT('',(0.,-78.74));
#4000 = ( GEOMETRIC_REPRESENTATION_CONTEXT(2) 
PARAMETRIC_REPRESENTATION_CONTEXT() REPRESENTATION_CONTEXT('2D SPACE',''
  ) );
#4001 = PCURVE('',#467,#4002);
#4002 = DEFINITIONAL_REPRESENTATION('',(#4003),#4006);
#4003 = B_SPLINE_CURVE_WITH_KNOTS('',1,(#4004,#4005),.UNSPECIFIED.,.F.,
  .F.,(2,2),(0.,78.74),.PIECEWISE_BEZIER_KNOTS.);
#4004 = CARTESIAN_POINT('',(8.468070771092,0.));
#4005 = CARTESIAN_POINT('',(8.468070771092,-78.74));
#4006 = ( GEOMETRIC_REPRESENTATION_CONTEXT(2) 
PARAMETRIC_REPRESENTATION_CONTEXT() REPRESENTATION_CONTEXT('2D SPACE',''
  ) );
#4007 = ORIENTED_EDGE('',*,*,#4008,.T.);
#4008 = EDGE_CURVE('',#3989,#3903,#4009,.T.);
#4009 = SURFACE_CURVE('',#4010,(#4013,#4019),.PCURVE_S1.);
#4010 = B_SPLINE_CURVE_WITH_KNOTS('',1,(#4011,#4012),.UNSPECIFIED.,.F.,
  .F.,(2,2),(0.,8.468070771091),.PIECEWISE_BEZIER_KNOTS.);
#4011 = CARTESIAN_POINT('',(79.449362730582,-80.79699901636,
    28.400060960122));
#4012 = CARTESIAN_POINT('',(79.636847682286,-80.6915814902,
    28.400060960122));
#4013 = PCURVE('',#442,#4014);
#4014 = DEFINITIONAL_REPRESENTATION('',(#4015),#4018);
#4015 = B_SPLINE_CURVE_WITH_KNOTS('',1,(#4016,#4017),.UNSPECIFIED.,.F.,
  .F.,(2,2),(0.,8.468070771091),.PIECEWISE_BEZIER_KNOTS.);
#4016 = CARTESIAN_POINT('',(0.,-78.74));
#4017 = CARTESIAN_POINT('',(8.46807077109,-78.74));
#4018 = ( GEOMETRIC_REPRESENTATION_CONTEXT(2) 
PARAMETRIC_REPRESENTATION_CONTEXT() REPRESENTATION_CONTEXT('2D SPACE',''
  ) );
#4019 = PCURVE('',#2616,#4020);
#4020 = DEFINITIONAL_REPRESENTATION('',(#4021),#4024);
#4021 = B_SPLINE_CURVE_WITH_KNOTS('',1,(#4022,#4023),.UNSPECIFIED.,.F.,
  .F.,(2,2),(0.,8.468070771091),.PIECEWISE_BEZIER_KNOTS.);
#4022 = CARTESIAN_POINT('',(-1.572333052403E+03,-1.553118310703E+03));
#4023 = CARTESIAN_POINT('',(-1.568182764398E+03,-1.560499593252E+03));
#4024 = ( GEOMETRIC_REPRESENTATION_CONTEXT(2) 
PARAMETRIC_REPRESENTATION_CONTEXT() REPRESENTATION_CONTEXT('2D SPACE',''
  ) );
#4025 = ORIENTED_EDGE('',*,*,#3902,.F.);
#4026 = ORIENTED_EDGE('',*,*,#428,.F.);
#4027 = ADVANCED_FACE('',(#4028),#2092,.T.);
#4028 = FACE_BOUND('',#4029,.T.);
#4029 = EDGE_LOOP('',(#4030,#4050,#4068,#4069));
#4030 = ORIENTED_EDGE('',*,*,#4031,.T.);
#4031 = EDGE_CURVE('',#2054,#4032,#4034,.T.);
#4032 = VERTEX_POINT('',#4033);
#4033 = CARTESIAN_POINT('',(80.438396277555,2.076462060184,
    30.000060960122));
#4034 = SURFACE_CURVE('',#4035,(#4038,#4044),.PCURVE_S1.);
#4035 = B_SPLINE_CURVE_WITH_KNOTS('',1,(#4036,#4037),.UNSPECIFIED.,.F.,
  .F.,(2,2),(0.,141.732),.PIECEWISE_BEZIER_KNOTS.);
#4036 = CARTESIAN_POINT('',(80.438396277555,2.076462060184,
    26.400060960122));
#4037 = CARTESIAN_POINT('',(80.438396277555,2.076462060184,
    30.000060960122));
#4038 = PCURVE('',#2092,#4039);
#4039 = DEFINITIONAL_REPRESENTATION('',(#4040),#4043);
#4040 = B_SPLINE_CURVE_WITH_KNOTS('',1,(#4041,#4042),.UNSPECIFIED.,.F.,
  .F.,(2,2),(0.,141.732),.PIECEWISE_BEZIER_KNOTS.);
#4041 = CARTESIAN_POINT('',(0.,0.));
#4042 = CARTESIAN_POINT('',(0.,-141.732));
#4043 = ( GEOMETRIC_REPRESENTATION_CONTEXT(2) 
PARAMETRIC_REPRESENTATION_CONTEXT() REPRESENTATION_CONTEXT('2D SPACE',''
  ) );
#4044 = PCURVE('',#2067,#4045);
#4045 = DEFINITIONAL_REPRESENTATION('',(#4046),#4049);
#4046 = B_SPLINE_CURVE_WITH_KNOTS('',1,(#4047,#4048),.UNSPECIFIED.,.F.,
  .F.,(2,2),(0.,141.732),.PIECEWISE_BEZIER_KNOTS.);
#4047 = CARTESIAN_POINT('',(12.598223131436,0.));
#4048 = CARTESIAN_POINT('',(12.598223131436,-141.732));
#4049 = ( GEOMETRIC_REPRESENTATION_CONTEXT(2) 
PARAMETRIC_REPRESENTATION_CONTEXT() REPRESENTATION_CONTEXT('2D SPACE',''
  ) );
#4050 = ORIENTED_EDGE('',*,*,#4051,.T.);
#4051 = EDGE_CURVE('',#4032,#3946,#4052,.T.);
#4052 = SURFACE_CURVE('',#4053,(#4056,#4062),.PCURVE_S1.);
#4053 = B_SPLINE_CURVE_WITH_KNOTS('',1,(#4054,#4055),.UNSPECIFIED.,.F.,
  .F.,(2,2),(0.,12.598223131437),.PIECEWISE_BEZIER_KNOTS.);
#4054 = CARTESIAN_POINT('',(80.438396277555,2.076462060184,
    30.000060960122));
#4055 = CARTESIAN_POINT('',(80.707328248456,1.903047182315,
    30.000060960122));
#4056 = PCURVE('',#2092,#4057);
#4057 = DEFINITIONAL_REPRESENTATION('',(#4058),#4061);
#4058 = B_SPLINE_CURVE_WITH_KNOTS('',1,(#4059,#4060),.UNSPECIFIED.,.F.,
  .F.,(2,2),(0.,12.598223131437),.PIECEWISE_BEZIER_KNOTS.);
#4059 = CARTESIAN_POINT('',(0.,-141.732));
#4060 = CARTESIAN_POINT('',(12.598223131437,-141.732));
#4061 = ( GEOMETRIC_REPRESENTATION_CONTEXT(2) 
PARAMETRIC_REPRESENTATION_CONTEXT() REPRESENTATION_CONTEXT('2D SPACE',''
  ) );
#4062 = PCURVE('',#2726,#4063);
#4063 = DEFINITIONAL_REPRESENTATION('',(#4064),#4067);
#4064 = B_SPLINE_CURVE_WITH_KNOTS('',1,(#4065,#4066),.UNSPECIFIED.,.F.,
  .F.,(2,2),(0.,12.598223131437),.PIECEWISE_BEZIER_KNOTS.);
#4065 = CARTESIAN_POINT('',(-1.548143668651E+03,-1.592056561447E+03));
#4066 = CARTESIAN_POINT('',(-1.54131632491E+03,-1.602644413142E+03));
#4067 = ( GEOMETRIC_REPRESENTATION_CONTEXT(2) 
PARAMETRIC_REPRESENTATION_CONTEXT() REPRESENTATION_CONTEXT('2D SPACE',''
  ) );
#4068 = ORIENTED_EDGE('',*,*,#3945,.F.);
#4069 = ORIENTED_EDGE('',*,*,#2078,.F.);
#4070 = ADVANCED_FACE('',(#4071),#467,.F.);
#4071 = FACE_BOUND('',#4072,.F.);
#4072 = EDGE_LOOP('',(#4073,#4093,#4111,#4112));
#4073 = ORIENTED_EDGE('',*,*,#4074,.T.);
#4074 = EDGE_CURVE('',#454,#4075,#4077,.T.);
#4075 = VERTEX_POINT('',#4076);
#4076 = CARTESIAN_POINT('',(79.255120903178,-80.88937636435,
    28.400060960122));
#4077 = SURFACE_CURVE('',#4078,(#4081,#4087),.PCURVE_S1.);
#4078 = B_SPLINE_CURVE_WITH_KNOTS('',1,(#4079,#4080),.UNSPECIFIED.,.F.,
  .F.,(2,2),(0.,78.74),.PIECEWISE_BEZIER_KNOTS.);
#4079 = CARTESIAN_POINT('',(79.255120903178,-80.88937636435,
    26.400060960122));
#4080 = CARTESIAN_POINT('',(79.255120903178,-80.88937636435,
    28.400060960122));
#4081 = PCURVE('',#467,#4082);
#4082 = DEFINITIONAL_REPRESENTATION('',(#4083),#4086);
#4083 = B_SPLINE_CURVE_WITH_KNOTS('',1,(#4084,#4085),.UNSPECIFIED.,.F.,
  .F.,(2,2),(0.,78.74),.PIECEWISE_BEZIER_KNOTS.);
#4084 = CARTESIAN_POINT('',(0.,0.));
#4085 = CARTESIAN_POINT('',(0.,-78.74));
#4086 = ( GEOMETRIC_REPRESENTATION_CONTEXT(2) 
PARAMETRIC_REPRESENTATION_CONTEXT() REPRESENTATION_CONTEXT('2D SPACE',''
  ) );
#4087 = PCURVE('',#492,#4088);
#4088 = DEFINITIONAL_REPRESENTATION('',(#4089),#4092);
#4089 = B_SPLINE_CURVE_WITH_KNOTS('',1,(#4090,#4091),.UNSPECIFIED.,.F.,
  .F.,(2,2),(0.,78.74),.PIECEWISE_BEZIER_KNOTS.);
#4090 = CARTESIAN_POINT('',(8.468070771091,0.));
#4091 = CARTESIAN_POINT('',(8.468070771091,-78.74));
#4092 = ( GEOMETRIC_REPRESENTATION_CONTEXT(2) 
PARAMETRIC_REPRESENTATION_CONTEXT() REPRESENTATION_CONTEXT('2D SPACE',''
  ) );
#4093 = ORIENTED_EDGE('',*,*,#4094,.T.);
#4094 = EDGE_CURVE('',#4075,#3989,#4095,.T.);
#4095 = SURFACE_CURVE('',#4096,(#4099,#4105),.PCURVE_S1.);
#4096 = B_SPLINE_CURVE_WITH_KNOTS('',1,(#4097,#4098),.UNSPECIFIED.,.F.,
  .F.,(2,2),(0.,8.468070771091),.PIECEWISE_BEZIER_KNOTS.);
#4097 = CARTESIAN_POINT('',(79.255120903178,-80.88937636435,
    28.400060960122));
#4098 = CARTESIAN_POINT('',(79.449362730582,-80.79699901636,
    28.400060960122));
#4099 = PCURVE('',#467,#4100);
#4100 = DEFINITIONAL_REPRESENTATION('',(#4101),#4104);
#4101 = B_SPLINE_CURVE_WITH_KNOTS('',1,(#4102,#4103),.UNSPECIFIED.,.F.,
  .F.,(2,2),(0.,8.468070771091),.PIECEWISE_BEZIER_KNOTS.);
#4102 = CARTESIAN_POINT('',(0.,-78.74));
#4103 = CARTESIAN_POINT('',(8.468070771092,-78.74));
#4104 = ( GEOMETRIC_REPRESENTATION_CONTEXT(2) 
PARAMETRIC_REPRESENTATION_CONTEXT() REPRESENTATION_CONTEXT('2D SPACE',''
  ) );
#4105 = PCURVE('',#2616,#4106);
#4106 = DEFINITIONAL_REPRESENTATION('',(#4107),#4110);
#4107 = B_SPLINE_CURVE_WITH_KNOTS('',1,(#4108,#4109),.UNSPECIFIED.,.F.,
  .F.,(2,2),(0.,8.468070771091),.PIECEWISE_BEZIER_KNOTS.);
#4108 = CARTESIAN_POINT('',(-1.575969948594E+03,-1.545471009958E+03));
#4109 = CARTESIAN_POINT('',(-1.572333052403E+03,-1.553118310703E+03));
#4110 = ( GEOMETRIC_REPRESENTATION_CONTEXT(2) 
PARAMETRIC_REPRESENTATION_CONTEXT() REPRESENTATION_CONTEXT('2D SPACE',''
  ) );
#4111 = ORIENTED_EDGE('',*,*,#3988,.F.);
#4112 = ORIENTED_EDGE('',*,*,#453,.F.);
#4113 = ADVANCED_FACE('',(#4114),#2067,.T.);
#4114 = FACE_BOUND('',#4115,.T.);
#4115 = EDGE_LOOP('',(#4116,#4136,#4154,#4155));
#4116 = ORIENTED_EDGE('',*,*,#4117,.T.);
#4117 = EDGE_CURVE('',#2029,#4118,#4120,.T.);
#4118 = VERTEX_POINT('',#4119);
#4119 = CARTESIAN_POINT('',(80.158398690341,2.231376475245,
    30.000060960122));
#4120 = SURFACE_CURVE('',#4121,(#4124,#4130),.PCURVE_S1.);
#4121 = B_SPLINE_CURVE_WITH_KNOTS('',1,(#4122,#4123),.UNSPECIFIED.,.F.,
  .F.,(2,2),(0.,141.732),.PIECEWISE_BEZIER_KNOTS.);
#4122 = CARTESIAN_POINT('',(80.158398690341,2.231376475245,
    26.400060960122));
#4123 = CARTESIAN_POINT('',(80.158398690341,2.231376475245,
    30.000060960122));
#4124 = PCURVE('',#2067,#4125);
#4125 = DEFINITIONAL_REPRESENTATION('',(#4126),#4129);
#4126 = B_SPLINE_CURVE_WITH_KNOTS('',1,(#4127,#4128),.UNSPECIFIED.,.F.,
  .F.,(2,2),(0.,141.732),.PIECEWISE_BEZIER_KNOTS.);
#4127 = CARTESIAN_POINT('',(0.,0.));
#4128 = CARTESIAN_POINT('',(0.,-141.732));
#4129 = ( GEOMETRIC_REPRESENTATION_CONTEXT(2) 
PARAMETRIC_REPRESENTATION_CONTEXT() REPRESENTATION_CONTEXT('2D SPACE',''
  ) );
#4130 = PCURVE('',#2042,#4131);
#4131 = DEFINITIONAL_REPRESENTATION('',(#4132),#4135);
#4132 = B_SPLINE_CURVE_WITH_KNOTS('',1,(#4133,#4134),.UNSPECIFIED.,.F.,
  .F.,(2,2),(0.,141.732),.PIECEWISE_BEZIER_KNOTS.);
#4133 = CARTESIAN_POINT('',(12.598223131436,0.));
#4134 = CARTESIAN_POINT('',(12.598223131436,-141.732));
#4135 = ( GEOMETRIC_REPRESENTATION_CONTEXT(2) 
PARAMETRIC_REPRESENTATION_CONTEXT() REPRESENTATION_CONTEXT('2D SPACE',''
  ) );
#4136 = ORIENTED_EDGE('',*,*,#4137,.T.);
#4137 = EDGE_CURVE('',#4118,#4032,#4138,.T.);
#4138 = SURFACE_CURVE('',#4139,(#4142,#4148),.PCURVE_S1.);
#4139 = B_SPLINE_CURVE_WITH_KNOTS('',1,(#4140,#4141),.UNSPECIFIED.,.F.,
  .F.,(2,2),(0.,12.598223131436),.PIECEWISE_BEZIER_KNOTS.);
#4140 = CARTESIAN_POINT('',(80.158398690341,2.231376475245,
    30.000060960122));
#4141 = CARTESIAN_POINT('',(80.438396277555,2.076462060184,
    30.000060960122));
#4142 = PCURVE('',#2067,#4143);
#4143 = DEFINITIONAL_REPRESENTATION('',(#4144),#4147);
#4144 = B_SPLINE_CURVE_WITH_KNOTS('',1,(#4145,#4146),.UNSPECIFIED.,.F.,
  .F.,(2,2),(0.,12.598223131436),.PIECEWISE_BEZIER_KNOTS.);
#4145 = CARTESIAN_POINT('',(0.,-141.732));
#4146 = CARTESIAN_POINT('',(12.598223131436,-141.732));
#4147 = ( GEOMETRIC_REPRESENTATION_CONTEXT(2) 
PARAMETRIC_REPRESENTATION_CONTEXT() REPRESENTATION_CONTEXT('2D SPACE',''
  ) );
#4148 = PCURVE('',#2726,#4149);
#4149 = DEFINITIONAL_REPRESENTATION('',(#4150),#4153);
#4150 = B_SPLINE_CURVE_WITH_KNOTS('',1,(#4151,#4152),.UNSPECIFIED.,.F.,
  .F.,(2,2),(0.,12.598223131436),.PIECEWISE_BEZIER_KNOTS.);
#4151 = CARTESIAN_POINT('',(-1.554242649172E+03,-1.581033056439E+03));
#4152 = CARTESIAN_POINT('',(-1.548143668651E+03,-1.592056561447E+03));
#4153 = ( GEOMETRIC_REPRESENTATION_CONTEXT(2) 
PARAMETRIC_REPRESENTATION_CONTEXT() REPRESENTATION_CONTEXT('2D SPACE',''
  ) );
#4154 = ORIENTED_EDGE('',*,*,#4031,.F.);
#4155 = ORIENTED_EDGE('',*,*,#2053,.F.);
#4156 = ADVANCED_FACE('',(#4157),#492,.F.);
#4157 = FACE_BOUND('',#4158,.F.);
#4158 = EDGE_LOOP('',(#4159,#4179,#4197,#4198));
#4159 = ORIENTED_EDGE('',*,*,#4160,.T.);
#4160 = EDGE_CURVE('',#479,#4161,#4163,.T.);
#4161 = VERTEX_POINT('',#4162);
#4162 = CARTESIAN_POINT('',(79.055027845138,-80.96828282835,
    28.400060960122));
#4163 = SURFACE_CURVE('',#4164,(#4167,#4173),.PCURVE_S1.);
#4164 = B_SPLINE_CURVE_WITH_KNOTS('',1,(#4165,#4166),.UNSPECIFIED.,.F.,
  .F.,(2,2),(0.,78.74),.PIECEWISE_BEZIER_KNOTS.);
#4165 = CARTESIAN_POINT('',(79.055027845138,-80.96828282835,
    26.400060960122));
#4166 = CARTESIAN_POINT('',(79.055027845138,-80.96828282835,
    28.400060960122));
#4167 = PCURVE('',#492,#4168);
#4168 = DEFINITIONAL_REPRESENTATION('',(#4169),#4172);
#4169 = B_SPLINE_CURVE_WITH_KNOTS('',1,(#4170,#4171),.UNSPECIFIED.,.F.,
  .F.,(2,2),(0.,78.74),.PIECEWISE_BEZIER_KNOTS.);
#4170 = CARTESIAN_POINT('',(0.,0.));
#4171 = CARTESIAN_POINT('',(0.,-78.74));
#4172 = ( GEOMETRIC_REPRESENTATION_CONTEXT(2) 
PARAMETRIC_REPRESENTATION_CONTEXT() REPRESENTATION_CONTEXT('2D SPACE',''
  ) );
#4173 = PCURVE('',#517,#4174);
#4174 = DEFINITIONAL_REPRESENTATION('',(#4175),#4178);
#4175 = B_SPLINE_CURVE_WITH_KNOTS('',1,(#4176,#4177),.UNSPECIFIED.,.F.,
  .F.,(2,2),(0.,78.74),.PIECEWISE_BEZIER_KNOTS.);
#4176 = CARTESIAN_POINT('',(8.46807077109,0.));
#4177 = CARTESIAN_POINT('',(8.46807077109,-78.74));
#4178 = ( GEOMETRIC_REPRESENTATION_CONTEXT(2) 
PARAMETRIC_REPRESENTATION_CONTEXT() REPRESENTATION_CONTEXT('2D SPACE',''
  ) );
#4179 = ORIENTED_EDGE('',*,*,#4180,.T.);
#4180 = EDGE_CURVE('',#4161,#4075,#4181,.T.);
#4181 = SURFACE_CURVE('',#4182,(#4185,#4191),.PCURVE_S1.);
#4182 = B_SPLINE_CURVE_WITH_KNOTS('',1,(#4183,#4184),.UNSPECIFIED.,.F.,
  .F.,(2,2),(0.,8.468070771091),.PIECEWISE_BEZIER_KNOTS.);
#4183 = CARTESIAN_POINT('',(79.055027845138,-80.96828282835,
    28.400060960122));
#4184 = CARTESIAN_POINT('',(79.255120903178,-80.88937636435,
    28.400060960122));
#4185 = PCURVE('',#492,#4186);
#4186 = DEFINITIONAL_REPRESENTATION('',(#4187),#4190);
#4187 = B_SPLINE_CURVE_WITH_KNOTS('',1,(#4188,#4189),.UNSPECIFIED.,.F.,
  .F.,(2,2),(0.,8.468070771091),.PIECEWISE_BEZIER_KNOTS.);
#4188 = CARTESIAN_POINT('',(0.,-78.74));
#4189 = CARTESIAN_POINT('',(8.468070771091,-78.74));
#4190 = ( GEOMETRIC_REPRESENTATION_CONTEXT(2) 
PARAMETRIC_REPRESENTATION_CONTEXT() REPRESENTATION_CONTEXT('2D SPACE',''
  ) );
#4191 = PCURVE('',#2616,#4192);
#4192 = DEFINITIONAL_REPRESENTATION('',(#4193),#4196);
#4193 = B_SPLINE_CURVE_WITH_KNOTS('',1,(#4194,#4195),.UNSPECIFIED.,.F.,
  .F.,(2,2),(0.,8.468070771091),.PIECEWISE_BEZIER_KNOTS.);
#4194 = CARTESIAN_POINT('',(-1.579076496081E+03,-1.537593346263E+03));
#4195 = CARTESIAN_POINT('',(-1.575969948594E+03,-1.545471009958E+03));
#4196 = ( GEOMETRIC_REPRESENTATION_CONTEXT(2) 
PARAMETRIC_REPRESENTATION_CONTEXT() REPRESENTATION_CONTEXT('2D SPACE',''
  ) );
#4197 = ORIENTED_EDGE('',*,*,#4074,.F.);
#4198 = ORIENTED_EDGE('',*,*,#478,.F.);
#4199 = ADVANCED_FACE('',(#4200),#2042,.T.);
#4200 = FACE_BOUND('',#4201,.T.);
#4201 = EDGE_LOOP('',(#4202,#4222,#4240,#4241));
#4202 = ORIENTED_EDGE('',*,*,#4203,.T.);
#4203 = EDGE_CURVE('',#2004,#4204,#4206,.T.);
#4204 = VERTEX_POINT('',#4205);
#4205 = CARTESIAN_POINT('',(79.868606216591,2.367087370154,
    30.000060960122));
#4206 = SURFACE_CURVE('',#4207,(#4210,#4216),.PCURVE_S1.);
#4207 = B_SPLINE_CURVE_WITH_KNOTS('',1,(#4208,#4209),.UNSPECIFIED.,.F.,
  .F.,(2,2),(0.,141.732),.PIECEWISE_BEZIER_KNOTS.);
#4208 = CARTESIAN_POINT('',(79.868606216591,2.367087370154,
    26.400060960122));
#4209 = CARTESIAN_POINT('',(79.868606216591,2.367087370154,
    30.000060960122));
#4210 = PCURVE('',#2042,#4211);
#4211 = DEFINITIONAL_REPRESENTATION('',(#4212),#4215);
#4212 = B_SPLINE_CURVE_WITH_KNOTS('',1,(#4213,#4214),.UNSPECIFIED.,.F.,
  .F.,(2,2),(0.,141.732),.PIECEWISE_BEZIER_KNOTS.);
#4213 = CARTESIAN_POINT('',(0.,0.));
#4214 = CARTESIAN_POINT('',(0.,-141.732));
#4215 = ( GEOMETRIC_REPRESENTATION_CONTEXT(2) 
PARAMETRIC_REPRESENTATION_CONTEXT() REPRESENTATION_CONTEXT('2D SPACE',''
  ) );
#4216 = PCURVE('',#2017,#4217);
#4217 = DEFINITIONAL_REPRESENTATION('',(#4218),#4221);
#4218 = B_SPLINE_CURVE_WITH_KNOTS('',1,(#4219,#4220),.UNSPECIFIED.,.F.,
  .F.,(2,2),(0.,141.732),.PIECEWISE_BEZIER_KNOTS.);
#4219 = CARTESIAN_POINT('',(12.598223131436,0.));
#4220 = CARTESIAN_POINT('',(12.598223131436,-141.732));
#4221 = ( GEOMETRIC_REPRESENTATION_CONTEXT(2) 
PARAMETRIC_REPRESENTATION_CONTEXT() REPRESENTATION_CONTEXT('2D SPACE',''
  ) );
#4222 = ORIENTED_EDGE('',*,*,#4223,.T.);
#4223 = EDGE_CURVE('',#4204,#4118,#4224,.T.);
#4224 = SURFACE_CURVE('',#4225,(#4228,#4234),.PCURVE_S1.);
#4225 = B_SPLINE_CURVE_WITH_KNOTS('',1,(#4226,#4227),.UNSPECIFIED.,.F.,
  .F.,(2,2),(0.,12.598223131436),.PIECEWISE_BEZIER_KNOTS.);
#4226 = CARTESIAN_POINT('',(79.868606216591,2.367087370154,
    30.000060960122));
#4227 = CARTESIAN_POINT('',(80.158398690341,2.231376475245,
    30.000060960122));
#4228 = PCURVE('',#2042,#4229);
#4229 = DEFINITIONAL_REPRESENTATION('',(#4230),#4233);
#4230 = B_SPLINE_CURVE_WITH_KNOTS('',1,(#4231,#4232),.UNSPECIFIED.,.F.,
  .F.,(2,2),(0.,12.598223131436),.PIECEWISE_BEZIER_KNOTS.);
#4231 = CARTESIAN_POINT('',(0.,-141.732));
#4232 = CARTESIAN_POINT('',(12.598223131436,-141.732));
#4233 = ( GEOMETRIC_REPRESENTATION_CONTEXT(2) 
PARAMETRIC_REPRESENTATION_CONTEXT() REPRESENTATION_CONTEXT('2D SPACE',''
  ) );
#4234 = PCURVE('',#2726,#4235);
#4235 = DEFINITIONAL_REPRESENTATION('',(#4236),#4239);
#4236 = B_SPLINE_CURVE_WITH_KNOTS('',1,(#4237,#4238),.UNSPECIFIED.,.F.,
  .F.,(2,2),(0.,12.598223131436),.PIECEWISE_BEZIER_KNOTS.);
#4237 = CARTESIAN_POINT('',(-1.559585587105E+03,-1.569623926747E+03));
#4238 = CARTESIAN_POINT('',(-1.554242649172E+03,-1.581033056439E+03));
#4239 = ( GEOMETRIC_REPRESENTATION_CONTEXT(2) 
PARAMETRIC_REPRESENTATION_CONTEXT() REPRESENTATION_CONTEXT('2D SPACE',''
  ) );
#4240 = ORIENTED_EDGE('',*,*,#4117,.F.);
#4241 = ORIENTED_EDGE('',*,*,#2028,.F.);
#4242 = ADVANCED_FACE('',(#4243),#517,.F.);
#4243 = FACE_BOUND('',#4244,.F.);
#4244 = EDGE_LOOP('',(#4245,#4265,#4283,#4284));
#4245 = ORIENTED_EDGE('',*,*,#4246,.T.);
#4246 = EDGE_CURVE('',#504,#4247,#4249,.T.);
#4247 = VERTEX_POINT('',#4248);
#4248 = CARTESIAN_POINT('',(78.850016482667,-81.03335050999,
    28.400060960122));
#4249 = SURFACE_CURVE('',#4250,(#4253,#4259),.PCURVE_S1.);
#4250 = B_SPLINE_CURVE_WITH_KNOTS('',1,(#4251,#4252),.UNSPECIFIED.,.F.,
  .F.,(2,2),(0.,78.74),.PIECEWISE_BEZIER_KNOTS.);
#4251 = CARTESIAN_POINT('',(78.850016482667,-81.03335050999,
    26.400060960122));
#4252 = CARTESIAN_POINT('',(78.850016482667,-81.03335050999,
    28.400060960122));
#4253 = PCURVE('',#517,#4254);
#4254 = DEFINITIONAL_REPRESENTATION('',(#4255),#4258);
#4255 = B_SPLINE_CURVE_WITH_KNOTS('',1,(#4256,#4257),.UNSPECIFIED.,.F.,
  .F.,(2,2),(0.,78.74),.PIECEWISE_BEZIER_KNOTS.);
#4256 = CARTESIAN_POINT('',(0.,0.));
#4257 = CARTESIAN_POINT('',(0.,-78.74));
#4258 = ( GEOMETRIC_REPRESENTATION_CONTEXT(2) 
PARAMETRIC_REPRESENTATION_CONTEXT() REPRESENTATION_CONTEXT('2D SPACE',''
  ) );
#4259 = PCURVE('',#542,#4260);
#4260 = DEFINITIONAL_REPRESENTATION('',(#4261),#4264);
#4261 = B_SPLINE_CURVE_WITH_KNOTS('',1,(#4262,#4263),.UNSPECIFIED.,.F.,
  .F.,(2,2),(0.,78.74),.PIECEWISE_BEZIER_KNOTS.);
#4262 = CARTESIAN_POINT('',(8.46807077109,0.));
#4263 = CARTESIAN_POINT('',(8.46807077109,-78.74));
#4264 = ( GEOMETRIC_REPRESENTATION_CONTEXT(2) 
PARAMETRIC_REPRESENTATION_CONTEXT() REPRESENTATION_CONTEXT('2D SPACE',''
  ) );
#4265 = ORIENTED_EDGE('',*,*,#4266,.T.);
#4266 = EDGE_CURVE('',#4247,#4161,#4267,.T.);
#4267 = SURFACE_CURVE('',#4268,(#4271,#4277),.PCURVE_S1.);
#4268 = B_SPLINE_CURVE_WITH_KNOTS('',1,(#4269,#4270),.UNSPECIFIED.,.F.,
  .F.,(2,2),(0.,8.468070771091),.PIECEWISE_BEZIER_KNOTS.);
#4269 = CARTESIAN_POINT('',(78.850016482667,-81.03335050999,
    28.400060960122));
#4270 = CARTESIAN_POINT('',(79.055027845138,-80.96828282835,
    28.400060960122));
#4271 = PCURVE('',#517,#4272);
#4272 = DEFINITIONAL_REPRESENTATION('',(#4273),#4276);
#4273 = B_SPLINE_CURVE_WITH_KNOTS('',1,(#4274,#4275),.UNSPECIFIED.,.F.,
  .F.,(2,2),(0.,8.468070771091),.PIECEWISE_BEZIER_KNOTS.);
#4274 = CARTESIAN_POINT('',(0.,-78.74));
#4275 = CARTESIAN_POINT('',(8.46807077109,-78.74));
#4276 = ( GEOMETRIC_REPRESENTATION_CONTEXT(2) 
PARAMETRIC_REPRESENTATION_CONTEXT() REPRESENTATION_CONTEXT('2D SPACE',''
  ) );
#4277 = PCURVE('',#2616,#4278);
#4278 = DEFINITIONAL_REPRESENTATION('',(#4279),#4282);
#4279 = B_SPLINE_CURVE_WITH_KNOTS('',1,(#4280,#4281),.UNSPECIFIED.,.F.,
  .F.,(2,2),(0.,8.468070771091),.PIECEWISE_BEZIER_KNOTS.);
#4280 = CARTESIAN_POINT('',(-1.581638210707E+03,-1.529522048923E+03));
#4281 = CARTESIAN_POINT('',(-1.579076496081E+03,-1.537593346263E+03));
#4282 = ( GEOMETRIC_REPRESENTATION_CONTEXT(2) 
PARAMETRIC_REPRESENTATION_CONTEXT() REPRESENTATION_CONTEXT('2D SPACE',''
  ) );
#4283 = ORIENTED_EDGE('',*,*,#4160,.F.);
#4284 = ORIENTED_EDGE('',*,*,#503,.F.);
#4285 = ADVANCED_FACE('',(#4286),#2017,.T.);
#4286 = FACE_BOUND('',#4287,.T.);
#4287 = EDGE_LOOP('',(#4288,#4308,#4326,#4327));
#4288 = ORIENTED_EDGE('',*,*,#4289,.T.);
#4289 = EDGE_CURVE('',#1979,#4290,#4292,.T.);
#4290 = VERTEX_POINT('',#4291);
#4291 = CARTESIAN_POINT('',(79.5703340388,2.482978840049,30.000060960122
    ));
#4292 = SURFACE_CURVE('',#4293,(#4296,#4302),.PCURVE_S1.);
#4293 = B_SPLINE_CURVE_WITH_KNOTS('',1,(#4294,#4295),.UNSPECIFIED.,.F.,
  .F.,(2,2),(0.,141.732),.PIECEWISE_BEZIER_KNOTS.);
#4294 = CARTESIAN_POINT('',(79.5703340388,2.482978840049,26.400060960122
    ));
#4295 = CARTESIAN_POINT('',(79.5703340388,2.482978840049,30.000060960122
    ));
#4296 = PCURVE('',#2017,#4297);
#4297 = DEFINITIONAL_REPRESENTATION('',(#4298),#4301);
#4298 = B_SPLINE_CURVE_WITH_KNOTS('',1,(#4299,#4300),.UNSPECIFIED.,.F.,
  .F.,(2,2),(0.,141.732),.PIECEWISE_BEZIER_KNOTS.);
#4299 = CARTESIAN_POINT('',(0.,0.));
#4300 = CARTESIAN_POINT('',(0.,-141.732));
#4301 = ( GEOMETRIC_REPRESENTATION_CONTEXT(2) 
PARAMETRIC_REPRESENTATION_CONTEXT() REPRESENTATION_CONTEXT('2D SPACE',''
  ) );
#4302 = PCURVE('',#1992,#4303);
#4303 = DEFINITIONAL_REPRESENTATION('',(#4304),#4307);
#4304 = B_SPLINE_CURVE_WITH_KNOTS('',1,(#4305,#4306),.UNSPECIFIED.,.F.,
  .F.,(2,2),(0.,141.732),.PIECEWISE_BEZIER_KNOTS.);
#4305 = CARTESIAN_POINT('',(12.598223131436,0.));
#4306 = CARTESIAN_POINT('',(12.598223131436,-141.732));
#4307 = ( GEOMETRIC_REPRESENTATION_CONTEXT(2) 
PARAMETRIC_REPRESENTATION_CONTEXT() REPRESENTATION_CONTEXT('2D SPACE',''
  ) );
#4308 = ORIENTED_EDGE('',*,*,#4309,.T.);
#4309 = EDGE_CURVE('',#4290,#4204,#4310,.T.);
#4310 = SURFACE_CURVE('',#4311,(#4314,#4320),.PCURVE_S1.);
#4311 = B_SPLINE_CURVE_WITH_KNOTS('',1,(#4312,#4313),.UNSPECIFIED.,.F.,
  .F.,(2,2),(0.,12.598223131437),.PIECEWISE_BEZIER_KNOTS.);
#4312 = CARTESIAN_POINT('',(79.5703340388,2.482978840049,30.000060960122
    ));
#4313 = CARTESIAN_POINT('',(79.868606216591,2.367087370154,
    30.000060960122));
#4314 = PCURVE('',#2017,#4315);
#4315 = DEFINITIONAL_REPRESENTATION('',(#4316),#4319);
#4316 = B_SPLINE_CURVE_WITH_KNOTS('',1,(#4317,#4318),.UNSPECIFIED.,.F.,
  .F.,(2,2),(0.,12.598223131437),.PIECEWISE_BEZIER_KNOTS.);
#4317 = CARTESIAN_POINT('',(0.,-141.732));
#4318 = CARTESIAN_POINT('',(12.598223131436,-141.732));
#4319 = ( GEOMETRIC_REPRESENTATION_CONTEXT(2) 
PARAMETRIC_REPRESENTATION_CONTEXT() REPRESENTATION_CONTEXT('2D SPACE',''
  ) );
#4320 = PCURVE('',#2726,#4321);
#4321 = DEFINITIONAL_REPRESENTATION('',(#4322),#4325);
#4322 = B_SPLINE_CURVE_WITH_KNOTS('',1,(#4323,#4324),.UNSPECIFIED.,.F.,
  .F.,(2,2),(0.,12.598223131437),.PIECEWISE_BEZIER_KNOTS.);
#4323 = CARTESIAN_POINT('',(-1.564148234275E+03,-1.557880951108E+03));
#4324 = CARTESIAN_POINT('',(-1.559585587105E+03,-1.569623926747E+03));
#4325 = ( GEOMETRIC_REPRESENTATION_CONTEXT(2) 
PARAMETRIC_REPRESENTATION_CONTEXT() REPRESENTATION_CONTEXT('2D SPACE',''
  ) );
#4326 = ORIENTED_EDGE('',*,*,#4203,.F.);
#4327 = ORIENTED_EDGE('',*,*,#2003,.F.);
#4328 = ADVANCED_FACE('',(#4329),#542,.F.);
#4329 = FACE_BOUND('',#4330,.F.);
#4330 = EDGE_LOOP('',(#4331,#4351,#4369,#4370));
#4331 = ORIENTED_EDGE('',*,*,#4332,.T.);
#4332 = EDGE_CURVE('',#529,#4333,#4335,.T.);
#4333 = VERTEX_POINT('',#4334);
#4334 = CARTESIAN_POINT('',(78.641042673374,-81.0842760337,
    28.400060960122));
#4335 = SURFACE_CURVE('',#4336,(#4339,#4345),.PCURVE_S1.);
#4336 = B_SPLINE_CURVE_WITH_KNOTS('',1,(#4337,#4338),.UNSPECIFIED.,.F.,
  .F.,(2,2),(0.,78.74),.PIECEWISE_BEZIER_KNOTS.);
#4337 = CARTESIAN_POINT('',(78.641042673374,-81.0842760337,
    26.400060960122));
#4338 = CARTESIAN_POINT('',(78.641042673374,-81.0842760337,
    28.400060960122));
#4339 = PCURVE('',#542,#4340);
#4340 = DEFINITIONAL_REPRESENTATION('',(#4341),#4344);
#4341 = B_SPLINE_CURVE_WITH_KNOTS('',1,(#4342,#4343),.UNSPECIFIED.,.F.,
  .F.,(2,2),(0.,78.74),.PIECEWISE_BEZIER_KNOTS.);
#4342 = CARTESIAN_POINT('',(0.,0.));
#4343 = CARTESIAN_POINT('',(0.,-78.74));
#4344 = ( GEOMETRIC_REPRESENTATION_CONTEXT(2) 
PARAMETRIC_REPRESENTATION_CONTEXT() REPRESENTATION_CONTEXT('2D SPACE',''
  ) );
#4345 = PCURVE('',#567,#4346);
#4346 = DEFINITIONAL_REPRESENTATION('',(#4347),#4350);
#4347 = B_SPLINE_CURVE_WITH_KNOTS('',1,(#4348,#4349),.UNSPECIFIED.,.F.,
  .F.,(2,2),(0.,78.74),.PIECEWISE_BEZIER_KNOTS.);
#4348 = CARTESIAN_POINT('',(8.468070771092,0.));
#4349 = CARTESIAN_POINT('',(8.468070771092,-78.74));
#4350 = ( GEOMETRIC_REPRESENTATION_CONTEXT(2) 
PARAMETRIC_REPRESENTATION_CONTEXT() REPRESENTATION_CONTEXT('2D SPACE',''
  ) );
#4351 = ORIENTED_EDGE('',*,*,#4352,.T.);
#4352 = EDGE_CURVE('',#4333,#4247,#4353,.T.);
#4353 = SURFACE_CURVE('',#4354,(#4357,#4363),.PCURVE_S1.);
#4354 = B_SPLINE_CURVE_WITH_KNOTS('',1,(#4355,#4356),.UNSPECIFIED.,.F.,
  .F.,(2,2),(0.,8.468070771091),.PIECEWISE_BEZIER_KNOTS.);
#4355 = CARTESIAN_POINT('',(78.641042673374,-81.0842760337,
    28.400060960122));
#4356 = CARTESIAN_POINT('',(78.850016482667,-81.03335050999,
    28.400060960122));
#4357 = PCURVE('',#542,#4358);
#4358 = DEFINITIONAL_REPRESENTATION('',(#4359),#4362);
#4359 = B_SPLINE_CURVE_WITH_KNOTS('',1,(#4360,#4361),.UNSPECIFIED.,.F.,
  .F.,(2,2),(0.,8.468070771091),.PIECEWISE_BEZIER_KNOTS.);
#4360 = CARTESIAN_POINT('',(0.,-78.74));
#4361 = CARTESIAN_POINT('',(8.46807077109,-78.74));
#4362 = ( GEOMETRIC_REPRESENTATION_CONTEXT(2) 
PARAMETRIC_REPRESENTATION_CONTEXT() REPRESENTATION_CONTEXT('2D SPACE',''
  ) );
#4363 = PCURVE('',#2616,#4364);
#4364 = DEFINITIONAL_REPRESENTATION('',(#4365),#4368);
#4365 = B_SPLINE_CURVE_WITH_KNOTS('',1,(#4366,#4367),.UNSPECIFIED.,.F.,
  .F.,(2,2),(0.,8.468070771091),.PIECEWISE_BEZIER_KNOTS.);
#4366 = CARTESIAN_POINT('',(-1.583643148576E+03,-1.521294750051E+03));
#4367 = CARTESIAN_POINT('',(-1.581638210707E+03,-1.529522048923E+03));
#4368 = ( GEOMETRIC_REPRESENTATION_CONTEXT(2) 
PARAMETRIC_REPRESENTATION_CONTEXT() REPRESENTATION_CONTEXT('2D SPACE',''
  ) );
#4369 = ORIENTED_EDGE('',*,*,#4246,.F.);
#4370 = ORIENTED_EDGE('',*,*,#528,.F.);
#4371 = ADVANCED_FACE('',(#4372),#1992,.T.);
#4372 = FACE_BOUND('',#4373,.T.);
#4373 = EDGE_LOOP('',(#4374,#4394,#4412,#4413));
#4374 = ORIENTED_EDGE('',*,*,#4375,.T.);
#4375 = EDGE_CURVE('',#1954,#4376,#4378,.T.);
#4376 = VERTEX_POINT('',#4377);
#4377 = CARTESIAN_POINT('',(79.264935823409,2.578524927751,
    30.000060960122));
#4378 = SURFACE_CURVE('',#4379,(#4382,#4388),.PCURVE_S1.);
#4379 = B_SPLINE_CURVE_WITH_KNOTS('',1,(#4380,#4381),.UNSPECIFIED.,.F.,
  .F.,(2,2),(0.,141.732),.PIECEWISE_BEZIER_KNOTS.);
#4380 = CARTESIAN_POINT('',(79.264935823409,2.578524927751,
    26.400060960122));
#4381 = CARTESIAN_POINT('',(79.264935823409,2.578524927751,
    30.000060960122));
#4382 = PCURVE('',#1992,#4383);
#4383 = DEFINITIONAL_REPRESENTATION('',(#4384),#4387);
#4384 = B_SPLINE_CURVE_WITH_KNOTS('',1,(#4385,#4386),.UNSPECIFIED.,.F.,
  .F.,(2,2),(0.,141.732),.PIECEWISE_BEZIER_KNOTS.);
#4385 = CARTESIAN_POINT('',(0.,0.));
#4386 = CARTESIAN_POINT('',(0.,-141.732));
#4387 = ( GEOMETRIC_REPRESENTATION_CONTEXT(2) 
PARAMETRIC_REPRESENTATION_CONTEXT() REPRESENTATION_CONTEXT('2D SPACE',''
  ) );
#4388 = PCURVE('',#1967,#4389);
#4389 = DEFINITIONAL_REPRESENTATION('',(#4390),#4393);
#4390 = B_SPLINE_CURVE_WITH_KNOTS('',1,(#4391,#4392),.UNSPECIFIED.,.F.,
  .F.,(2,2),(0.,141.732),.PIECEWISE_BEZIER_KNOTS.);
#4391 = CARTESIAN_POINT('',(12.598223131436,0.));
#4392 = CARTESIAN_POINT('',(12.598223131436,-141.732));
#4393 = ( GEOMETRIC_REPRESENTATION_CONTEXT(2) 
PARAMETRIC_REPRESENTATION_CONTEXT() REPRESENTATION_CONTEXT('2D SPACE',''
  ) );
#4394 = ORIENTED_EDGE('',*,*,#4395,.T.);
#4395 = EDGE_CURVE('',#4376,#4290,#4396,.T.);
#4396 = SURFACE_CURVE('',#4397,(#4400,#4406),.PCURVE_S1.);
#4397 = B_SPLINE_CURVE_WITH_KNOTS('',1,(#4398,#4399),.UNSPECIFIED.,.F.,
  .F.,(2,2),(0.,12.598223131436),.PIECEWISE_BEZIER_KNOTS.);
#4398 = CARTESIAN_POINT('',(79.264935823409,2.578524927751,
    30.000060960122));
#4399 = CARTESIAN_POINT('',(79.5703340388,2.482978840049,30.000060960122
    ));
#4400 = PCURVE('',#1992,#4401);
#4401 = DEFINITIONAL_REPRESENTATION('',(#4402),#4405);
#4402 = B_SPLINE_CURVE_WITH_KNOTS('',1,(#4403,#4404),.UNSPECIFIED.,.F.,
  .F.,(2,2),(0.,12.598223131436),.PIECEWISE_BEZIER_KNOTS.);
#4403 = CARTESIAN_POINT('',(0.,-141.732));
#4404 = CARTESIAN_POINT('',(12.598223131436,-141.732));
#4405 = ( GEOMETRIC_REPRESENTATION_CONTEXT(2) 
PARAMETRIC_REPRESENTATION_CONTEXT() REPRESENTATION_CONTEXT('2D SPACE',''
  ) );
#4406 = PCURVE('',#2726,#4407);
#4407 = DEFINITIONAL_REPRESENTATION('',(#4408),#4411);
#4408 = B_SPLINE_CURVE_WITH_KNOTS('',1,(#4409,#4410),.UNSPECIFIED.,.F.,
  .F.,(2,2),(0.,12.598223131436),.PIECEWISE_BEZIER_KNOTS.);
#4409 = CARTESIAN_POINT('',(-1.567909883748E+03,-1.545857423368E+03));
#4410 = CARTESIAN_POINT('',(-1.564148234275E+03,-1.557880951108E+03));
#4411 = ( GEOMETRIC_REPRESENTATION_CONTEXT(2) 
PARAMETRIC_REPRESENTATION_CONTEXT() REPRESENTATION_CONTEXT('2D SPACE',''
  ) );
#4412 = ORIENTED_EDGE('',*,*,#4289,.F.);
#4413 = ORIENTED_EDGE('',*,*,#1978,.F.);
#4414 = ADVANCED_FACE('',(#4415),#567,.F.);
#4415 = FACE_BOUND('',#4416,.F.);
#4416 = EDGE_LOOP('',(#4417,#4437,#4455,#4456));
#4417 = ORIENTED_EDGE('',*,*,#4418,.T.);
#4418 = EDGE_CURVE('',#554,#4419,#4421,.T.);
#4419 = VERTEX_POINT('',#4420);
#4420 = CARTESIAN_POINT('',(78.429080749623,-81.12082196119,
    28.400060960122));
#4421 = SURFACE_CURVE('',#4422,(#4425,#4431),.PCURVE_S1.);
#4422 = B_SPLINE_CURVE_WITH_KNOTS('',1,(#4423,#4424),.UNSPECIFIED.,.F.,
  .F.,(2,2),(0.,78.74),.PIECEWISE_BEZIER_KNOTS.);
#4423 = CARTESIAN_POINT('',(78.429080749623,-81.12082196119,
    26.400060960122));
#4424 = CARTESIAN_POINT('',(78.429080749623,-81.12082196119,
    28.400060960122));
#4425 = PCURVE('',#567,#4426);
#4426 = DEFINITIONAL_REPRESENTATION('',(#4427),#4430);
#4427 = B_SPLINE_CURVE_WITH_KNOTS('',1,(#4428,#4429),.UNSPECIFIED.,.F.,
  .F.,(2,2),(0.,78.74),.PIECEWISE_BEZIER_KNOTS.);
#4428 = CARTESIAN_POINT('',(0.,0.));
#4429 = CARTESIAN_POINT('',(0.,-78.74));
#4430 = ( GEOMETRIC_REPRESENTATION_CONTEXT(2) 
PARAMETRIC_REPRESENTATION_CONTEXT() REPRESENTATION_CONTEXT('2D SPACE',''
  ) );
#4431 = PCURVE('',#592,#4432);
#4432 = DEFINITIONAL_REPRESENTATION('',(#4433),#4436);
#4433 = B_SPLINE_CURVE_WITH_KNOTS('',1,(#4434,#4435),.UNSPECIFIED.,.F.,
  .F.,(2,2),(0.,78.74),.PIECEWISE_BEZIER_KNOTS.);
#4434 = CARTESIAN_POINT('',(8.468070771091,0.));
#4435 = CARTESIAN_POINT('',(8.468070771091,-78.74));
#4436 = ( GEOMETRIC_REPRESENTATION_CONTEXT(2) 
PARAMETRIC_REPRESENTATION_CONTEXT() REPRESENTATION_CONTEXT('2D SPACE',''
  ) );
#4437 = ORIENTED_EDGE('',*,*,#4438,.T.);
#4438 = EDGE_CURVE('',#4419,#4333,#4439,.T.);
#4439 = SURFACE_CURVE('',#4440,(#4443,#4449),.PCURVE_S1.);
#4440 = B_SPLINE_CURVE_WITH_KNOTS('',1,(#4441,#4442),.UNSPECIFIED.,.F.,
  .F.,(2,2),(0.,8.468070771091),.PIECEWISE_BEZIER_KNOTS.);
#4441 = CARTESIAN_POINT('',(78.429080749623,-81.12082196119,
    28.400060960122));
#4442 = CARTESIAN_POINT('',(78.641042673374,-81.0842760337,
    28.400060960122));
#4443 = PCURVE('',#567,#4444);
#4444 = DEFINITIONAL_REPRESENTATION('',(#4445),#4448);
#4445 = B_SPLINE_CURVE_WITH_KNOTS('',1,(#4446,#4447),.UNSPECIFIED.,.F.,
  .F.,(2,2),(0.,8.468070771091),.PIECEWISE_BEZIER_KNOTS.);
#4446 = CARTESIAN_POINT('',(0.,-78.74));
#4447 = CARTESIAN_POINT('',(8.468070771092,-78.74));
#4448 = ( GEOMETRIC_REPRESENTATION_CONTEXT(2) 
PARAMETRIC_REPRESENTATION_CONTEXT() REPRESENTATION_CONTEXT('2D SPACE',''
  ) );
#4449 = PCURVE('',#2616,#4450);
#4450 = DEFINITIONAL_REPRESENTATION('',(#4451),#4454);
#4451 = B_SPLINE_CURVE_WITH_KNOTS('',1,(#4452,#4453),.UNSPECIFIED.,.F.,
  .F.,(2,2),(0.,8.468070771091),.PIECEWISE_BEZIER_KNOTS.);
#4452 = CARTESIAN_POINT('',(-1.585081961741E+03,-1.512949809113E+03));
#4453 = CARTESIAN_POINT('',(-1.583643148576E+03,-1.521294750051E+03));
#4454 = ( GEOMETRIC_REPRESENTATION_CONTEXT(2) 
PARAMETRIC_REPRESENTATION_CONTEXT() REPRESENTATION_CONTEXT('2D SPACE',''
  ) );
#4455 = ORIENTED_EDGE('',*,*,#4332,.F.);
#4456 = ORIENTED_EDGE('',*,*,#553,.F.);
#4457 = ADVANCED_FACE('',(#4458),#1967,.T.);
#4458 = FACE_BOUND('',#4459,.T.);
#4459 = EDGE_LOOP('',(#4460,#4480,#4498,#4499));
#4460 = ORIENTED_EDGE('',*,*,#4461,.T.);
#4461 = EDGE_CURVE('',#1929,#4462,#4464,.T.);
#4462 = VERTEX_POINT('',#4463);
#4463 = CARTESIAN_POINT('',(78.953797577383,2.653292010741,
    30.000060960122));
#4464 = SURFACE_CURVE('',#4465,(#4468,#4474),.PCURVE_S1.);
#4465 = B_SPLINE_CURVE_WITH_KNOTS('',1,(#4466,#4467),.UNSPECIFIED.,.F.,
  .F.,(2,2),(0.,141.732),.PIECEWISE_BEZIER_KNOTS.);
#4466 = CARTESIAN_POINT('',(78.953797577383,2.653292010741,
    26.400060960122));
#4467 = CARTESIAN_POINT('',(78.953797577383,2.653292010741,
    30.000060960122));
#4468 = PCURVE('',#1967,#4469);
#4469 = DEFINITIONAL_REPRESENTATION('',(#4470),#4473);
#4470 = B_SPLINE_CURVE_WITH_KNOTS('',1,(#4471,#4472),.UNSPECIFIED.,.F.,
  .F.,(2,2),(0.,141.732),.PIECEWISE_BEZIER_KNOTS.);
#4471 = CARTESIAN_POINT('',(0.,0.));
#4472 = CARTESIAN_POINT('',(0.,-141.732));
#4473 = ( GEOMETRIC_REPRESENTATION_CONTEXT(2) 
PARAMETRIC_REPRESENTATION_CONTEXT() REPRESENTATION_CONTEXT('2D SPACE',''
  ) );
#4474 = PCURVE('',#1942,#4475);
#4475 = DEFINITIONAL_REPRESENTATION('',(#4476),#4479);
#4476 = B_SPLINE_CURVE_WITH_KNOTS('',1,(#4477,#4478),.UNSPECIFIED.,.F.,
  .F.,(2,2),(0.,141.732),.PIECEWISE_BEZIER_KNOTS.);
#4477 = CARTESIAN_POINT('',(12.598223131436,0.));
#4478 = CARTESIAN_POINT('',(12.598223131436,-141.732));
#4479 = ( GEOMETRIC_REPRESENTATION_CONTEXT(2) 
PARAMETRIC_REPRESENTATION_CONTEXT() REPRESENTATION_CONTEXT('2D SPACE',''
  ) );
#4480 = ORIENTED_EDGE('',*,*,#4481,.T.);
#4481 = EDGE_CURVE('',#4462,#4376,#4482,.T.);
#4482 = SURFACE_CURVE('',#4483,(#4486,#4492),.PCURVE_S1.);
#4483 = B_SPLINE_CURVE_WITH_KNOTS('',1,(#4484,#4485),.UNSPECIFIED.,.F.,
  .F.,(2,2),(0.,12.598223131436),.PIECEWISE_BEZIER_KNOTS.);
#4484 = CARTESIAN_POINT('',(78.953797577383,2.653292010741,
    30.000060960122));
#4485 = CARTESIAN_POINT('',(79.264935823409,2.578524927751,
    30.000060960122));
#4486 = PCURVE('',#1967,#4487);
#4487 = DEFINITIONAL_REPRESENTATION('',(#4488),#4491);
#4488 = B_SPLINE_CURVE_WITH_KNOTS('',1,(#4489,#4490),.UNSPECIFIED.,.F.,
  .F.,(2,2),(0.,12.598223131436),.PIECEWISE_BEZIER_KNOTS.);
#4489 = CARTESIAN_POINT('',(0.,-141.732));
#4490 = CARTESIAN_POINT('',(12.598223131436,-141.732));
#4491 = ( GEOMETRIC_REPRESENTATION_CONTEXT(2) 
PARAMETRIC_REPRESENTATION_CONTEXT() REPRESENTATION_CONTEXT('2D SPACE',''
  ) );
#4492 = PCURVE('',#2726,#4493);
#4493 = DEFINITIONAL_REPRESENTATION('',(#4494),#4497);
#4494 = B_SPLINE_CURVE_WITH_KNOTS('',1,(#4495,#4496),.UNSPECIFIED.,.F.,
  .F.,(2,2),(0.,12.598223131436),.PIECEWISE_BEZIER_KNOTS.);
#4495 = CARTESIAN_POINT('',(-1.570853463805E+03,-1.533607910622E+03));
#4496 = CARTESIAN_POINT('',(-1.567909883748E+03,-1.545857423368E+03));
#4497 = ( GEOMETRIC_REPRESENTATION_CONTEXT(2) 
PARAMETRIC_REPRESENTATION_CONTEXT() REPRESENTATION_CONTEXT('2D SPACE',''
  ) );
#4498 = ORIENTED_EDGE('',*,*,#4375,.F.);
#4499 = ORIENTED_EDGE('',*,*,#1953,.F.);
#4500 = ADVANCED_FACE('',(#4501),#592,.F.);
#4501 = FACE_BOUND('',#4502,.F.);
#4502 = EDGE_LOOP('',(#4503,#4523,#4541,#4542));
#4503 = ORIENTED_EDGE('',*,*,#4504,.T.);
#4504 = EDGE_CURVE('',#579,#4505,#4507,.T.);
#4505 = VERTEX_POINT('',#4506);
#4506 = CARTESIAN_POINT('',(78.215118975749,-81.14281789846,
    28.400060960122));
#4507 = SURFACE_CURVE('',#4508,(#4511,#4517),.PCURVE_S1.);
#4508 = B_SPLINE_CURVE_WITH_KNOTS('',1,(#4509,#4510),.UNSPECIFIED.,.F.,
  .F.,(2,2),(0.,78.74),.PIECEWISE_BEZIER_KNOTS.);
#4509 = CARTESIAN_POINT('',(78.215118975749,-81.14281789846,
    26.400060960122));
#4510 = CARTESIAN_POINT('',(78.215118975749,-81.14281789846,
    28.400060960122));
#4511 = PCURVE('',#592,#4512);
#4512 = DEFINITIONAL_REPRESENTATION('',(#4513),#4516);
#4513 = B_SPLINE_CURVE_WITH_KNOTS('',1,(#4514,#4515),.UNSPECIFIED.,.F.,
  .F.,(2,2),(0.,78.74),.PIECEWISE_BEZIER_KNOTS.);
#4514 = CARTESIAN_POINT('',(0.,0.));
#4515 = CARTESIAN_POINT('',(0.,-78.74));
#4516 = ( GEOMETRIC_REPRESENTATION_CONTEXT(2) 
PARAMETRIC_REPRESENTATION_CONTEXT() REPRESENTATION_CONTEXT('2D SPACE',''
  ) );
#4517 = PCURVE('',#617,#4518);
#4518 = DEFINITIONAL_REPRESENTATION('',(#4519),#4522);
#4519 = B_SPLINE_CURVE_WITH_KNOTS('',1,(#4520,#4521),.UNSPECIFIED.,.F.,
  .F.,(2,2),(0.,78.74),.PIECEWISE_BEZIER_KNOTS.);
#4520 = CARTESIAN_POINT('',(8.468070771092,0.));
#4521 = CARTESIAN_POINT('',(8.468070771092,-78.74));
#4522 = ( GEOMETRIC_REPRESENTATION_CONTEXT(2) 
PARAMETRIC_REPRESENTATION_CONTEXT() REPRESENTATION_CONTEXT('2D SPACE',''
  ) );
#4523 = ORIENTED_EDGE('',*,*,#4524,.T.);
#4524 = EDGE_CURVE('',#4505,#4419,#4525,.T.);
#4525 = SURFACE_CURVE('',#4526,(#4529,#4535),.PCURVE_S1.);
#4526 = B_SPLINE_CURVE_WITH_KNOTS('',1,(#4527,#4528),.UNSPECIFIED.,.F.,
  .F.,(2,2),(0.,8.468070771091),.PIECEWISE_BEZIER_KNOTS.);
#4527 = CARTESIAN_POINT('',(78.215118975749,-81.14281789846,
    28.400060960122));
#4528 = CARTESIAN_POINT('',(78.429080749623,-81.12082196119,
    28.400060960122));
#4529 = PCURVE('',#592,#4530);
#4530 = DEFINITIONAL_REPRESENTATION('',(#4531),#4534);
#4531 = B_SPLINE_CURVE_WITH_KNOTS('',1,(#4532,#4533),.UNSPECIFIED.,.F.,
  .F.,(2,2),(0.,8.468070771091),.PIECEWISE_BEZIER_KNOTS.);
#4532 = CARTESIAN_POINT('',(0.,-78.74));
#4533 = CARTESIAN_POINT('',(8.468070771091,-78.74));
#4534 = ( GEOMETRIC_REPRESENTATION_CONTEXT(2) 
PARAMETRIC_REPRESENTATION_CONTEXT() REPRESENTATION_CONTEXT('2D SPACE',''
  ) );
#4535 = PCURVE('',#2616,#4536);
#4536 = DEFINITIONAL_REPRESENTATION('',(#4537),#4540);
#4537 = B_SPLINE_CURVE_WITH_KNOTS('',1,(#4538,#4539),.UNSPECIFIED.,.F.,
  .F.,(2,2),(0.,8.468070771091),.PIECEWISE_BEZIER_KNOTS.);
#4538 = CARTESIAN_POINT('',(-1.585947941792E+03,-1.504526134075E+03));
#4539 = CARTESIAN_POINT('',(-1.585081961741E+03,-1.512949809113E+03));
#4540 = ( GEOMETRIC_REPRESENTATION_CONTEXT(2) 
PARAMETRIC_REPRESENTATION_CONTEXT() REPRESENTATION_CONTEXT('2D SPACE',''
  ) );
#4541 = ORIENTED_EDGE('',*,*,#4418,.F.);
#4542 = ORIENTED_EDGE('',*,*,#578,.F.);
#4543 = ADVANCED_FACE('',(#4544),#1942,.T.);
#4544 = FACE_BOUND('',#4545,.T.);
#4545 = EDGE_LOOP('',(#4546,#4566,#4584,#4585));
#4546 = ORIENTED_EDGE('',*,*,#4547,.T.);
#4547 = EDGE_CURVE('',#1904,#4548,#4550,.T.);
#4548 = VERTEX_POINT('',#4549);
#4549 = CARTESIAN_POINT('',(78.63833135801,2.706940769101,
    30.000060960122));
#4550 = SURFACE_CURVE('',#4551,(#4554,#4560),.PCURVE_S1.);
#4551 = B_SPLINE_CURVE_WITH_KNOTS('',1,(#4552,#4553),.UNSPECIFIED.,.F.,
  .F.,(2,2),(0.,141.732),.PIECEWISE_BEZIER_KNOTS.);
#4552 = CARTESIAN_POINT('',(78.63833135801,2.706940769101,
    26.400060960122));
#4553 = CARTESIAN_POINT('',(78.63833135801,2.706940769101,
    30.000060960122));
#4554 = PCURVE('',#1942,#4555);
#4555 = DEFINITIONAL_REPRESENTATION('',(#4556),#4559);
#4556 = B_SPLINE_CURVE_WITH_KNOTS('',1,(#4557,#4558),.UNSPECIFIED.,.F.,
  .F.,(2,2),(0.,141.732),.PIECEWISE_BEZIER_KNOTS.);
#4557 = CARTESIAN_POINT('',(0.,0.));
#4558 = CARTESIAN_POINT('',(0.,-141.732));
#4559 = ( GEOMETRIC_REPRESENTATION_CONTEXT(2) 
PARAMETRIC_REPRESENTATION_CONTEXT() REPRESENTATION_CONTEXT('2D SPACE',''
  ) );
#4560 = PCURVE('',#1917,#4561);
#4561 = DEFINITIONAL_REPRESENTATION('',(#4562),#4565);
#4562 = B_SPLINE_CURVE_WITH_KNOTS('',1,(#4563,#4564),.UNSPECIFIED.,.F.,
  .F.,(2,2),(0.,141.732),.PIECEWISE_BEZIER_KNOTS.);
#4563 = CARTESIAN_POINT('',(12.598223131436,0.));
#4564 = CARTESIAN_POINT('',(12.598223131436,-141.732));
#4565 = ( GEOMETRIC_REPRESENTATION_CONTEXT(2) 
PARAMETRIC_REPRESENTATION_CONTEXT() REPRESENTATION_CONTEXT('2D SPACE',''
  ) );
#4566 = ORIENTED_EDGE('',*,*,#4567,.T.);
#4567 = EDGE_CURVE('',#4548,#4462,#4568,.T.);
#4568 = SURFACE_CURVE('',#4569,(#4572,#4578),.PCURVE_S1.);
#4569 = B_SPLINE_CURVE_WITH_KNOTS('',1,(#4570,#4571),.UNSPECIFIED.,.F.,
  .F.,(2,2),(0.,12.598223131436),.PIECEWISE_BEZIER_KNOTS.);
#4570 = CARTESIAN_POINT('',(78.63833135801,2.706940769101,
    30.000060960122));
#4571 = CARTESIAN_POINT('',(78.953797577383,2.653292010741,
    30.000060960122));
#4572 = PCURVE('',#1942,#4573);
#4573 = DEFINITIONAL_REPRESENTATION('',(#4574),#4577);
#4574 = B_SPLINE_CURVE_WITH_KNOTS('',1,(#4575,#4576),.UNSPECIFIED.,.F.,
  .F.,(2,2),(0.,12.598223131436),.PIECEWISE_BEZIER_KNOTS.);
#4575 = CARTESIAN_POINT('',(0.,-141.732));
#4576 = CARTESIAN_POINT('',(12.598223131436,-141.732));
#4577 = ( GEOMETRIC_REPRESENTATION_CONTEXT(2) 
PARAMETRIC_REPRESENTATION_CONTEXT() REPRESENTATION_CONTEXT('2D SPACE',''
  ) );
#4578 = PCURVE('',#2726,#4579);
#4579 = DEFINITIONAL_REPRESENTATION('',(#4580),#4583);
#4580 = B_SPLINE_CURVE_WITH_KNOTS('',1,(#4581,#4582),.UNSPECIFIED.,.F.,
  .F.,(2,2),(0.,12.598223131436),.PIECEWISE_BEZIER_KNOTS.);
#4581 = CARTESIAN_POINT('',(-1.572965615422E+03,-1.521188005565E+03));
#4582 = CARTESIAN_POINT('',(-1.570853463805E+03,-1.533607910622E+03));
#4583 = ( GEOMETRIC_REPRESENTATION_CONTEXT(2) 
PARAMETRIC_REPRESENTATION_CONTEXT() REPRESENTATION_CONTEXT('2D SPACE',''
  ) );
#4584 = ORIENTED_EDGE('',*,*,#4461,.F.);
#4585 = ORIENTED_EDGE('',*,*,#1928,.F.);
#4586 = ADVANCED_FACE('',(#4587),#617,.F.);
#4587 = FACE_BOUND('',#4588,.F.);
#4588 = EDGE_LOOP('',(#4589,#4609,#4627,#4628));
#4589 = ORIENTED_EDGE('',*,*,#4590,.T.);
#4590 = EDGE_CURVE('',#604,#4591,#4593,.T.);
#4591 = VERTEX_POINT('',#4592);
#4592 = CARTESIAN_POINT('',(78.00015494031,-81.15016129032,
    28.400060960122));
#4593 = SURFACE_CURVE('',#4594,(#4597,#4603),.PCURVE_S1.);
#4594 = B_SPLINE_CURVE_WITH_KNOTS('',1,(#4595,#4596),.UNSPECIFIED.,.F.,
  .F.,(2,2),(0.,78.74),.PIECEWISE_BEZIER_KNOTS.);
#4595 = CARTESIAN_POINT('',(78.00015494031,-81.15016129032,
    26.400060960122));
#4596 = CARTESIAN_POINT('',(78.00015494031,-81.15016129032,
    28.400060960122));
#4597 = PCURVE('',#617,#4598);
#4598 = DEFINITIONAL_REPRESENTATION('',(#4599),#4602);
#4599 = B_SPLINE_CURVE_WITH_KNOTS('',1,(#4600,#4601),.UNSPECIFIED.,.F.,
  .F.,(2,2),(0.,78.74),.PIECEWISE_BEZIER_KNOTS.);
#4600 = CARTESIAN_POINT('',(0.,0.));
#4601 = CARTESIAN_POINT('',(0.,-78.74));
#4602 = ( GEOMETRIC_REPRESENTATION_CONTEXT(2) 
PARAMETRIC_REPRESENTATION_CONTEXT() REPRESENTATION_CONTEXT('2D SPACE',''
  ) );
#4603 = PCURVE('',#642,#4604);
#4604 = DEFINITIONAL_REPRESENTATION('',(#4605),#4608);
#4605 = B_SPLINE_CURVE_WITH_KNOTS('',1,(#4606,#4607),.UNSPECIFIED.,.F.,
  .F.,(2,2),(0.,78.74),.PIECEWISE_BEZIER_KNOTS.);
#4606 = CARTESIAN_POINT('',(2.992126E+03,0.));
#4607 = CARTESIAN_POINT('',(2.992126E+03,-78.74));
#4608 = ( GEOMETRIC_REPRESENTATION_CONTEXT(2) 
PARAMETRIC_REPRESENTATION_CONTEXT() REPRESENTATION_CONTEXT('2D SPACE',''
  ) );
#4609 = ORIENTED_EDGE('',*,*,#4610,.T.);
#4610 = EDGE_CURVE('',#4591,#4505,#4611,.T.);
#4611 = SURFACE_CURVE('',#4612,(#4615,#4621),.PCURVE_S1.);
#4612 = B_SPLINE_CURVE_WITH_KNOTS('',1,(#4613,#4614),.UNSPECIFIED.,.F.,
  .F.,(2,2),(0.,8.468070771092),.PIECEWISE_BEZIER_KNOTS.);
#4613 = CARTESIAN_POINT('',(78.00015494031,-81.15016129032,
    28.400060960122));
#4614 = CARTESIAN_POINT('',(78.215118975749,-81.14281789846,
    28.400060960122));
#4615 = PCURVE('',#617,#4616);
#4616 = DEFINITIONAL_REPRESENTATION('',(#4617),#4620);
#4617 = B_SPLINE_CURVE_WITH_KNOTS('',1,(#4618,#4619),.UNSPECIFIED.,.F.,
  .F.,(2,2),(0.,8.468070771092),.PIECEWISE_BEZIER_KNOTS.);
#4618 = CARTESIAN_POINT('',(0.,-78.74));
#4619 = CARTESIAN_POINT('',(8.468070771092,-78.74));
#4620 = ( GEOMETRIC_REPRESENTATION_CONTEXT(2) 
PARAMETRIC_REPRESENTATION_CONTEXT() REPRESENTATION_CONTEXT('2D SPACE',''
  ) );
#4621 = PCURVE('',#2616,#4622);
#4622 = DEFINITIONAL_REPRESENTATION('',(#4623),#4626);
#4623 = B_SPLINE_CURVE_WITH_KNOTS('',1,(#4624,#4625),.UNSPECIFIED.,.F.,
  .F.,(2,2),(0.,8.468070771092),.PIECEWISE_BEZIER_KNOTS.);
#4624 = CARTESIAN_POINT('',(-1.586237051129E+03,-1.496063E+03));
#4625 = CARTESIAN_POINT('',(-1.585947941792E+03,-1.504526134075E+03));
#4626 = ( GEOMETRIC_REPRESENTATION_CONTEXT(2) 
PARAMETRIC_REPRESENTATION_CONTEXT() REPRESENTATION_CONTEXT('2D SPACE',''
  ) );
#4627 = ORIENTED_EDGE('',*,*,#4504,.F.);
#4628 = ORIENTED_EDGE('',*,*,#603,.F.);
#4629 = ADVANCED_FACE('',(#4630),#1917,.T.);
#4630 = FACE_BOUND('',#4631,.T.);
#4631 = EDGE_LOOP('',(#4632,#4652,#4670,#4671));
#4632 = ORIENTED_EDGE('',*,*,#4633,.T.);
#4633 = EDGE_CURVE('',#1879,#4634,#4636,.T.);
#4634 = VERTEX_POINT('',#4635);
#4635 = CARTESIAN_POINT('',(78.319968864478,2.739227725466,
    30.000060960122));
#4636 = SURFACE_CURVE('',#4637,(#4640,#4646),.PCURVE_S1.);
#4637 = B_SPLINE_CURVE_WITH_KNOTS('',1,(#4638,#4639),.UNSPECIFIED.,.F.,
  .F.,(2,2),(0.,141.732),.PIECEWISE_BEZIER_KNOTS.);
#4638 = CARTESIAN_POINT('',(78.319968864478,2.739227725466,
    26.400060960122));
#4639 = CARTESIAN_POINT('',(78.319968864478,2.739227725466,
    30.000060960122));
#4640 = PCURVE('',#1917,#4641);
#4641 = DEFINITIONAL_REPRESENTATION('',(#4642),#4645);
#4642 = B_SPLINE_CURVE_WITH_KNOTS('',1,(#4643,#4644),.UNSPECIFIED.,.F.,
  .F.,(2,2),(0.,141.732),.PIECEWISE_BEZIER_KNOTS.);
#4643 = CARTESIAN_POINT('',(0.,0.));
#4644 = CARTESIAN_POINT('',(0.,-141.732));
#4645 = ( GEOMETRIC_REPRESENTATION_CONTEXT(2) 
PARAMETRIC_REPRESENTATION_CONTEXT() REPRESENTATION_CONTEXT('2D SPACE',''
  ) );
#4646 = PCURVE('',#1892,#4647);
#4647 = DEFINITIONAL_REPRESENTATION('',(#4648),#4651);
#4648 = B_SPLINE_CURVE_WITH_KNOTS('',1,(#4649,#4650),.UNSPECIFIED.,.F.,
  .F.,(2,2),(0.,141.732),.PIECEWISE_BEZIER_KNOTS.);
#4649 = CARTESIAN_POINT('',(12.598223131436,0.));
#4650 = CARTESIAN_POINT('',(12.598223131436,-141.732));
#4651 = ( GEOMETRIC_REPRESENTATION_CONTEXT(2) 
PARAMETRIC_REPRESENTATION_CONTEXT() REPRESENTATION_CONTEXT('2D SPACE',''
  ) );
#4652 = ORIENTED_EDGE('',*,*,#4653,.T.);
#4653 = EDGE_CURVE('',#4634,#4548,#4654,.T.);
#4654 = SURFACE_CURVE('',#4655,(#4658,#4664),.PCURVE_S1.);
#4655 = B_SPLINE_CURVE_WITH_KNOTS('',1,(#4656,#4657),.UNSPECIFIED.,.F.,
  .F.,(2,2),(0.,12.598223131436),.PIECEWISE_BEZIER_KNOTS.);
#4656 = CARTESIAN_POINT('',(78.319968864478,2.739227725466,
    30.000060960122));
#4657 = CARTESIAN_POINT('',(78.63833135801,2.706940769101,
    30.000060960122));
#4658 = PCURVE('',#1917,#4659);
#4659 = DEFINITIONAL_REPRESENTATION('',(#4660),#4663);
#4660 = B_SPLINE_CURVE_WITH_KNOTS('',1,(#4661,#4662),.UNSPECIFIED.,.F.,
  .F.,(2,2),(0.,12.598223131436),.PIECEWISE_BEZIER_KNOTS.);
#4661 = CARTESIAN_POINT('',(0.,-141.732));
#4662 = CARTESIAN_POINT('',(12.598223131436,-141.732));
#4663 = ( GEOMETRIC_REPRESENTATION_CONTEXT(2) 
PARAMETRIC_REPRESENTATION_CONTEXT() REPRESENTATION_CONTEXT('2D SPACE',''
  ) );
#4664 = PCURVE('',#2726,#4665);
#4665 = DEFINITIONAL_REPRESENTATION('',(#4666),#4669);
#4666 = B_SPLINE_CURVE_WITH_KNOTS('',1,(#4667,#4668),.UNSPECIFIED.,.F.,
  .F.,(2,2),(0.,12.598223131436),.PIECEWISE_BEZIER_KNOTS.);
#4667 = CARTESIAN_POINT('',(-1.574236752894E+03,-1.508654074194E+03));
#4668 = CARTESIAN_POINT('',(-1.572965615422E+03,-1.521188005565E+03));
#4669 = ( GEOMETRIC_REPRESENTATION_CONTEXT(2) 
PARAMETRIC_REPRESENTATION_CONTEXT() REPRESENTATION_CONTEXT('2D SPACE',''
  ) );
#4670 = ORIENTED_EDGE('',*,*,#4547,.F.);
#4671 = ORIENTED_EDGE('',*,*,#1903,.F.);
#4672 = ADVANCED_FACE('',(#4673),#642,.F.);
#4673 = FACE_BOUND('',#4674,.F.);
#4674 = EDGE_LOOP('',(#4675,#4695,#4713,#4714));
#4675 = ORIENTED_EDGE('',*,*,#4676,.T.);
#4676 = EDGE_CURVE('',#629,#4677,#4679,.T.);
#4677 = VERTEX_POINT('',#4678);
#4678 = CARTESIAN_POINT('',(2.000002540005,-81.15016129032,
    28.400060960122));
#4679 = SURFACE_CURVE('',#4680,(#4683,#4689),.PCURVE_S1.);
#4680 = B_SPLINE_CURVE_WITH_KNOTS('',1,(#4681,#4682),.UNSPECIFIED.,.F.,
  .F.,(2,2),(0.,78.74),.PIECEWISE_BEZIER_KNOTS.);
#4681 = CARTESIAN_POINT('',(2.000002540005,-81.15016129032,
    26.400060960122));
#4682 = CARTESIAN_POINT('',(2.000002540005,-81.15016129032,
    28.400060960122));
#4683 = PCURVE('',#642,#4684);
#4684 = DEFINITIONAL_REPRESENTATION('',(#4685),#4688);
#4685 = B_SPLINE_CURVE_WITH_KNOTS('',1,(#4686,#4687),.UNSPECIFIED.,.F.,
  .F.,(2,2),(0.,78.74),.PIECEWISE_BEZIER_KNOTS.);
#4686 = CARTESIAN_POINT('',(0.,0.));
#4687 = CARTESIAN_POINT('',(0.,-78.74));
#4688 = ( GEOMETRIC_REPRESENTATION_CONTEXT(2) 
PARAMETRIC_REPRESENTATION_CONTEXT() REPRESENTATION_CONTEXT('2D SPACE',''
  ) );
#4689 = PCURVE('',#667,#4690);
#4690 = DEFINITIONAL_REPRESENTATION('',(#4691),#4694);
#4691 = B_SPLINE_CURVE_WITH_KNOTS('',1,(#4692,#4693),.UNSPECIFIED.,.F.,
  .F.,(2,2),(0.,78.74),.PIECEWISE_BEZIER_KNOTS.);
#4692 = CARTESIAN_POINT('',(8.468070771091,0.));
#4693 = CARTESIAN_POINT('',(8.468070771091,-78.74));
#4694 = ( GEOMETRIC_REPRESENTATION_CONTEXT(2) 
PARAMETRIC_REPRESENTATION_CONTEXT() REPRESENTATION_CONTEXT('2D SPACE',''
  ) );
#4695 = ORIENTED_EDGE('',*,*,#4696,.T.);
#4696 = EDGE_CURVE('',#4677,#4591,#4697,.T.);
#4697 = SURFACE_CURVE('',#4698,(#4701,#4707),.PCURVE_S1.);
#4698 = B_SPLINE_CURVE_WITH_KNOTS('',1,(#4699,#4700),.UNSPECIFIED.,.F.,
  .F.,(2,2),(0.,2.992126E+03),.PIECEWISE_BEZIER_KNOTS.);
#4699 = CARTESIAN_POINT('',(2.000002540005,-81.15016129032,
    28.400060960122));
#4700 = CARTESIAN_POINT('',(78.00015494031,-81.15016129032,
    28.400060960122));
#4701 = PCURVE('',#642,#4702);
#4702 = DEFINITIONAL_REPRESENTATION('',(#4703),#4706);
#4703 = B_SPLINE_CURVE_WITH_KNOTS('',1,(#4704,#4705),.UNSPECIFIED.,.F.,
  .F.,(2,2),(0.,2.992126E+03),.PIECEWISE_BEZIER_KNOTS.);
#4704 = CARTESIAN_POINT('',(0.,-78.74));
#4705 = CARTESIAN_POINT('',(2.992126E+03,-78.74));
#4706 = ( GEOMETRIC_REPRESENTATION_CONTEXT(2) 
PARAMETRIC_REPRESENTATION_CONTEXT() REPRESENTATION_CONTEXT('2D SPACE',''
  ) );
#4707 = PCURVE('',#2616,#4708);
#4708 = DEFINITIONAL_REPRESENTATION('',(#4709),#4712);
#4709 = B_SPLINE_CURVE_WITH_KNOTS('',1,(#4710,#4711),.UNSPECIFIED.,.F.,
  .F.,(2,2),(0.,2.992126E+03),.PIECEWISE_BEZIER_KNOTS.);
#4710 = CARTESIAN_POINT('',(-1.586237051129E+03,1.496063E+03));
#4711 = CARTESIAN_POINT('',(-1.586237051129E+03,-1.496063E+03));
#4712 = ( GEOMETRIC_REPRESENTATION_CONTEXT(2) 
PARAMETRIC_REPRESENTATION_CONTEXT() REPRESENTATION_CONTEXT('2D SPACE',''
  ) );
#4713 = ORIENTED_EDGE('',*,*,#4590,.F.);
#4714 = ORIENTED_EDGE('',*,*,#628,.F.);
#4715 = ADVANCED_FACE('',(#4716),#1892,.T.);
#4716 = FACE_BOUND('',#4717,.T.);
#4717 = EDGE_LOOP('',(#4718,#4738,#4756,#4757));
#4718 = ORIENTED_EDGE('',*,*,#4719,.T.);
#4719 = EDGE_CURVE('',#1854,#4720,#4722,.T.);
#4720 = VERTEX_POINT('',#4721);
#4721 = CARTESIAN_POINT('',(78.00015494031,2.750006350013,
    30.000060960122));
#4722 = SURFACE_CURVE('',#4723,(#4726,#4732),.PCURVE_S1.);
#4723 = B_SPLINE_CURVE_WITH_KNOTS('',1,(#4724,#4725),.UNSPECIFIED.,.F.,
  .F.,(2,2),(0.,141.732),.PIECEWISE_BEZIER_KNOTS.);
#4724 = CARTESIAN_POINT('',(78.00015494031,2.750006350013,
    26.400060960122));
#4725 = CARTESIAN_POINT('',(78.00015494031,2.750006350013,
    30.000060960122));
#4726 = PCURVE('',#1892,#4727);
#4727 = DEFINITIONAL_REPRESENTATION('',(#4728),#4731);
#4728 = B_SPLINE_CURVE_WITH_KNOTS('',1,(#4729,#4730),.UNSPECIFIED.,.F.,
  .F.,(2,2),(0.,141.732),.PIECEWISE_BEZIER_KNOTS.);
#4729 = CARTESIAN_POINT('',(0.,0.));
#4730 = CARTESIAN_POINT('',(0.,-141.732));
#4731 = ( GEOMETRIC_REPRESENTATION_CONTEXT(2) 
PARAMETRIC_REPRESENTATION_CONTEXT() REPRESENTATION_CONTEXT('2D SPACE',''
  ) );
#4732 = PCURVE('',#1867,#4733);
#4733 = DEFINITIONAL_REPRESENTATION('',(#4734),#4737);
#4734 = B_SPLINE_CURVE_WITH_KNOTS('',1,(#4735,#4736),.UNSPECIFIED.,.F.,
  .F.,(2,2),(0.,141.732),.PIECEWISE_BEZIER_KNOTS.);
#4735 = CARTESIAN_POINT('',(2.992126E+03,0.));
#4736 = CARTESIAN_POINT('',(2.992126E+03,-141.732));
#4737 = ( GEOMETRIC_REPRESENTATION_CONTEXT(2) 
PARAMETRIC_REPRESENTATION_CONTEXT() REPRESENTATION_CONTEXT('2D SPACE',''
  ) );
#4738 = ORIENTED_EDGE('',*,*,#4739,.T.);
#4739 = EDGE_CURVE('',#4720,#4634,#4740,.T.);
#4740 = SURFACE_CURVE('',#4741,(#4744,#4750),.PCURVE_S1.);
#4741 = B_SPLINE_CURVE_WITH_KNOTS('',1,(#4742,#4743),.UNSPECIFIED.,.F.,
  .F.,(2,2),(0.,12.598223131436),.PIECEWISE_BEZIER_KNOTS.);
#4742 = CARTESIAN_POINT('',(78.00015494031,2.750006350013,
    30.000060960122));
#4743 = CARTESIAN_POINT('',(78.319968864478,2.739227725466,
    30.000060960122));
#4744 = PCURVE('',#1892,#4745);
#4745 = DEFINITIONAL_REPRESENTATION('',(#4746),#4749);
#4746 = B_SPLINE_CURVE_WITH_KNOTS('',1,(#4747,#4748),.UNSPECIFIED.,.F.,
  .F.,(2,2),(0.,12.598223131436),.PIECEWISE_BEZIER_KNOTS.);
#4747 = CARTESIAN_POINT('',(0.,-141.732));
#4748 = CARTESIAN_POINT('',(12.598223131436,-141.732));
#4749 = ( GEOMETRIC_REPRESENTATION_CONTEXT(2) 
PARAMETRIC_REPRESENTATION_CONTEXT() REPRESENTATION_CONTEXT('2D SPACE',''
  ) );
#4750 = PCURVE('',#2726,#4751);
#4751 = DEFINITIONAL_REPRESENTATION('',(#4752),#4755);
#4752 = B_SPLINE_CURVE_WITH_KNOTS('',1,(#4753,#4754),.UNSPECIFIED.,.F.,
  .F.,(2,2),(0.,12.598223131436),.PIECEWISE_BEZIER_KNOTS.);
#4753 = CARTESIAN_POINT('',(-1.574661107342E+03,-1.496063E+03));
#4754 = CARTESIAN_POINT('',(-1.574236752894E+03,-1.508654074194E+03));
#4755 = ( GEOMETRIC_REPRESENTATION_CONTEXT(2) 
PARAMETRIC_REPRESENTATION_CONTEXT() REPRESENTATION_CONTEXT('2D SPACE',''
  ) );
#4756 = ORIENTED_EDGE('',*,*,#4633,.F.);
#4757 = ORIENTED_EDGE('',*,*,#1878,.F.);
#4758 = ADVANCED_FACE('',(#4759),#667,.F.);
#4759 = FACE_BOUND('',#4760,.F.);
#4760 = EDGE_LOOP('',(#4761,#4781,#4799,#4800));
#4761 = ORIENTED_EDGE('',*,*,#4762,.T.);
#4762 = EDGE_CURVE('',#654,#4763,#4765,.T.);
#4763 = VERTEX_POINT('',#4764);
#4764 = CARTESIAN_POINT('',(1.785038504566,-81.14281789846,
    28.400060960122));
#4765 = SURFACE_CURVE('',#4766,(#4769,#4775),.PCURVE_S1.);
#4766 = B_SPLINE_CURVE_WITH_KNOTS('',1,(#4767,#4768),.UNSPECIFIED.,.F.,
  .F.,(2,2),(0.,78.74),.PIECEWISE_BEZIER_KNOTS.);
#4767 = CARTESIAN_POINT('',(1.785038504566,-81.14281789846,
    26.400060960122));
#4768 = CARTESIAN_POINT('',(1.785038504566,-81.14281789846,
    28.400060960122));
#4769 = PCURVE('',#667,#4770);
#4770 = DEFINITIONAL_REPRESENTATION('',(#4771),#4774);
#4771 = B_SPLINE_CURVE_WITH_KNOTS('',1,(#4772,#4773),.UNSPECIFIED.,.F.,
  .F.,(2,2),(0.,78.74),.PIECEWISE_BEZIER_KNOTS.);
#4772 = CARTESIAN_POINT('',(0.,0.));
#4773 = CARTESIAN_POINT('',(0.,-78.74));
#4774 = ( GEOMETRIC_REPRESENTATION_CONTEXT(2) 
PARAMETRIC_REPRESENTATION_CONTEXT() REPRESENTATION_CONTEXT('2D SPACE',''
  ) );
#4775 = PCURVE('',#692,#4776);
#4776 = DEFINITIONAL_REPRESENTATION('',(#4777),#4780);
#4777 = B_SPLINE_CURVE_WITH_KNOTS('',1,(#4778,#4779),.UNSPECIFIED.,.F.,
  .F.,(2,2),(0.,78.74),.PIECEWISE_BEZIER_KNOTS.);
#4778 = CARTESIAN_POINT('',(8.468070771091,0.));
#4779 = CARTESIAN_POINT('',(8.468070771091,-78.74));
#4780 = ( GEOMETRIC_REPRESENTATION_CONTEXT(2) 
PARAMETRIC_REPRESENTATION_CONTEXT() REPRESENTATION_CONTEXT('2D SPACE',''
  ) );
#4781 = ORIENTED_EDGE('',*,*,#4782,.T.);
#4782 = EDGE_CURVE('',#4763,#4677,#4783,.T.);
#4783 = SURFACE_CURVE('',#4784,(#4787,#4793),.PCURVE_S1.);
#4784 = B_SPLINE_CURVE_WITH_KNOTS('',1,(#4785,#4786),.UNSPECIFIED.,.F.,
  .F.,(2,2),(0.,8.468070771091),.PIECEWISE_BEZIER_KNOTS.);
#4785 = CARTESIAN_POINT('',(1.785038504566,-81.14281789846,
    28.400060960122));
#4786 = CARTESIAN_POINT('',(2.000002540005,-81.15016129032,
    28.400060960122));
#4787 = PCURVE('',#667,#4788);
#4788 = DEFINITIONAL_REPRESENTATION('',(#4789),#4792);
#4789 = B_SPLINE_CURVE_WITH_KNOTS('',1,(#4790,#4791),.UNSPECIFIED.,.F.,
  .F.,(2,2),(0.,8.468070771091),.PIECEWISE_BEZIER_KNOTS.);
#4790 = CARTESIAN_POINT('',(0.,-78.74));
#4791 = CARTESIAN_POINT('',(8.468070771091,-78.74));
#4792 = ( GEOMETRIC_REPRESENTATION_CONTEXT(2) 
PARAMETRIC_REPRESENTATION_CONTEXT() REPRESENTATION_CONTEXT('2D SPACE',''
  ) );
#4793 = PCURVE('',#2616,#4794);
#4794 = DEFINITIONAL_REPRESENTATION('',(#4795),#4798);
#4795 = B_SPLINE_CURVE_WITH_KNOTS('',1,(#4796,#4797),.UNSPECIFIED.,.F.,
  .F.,(2,2),(0.,8.468070771091),.PIECEWISE_BEZIER_KNOTS.);
#4796 = CARTESIAN_POINT('',(-1.585947941792E+03,1.504526134075E+03));
#4797 = CARTESIAN_POINT('',(-1.586237051129E+03,1.496063E+03));
#4798 = ( GEOMETRIC_REPRESENTATION_CONTEXT(2) 
PARAMETRIC_REPRESENTATION_CONTEXT() REPRESENTATION_CONTEXT('2D SPACE',''
  ) );
#4799 = ORIENTED_EDGE('',*,*,#4676,.F.);
#4800 = ORIENTED_EDGE('',*,*,#653,.F.);
#4801 = ADVANCED_FACE('',(#4802),#1867,.T.);
#4802 = FACE_BOUND('',#4803,.T.);
#4803 = EDGE_LOOP('',(#4804,#4824,#4842,#4843));
#4804 = ORIENTED_EDGE('',*,*,#4805,.T.);
#4805 = EDGE_CURVE('',#1829,#4806,#4808,.T.);
#4806 = VERTEX_POINT('',#4807);
#4807 = CARTESIAN_POINT('',(2.000002540005,2.750006350013,
    30.000060960122));
#4808 = SURFACE_CURVE('',#4809,(#4812,#4818),.PCURVE_S1.);
#4809 = B_SPLINE_CURVE_WITH_KNOTS('',1,(#4810,#4811),.UNSPECIFIED.,.F.,
  .F.,(2,2),(0.,141.732),.PIECEWISE_BEZIER_KNOTS.);
#4810 = CARTESIAN_POINT('',(2.000002540005,2.750006350013,
    26.400060960122));
#4811 = CARTESIAN_POINT('',(2.000002540005,2.750006350013,
    30.000060960122));
#4812 = PCURVE('',#1867,#4813);
#4813 = DEFINITIONAL_REPRESENTATION('',(#4814),#4817);
#4814 = B_SPLINE_CURVE_WITH_KNOTS('',1,(#4815,#4816),.UNSPECIFIED.,.F.,
  .F.,(2,2),(0.,141.732),.PIECEWISE_BEZIER_KNOTS.);
#4815 = CARTESIAN_POINT('',(0.,0.));
#4816 = CARTESIAN_POINT('',(0.,-141.732));
#4817 = ( GEOMETRIC_REPRESENTATION_CONTEXT(2) 
PARAMETRIC_REPRESENTATION_CONTEXT() REPRESENTATION_CONTEXT('2D SPACE',''
  ) );
#4818 = PCURVE('',#1842,#4819);
#4819 = DEFINITIONAL_REPRESENTATION('',(#4820),#4823);
#4820 = B_SPLINE_CURVE_WITH_KNOTS('',1,(#4821,#4822),.UNSPECIFIED.,.F.,
  .F.,(2,2),(0.,141.732),.PIECEWISE_BEZIER_KNOTS.);
#4821 = CARTESIAN_POINT('',(12.598223131436,0.));
#4822 = CARTESIAN_POINT('',(12.598223131436,-141.732));
#4823 = ( GEOMETRIC_REPRESENTATION_CONTEXT(2) 
PARAMETRIC_REPRESENTATION_CONTEXT() REPRESENTATION_CONTEXT('2D SPACE',''
  ) );
#4824 = ORIENTED_EDGE('',*,*,#4825,.T.);
#4825 = EDGE_CURVE('',#4806,#4720,#4826,.T.);
#4826 = SURFACE_CURVE('',#4827,(#4830,#4836),.PCURVE_S1.);
#4827 = B_SPLINE_CURVE_WITH_KNOTS('',1,(#4828,#4829),.UNSPECIFIED.,.F.,
  .F.,(2,2),(0.,2.992126E+03),.PIECEWISE_BEZIER_KNOTS.);
#4828 = CARTESIAN_POINT('',(2.000002540005,2.750006350013,
    30.000060960122));
#4829 = CARTESIAN_POINT('',(78.00015494031,2.750006350013,
    30.000060960122));
#4830 = PCURVE('',#1867,#4831);
#4831 = DEFINITIONAL_REPRESENTATION('',(#4832),#4835);
#4832 = B_SPLINE_CURVE_WITH_KNOTS('',1,(#4833,#4834),.UNSPECIFIED.,.F.,
  .F.,(2,2),(0.,2.992126E+03),.PIECEWISE_BEZIER_KNOTS.);
#4833 = CARTESIAN_POINT('',(0.,-141.732));
#4834 = CARTESIAN_POINT('',(2.992126E+03,-141.732));
#4835 = ( GEOMETRIC_REPRESENTATION_CONTEXT(2) 
PARAMETRIC_REPRESENTATION_CONTEXT() REPRESENTATION_CONTEXT('2D SPACE',''
  ) );
#4836 = PCURVE('',#2726,#4837);
#4837 = DEFINITIONAL_REPRESENTATION('',(#4838),#4841);
#4838 = B_SPLINE_CURVE_WITH_KNOTS('',1,(#4839,#4840),.UNSPECIFIED.,.F.,
  .F.,(2,2),(0.,2.992126E+03),.PIECEWISE_BEZIER_KNOTS.);
#4839 = CARTESIAN_POINT('',(-1.574661107342E+03,1.496063E+03));
#4840 = CARTESIAN_POINT('',(-1.574661107342E+03,-1.496063E+03));
#4841 = ( GEOMETRIC_REPRESENTATION_CONTEXT(2) 
PARAMETRIC_REPRESENTATION_CONTEXT() REPRESENTATION_CONTEXT('2D SPACE',''
  ) );
#4842 = ORIENTED_EDGE('',*,*,#4719,.F.);
#4843 = ORIENTED_EDGE('',*,*,#1853,.F.);
#4844 = ADVANCED_FACE('',(#4845),#692,.F.);
#4845 = FACE_BOUND('',#4846,.F.);
#4846 = EDGE_LOOP('',(#4847,#4867,#4885,#4886));
#4847 = ORIENTED_EDGE('',*,*,#4848,.T.);
#4848 = EDGE_CURVE('',#679,#4849,#4851,.T.);
#4849 = VERTEX_POINT('',#4850);
#4850 = CARTESIAN_POINT('',(1.571076730692,-81.12082196119,
    28.400060960122));
#4851 = SURFACE_CURVE('',#4852,(#4855,#4861),.PCURVE_S1.);
#4852 = B_SPLINE_CURVE_WITH_KNOTS('',1,(#4853,#4854),.UNSPECIFIED.,.F.,
  .F.,(2,2),(0.,78.74),.PIECEWISE_BEZIER_KNOTS.);
#4853 = CARTESIAN_POINT('',(1.571076730692,-81.12082196119,
    26.400060960122));
#4854 = CARTESIAN_POINT('',(1.571076730692,-81.12082196119,
    28.400060960122));
#4855 = PCURVE('',#692,#4856);
#4856 = DEFINITIONAL_REPRESENTATION('',(#4857),#4860);
#4857 = B_SPLINE_CURVE_WITH_KNOTS('',1,(#4858,#4859),.UNSPECIFIED.,.F.,
  .F.,(2,2),(0.,78.74),.PIECEWISE_BEZIER_KNOTS.);
#4858 = CARTESIAN_POINT('',(0.,0.));
#4859 = CARTESIAN_POINT('',(0.,-78.74));
#4860 = ( GEOMETRIC_REPRESENTATION_CONTEXT(2) 
PARAMETRIC_REPRESENTATION_CONTEXT() REPRESENTATION_CONTEXT('2D SPACE',''
  ) );
#4861 = PCURVE('',#717,#4862);
#4862 = DEFINITIONAL_REPRESENTATION('',(#4863),#4866);
#4863 = B_SPLINE_CURVE_WITH_KNOTS('',1,(#4864,#4865),.UNSPECIFIED.,.F.,
  .F.,(2,2),(0.,78.74),.PIECEWISE_BEZIER_KNOTS.);
#4864 = CARTESIAN_POINT('',(8.468070771091,0.));
#4865 = CARTESIAN_POINT('',(8.468070771091,-78.74));
#4866 = ( GEOMETRIC_REPRESENTATION_CONTEXT(2) 
PARAMETRIC_REPRESENTATION_CONTEXT() REPRESENTATION_CONTEXT('2D SPACE',''
  ) );
#4867 = ORIENTED_EDGE('',*,*,#4868,.T.);
#4868 = EDGE_CURVE('',#4849,#4763,#4869,.T.);
#4869 = SURFACE_CURVE('',#4870,(#4873,#4879),.PCURVE_S1.);
#4870 = B_SPLINE_CURVE_WITH_KNOTS('',1,(#4871,#4872),.UNSPECIFIED.,.F.,
  .F.,(2,2),(0.,8.468070771091),.PIECEWISE_BEZIER_KNOTS.);
#4871 = CARTESIAN_POINT('',(1.571076730692,-81.12082196119,
    28.400060960122));
#4872 = CARTESIAN_POINT('',(1.785038504566,-81.14281789846,
    28.400060960122));
#4873 = PCURVE('',#692,#4874);
#4874 = DEFINITIONAL_REPRESENTATION('',(#4875),#4878);
#4875 = B_SPLINE_CURVE_WITH_KNOTS('',1,(#4876,#4877),.UNSPECIFIED.,.F.,
  .F.,(2,2),(0.,8.468070771091),.PIECEWISE_BEZIER_KNOTS.);
#4876 = CARTESIAN_POINT('',(0.,-78.74));
#4877 = CARTESIAN_POINT('',(8.468070771091,-78.74));
#4878 = ( GEOMETRIC_REPRESENTATION_CONTEXT(2) 
PARAMETRIC_REPRESENTATION_CONTEXT() REPRESENTATION_CONTEXT('2D SPACE',''
  ) );
#4879 = PCURVE('',#2616,#4880);
#4880 = DEFINITIONAL_REPRESENTATION('',(#4881),#4884);
#4881 = B_SPLINE_CURVE_WITH_KNOTS('',1,(#4882,#4883),.UNSPECIFIED.,.F.,
  .F.,(2,2),(0.,8.468070771091),.PIECEWISE_BEZIER_KNOTS.);
#4882 = CARTESIAN_POINT('',(-1.585081961741E+03,1.512949809113E+03));
#4883 = CARTESIAN_POINT('',(-1.585947941792E+03,1.504526134075E+03));
#4884 = ( GEOMETRIC_REPRESENTATION_CONTEXT(2) 
PARAMETRIC_REPRESENTATION_CONTEXT() REPRESENTATION_CONTEXT('2D SPACE',''
  ) );
#4885 = ORIENTED_EDGE('',*,*,#4762,.F.);
#4886 = ORIENTED_EDGE('',*,*,#678,.F.);
#4887 = ADVANCED_FACE('',(#4888),#1842,.T.);
#4888 = FACE_BOUND('',#4889,.T.);
#4889 = EDGE_LOOP('',(#4890,#4910,#4928,#4929));
#4890 = ORIENTED_EDGE('',*,*,#4891,.T.);
#4891 = EDGE_CURVE('',#1804,#4892,#4894,.T.);
#4892 = VERTEX_POINT('',#4893);
#4893 = CARTESIAN_POINT('',(1.680188615837,2.739227725466,
    30.000060960122));
#4894 = SURFACE_CURVE('',#4895,(#4898,#4904),.PCURVE_S1.);
#4895 = B_SPLINE_CURVE_WITH_KNOTS('',1,(#4896,#4897),.UNSPECIFIED.,.F.,
  .F.,(2,2),(0.,141.732),.PIECEWISE_BEZIER_KNOTS.);
#4896 = CARTESIAN_POINT('',(1.680188615837,2.739227725466,
    26.400060960122));
#4897 = CARTESIAN_POINT('',(1.680188615837,2.739227725466,
    30.000060960122));
#4898 = PCURVE('',#1842,#4899);
#4899 = DEFINITIONAL_REPRESENTATION('',(#4900),#4903);
#4900 = B_SPLINE_CURVE_WITH_KNOTS('',1,(#4901,#4902),.UNSPECIFIED.,.F.,
  .F.,(2,2),(0.,141.732),.PIECEWISE_BEZIER_KNOTS.);
#4901 = CARTESIAN_POINT('',(0.,0.));
#4902 = CARTESIAN_POINT('',(0.,-141.732));
#4903 = ( GEOMETRIC_REPRESENTATION_CONTEXT(2) 
PARAMETRIC_REPRESENTATION_CONTEXT() REPRESENTATION_CONTEXT('2D SPACE',''
  ) );
#4904 = PCURVE('',#1817,#4905);
#4905 = DEFINITIONAL_REPRESENTATION('',(#4906),#4909);
#4906 = B_SPLINE_CURVE_WITH_KNOTS('',1,(#4907,#4908),.UNSPECIFIED.,.F.,
  .F.,(2,2),(0.,141.732),.PIECEWISE_BEZIER_KNOTS.);
#4907 = CARTESIAN_POINT('',(12.598223131436,0.));
#4908 = CARTESIAN_POINT('',(12.598223131436,-141.732));
#4909 = ( GEOMETRIC_REPRESENTATION_CONTEXT(2) 
PARAMETRIC_REPRESENTATION_CONTEXT() REPRESENTATION_CONTEXT('2D SPACE',''
  ) );
#4910 = ORIENTED_EDGE('',*,*,#4911,.T.);
#4911 = EDGE_CURVE('',#4892,#4806,#4912,.T.);
#4912 = SURFACE_CURVE('',#4913,(#4916,#4922),.PCURVE_S1.);
#4913 = B_SPLINE_CURVE_WITH_KNOTS('',1,(#4914,#4915),.UNSPECIFIED.,.F.,
  .F.,(2,2),(0.,12.598223131436),.PIECEWISE_BEZIER_KNOTS.);
#4914 = CARTESIAN_POINT('',(1.680188615837,2.739227725466,
    30.000060960122));
#4915 = CARTESIAN_POINT('',(2.000002540005,2.750006350013,
    30.000060960122));
#4916 = PCURVE('',#1842,#4917);
#4917 = DEFINITIONAL_REPRESENTATION('',(#4918),#4921);
#4918 = B_SPLINE_CURVE_WITH_KNOTS('',1,(#4919,#4920),.UNSPECIFIED.,.F.,
  .F.,(2,2),(0.,12.598223131436),.PIECEWISE_BEZIER_KNOTS.);
#4919 = CARTESIAN_POINT('',(0.,-141.732));
#4920 = CARTESIAN_POINT('',(12.598223131436,-141.732));
#4921 = ( GEOMETRIC_REPRESENTATION_CONTEXT(2) 
PARAMETRIC_REPRESENTATION_CONTEXT() REPRESENTATION_CONTEXT('2D SPACE',''
  ) );
#4922 = PCURVE('',#2726,#4923);
#4923 = DEFINITIONAL_REPRESENTATION('',(#4924),#4927);
#4924 = B_SPLINE_CURVE_WITH_KNOTS('',1,(#4925,#4926),.UNSPECIFIED.,.F.,
  .F.,(2,2),(0.,12.598223131436),.PIECEWISE_BEZIER_KNOTS.);
#4925 = CARTESIAN_POINT('',(-1.574236752894E+03,1.508654074195E+03));
#4926 = CARTESIAN_POINT('',(-1.574661107342E+03,1.496063E+03));
#4927 = ( GEOMETRIC_REPRESENTATION_CONTEXT(2) 
PARAMETRIC_REPRESENTATION_CONTEXT() REPRESENTATION_CONTEXT('2D SPACE',''
  ) );
#4928 = ORIENTED_EDGE('',*,*,#4805,.F.);
#4929 = ORIENTED_EDGE('',*,*,#1828,.F.);
#4930 = ADVANCED_FACE('',(#4931),#717,.F.);
#4931 = FACE_BOUND('',#4932,.F.);
#4932 = EDGE_LOOP('',(#4933,#4953,#4971,#4972));
#4933 = ORIENTED_EDGE('',*,*,#4934,.T.);
#4934 = EDGE_CURVE('',#704,#4935,#4937,.T.);
#4935 = VERTEX_POINT('',#4936);
#4936 = CARTESIAN_POINT('',(1.359114806941,-81.0842760337,
    28.400060960122));
#4937 = SURFACE_CURVE('',#4938,(#4941,#4947),.PCURVE_S1.);
#4938 = B_SPLINE_CURVE_WITH_KNOTS('',1,(#4939,#4940),.UNSPECIFIED.,.F.,
  .F.,(2,2),(0.,78.74),.PIECEWISE_BEZIER_KNOTS.);
#4939 = CARTESIAN_POINT('',(1.359114806941,-81.0842760337,
    26.400060960122));
#4940 = CARTESIAN_POINT('',(1.359114806941,-81.0842760337,
    28.400060960122));
#4941 = PCURVE('',#717,#4942);
#4942 = DEFINITIONAL_REPRESENTATION('',(#4943),#4946);
#4943 = B_SPLINE_CURVE_WITH_KNOTS('',1,(#4944,#4945),.UNSPECIFIED.,.F.,
  .F.,(2,2),(0.,78.74),.PIECEWISE_BEZIER_KNOTS.);
#4944 = CARTESIAN_POINT('',(0.,0.));
#4945 = CARTESIAN_POINT('',(0.,-78.74));
#4946 = ( GEOMETRIC_REPRESENTATION_CONTEXT(2) 
PARAMETRIC_REPRESENTATION_CONTEXT() REPRESENTATION_CONTEXT('2D SPACE',''
  ) );
#4947 = PCURVE('',#742,#4948);
#4948 = DEFINITIONAL_REPRESENTATION('',(#4949),#4952);
#4949 = B_SPLINE_CURVE_WITH_KNOTS('',1,(#4950,#4951),.UNSPECIFIED.,.F.,
  .F.,(2,2),(0.,78.74),.PIECEWISE_BEZIER_KNOTS.);
#4950 = CARTESIAN_POINT('',(8.468070771091,0.));
#4951 = CARTESIAN_POINT('',(8.468070771091,-78.74));
#4952 = ( GEOMETRIC_REPRESENTATION_CONTEXT(2) 
PARAMETRIC_REPRESENTATION_CONTEXT() REPRESENTATION_CONTEXT('2D SPACE',''
  ) );
#4953 = ORIENTED_EDGE('',*,*,#4954,.T.);
#4954 = EDGE_CURVE('',#4935,#4849,#4955,.T.);
#4955 = SURFACE_CURVE('',#4956,(#4959,#4965),.PCURVE_S1.);
#4956 = B_SPLINE_CURVE_WITH_KNOTS('',1,(#4957,#4958),.UNSPECIFIED.,.F.,
  .F.,(2,2),(0.,8.468070771091),.PIECEWISE_BEZIER_KNOTS.);
#4957 = CARTESIAN_POINT('',(1.359114806941,-81.0842760337,
    28.400060960122));
#4958 = CARTESIAN_POINT('',(1.571076730692,-81.12082196119,
    28.400060960122));
#4959 = PCURVE('',#717,#4960);
#4960 = DEFINITIONAL_REPRESENTATION('',(#4961),#4964);
#4961 = B_SPLINE_CURVE_WITH_KNOTS('',1,(#4962,#4963),.UNSPECIFIED.,.F.,
  .F.,(2,2),(0.,8.468070771091),.PIECEWISE_BEZIER_KNOTS.);
#4962 = CARTESIAN_POINT('',(0.,-78.74));
#4963 = CARTESIAN_POINT('',(8.468070771091,-78.74));
#4964 = ( GEOMETRIC_REPRESENTATION_CONTEXT(2) 
PARAMETRIC_REPRESENTATION_CONTEXT() REPRESENTATION_CONTEXT('2D SPACE',''
  ) );
#4965 = PCURVE('',#2616,#4966);
#4966 = DEFINITIONAL_REPRESENTATION('',(#4967),#4970);
#4967 = B_SPLINE_CURVE_WITH_KNOTS('',1,(#4968,#4969),.UNSPECIFIED.,.F.,
  .F.,(2,2),(0.,8.468070771091),.PIECEWISE_BEZIER_KNOTS.);
#4968 = CARTESIAN_POINT('',(-1.583643148576E+03,1.521294750051E+03));
#4969 = CARTESIAN_POINT('',(-1.585081961741E+03,1.512949809113E+03));
#4970 = ( GEOMETRIC_REPRESENTATION_CONTEXT(2) 
PARAMETRIC_REPRESENTATION_CONTEXT() REPRESENTATION_CONTEXT('2D SPACE',''
  ) );
#4971 = ORIENTED_EDGE('',*,*,#4848,.F.);
#4972 = ORIENTED_EDGE('',*,*,#703,.F.);
#4973 = ADVANCED_FACE('',(#4974),#1817,.T.);
#4974 = FACE_BOUND('',#4975,.T.);
#4975 = EDGE_LOOP('',(#4976,#4996,#5014,#5015));
#4976 = ORIENTED_EDGE('',*,*,#4977,.T.);
#4977 = EDGE_CURVE('',#1779,#4978,#4980,.T.);
#4978 = VERTEX_POINT('',#4979);
#4979 = CARTESIAN_POINT('',(1.361826122305,2.706940769101,
    30.000060960122));
#4980 = SURFACE_CURVE('',#4981,(#4984,#4990),.PCURVE_S1.);
#4981 = B_SPLINE_CURVE_WITH_KNOTS('',1,(#4982,#4983),.UNSPECIFIED.,.F.,
  .F.,(2,2),(0.,141.732),.PIECEWISE_BEZIER_KNOTS.);
#4982 = CARTESIAN_POINT('',(1.361826122305,2.706940769101,
    26.400060960122));
#4983 = CARTESIAN_POINT('',(1.361826122305,2.706940769101,
    30.000060960122));
#4984 = PCURVE('',#1817,#4985);
#4985 = DEFINITIONAL_REPRESENTATION('',(#4986),#4989);
#4986 = B_SPLINE_CURVE_WITH_KNOTS('',1,(#4987,#4988),.UNSPECIFIED.,.F.,
  .F.,(2,2),(0.,141.732),.PIECEWISE_BEZIER_KNOTS.);
#4987 = CARTESIAN_POINT('',(0.,0.));
#4988 = CARTESIAN_POINT('',(0.,-141.732));
#4989 = ( GEOMETRIC_REPRESENTATION_CONTEXT(2) 
PARAMETRIC_REPRESENTATION_CONTEXT() REPRESENTATION_CONTEXT('2D SPACE',''
  ) );
#4990 = PCURVE('',#1792,#4991);
#4991 = DEFINITIONAL_REPRESENTATION('',(#4992),#4995);
#4992 = B_SPLINE_CURVE_WITH_KNOTS('',1,(#4993,#4994),.UNSPECIFIED.,.F.,
  .F.,(2,2),(0.,141.732),.PIECEWISE_BEZIER_KNOTS.);
#4993 = CARTESIAN_POINT('',(12.598223131436,0.));
#4994 = CARTESIAN_POINT('',(12.598223131436,-141.732));
#4995 = ( GEOMETRIC_REPRESENTATION_CONTEXT(2) 
PARAMETRIC_REPRESENTATION_CONTEXT() REPRESENTATION_CONTEXT('2D SPACE',''
  ) );
#4996 = ORIENTED_EDGE('',*,*,#4997,.T.);
#4997 = EDGE_CURVE('',#4978,#4892,#4998,.T.);
#4998 = SURFACE_CURVE('',#4999,(#5002,#5008),.PCURVE_S1.);
#4999 = B_SPLINE_CURVE_WITH_KNOTS('',1,(#5000,#5001),.UNSPECIFIED.,.F.,
  .F.,(2,2),(0.,12.598223131436),.PIECEWISE_BEZIER_KNOTS.);
#5000 = CARTESIAN_POINT('',(1.361826122305,2.706940769101,
    30.000060960122));
#5001 = CARTESIAN_POINT('',(1.680188615837,2.739227725466,
    30.000060960122));
#5002 = PCURVE('',#1817,#5003);
#5003 = DEFINITIONAL_REPRESENTATION('',(#5004),#5007);
#5004 = B_SPLINE_CURVE_WITH_KNOTS('',1,(#5005,#5006),.UNSPECIFIED.,.F.,
  .F.,(2,2),(0.,12.598223131436),.PIECEWISE_BEZIER_KNOTS.);
#5005 = CARTESIAN_POINT('',(0.,-141.732));
#5006 = CARTESIAN_POINT('',(12.598223131436,-141.732));
#5007 = ( GEOMETRIC_REPRESENTATION_CONTEXT(2) 
PARAMETRIC_REPRESENTATION_CONTEXT() REPRESENTATION_CONTEXT('2D SPACE',''
  ) );
#5008 = PCURVE('',#2726,#5009);
#5009 = DEFINITIONAL_REPRESENTATION('',(#5010),#5013);
#5010 = B_SPLINE_CURVE_WITH_KNOTS('',1,(#5011,#5012),.UNSPECIFIED.,.F.,
  .F.,(2,2),(0.,12.598223131436),.PIECEWISE_BEZIER_KNOTS.);
#5011 = CARTESIAN_POINT('',(-1.572965615422E+03,1.521188005565E+03));
#5012 = CARTESIAN_POINT('',(-1.574236752894E+03,1.508654074195E+03));
#5013 = ( GEOMETRIC_REPRESENTATION_CONTEXT(2) 
PARAMETRIC_REPRESENTATION_CONTEXT() REPRESENTATION_CONTEXT('2D SPACE',''
  ) );
#5014 = ORIENTED_EDGE('',*,*,#4891,.F.);
#5015 = ORIENTED_EDGE('',*,*,#1803,.F.);
#5016 = ADVANCED_FACE('',(#5017),#742,.F.);
#5017 = FACE_BOUND('',#5018,.F.);
#5018 = EDGE_LOOP('',(#5019,#5039,#5057,#5058));
#5019 = ORIENTED_EDGE('',*,*,#5020,.T.);
#5020 = EDGE_CURVE('',#729,#5021,#5023,.T.);
#5021 = VERTEX_POINT('',#5022);
#5022 = CARTESIAN_POINT('',(1.150140997648,-81.03335050999,
    28.400060960122));
#5023 = SURFACE_CURVE('',#5024,(#5027,#5033),.PCURVE_S1.);
#5024 = B_SPLINE_CURVE_WITH_KNOTS('',1,(#5025,#5026),.UNSPECIFIED.,.F.,
  .F.,(2,2),(0.,78.74),.PIECEWISE_BEZIER_KNOTS.);
#5025 = CARTESIAN_POINT('',(1.150140997648,-81.03335050999,
    26.400060960122));
#5026 = CARTESIAN_POINT('',(1.150140997648,-81.03335050999,
    28.400060960122));
#5027 = PCURVE('',#742,#5028);
#5028 = DEFINITIONAL_REPRESENTATION('',(#5029),#5032);
#5029 = B_SPLINE_CURVE_WITH_KNOTS('',1,(#5030,#5031),.UNSPECIFIED.,.F.,
  .F.,(2,2),(0.,78.74),.PIECEWISE_BEZIER_KNOTS.);
#5030 = CARTESIAN_POINT('',(0.,0.));
#5031 = CARTESIAN_POINT('',(0.,-78.74));
#5032 = ( GEOMETRIC_REPRESENTATION_CONTEXT(2) 
PARAMETRIC_REPRESENTATION_CONTEXT() REPRESENTATION_CONTEXT('2D SPACE',''
  ) );
#5033 = PCURVE('',#767,#5034);
#5034 = DEFINITIONAL_REPRESENTATION('',(#5035),#5038);
#5035 = B_SPLINE_CURVE_WITH_KNOTS('',1,(#5036,#5037),.UNSPECIFIED.,.F.,
  .F.,(2,2),(0.,78.74),.PIECEWISE_BEZIER_KNOTS.);
#5036 = CARTESIAN_POINT('',(8.468070771091,0.));
#5037 = CARTESIAN_POINT('',(8.468070771091,-78.74));
#5038 = ( GEOMETRIC_REPRESENTATION_CONTEXT(2) 
PARAMETRIC_REPRESENTATION_CONTEXT() REPRESENTATION_CONTEXT('2D SPACE',''
  ) );
#5039 = ORIENTED_EDGE('',*,*,#5040,.T.);
#5040 = EDGE_CURVE('',#5021,#4935,#5041,.T.);
#5041 = SURFACE_CURVE('',#5042,(#5045,#5051),.PCURVE_S1.);
#5042 = B_SPLINE_CURVE_WITH_KNOTS('',1,(#5043,#5044),.UNSPECIFIED.,.F.,
  .F.,(2,2),(0.,8.468070771091),.PIECEWISE_BEZIER_KNOTS.);
#5043 = CARTESIAN_POINT('',(1.150140997648,-81.03335050999,
    28.400060960122));
#5044 = CARTESIAN_POINT('',(1.359114806941,-81.0842760337,
    28.400060960122));
#5045 = PCURVE('',#742,#5046);
#5046 = DEFINITIONAL_REPRESENTATION('',(#5047),#5050);
#5047 = B_SPLINE_CURVE_WITH_KNOTS('',1,(#5048,#5049),.UNSPECIFIED.,.F.,
  .F.,(2,2),(0.,8.468070771091),.PIECEWISE_BEZIER_KNOTS.);
#5048 = CARTESIAN_POINT('',(0.,-78.74));
#5049 = CARTESIAN_POINT('',(8.468070771091,-78.74));
#5050 = ( GEOMETRIC_REPRESENTATION_CONTEXT(2) 
PARAMETRIC_REPRESENTATION_CONTEXT() REPRESENTATION_CONTEXT('2D SPACE',''
  ) );
#5051 = PCURVE('',#2616,#5052);
#5052 = DEFINITIONAL_REPRESENTATION('',(#5053),#5056);
#5053 = B_SPLINE_CURVE_WITH_KNOTS('',1,(#5054,#5055),.UNSPECIFIED.,.F.,
  .F.,(2,2),(0.,8.468070771091),.PIECEWISE_BEZIER_KNOTS.);
#5054 = CARTESIAN_POINT('',(-1.581638210707E+03,1.529522048923E+03));
#5055 = CARTESIAN_POINT('',(-1.583643148576E+03,1.521294750051E+03));
#5056 = ( GEOMETRIC_REPRESENTATION_CONTEXT(2) 
PARAMETRIC_REPRESENTATION_CONTEXT() REPRESENTATION_CONTEXT('2D SPACE',''
  ) );
#5057 = ORIENTED_EDGE('',*,*,#4934,.F.);
#5058 = ORIENTED_EDGE('',*,*,#728,.F.);
#5059 = ADVANCED_FACE('',(#5060),#1792,.T.);
#5060 = FACE_BOUND('',#5061,.T.);
#5061 = EDGE_LOOP('',(#5062,#5082,#5100,#5101));
#5062 = ORIENTED_EDGE('',*,*,#5063,.T.);
#5063 = EDGE_CURVE('',#1754,#5064,#5066,.T.);
#5064 = VERTEX_POINT('',#5065);
#5065 = CARTESIAN_POINT('',(1.046359902932,2.653292010741,
    30.000060960122));
#5066 = SURFACE_CURVE('',#5067,(#5070,#5076),.PCURVE_S1.);
#5067 = B_SPLINE_CURVE_WITH_KNOTS('',1,(#5068,#5069),.UNSPECIFIED.,.F.,
  .F.,(2,2),(0.,141.732),.PIECEWISE_BEZIER_KNOTS.);
#5068 = CARTESIAN_POINT('',(1.046359902932,2.653292010741,
    26.400060960122));
#5069 = CARTESIAN_POINT('',(1.046359902932,2.653292010741,
    30.000060960122));
#5070 = PCURVE('',#1792,#5071);
#5071 = DEFINITIONAL_REPRESENTATION('',(#5072),#5075);
#5072 = B_SPLINE_CURVE_WITH_KNOTS('',1,(#5073,#5074),.UNSPECIFIED.,.F.,
  .F.,(2,2),(0.,141.732),.PIECEWISE_BEZIER_KNOTS.);
#5073 = CARTESIAN_POINT('',(0.,0.));
#5074 = CARTESIAN_POINT('',(0.,-141.732));
#5075 = ( GEOMETRIC_REPRESENTATION_CONTEXT(2) 
PARAMETRIC_REPRESENTATION_CONTEXT() REPRESENTATION_CONTEXT('2D SPACE',''
  ) );
#5076 = PCURVE('',#1767,#5077);
#5077 = DEFINITIONAL_REPRESENTATION('',(#5078),#5081);
#5078 = B_SPLINE_CURVE_WITH_KNOTS('',1,(#5079,#5080),.UNSPECIFIED.,.F.,
  .F.,(2,2),(0.,141.732),.PIECEWISE_BEZIER_KNOTS.);
#5079 = CARTESIAN_POINT('',(12.598223131437,0.));
#5080 = CARTESIAN_POINT('',(12.598223131437,-141.732));
#5081 = ( GEOMETRIC_REPRESENTATION_CONTEXT(2) 
PARAMETRIC_REPRESENTATION_CONTEXT() REPRESENTATION_CONTEXT('2D SPACE',''
  ) );
#5082 = ORIENTED_EDGE('',*,*,#5083,.T.);
#5083 = EDGE_CURVE('',#5064,#4978,#5084,.T.);
#5084 = SURFACE_CURVE('',#5085,(#5088,#5094),.PCURVE_S1.);
#5085 = B_SPLINE_CURVE_WITH_KNOTS('',1,(#5086,#5087),.UNSPECIFIED.,.F.,
  .F.,(2,2),(0.,12.598223131436),.PIECEWISE_BEZIER_KNOTS.);
#5086 = CARTESIAN_POINT('',(1.046359902932,2.653292010741,
    30.000060960122));
#5087 = CARTESIAN_POINT('',(1.361826122305,2.706940769101,
    30.000060960122));
#5088 = PCURVE('',#1792,#5089);
#5089 = DEFINITIONAL_REPRESENTATION('',(#5090),#5093);
#5090 = B_SPLINE_CURVE_WITH_KNOTS('',1,(#5091,#5092),.UNSPECIFIED.,.F.,
  .F.,(2,2),(0.,12.598223131436),.PIECEWISE_BEZIER_KNOTS.);
#5091 = CARTESIAN_POINT('',(0.,-141.732));
#5092 = CARTESIAN_POINT('',(12.598223131436,-141.732));
#5093 = ( GEOMETRIC_REPRESENTATION_CONTEXT(2) 
PARAMETRIC_REPRESENTATION_CONTEXT() REPRESENTATION_CONTEXT('2D SPACE',''
  ) );
#5094 = PCURVE('',#2726,#5095);
#5095 = DEFINITIONAL_REPRESENTATION('',(#5096),#5099);
#5096 = B_SPLINE_CURVE_WITH_KNOTS('',1,(#5097,#5098),.UNSPECIFIED.,.F.,
  .F.,(2,2),(0.,12.598223131436),.PIECEWISE_BEZIER_KNOTS.);
#5097 = CARTESIAN_POINT('',(-1.570853463805E+03,1.533607910622E+03));
#5098 = CARTESIAN_POINT('',(-1.572965615422E+03,1.521188005565E+03));
#5099 = ( GEOMETRIC_REPRESENTATION_CONTEXT(2) 
PARAMETRIC_REPRESENTATION_CONTEXT() REPRESENTATION_CONTEXT('2D SPACE',''
  ) );
#5100 = ORIENTED_EDGE('',*,*,#4977,.F.);
#5101 = ORIENTED_EDGE('',*,*,#1778,.F.);
#5102 = ADVANCED_FACE('',(#5103),#767,.F.);
#5103 = FACE_BOUND('',#5104,.F.);
#5104 = EDGE_LOOP('',(#5105,#5125,#5143,#5144));
#5105 = ORIENTED_EDGE('',*,*,#5106,.T.);
#5106 = EDGE_CURVE('',#754,#5107,#5109,.T.);
#5107 = VERTEX_POINT('',#5108);
#5108 = CARTESIAN_POINT('',(0.945129635177,-80.96828282835,
    28.400060960122));
#5109 = SURFACE_CURVE('',#5110,(#5113,#5119),.PCURVE_S1.);
#5110 = B_SPLINE_CURVE_WITH_KNOTS('',1,(#5111,#5112),.UNSPECIFIED.,.F.,
  .F.,(2,2),(0.,78.74),.PIECEWISE_BEZIER_KNOTS.);
#5111 = CARTESIAN_POINT('',(0.945129635177,-80.96828282835,
    26.400060960122));
#5112 = CARTESIAN_POINT('',(0.945129635177,-80.96828282835,
    28.400060960122));
#5113 = PCURVE('',#767,#5114);
#5114 = DEFINITIONAL_REPRESENTATION('',(#5115),#5118);
#5115 = B_SPLINE_CURVE_WITH_KNOTS('',1,(#5116,#5117),.UNSPECIFIED.,.F.,
  .F.,(2,2),(0.,78.74),.PIECEWISE_BEZIER_KNOTS.);
#5116 = CARTESIAN_POINT('',(0.,0.));
#5117 = CARTESIAN_POINT('',(0.,-78.74));
#5118 = ( GEOMETRIC_REPRESENTATION_CONTEXT(2) 
PARAMETRIC_REPRESENTATION_CONTEXT() REPRESENTATION_CONTEXT('2D SPACE',''
  ) );
#5119 = PCURVE('',#792,#5120);
#5120 = DEFINITIONAL_REPRESENTATION('',(#5121),#5124);
#5121 = B_SPLINE_CURVE_WITH_KNOTS('',1,(#5122,#5123),.UNSPECIFIED.,.F.,
  .F.,(2,2),(0.,78.74),.PIECEWISE_BEZIER_KNOTS.);
#5122 = CARTESIAN_POINT('',(8.46807077109,0.));
#5123 = CARTESIAN_POINT('',(8.46807077109,-78.74));
#5124 = ( GEOMETRIC_REPRESENTATION_CONTEXT(2) 
PARAMETRIC_REPRESENTATION_CONTEXT() REPRESENTATION_CONTEXT('2D SPACE',''
  ) );
#5125 = ORIENTED_EDGE('',*,*,#5126,.T.);
#5126 = EDGE_CURVE('',#5107,#5021,#5127,.T.);
#5127 = SURFACE_CURVE('',#5128,(#5131,#5137),.PCURVE_S1.);
#5128 = B_SPLINE_CURVE_WITH_KNOTS('',1,(#5129,#5130),.UNSPECIFIED.,.F.,
  .F.,(2,2),(0.,8.468070771091),.PIECEWISE_BEZIER_KNOTS.);
#5129 = CARTESIAN_POINT('',(0.945129635177,-80.96828282835,
    28.400060960122));
#5130 = CARTESIAN_POINT('',(1.150140997648,-81.03335050999,
    28.400060960122));
#5131 = PCURVE('',#767,#5132);
#5132 = DEFINITIONAL_REPRESENTATION('',(#5133),#5136);
#5133 = B_SPLINE_CURVE_WITH_KNOTS('',1,(#5134,#5135),.UNSPECIFIED.,.F.,
  .F.,(2,2),(0.,8.468070771091),.PIECEWISE_BEZIER_KNOTS.);
#5134 = CARTESIAN_POINT('',(0.,-78.74));
#5135 = CARTESIAN_POINT('',(8.468070771091,-78.74));
#5136 = ( GEOMETRIC_REPRESENTATION_CONTEXT(2) 
PARAMETRIC_REPRESENTATION_CONTEXT() REPRESENTATION_CONTEXT('2D SPACE',''
  ) );
#5137 = PCURVE('',#2616,#5138);
#5138 = DEFINITIONAL_REPRESENTATION('',(#5139),#5142);
#5139 = B_SPLINE_CURVE_WITH_KNOTS('',1,(#5140,#5141),.UNSPECIFIED.,.F.,
  .F.,(2,2),(0.,8.468070771091),.PIECEWISE_BEZIER_KNOTS.);
#5140 = CARTESIAN_POINT('',(-1.579076496081E+03,1.537593346263E+03));
#5141 = CARTESIAN_POINT('',(-1.581638210707E+03,1.529522048923E+03));
#5142 = ( GEOMETRIC_REPRESENTATION_CONTEXT(2) 
PARAMETRIC_REPRESENTATION_CONTEXT() REPRESENTATION_CONTEXT('2D SPACE',''
  ) );
#5143 = ORIENTED_EDGE('',*,*,#5020,.F.);
#5144 = ORIENTED_EDGE('',*,*,#753,.F.);
#5145 = ADVANCED_FACE('',(#5146),#1767,.T.);
#5146 = FACE_BOUND('',#5147,.T.);
#5147 = EDGE_LOOP('',(#5148,#5168,#5186,#5187));
#5148 = ORIENTED_EDGE('',*,*,#5149,.T.);
#5149 = EDGE_CURVE('',#1729,#5150,#5152,.T.);
#5150 = VERTEX_POINT('',#5151);
#5151 = CARTESIAN_POINT('',(0.735221656906,2.578524927751,
    30.000060960122));
#5152 = SURFACE_CURVE('',#5153,(#5156,#5162),.PCURVE_S1.);
#5153 = B_SPLINE_CURVE_WITH_KNOTS('',1,(#5154,#5155),.UNSPECIFIED.,.F.,
  .F.,(2,2),(0.,141.732),.PIECEWISE_BEZIER_KNOTS.);
#5154 = CARTESIAN_POINT('',(0.735221656906,2.578524927751,
    26.400060960122));
#5155 = CARTESIAN_POINT('',(0.735221656906,2.578524927751,
    30.000060960122));
#5156 = PCURVE('',#1767,#5157);
#5157 = DEFINITIONAL_REPRESENTATION('',(#5158),#5161);
#5158 = B_SPLINE_CURVE_WITH_KNOTS('',1,(#5159,#5160),.UNSPECIFIED.,.F.,
  .F.,(2,2),(0.,141.732),.PIECEWISE_BEZIER_KNOTS.);
#5159 = CARTESIAN_POINT('',(0.,0.));
#5160 = CARTESIAN_POINT('',(0.,-141.732));
#5161 = ( GEOMETRIC_REPRESENTATION_CONTEXT(2) 
PARAMETRIC_REPRESENTATION_CONTEXT() REPRESENTATION_CONTEXT('2D SPACE',''
  ) );
#5162 = PCURVE('',#1742,#5163);
#5163 = DEFINITIONAL_REPRESENTATION('',(#5164),#5167);
#5164 = B_SPLINE_CURVE_WITH_KNOTS('',1,(#5165,#5166),.UNSPECIFIED.,.F.,
  .F.,(2,2),(0.,141.732),.PIECEWISE_BEZIER_KNOTS.);
#5165 = CARTESIAN_POINT('',(12.598223131436,0.));
#5166 = CARTESIAN_POINT('',(12.598223131436,-141.732));
#5167 = ( GEOMETRIC_REPRESENTATION_CONTEXT(2) 
PARAMETRIC_REPRESENTATION_CONTEXT() REPRESENTATION_CONTEXT('2D SPACE',''
  ) );
#5168 = ORIENTED_EDGE('',*,*,#5169,.T.);
#5169 = EDGE_CURVE('',#5150,#5064,#5170,.T.);
#5170 = SURFACE_CURVE('',#5171,(#5174,#5180),.PCURVE_S1.);
#5171 = B_SPLINE_CURVE_WITH_KNOTS('',1,(#5172,#5173),.UNSPECIFIED.,.F.,
  .F.,(2,2),(0.,12.598223131437),.PIECEWISE_BEZIER_KNOTS.);
#5172 = CARTESIAN_POINT('',(0.735221656906,2.578524927751,
    30.000060960122));
#5173 = CARTESIAN_POINT('',(1.046359902932,2.653292010741,
    30.000060960122));
#5174 = PCURVE('',#1767,#5175);
#5175 = DEFINITIONAL_REPRESENTATION('',(#5176),#5179);
#5176 = B_SPLINE_CURVE_WITH_KNOTS('',1,(#5177,#5178),.UNSPECIFIED.,.F.,
  .F.,(2,2),(0.,12.598223131437),.PIECEWISE_BEZIER_KNOTS.);
#5177 = CARTESIAN_POINT('',(0.,-141.732));
#5178 = CARTESIAN_POINT('',(12.598223131437,-141.732));
#5179 = ( GEOMETRIC_REPRESENTATION_CONTEXT(2) 
PARAMETRIC_REPRESENTATION_CONTEXT() REPRESENTATION_CONTEXT('2D SPACE',''
  ) );
#5180 = PCURVE('',#2726,#5181);
#5181 = DEFINITIONAL_REPRESENTATION('',(#5182),#5185);
#5182 = B_SPLINE_CURVE_WITH_KNOTS('',1,(#5183,#5184),.UNSPECIFIED.,.F.,
  .F.,(2,2),(0.,12.598223131437),.PIECEWISE_BEZIER_KNOTS.);
#5183 = CARTESIAN_POINT('',(-1.567909883748E+03,1.545857423368E+03));
#5184 = CARTESIAN_POINT('',(-1.570853463805E+03,1.533607910622E+03));
#5185 = ( GEOMETRIC_REPRESENTATION_CONTEXT(2) 
PARAMETRIC_REPRESENTATION_CONTEXT() REPRESENTATION_CONTEXT('2D SPACE',''
  ) );
#5186 = ORIENTED_EDGE('',*,*,#5063,.F.);
#5187 = ORIENTED_EDGE('',*,*,#1753,.F.);
#5188 = ADVANCED_FACE('',(#5189),#792,.F.);
#5189 = FACE_BOUND('',#5190,.F.);
#5190 = EDGE_LOOP('',(#5191,#5211,#5229,#5230));
#5191 = ORIENTED_EDGE('',*,*,#5192,.T.);
#5192 = EDGE_CURVE('',#779,#5193,#5195,.T.);
#5193 = VERTEX_POINT('',#5194);
#5194 = CARTESIAN_POINT('',(0.745036577137,-80.88937636435,
    28.400060960122));
#5195 = SURFACE_CURVE('',#5196,(#5199,#5205),.PCURVE_S1.);
#5196 = B_SPLINE_CURVE_WITH_KNOTS('',1,(#5197,#5198),.UNSPECIFIED.,.F.,
  .F.,(2,2),(0.,78.74),.PIECEWISE_BEZIER_KNOTS.);
#5197 = CARTESIAN_POINT('',(0.745036577137,-80.88937636435,
    26.400060960122));
#5198 = CARTESIAN_POINT('',(0.745036577137,-80.88937636435,
    28.400060960122));
#5199 = PCURVE('',#792,#5200);
#5200 = DEFINITIONAL_REPRESENTATION('',(#5201),#5204);
#5201 = B_SPLINE_CURVE_WITH_KNOTS('',1,(#5202,#5203),.UNSPECIFIED.,.F.,
  .F.,(2,2),(0.,78.74),.PIECEWISE_BEZIER_KNOTS.);
#5202 = CARTESIAN_POINT('',(0.,0.));
#5203 = CARTESIAN_POINT('',(0.,-78.74));
#5204 = ( GEOMETRIC_REPRESENTATION_CONTEXT(2) 
PARAMETRIC_REPRESENTATION_CONTEXT() REPRESENTATION_CONTEXT('2D SPACE',''
  ) );
#5205 = PCURVE('',#817,#5206);
#5206 = DEFINITIONAL_REPRESENTATION('',(#5207),#5210);
#5207 = B_SPLINE_CURVE_WITH_KNOTS('',1,(#5208,#5209),.UNSPECIFIED.,.F.,
  .F.,(2,2),(0.,78.74),.PIECEWISE_BEZIER_KNOTS.);
#5208 = CARTESIAN_POINT('',(8.468070771091,0.));
#5209 = CARTESIAN_POINT('',(8.468070771091,-78.74));
#5210 = ( GEOMETRIC_REPRESENTATION_CONTEXT(2) 
PARAMETRIC_REPRESENTATION_CONTEXT() REPRESENTATION_CONTEXT('2D SPACE',''
  ) );
#5211 = ORIENTED_EDGE('',*,*,#5212,.T.);
#5212 = EDGE_CURVE('',#5193,#5107,#5213,.T.);
#5213 = SURFACE_CURVE('',#5214,(#5217,#5223),.PCURVE_S1.);
#5214 = B_SPLINE_CURVE_WITH_KNOTS('',1,(#5215,#5216),.UNSPECIFIED.,.F.,
  .F.,(2,2),(0.,8.468070771091),.PIECEWISE_BEZIER_KNOTS.);
#5215 = CARTESIAN_POINT('',(0.745036577137,-80.88937636435,
    28.400060960122));
#5216 = CARTESIAN_POINT('',(0.945129635177,-80.96828282835,
    28.400060960122));
#5217 = PCURVE('',#792,#5218);
#5218 = DEFINITIONAL_REPRESENTATION('',(#5219),#5222);
#5219 = B_SPLINE_CURVE_WITH_KNOTS('',1,(#5220,#5221),.UNSPECIFIED.,.F.,
  .F.,(2,2),(0.,8.468070771091),.PIECEWISE_BEZIER_KNOTS.);
#5220 = CARTESIAN_POINT('',(0.,-78.74));
#5221 = CARTESIAN_POINT('',(8.46807077109,-78.74));
#5222 = ( GEOMETRIC_REPRESENTATION_CONTEXT(2) 
PARAMETRIC_REPRESENTATION_CONTEXT() REPRESENTATION_CONTEXT('2D SPACE',''
  ) );
#5223 = PCURVE('',#2616,#5224);
#5224 = DEFINITIONAL_REPRESENTATION('',(#5225),#5228);
#5225 = B_SPLINE_CURVE_WITH_KNOTS('',1,(#5226,#5227),.UNSPECIFIED.,.F.,
  .F.,(2,2),(0.,8.468070771091),.PIECEWISE_BEZIER_KNOTS.);
#5226 = CARTESIAN_POINT('',(-1.575969948594E+03,1.545471009958E+03));
#5227 = CARTESIAN_POINT('',(-1.579076496081E+03,1.537593346263E+03));
#5228 = ( GEOMETRIC_REPRESENTATION_CONTEXT(2) 
PARAMETRIC_REPRESENTATION_CONTEXT() REPRESENTATION_CONTEXT('2D SPACE',''
  ) );
#5229 = ORIENTED_EDGE('',*,*,#5106,.F.);
#5230 = ORIENTED_EDGE('',*,*,#778,.F.);
#5231 = ADVANCED_FACE('',(#5232),#1742,.T.);
#5232 = FACE_BOUND('',#5233,.T.);
#5233 = EDGE_LOOP('',(#5234,#5254,#5272,#5273));
#5234 = ORIENTED_EDGE('',*,*,#5235,.T.);
#5235 = EDGE_CURVE('',#1704,#5236,#5238,.T.);
#5236 = VERTEX_POINT('',#5237);
#5237 = CARTESIAN_POINT('',(0.429823441515,2.482978840049,
    30.000060960122));
#5238 = SURFACE_CURVE('',#5239,(#5242,#5248),.PCURVE_S1.);
#5239 = B_SPLINE_CURVE_WITH_KNOTS('',1,(#5240,#5241),.UNSPECIFIED.,.F.,
  .F.,(2,2),(0.,141.732),.PIECEWISE_BEZIER_KNOTS.);
#5240 = CARTESIAN_POINT('',(0.429823441515,2.482978840049,
    26.400060960122));
#5241 = CARTESIAN_POINT('',(0.429823441515,2.482978840049,
    30.000060960122));
#5242 = PCURVE('',#1742,#5243);
#5243 = DEFINITIONAL_REPRESENTATION('',(#5244),#5247);
#5244 = B_SPLINE_CURVE_WITH_KNOTS('',1,(#5245,#5246),.UNSPECIFIED.,.F.,
  .F.,(2,2),(0.,141.732),.PIECEWISE_BEZIER_KNOTS.);
#5245 = CARTESIAN_POINT('',(0.,0.));
#5246 = CARTESIAN_POINT('',(0.,-141.732));
#5247 = ( GEOMETRIC_REPRESENTATION_CONTEXT(2) 
PARAMETRIC_REPRESENTATION_CONTEXT() REPRESENTATION_CONTEXT('2D SPACE',''
  ) );
#5248 = PCURVE('',#1717,#5249);
#5249 = DEFINITIONAL_REPRESENTATION('',(#5250),#5253);
#5250 = B_SPLINE_CURVE_WITH_KNOTS('',1,(#5251,#5252),.UNSPECIFIED.,.F.,
  .F.,(2,2),(0.,141.732),.PIECEWISE_BEZIER_KNOTS.);
#5251 = CARTESIAN_POINT('',(12.598223131436,0.));
#5252 = CARTESIAN_POINT('',(12.598223131436,-141.732));
#5253 = ( GEOMETRIC_REPRESENTATION_CONTEXT(2) 
PARAMETRIC_REPRESENTATION_CONTEXT() REPRESENTATION_CONTEXT('2D SPACE',''
  ) );
#5254 = ORIENTED_EDGE('',*,*,#5255,.T.);
#5255 = EDGE_CURVE('',#5236,#5150,#5256,.T.);
#5256 = SURFACE_CURVE('',#5257,(#5260,#5266),.PCURVE_S1.);
#5257 = B_SPLINE_CURVE_WITH_KNOTS('',1,(#5258,#5259),.UNSPECIFIED.,.F.,
  .F.,(2,2),(0.,12.598223131436),.PIECEWISE_BEZIER_KNOTS.);
#5258 = CARTESIAN_POINT('',(0.429823441515,2.482978840049,
    30.000060960122));
#5259 = CARTESIAN_POINT('',(0.735221656906,2.578524927751,
    30.000060960122));
#5260 = PCURVE('',#1742,#5261);
#5261 = DEFINITIONAL_REPRESENTATION('',(#5262),#5265);
#5262 = B_SPLINE_CURVE_WITH_KNOTS('',1,(#5263,#5264),.UNSPECIFIED.,.F.,
  .F.,(2,2),(0.,12.598223131436),.PIECEWISE_BEZIER_KNOTS.);
#5263 = CARTESIAN_POINT('',(0.,-141.732));
#5264 = CARTESIAN_POINT('',(12.598223131436,-141.732));
#5265 = ( GEOMETRIC_REPRESENTATION_CONTEXT(2) 
PARAMETRIC_REPRESENTATION_CONTEXT() REPRESENTATION_CONTEXT('2D SPACE',''
  ) );
#5266 = PCURVE('',#2726,#5267);
#5267 = DEFINITIONAL_REPRESENTATION('',(#5268),#5271);
#5268 = B_SPLINE_CURVE_WITH_KNOTS('',1,(#5269,#5270),.UNSPECIFIED.,.F.,
  .F.,(2,2),(0.,12.598223131436),.PIECEWISE_BEZIER_KNOTS.);
#5269 = CARTESIAN_POINT('',(-1.564148234275E+03,1.557880951108E+03));
#5270 = CARTESIAN_POINT('',(-1.567909883748E+03,1.545857423368E+03));
#5271 = ( GEOMETRIC_REPRESENTATION_CONTEXT(2) 
PARAMETRIC_REPRESENTATION_CONTEXT() REPRESENTATION_CONTEXT('2D SPACE',''
  ) );
#5272 = ORIENTED_EDGE('',*,*,#5149,.F.);
#5273 = ORIENTED_EDGE('',*,*,#1728,.F.);
#5274 = ADVANCED_FACE('',(#5275),#817,.F.);
#5275 = FACE_BOUND('',#5276,.F.);
#5276 = EDGE_LOOP('',(#5277,#5297,#5315,#5316));
#5277 = ORIENTED_EDGE('',*,*,#5278,.T.);
#5278 = EDGE_CURVE('',#804,#5279,#5281,.T.);
#5279 = VERTEX_POINT('',#5280);
#5280 = CARTESIAN_POINT('',(0.550794749733,-80.79699901636,
    28.400060960122));
#5281 = SURFACE_CURVE('',#5282,(#5285,#5291),.PCURVE_S1.);
#5282 = B_SPLINE_CURVE_WITH_KNOTS('',1,(#5283,#5284),.UNSPECIFIED.,.F.,
  .F.,(2,2),(0.,78.74),.PIECEWISE_BEZIER_KNOTS.);
#5283 = CARTESIAN_POINT('',(0.550794749733,-80.79699901636,
    26.400060960122));
#5284 = CARTESIAN_POINT('',(0.550794749733,-80.79699901636,
    28.400060960122));
#5285 = PCURVE('',#817,#5286);
#5286 = DEFINITIONAL_REPRESENTATION('',(#5287),#5290);
#5287 = B_SPLINE_CURVE_WITH_KNOTS('',1,(#5288,#5289),.UNSPECIFIED.,.F.,
  .F.,(2,2),(0.,78.74),.PIECEWISE_BEZIER_KNOTS.);
#5288 = CARTESIAN_POINT('',(0.,0.));
#5289 = CARTESIAN_POINT('',(0.,-78.74));
#5290 = ( GEOMETRIC_REPRESENTATION_CONTEXT(2) 
PARAMETRIC_REPRESENTATION_CONTEXT() REPRESENTATION_CONTEXT('2D SPACE',''
  ) );
#5291 = PCURVE('',#842,#5292);
#5292 = DEFINITIONAL_REPRESENTATION('',(#5293),#5296);
#5293 = B_SPLINE_CURVE_WITH_KNOTS('',1,(#5294,#5295),.UNSPECIFIED.,.F.,
  .F.,(2,2),(0.,78.74),.PIECEWISE_BEZIER_KNOTS.);
#5294 = CARTESIAN_POINT('',(8.46807077109,0.));
#5295 = CARTESIAN_POINT('',(8.46807077109,-78.74));
#5296 = ( GEOMETRIC_REPRESENTATION_CONTEXT(2) 
PARAMETRIC_REPRESENTATION_CONTEXT() REPRESENTATION_CONTEXT('2D SPACE',''
  ) );
#5297 = ORIENTED_EDGE('',*,*,#5298,.T.);
#5298 = EDGE_CURVE('',#5279,#5193,#5299,.T.);
#5299 = SURFACE_CURVE('',#5300,(#5303,#5309),.PCURVE_S1.);
#5300 = B_SPLINE_CURVE_WITH_KNOTS('',1,(#5301,#5302),.UNSPECIFIED.,.F.,
  .F.,(2,2),(0.,8.468070771091),.PIECEWISE_BEZIER_KNOTS.);
#5301 = CARTESIAN_POINT('',(0.550794749733,-80.79699901636,
    28.400060960122));
#5302 = CARTESIAN_POINT('',(0.745036577137,-80.88937636435,
    28.400060960122));
#5303 = PCURVE('',#817,#5304);
#5304 = DEFINITIONAL_REPRESENTATION('',(#5305),#5308);
#5305 = B_SPLINE_CURVE_WITH_KNOTS('',1,(#5306,#5307),.UNSPECIFIED.,.F.,
  .F.,(2,2),(0.,8.468070771091),.PIECEWISE_BEZIER_KNOTS.);
#5306 = CARTESIAN_POINT('',(0.,-78.74));
#5307 = CARTESIAN_POINT('',(8.468070771091,-78.74));
#5308 = ( GEOMETRIC_REPRESENTATION_CONTEXT(2) 
PARAMETRIC_REPRESENTATION_CONTEXT() REPRESENTATION_CONTEXT('2D SPACE',''
  ) );
#5309 = PCURVE('',#2616,#5310);
#5310 = DEFINITIONAL_REPRESENTATION('',(#5311),#5314);
#5311 = B_SPLINE_CURVE_WITH_KNOTS('',1,(#5312,#5313),.UNSPECIFIED.,.F.,
  .F.,(2,2),(0.,8.468070771091),.PIECEWISE_BEZIER_KNOTS.);
#5312 = CARTESIAN_POINT('',(-1.572333052403E+03,1.553118310703E+03));
#5313 = CARTESIAN_POINT('',(-1.575969948594E+03,1.545471009958E+03));
#5314 = ( GEOMETRIC_REPRESENTATION_CONTEXT(2) 
PARAMETRIC_REPRESENTATION_CONTEXT() REPRESENTATION_CONTEXT('2D SPACE',''
  ) );
#5315 = ORIENTED_EDGE('',*,*,#5192,.F.);
#5316 = ORIENTED_EDGE('',*,*,#803,.F.);
#5317 = ADVANCED_FACE('',(#5318),#1717,.T.);
#5318 = FACE_BOUND('',#5319,.T.);
#5319 = EDGE_LOOP('',(#5320,#5340,#5358,#5359));
#5320 = ORIENTED_EDGE('',*,*,#5321,.T.);
#5321 = EDGE_CURVE('',#1679,#5322,#5324,.T.);
#5322 = VERTEX_POINT('',#5323);
#5323 = CARTESIAN_POINT('',(0.131551263723,2.367087370154,
    30.000060960122));
#5324 = SURFACE_CURVE('',#5325,(#5328,#5334),.PCURVE_S1.);
#5325 = B_SPLINE_CURVE_WITH_KNOTS('',1,(#5326,#5327),.UNSPECIFIED.,.F.,
  .F.,(2,2),(0.,141.732),.PIECEWISE_BEZIER_KNOTS.);
#5326 = CARTESIAN_POINT('',(0.131551263723,2.367087370154,
    26.400060960122));
#5327 = CARTESIAN_POINT('',(0.131551263723,2.367087370154,
    30.000060960122));
#5328 = PCURVE('',#1717,#5329);
#5329 = DEFINITIONAL_REPRESENTATION('',(#5330),#5333);
#5330 = B_SPLINE_CURVE_WITH_KNOTS('',1,(#5331,#5332),.UNSPECIFIED.,.F.,
  .F.,(2,2),(0.,141.732),.PIECEWISE_BEZIER_KNOTS.);
#5331 = CARTESIAN_POINT('',(0.,0.));
#5332 = CARTESIAN_POINT('',(0.,-141.732));
#5333 = ( GEOMETRIC_REPRESENTATION_CONTEXT(2) 
PARAMETRIC_REPRESENTATION_CONTEXT() REPRESENTATION_CONTEXT('2D SPACE',''
  ) );
#5334 = PCURVE('',#1692,#5335);
#5335 = DEFINITIONAL_REPRESENTATION('',(#5336),#5339);
#5336 = B_SPLINE_CURVE_WITH_KNOTS('',1,(#5337,#5338),.UNSPECIFIED.,.F.,
  .F.,(2,2),(0.,141.732),.PIECEWISE_BEZIER_KNOTS.);
#5337 = CARTESIAN_POINT('',(12.598223131437,0.));
#5338 = CARTESIAN_POINT('',(12.598223131437,-141.732));
#5339 = ( GEOMETRIC_REPRESENTATION_CONTEXT(2) 
PARAMETRIC_REPRESENTATION_CONTEXT() REPRESENTATION_CONTEXT('2D SPACE',''
  ) );
#5340 = ORIENTED_EDGE('',*,*,#5341,.T.);
#5341 = EDGE_CURVE('',#5322,#5236,#5342,.T.);
#5342 = SURFACE_CURVE('',#5343,(#5346,#5352),.PCURVE_S1.);
#5343 = B_SPLINE_CURVE_WITH_KNOTS('',1,(#5344,#5345),.UNSPECIFIED.,.F.,
  .F.,(2,2),(0.,12.598223131436),.PIECEWISE_BEZIER_KNOTS.);
#5344 = CARTESIAN_POINT('',(0.131551263723,2.367087370154,
    30.000060960122));
#5345 = CARTESIAN_POINT('',(0.429823441515,2.482978840049,
    30.000060960122));
#5346 = PCURVE('',#1717,#5347);
#5347 = DEFINITIONAL_REPRESENTATION('',(#5348),#5351);
#5348 = B_SPLINE_CURVE_WITH_KNOTS('',1,(#5349,#5350),.UNSPECIFIED.,.F.,
  .F.,(2,2),(0.,12.598223131436),.PIECEWISE_BEZIER_KNOTS.);
#5349 = CARTESIAN_POINT('',(0.,-141.732));
#5350 = CARTESIAN_POINT('',(12.598223131436,-141.732));
#5351 = ( GEOMETRIC_REPRESENTATION_CONTEXT(2) 
PARAMETRIC_REPRESENTATION_CONTEXT() REPRESENTATION_CONTEXT('2D SPACE',''
  ) );
#5352 = PCURVE('',#2726,#5353);
#5353 = DEFINITIONAL_REPRESENTATION('',(#5354),#5357);
#5354 = B_SPLINE_CURVE_WITH_KNOTS('',1,(#5355,#5356),.UNSPECIFIED.,.F.,
  .F.,(2,2),(0.,12.598223131436),.PIECEWISE_BEZIER_KNOTS.);
#5355 = CARTESIAN_POINT('',(-1.559585587105E+03,1.569623926747E+03));
#5356 = CARTESIAN_POINT('',(-1.564148234275E+03,1.557880951108E+03));
#5357 = ( GEOMETRIC_REPRESENTATION_CONTEXT(2) 
PARAMETRIC_REPRESENTATION_CONTEXT() REPRESENTATION_CONTEXT('2D SPACE',''
  ) );
#5358 = ORIENTED_EDGE('',*,*,#5235,.F.);
#5359 = ORIENTED_EDGE('',*,*,#1703,.F.);
#5360 = ADVANCED_FACE('',(#5361),#842,.F.);
#5361 = FACE_BOUND('',#5362,.F.);
#5362 = EDGE_LOOP('',(#5363,#5383,#5401,#5402));
#5363 = ORIENTED_EDGE('',*,*,#5364,.T.);
#5364 = EDGE_CURVE('',#829,#5365,#5367,.T.);
#5365 = VERTEX_POINT('',#5366);
#5366 = CARTESIAN_POINT('',(0.363309798029,-80.6915814902,
    28.400060960122));
#5367 = SURFACE_CURVE('',#5368,(#5371,#5377),.PCURVE_S1.);
#5368 = B_SPLINE_CURVE_WITH_KNOTS('',1,(#5369,#5370),.UNSPECIFIED.,.F.,
  .F.,(2,2),(0.,78.74),.PIECEWISE_BEZIER_KNOTS.);
#5369 = CARTESIAN_POINT('',(0.363309798029,-80.6915814902,
    26.400060960122));
#5370 = CARTESIAN_POINT('',(0.363309798029,-80.6915814902,
    28.400060960122));
#5371 = PCURVE('',#842,#5372);
#5372 = DEFINITIONAL_REPRESENTATION('',(#5373),#5376);
#5373 = B_SPLINE_CURVE_WITH_KNOTS('',1,(#5374,#5375),.UNSPECIFIED.,.F.,
  .F.,(2,2),(0.,78.74),.PIECEWISE_BEZIER_KNOTS.);
#5374 = CARTESIAN_POINT('',(0.,0.));
#5375 = CARTESIAN_POINT('',(0.,-78.74));
#5376 = ( GEOMETRIC_REPRESENTATION_CONTEXT(2) 
PARAMETRIC_REPRESENTATION_CONTEXT() REPRESENTATION_CONTEXT('2D SPACE',''
  ) );
#5377 = PCURVE('',#867,#5378);
#5378 = DEFINITIONAL_REPRESENTATION('',(#5379),#5382);
#5379 = B_SPLINE_CURVE_WITH_KNOTS('',1,(#5380,#5381),.UNSPECIFIED.,.F.,
  .F.,(2,2),(0.,78.74),.PIECEWISE_BEZIER_KNOTS.);
#5380 = CARTESIAN_POINT('',(8.468070771091,0.));
#5381 = CARTESIAN_POINT('',(8.468070771091,-78.74));
#5382 = ( GEOMETRIC_REPRESENTATION_CONTEXT(2) 
PARAMETRIC_REPRESENTATION_CONTEXT() REPRESENTATION_CONTEXT('2D SPACE',''
  ) );
#5383 = ORIENTED_EDGE('',*,*,#5384,.T.);
#5384 = EDGE_CURVE('',#5365,#5279,#5385,.T.);
#5385 = SURFACE_CURVE('',#5386,(#5389,#5395),.PCURVE_S1.);
#5386 = B_SPLINE_CURVE_WITH_KNOTS('',1,(#5387,#5388),.UNSPECIFIED.,.F.,
  .F.,(2,2),(0.,8.468070771091),.PIECEWISE_BEZIER_KNOTS.);
#5387 = CARTESIAN_POINT('',(0.363309798029,-80.6915814902,
    28.400060960122));
#5388 = CARTESIAN_POINT('',(0.550794749733,-80.79699901636,
    28.400060960122));
#5389 = PCURVE('',#842,#5390);
#5390 = DEFINITIONAL_REPRESENTATION('',(#5391),#5394);
#5391 = B_SPLINE_CURVE_WITH_KNOTS('',1,(#5392,#5393),.UNSPECIFIED.,.F.,
  .F.,(2,2),(0.,8.468070771091),.PIECEWISE_BEZIER_KNOTS.);
#5392 = CARTESIAN_POINT('',(0.,-78.74));
#5393 = CARTESIAN_POINT('',(8.46807077109,-78.74));
#5394 = ( GEOMETRIC_REPRESENTATION_CONTEXT(2) 
PARAMETRIC_REPRESENTATION_CONTEXT() REPRESENTATION_CONTEXT('2D SPACE',''
  ) );
#5395 = PCURVE('',#2616,#5396);
#5396 = DEFINITIONAL_REPRESENTATION('',(#5397),#5400);
#5397 = B_SPLINE_CURVE_WITH_KNOTS('',1,(#5398,#5399),.UNSPECIFIED.,.F.,
  .F.,(2,2),(0.,8.468070771091),.PIECEWISE_BEZIER_KNOTS.);
#5398 = CARTESIAN_POINT('',(-1.568182764398E+03,1.560499593252E+03));
#5399 = CARTESIAN_POINT('',(-1.572333052403E+03,1.553118310703E+03));
#5400 = ( GEOMETRIC_REPRESENTATION_CONTEXT(2) 
PARAMETRIC_REPRESENTATION_CONTEXT() REPRESENTATION_CONTEXT('2D SPACE',''
  ) );
#5401 = ORIENTED_EDGE('',*,*,#5278,.F.);
#5402 = ORIENTED_EDGE('',*,*,#828,.F.);
#5403 = ADVANCED_FACE('',(#5404),#1692,.T.);
#5404 = FACE_BOUND('',#5405,.T.);
#5405 = EDGE_LOOP('',(#5406,#5426,#5444,#5445));
#5406 = ORIENTED_EDGE('',*,*,#5407,.T.);
#5407 = EDGE_CURVE('',#1654,#5408,#5410,.T.);
#5408 = VERTEX_POINT('',#5409);
#5409 = CARTESIAN_POINT('',(-0.158241210027,2.231376475245,
    30.000060960122));
#5410 = SURFACE_CURVE('',#5411,(#5414,#5420),.PCURVE_S1.);
#5411 = B_SPLINE_CURVE_WITH_KNOTS('',1,(#5412,#5413),.UNSPECIFIED.,.F.,
  .F.,(2,2),(0.,141.732),.PIECEWISE_BEZIER_KNOTS.);
#5412 = CARTESIAN_POINT('',(-0.158241210027,2.231376475245,
    26.400060960122));
#5413 = CARTESIAN_POINT('',(-0.158241210027,2.231376475245,
    30.000060960122));
#5414 = PCURVE('',#1692,#5415);
#5415 = DEFINITIONAL_REPRESENTATION('',(#5416),#5419);
#5416 = B_SPLINE_CURVE_WITH_KNOTS('',1,(#5417,#5418),.UNSPECIFIED.,.F.,
  .F.,(2,2),(0.,141.732),.PIECEWISE_BEZIER_KNOTS.);
#5417 = CARTESIAN_POINT('',(0.,0.));
#5418 = CARTESIAN_POINT('',(0.,-141.732));
#5419 = ( GEOMETRIC_REPRESENTATION_CONTEXT(2) 
PARAMETRIC_REPRESENTATION_CONTEXT() REPRESENTATION_CONTEXT('2D SPACE',''
  ) );
#5420 = PCURVE('',#1667,#5421);
#5421 = DEFINITIONAL_REPRESENTATION('',(#5422),#5425);
#5422 = B_SPLINE_CURVE_WITH_KNOTS('',1,(#5423,#5424),.UNSPECIFIED.,.F.,
  .F.,(2,2),(0.,141.732),.PIECEWISE_BEZIER_KNOTS.);
#5423 = CARTESIAN_POINT('',(12.598223131436,0.));
#5424 = CARTESIAN_POINT('',(12.598223131436,-141.732));
#5425 = ( GEOMETRIC_REPRESENTATION_CONTEXT(2) 
PARAMETRIC_REPRESENTATION_CONTEXT() REPRESENTATION_CONTEXT('2D SPACE',''
  ) );
#5426 = ORIENTED_EDGE('',*,*,#5427,.T.);
#5427 = EDGE_CURVE('',#5408,#5322,#5428,.T.);
#5428 = SURFACE_CURVE('',#5429,(#5432,#5438),.PCURVE_S1.);
#5429 = B_SPLINE_CURVE_WITH_KNOTS('',1,(#5430,#5431),.UNSPECIFIED.,.F.,
  .F.,(2,2),(0.,12.598223131437),.PIECEWISE_BEZIER_KNOTS.);
#5430 = CARTESIAN_POINT('',(-0.158241210027,2.231376475245,
    30.000060960122));
#5431 = CARTESIAN_POINT('',(0.131551263723,2.367087370154,
    30.000060960122));
#5432 = PCURVE('',#1692,#5433);
#5433 = DEFINITIONAL_REPRESENTATION('',(#5434),#5437);
#5434 = B_SPLINE_CURVE_WITH_KNOTS('',1,(#5435,#5436),.UNSPECIFIED.,.F.,
  .F.,(2,2),(0.,12.598223131437),.PIECEWISE_BEZIER_KNOTS.);
#5435 = CARTESIAN_POINT('',(0.,-141.732));
#5436 = CARTESIAN_POINT('',(12.598223131437,-141.732));
#5437 = ( GEOMETRIC_REPRESENTATION_CONTEXT(2) 
PARAMETRIC_REPRESENTATION_CONTEXT() REPRESENTATION_CONTEXT('2D SPACE',''
  ) );
#5438 = PCURVE('',#2726,#5439);
#5439 = DEFINITIONAL_REPRESENTATION('',(#5440),#5443);
#5440 = B_SPLINE_CURVE_WITH_KNOTS('',1,(#5441,#5442),.UNSPECIFIED.,.F.,
  .F.,(2,2),(0.,12.598223131437),.PIECEWISE_BEZIER_KNOTS.);
#5441 = CARTESIAN_POINT('',(-1.554242649172E+03,1.581033056439E+03));
#5442 = CARTESIAN_POINT('',(-1.559585587105E+03,1.569623926747E+03));
#5443 = ( GEOMETRIC_REPRESENTATION_CONTEXT(2) 
PARAMETRIC_REPRESENTATION_CONTEXT() REPRESENTATION_CONTEXT('2D SPACE',''
  ) );
#5444 = ORIENTED_EDGE('',*,*,#5321,.F.);
#5445 = ORIENTED_EDGE('',*,*,#1678,.F.);
#5446 = ADVANCED_FACE('',(#5447),#867,.F.);
#5447 = FACE_BOUND('',#5448,.F.);
#5448 = EDGE_LOOP('',(#5449,#5469,#5487,#5488));
#5449 = ORIENTED_EDGE('',*,*,#5450,.T.);
#5450 = EDGE_CURVE('',#854,#5451,#5453,.T.);
#5451 = VERTEX_POINT('',#5452);
#5452 = CARTESIAN_POINT('',(0.183455863416,-80.57361529106,
    28.400060960122));
#5453 = SURFACE_CURVE('',#5454,(#5457,#5463),.PCURVE_S1.);
#5454 = B_SPLINE_CURVE_WITH_KNOTS('',1,(#5455,#5456),.UNSPECIFIED.,.F.,
  .F.,(2,2),(0.,78.74),.PIECEWISE_BEZIER_KNOTS.);
#5455 = CARTESIAN_POINT('',(0.183455863416,-80.57361529106,
    26.400060960122));
#5456 = CARTESIAN_POINT('',(0.183455863416,-80.57361529106,
    28.400060960122));
#5457 = PCURVE('',#867,#5458);
#5458 = DEFINITIONAL_REPRESENTATION('',(#5459),#5462);
#5459 = B_SPLINE_CURVE_WITH_KNOTS('',1,(#5460,#5461),.UNSPECIFIED.,.F.,
  .F.,(2,2),(0.,78.74),.PIECEWISE_BEZIER_KNOTS.);
#5460 = CARTESIAN_POINT('',(0.,0.));
#5461 = CARTESIAN_POINT('',(0.,-78.74));
#5462 = ( GEOMETRIC_REPRESENTATION_CONTEXT(2) 
PARAMETRIC_REPRESENTATION_CONTEXT() REPRESENTATION_CONTEXT('2D SPACE',''
  ) );
#5463 = PCURVE('',#892,#5464);
#5464 = DEFINITIONAL_REPRESENTATION('',(#5465),#5468);
#5465 = B_SPLINE_CURVE_WITH_KNOTS('',1,(#5466,#5467),.UNSPECIFIED.,.F.,
  .F.,(2,2),(0.,78.74),.PIECEWISE_BEZIER_KNOTS.);
#5466 = CARTESIAN_POINT('',(8.468070771091,0.));
#5467 = CARTESIAN_POINT('',(8.468070771091,-78.74));
#5468 = ( GEOMETRIC_REPRESENTATION_CONTEXT(2) 
PARAMETRIC_REPRESENTATION_CONTEXT() REPRESENTATION_CONTEXT('2D SPACE',''
  ) );
#5469 = ORIENTED_EDGE('',*,*,#5470,.T.);
#5470 = EDGE_CURVE('',#5451,#5365,#5471,.T.);
#5471 = SURFACE_CURVE('',#5472,(#5475,#5481),.PCURVE_S1.);
#5472 = B_SPLINE_CURVE_WITH_KNOTS('',1,(#5473,#5474),.UNSPECIFIED.,.F.,
  .F.,(2,2),(0.,8.468070771091),.PIECEWISE_BEZIER_KNOTS.);
#5473 = CARTESIAN_POINT('',(0.183455863416,-80.57361529106,
    28.400060960122));
#5474 = CARTESIAN_POINT('',(0.363309798029,-80.6915814902,
    28.400060960122));
#5475 = PCURVE('',#867,#5476);
#5476 = DEFINITIONAL_REPRESENTATION('',(#5477),#5480);
#5477 = B_SPLINE_CURVE_WITH_KNOTS('',1,(#5478,#5479),.UNSPECIFIED.,.F.,
  .F.,(2,2),(0.,8.468070771091),.PIECEWISE_BEZIER_KNOTS.);
#5478 = CARTESIAN_POINT('',(0.,-78.74));
#5479 = CARTESIAN_POINT('',(8.468070771091,-78.74));
#5480 = ( GEOMETRIC_REPRESENTATION_CONTEXT(2) 
PARAMETRIC_REPRESENTATION_CONTEXT() REPRESENTATION_CONTEXT('2D SPACE',''
  ) );
#5481 = PCURVE('',#2616,#5482);
#5482 = DEFINITIONAL_REPRESENTATION('',(#5483),#5486);
#5483 = B_SPLINE_CURVE_WITH_KNOTS('',1,(#5484,#5485),.UNSPECIFIED.,.F.,
  .F.,(2,2),(0.,8.468070771091),.PIECEWISE_BEZIER_KNOTS.);
#5484 = CARTESIAN_POINT('',(-1.563538435138E+03,1.567580442657E+03));
#5485 = CARTESIAN_POINT('',(-1.568182764398E+03,1.560499593252E+03));
#5486 = ( GEOMETRIC_REPRESENTATION_CONTEXT(2) 
PARAMETRIC_REPRESENTATION_CONTEXT() REPRESENTATION_CONTEXT('2D SPACE',''
  ) );
#5487 = ORIENTED_EDGE('',*,*,#5364,.F.);
#5488 = ORIENTED_EDGE('',*,*,#853,.F.);
#5489 = ADVANCED_FACE('',(#5490),#1667,.T.);
#5490 = FACE_BOUND('',#5491,.T.);
#5491 = EDGE_LOOP('',(#5492,#5512,#5530,#5531));
#5492 = ORIENTED_EDGE('',*,*,#5493,.T.);
#5493 = EDGE_CURVE('',#1629,#5494,#5496,.T.);
#5494 = VERTEX_POINT('',#5495);
#5495 = CARTESIAN_POINT('',(-0.43823879724,2.076462060184,
    30.000060960122));
#5496 = SURFACE_CURVE('',#5497,(#5500,#5506),.PCURVE_S1.);
#5497 = B_SPLINE_CURVE_WITH_KNOTS('',1,(#5498,#5499),.UNSPECIFIED.,.F.,
  .F.,(2,2),(0.,141.732),.PIECEWISE_BEZIER_KNOTS.);
#5498 = CARTESIAN_POINT('',(-0.43823879724,2.076462060184,
    26.400060960122));
#5499 = CARTESIAN_POINT('',(-0.43823879724,2.076462060184,
    30.000060960122));
#5500 = PCURVE('',#1667,#5501);
#5501 = DEFINITIONAL_REPRESENTATION('',(#5502),#5505);
#5502 = B_SPLINE_CURVE_WITH_KNOTS('',1,(#5503,#5504),.UNSPECIFIED.,.F.,
  .F.,(2,2),(0.,141.732),.PIECEWISE_BEZIER_KNOTS.);
#5503 = CARTESIAN_POINT('',(0.,0.));
#5504 = CARTESIAN_POINT('',(0.,-141.732));
#5505 = ( GEOMETRIC_REPRESENTATION_CONTEXT(2) 
PARAMETRIC_REPRESENTATION_CONTEXT() REPRESENTATION_CONTEXT('2D SPACE',''
  ) );
#5506 = PCURVE('',#1642,#5507);
#5507 = DEFINITIONAL_REPRESENTATION('',(#5508),#5511);
#5508 = B_SPLINE_CURVE_WITH_KNOTS('',1,(#5509,#5510),.UNSPECIFIED.,.F.,
  .F.,(2,2),(0.,141.732),.PIECEWISE_BEZIER_KNOTS.);
#5509 = CARTESIAN_POINT('',(12.598223131436,0.));
#5510 = CARTESIAN_POINT('',(12.598223131436,-141.732));
#5511 = ( GEOMETRIC_REPRESENTATION_CONTEXT(2) 
PARAMETRIC_REPRESENTATION_CONTEXT() REPRESENTATION_CONTEXT('2D SPACE',''
  ) );
#5512 = ORIENTED_EDGE('',*,*,#5513,.T.);
#5513 = EDGE_CURVE('',#5494,#5408,#5514,.T.);
#5514 = SURFACE_CURVE('',#5515,(#5518,#5524),.PCURVE_S1.);
#5515 = B_SPLINE_CURVE_WITH_KNOTS('',1,(#5516,#5517),.UNSPECIFIED.,.F.,
  .F.,(2,2),(0.,12.598223131436),.PIECEWISE_BEZIER_KNOTS.);
#5516 = CARTESIAN_POINT('',(-0.43823879724,2.076462060184,
    30.000060960122));
#5517 = CARTESIAN_POINT('',(-0.158241210027,2.231376475245,
    30.000060960122));
#5518 = PCURVE('',#1667,#5519);
#5519 = DEFINITIONAL_REPRESENTATION('',(#5520),#5523);
#5520 = B_SPLINE_CURVE_WITH_KNOTS('',1,(#5521,#5522),.UNSPECIFIED.,.F.,
  .F.,(2,2),(0.,12.598223131436),.PIECEWISE_BEZIER_KNOTS.);
#5521 = CARTESIAN_POINT('',(0.,-141.732));
#5522 = CARTESIAN_POINT('',(12.598223131436,-141.732));
#5523 = ( GEOMETRIC_REPRESENTATION_CONTEXT(2) 
PARAMETRIC_REPRESENTATION_CONTEXT() REPRESENTATION_CONTEXT('2D SPACE',''
  ) );
#5524 = PCURVE('',#2726,#5525);
#5525 = DEFINITIONAL_REPRESENTATION('',(#5526),#5529);
#5526 = B_SPLINE_CURVE_WITH_KNOTS('',1,(#5527,#5528),.UNSPECIFIED.,.F.,
  .F.,(2,2),(0.,12.598223131436),.PIECEWISE_BEZIER_KNOTS.);
#5527 = CARTESIAN_POINT('',(-1.548143668651E+03,1.592056561447E+03));
#5528 = CARTESIAN_POINT('',(-1.554242649172E+03,1.581033056439E+03));
#5529 = ( GEOMETRIC_REPRESENTATION_CONTEXT(2) 
PARAMETRIC_REPRESENTATION_CONTEXT() REPRESENTATION_CONTEXT('2D SPACE',''
  ) );
#5530 = ORIENTED_EDGE('',*,*,#5407,.F.);
#5531 = ORIENTED_EDGE('',*,*,#1653,.F.);
#5532 = ADVANCED_FACE('',(#5533),#892,.F.);
#5533 = FACE_BOUND('',#5534,.F.);
#5534 = EDGE_LOOP('',(#5535,#5555,#5573,#5574));
#5535 = ORIENTED_EDGE('',*,*,#5536,.T.);
#5536 = EDGE_CURVE('',#879,#5537,#5539,.T.);
#5537 = VERTEX_POINT('',#5538);
#5538 = CARTESIAN_POINT('',(1.207150796155E-02,-80.4436504318,
    28.400060960122));
#5539 = SURFACE_CURVE('',#5540,(#5543,#5549),.PCURVE_S1.);
#5540 = B_SPLINE_CURVE_WITH_KNOTS('',1,(#5541,#5542),.UNSPECIFIED.,.F.,
  .F.,(2,2),(0.,78.74),.PIECEWISE_BEZIER_KNOTS.);
#5541 = CARTESIAN_POINT('',(1.207150796155E-02,-80.4436504318,
    26.400060960122));
#5542 = CARTESIAN_POINT('',(1.207150796155E-02,-80.4436504318,
    28.400060960122));
#5543 = PCURVE('',#892,#5544);
#5544 = DEFINITIONAL_REPRESENTATION('',(#5545),#5548);
#5545 = B_SPLINE_CURVE_WITH_KNOTS('',1,(#5546,#5547),.UNSPECIFIED.,.F.,
  .F.,(2,2),(0.,78.74),.PIECEWISE_BEZIER_KNOTS.);
#5546 = CARTESIAN_POINT('',(0.,0.));
#5547 = CARTESIAN_POINT('',(0.,-78.74));
#5548 = ( GEOMETRIC_REPRESENTATION_CONTEXT(2) 
PARAMETRIC_REPRESENTATION_CONTEXT() REPRESENTATION_CONTEXT('2D SPACE',''
  ) );
#5549 = PCURVE('',#917,#5550);
#5550 = DEFINITIONAL_REPRESENTATION('',(#5551),#5554);
#5551 = B_SPLINE_CURVE_WITH_KNOTS('',1,(#5552,#5553),.UNSPECIFIED.,.F.,
  .F.,(2,2),(0.,78.74),.PIECEWISE_BEZIER_KNOTS.);
#5552 = CARTESIAN_POINT('',(8.468070771091,0.));
#5553 = CARTESIAN_POINT('',(8.468070771091,-78.74));
#5554 = ( GEOMETRIC_REPRESENTATION_CONTEXT(2) 
PARAMETRIC_REPRESENTATION_CONTEXT() REPRESENTATION_CONTEXT('2D SPACE',''
  ) );
#5555 = ORIENTED_EDGE('',*,*,#5556,.T.);
#5556 = EDGE_CURVE('',#5537,#5451,#5557,.T.);
#5557 = SURFACE_CURVE('',#5558,(#5561,#5567),.PCURVE_S1.);
#5558 = B_SPLINE_CURVE_WITH_KNOTS('',1,(#5559,#5560),.UNSPECIFIED.,.F.,
  .F.,(2,2),(0.,8.468070771091),.PIECEWISE_BEZIER_KNOTS.);
#5559 = CARTESIAN_POINT('',(1.207150796155E-02,-80.4436504318,
    28.400060960122));
#5560 = CARTESIAN_POINT('',(0.183455863416,-80.57361529106,
    28.400060960122));
#5561 = PCURVE('',#892,#5562);
#5562 = DEFINITIONAL_REPRESENTATION('',(#5563),#5566);
#5563 = B_SPLINE_CURVE_WITH_KNOTS('',1,(#5564,#5565),.UNSPECIFIED.,.F.,
  .F.,(2,2),(0.,8.468070771091),.PIECEWISE_BEZIER_KNOTS.);
#5564 = CARTESIAN_POINT('',(0.,-78.74));
#5565 = CARTESIAN_POINT('',(8.468070771091,-78.74));
#5566 = ( GEOMETRIC_REPRESENTATION_CONTEXT(2) 
PARAMETRIC_REPRESENTATION_CONTEXT() REPRESENTATION_CONTEXT('2D SPACE',''
  ) );
#5567 = PCURVE('',#2616,#5568);
#5568 = DEFINITIONAL_REPRESENTATION('',(#5569),#5572);
#5569 = B_SPLINE_CURVE_WITH_KNOTS('',1,(#5570,#5571),.UNSPECIFIED.,.F.,
  .F.,(2,2),(0.,8.468070771091),.PIECEWISE_BEZIER_KNOTS.);
#5570 = CARTESIAN_POINT('',(-1.558421718629E+03,1.574327844732E+03));
#5571 = CARTESIAN_POINT('',(-1.563538435138E+03,1.567580442657E+03));
#5572 = ( GEOMETRIC_REPRESENTATION_CONTEXT(2) 
PARAMETRIC_REPRESENTATION_CONTEXT() REPRESENTATION_CONTEXT('2D SPACE',''
  ) );
#5573 = ORIENTED_EDGE('',*,*,#5450,.F.);
#5574 = ORIENTED_EDGE('',*,*,#878,.F.);
#5575 = ADVANCED_FACE('',(#5576),#1642,.T.);
#5576 = FACE_BOUND('',#5577,.T.);
#5577 = EDGE_LOOP('',(#5578,#5598,#5616,#5617));
#5578 = ORIENTED_EDGE('',*,*,#5579,.T.);
#5579 = EDGE_CURVE('',#1604,#5580,#5582,.T.);
#5580 = VERTEX_POINT('',#5581);
#5581 = CARTESIAN_POINT('',(-0.707170768141,1.903047182315,
    30.000060960122));
#5582 = SURFACE_CURVE('',#5583,(#5586,#5592),.PCURVE_S1.);
#5583 = B_SPLINE_CURVE_WITH_KNOTS('',1,(#5584,#5585),.UNSPECIFIED.,.F.,
  .F.,(2,2),(0.,141.732),.PIECEWISE_BEZIER_KNOTS.);
#5584 = CARTESIAN_POINT('',(-0.707170768141,1.903047182315,
    26.400060960122));
#5585 = CARTESIAN_POINT('',(-0.707170768141,1.903047182315,
    30.000060960122));
#5586 = PCURVE('',#1642,#5587);
#5587 = DEFINITIONAL_REPRESENTATION('',(#5588),#5591);
#5588 = B_SPLINE_CURVE_WITH_KNOTS('',1,(#5589,#5590),.UNSPECIFIED.,.F.,
  .F.,(2,2),(0.,141.732),.PIECEWISE_BEZIER_KNOTS.);
#5589 = CARTESIAN_POINT('',(0.,0.));
#5590 = CARTESIAN_POINT('',(0.,-141.732));
#5591 = ( GEOMETRIC_REPRESENTATION_CONTEXT(2) 
PARAMETRIC_REPRESENTATION_CONTEXT() REPRESENTATION_CONTEXT('2D SPACE',''
  ) );
#5592 = PCURVE('',#1617,#5593);
#5593 = DEFINITIONAL_REPRESENTATION('',(#5594),#5597);
#5594 = B_SPLINE_CURVE_WITH_KNOTS('',1,(#5595,#5596),.UNSPECIFIED.,.F.,
  .F.,(2,2),(0.,141.732),.PIECEWISE_BEZIER_KNOTS.);
#5595 = CARTESIAN_POINT('',(12.598223131436,0.));
#5596 = CARTESIAN_POINT('',(12.598223131436,-141.732));
#5597 = ( GEOMETRIC_REPRESENTATION_CONTEXT(2) 
PARAMETRIC_REPRESENTATION_CONTEXT() REPRESENTATION_CONTEXT('2D SPACE',''
  ) );
#5598 = ORIENTED_EDGE('',*,*,#5599,.T.);
#5599 = EDGE_CURVE('',#5580,#5494,#5600,.T.);
#5600 = SURFACE_CURVE('',#5601,(#5604,#5610),.PCURVE_S1.);
#5601 = B_SPLINE_CURVE_WITH_KNOTS('',1,(#5602,#5603),.UNSPECIFIED.,.F.,
  .F.,(2,2),(0.,12.598223131436),.PIECEWISE_BEZIER_KNOTS.);
#5602 = CARTESIAN_POINT('',(-0.707170768141,1.903047182315,
    30.000060960122));
#5603 = CARTESIAN_POINT('',(-0.43823879724,2.076462060184,
    30.000060960122));
#5604 = PCURVE('',#1642,#5605);
#5605 = DEFINITIONAL_REPRESENTATION('',(#5606),#5609);
#5606 = B_SPLINE_CURVE_WITH_KNOTS('',1,(#5607,#5608),.UNSPECIFIED.,.F.,
  .F.,(2,2),(0.,12.598223131436),.PIECEWISE_BEZIER_KNOTS.);
#5607 = CARTESIAN_POINT('',(0.,-141.732));
#5608 = CARTESIAN_POINT('',(12.598223131436,-141.732));
#5609 = ( GEOMETRIC_REPRESENTATION_CONTEXT(2) 
PARAMETRIC_REPRESENTATION_CONTEXT() REPRESENTATION_CONTEXT('2D SPACE',''
  ) );
#5610 = PCURVE('',#2726,#5611);
#5611 = DEFINITIONAL_REPRESENTATION('',(#5612),#5615);
#5612 = B_SPLINE_CURVE_WITH_KNOTS('',1,(#5613,#5614),.UNSPECIFIED.,.F.,
  .F.,(2,2),(0.,12.598223131436),.PIECEWISE_BEZIER_KNOTS.);
#5613 = CARTESIAN_POINT('',(-1.54131632491E+03,1.602644413142E+03));
#5614 = CARTESIAN_POINT('',(-1.548143668651E+03,1.592056561447E+03));
#5615 = ( GEOMETRIC_REPRESENTATION_CONTEXT(2) 
PARAMETRIC_REPRESENTATION_CONTEXT() REPRESENTATION_CONTEXT('2D SPACE',''
  ) );
#5616 = ORIENTED_EDGE('',*,*,#5493,.F.);
#5617 = ORIENTED_EDGE('',*,*,#1628,.F.);
#5618 = ADVANCED_FACE('',(#5619),#917,.F.);
#5619 = FACE_BOUND('',#5620,.F.);
#5620 = EDGE_LOOP('',(#5621,#5641,#5659,#5660));
#5621 = ORIENTED_EDGE('',*,*,#5622,.T.);
#5622 = EDGE_CURVE('',#904,#5623,#5625,.T.);
#5623 = VERTEX_POINT('',#5624);
#5624 = CARTESIAN_POINT('',(-0.150044195355,-80.3022928686,
    28.400060960122));
#5625 = SURFACE_CURVE('',#5626,(#5629,#5635),.PCURVE_S1.);
#5626 = B_SPLINE_CURVE_WITH_KNOTS('',1,(#5627,#5628),.UNSPECIFIED.,.F.,
  .F.,(2,2),(0.,78.74),.PIECEWISE_BEZIER_KNOTS.);
#5627 = CARTESIAN_POINT('',(-0.150044195355,-80.3022928686,
    26.400060960122));
#5628 = CARTESIAN_POINT('',(-0.150044195355,-80.3022928686,
    28.400060960122));
#5629 = PCURVE('',#917,#5630);
#5630 = DEFINITIONAL_REPRESENTATION('',(#5631),#5634);
#5631 = B_SPLINE_CURVE_WITH_KNOTS('',1,(#5632,#5633),.UNSPECIFIED.,.F.,
  .F.,(2,2),(0.,78.74),.PIECEWISE_BEZIER_KNOTS.);
#5632 = CARTESIAN_POINT('',(0.,0.));
#5633 = CARTESIAN_POINT('',(0.,-78.74));
#5634 = ( GEOMETRIC_REPRESENTATION_CONTEXT(2) 
PARAMETRIC_REPRESENTATION_CONTEXT() REPRESENTATION_CONTEXT('2D SPACE',''
  ) );
#5635 = PCURVE('',#942,#5636);
#5636 = DEFINITIONAL_REPRESENTATION('',(#5637),#5640);
#5637 = B_SPLINE_CURVE_WITH_KNOTS('',1,(#5638,#5639),.UNSPECIFIED.,.F.,
  .F.,(2,2),(0.,78.74),.PIECEWISE_BEZIER_KNOTS.);
#5638 = CARTESIAN_POINT('',(8.468070771091,0.));
#5639 = CARTESIAN_POINT('',(8.468070771091,-78.74));
#5640 = ( GEOMETRIC_REPRESENTATION_CONTEXT(2) 
PARAMETRIC_REPRESENTATION_CONTEXT() REPRESENTATION_CONTEXT('2D SPACE',''
  ) );
#5641 = ORIENTED_EDGE('',*,*,#5642,.T.);
#5642 = EDGE_CURVE('',#5623,#5537,#5643,.T.);
#5643 = SURFACE_CURVE('',#5644,(#5647,#5653),.PCURVE_S1.);
#5644 = B_SPLINE_CURVE_WITH_KNOTS('',1,(#5645,#5646),.UNSPECIFIED.,.F.,
  .F.,(2,2),(0.,8.468070771091),.PIECEWISE_BEZIER_KNOTS.);
#5645 = CARTESIAN_POINT('',(-0.150044195355,-80.3022928686,
    28.400060960122));
#5646 = CARTESIAN_POINT('',(1.207150796155E-02,-80.4436504318,
    28.400060960122));
#5647 = PCURVE('',#917,#5648);
#5648 = DEFINITIONAL_REPRESENTATION('',(#5649),#5652);
#5649 = B_SPLINE_CURVE_WITH_KNOTS('',1,(#5650,#5651),.UNSPECIFIED.,.F.,
  .F.,(2,2),(0.,8.468070771091),.PIECEWISE_BEZIER_KNOTS.);
#5650 = CARTESIAN_POINT('',(0.,-78.74));
#5651 = CARTESIAN_POINT('',(8.468070771091,-78.74));
#5652 = ( GEOMETRIC_REPRESENTATION_CONTEXT(2) 
PARAMETRIC_REPRESENTATION_CONTEXT() REPRESENTATION_CONTEXT('2D SPACE',''
  ) );
#5653 = PCURVE('',#2616,#5654);
#5654 = DEFINITIONAL_REPRESENTATION('',(#5655),#5658);
#5655 = B_SPLINE_CURVE_WITH_KNOTS('',1,(#5656,#5657),.UNSPECIFIED.,.F.,
  .F.,(2,2),(0.,8.468070771091),.PIECEWISE_BEZIER_KNOTS.);
#5656 = CARTESIAN_POINT('',(-1.552856471366E+03,1.580710339971E+03));
#5657 = CARTESIAN_POINT('',(-1.558421718629E+03,1.574327844732E+03));
#5658 = ( GEOMETRIC_REPRESENTATION_CONTEXT(2) 
PARAMETRIC_REPRESENTATION_CONTEXT() REPRESENTATION_CONTEXT('2D SPACE',''
  ) );
#5659 = ORIENTED_EDGE('',*,*,#5536,.F.);
#5660 = ORIENTED_EDGE('',*,*,#903,.F.);
#5661 = ADVANCED_FACE('',(#5662),#1617,.T.);
#5662 = FACE_BOUND('',#5663,.T.);
#5663 = EDGE_LOOP('',(#5664,#5684,#5702,#5703));
#5664 = ORIENTED_EDGE('',*,*,#5665,.T.);
#5665 = EDGE_CURVE('',#1579,#5666,#5668,.T.);
#5666 = VERTEX_POINT('',#5667);
#5667 = CARTESIAN_POINT('',(-0.963816612702,1.711918860738,
    30.000060960122));
#5668 = SURFACE_CURVE('',#5669,(#5672,#5678),.PCURVE_S1.);
#5669 = B_SPLINE_CURVE_WITH_KNOTS('',1,(#5670,#5671),.UNSPECIFIED.,.F.,
  .F.,(2,2),(0.,141.732),.PIECEWISE_BEZIER_KNOTS.);
#5670 = CARTESIAN_POINT('',(-0.963816612702,1.711918860738,
    26.400060960122));
#5671 = CARTESIAN_POINT('',(-0.963816612702,1.711918860738,
    30.000060960122));
#5672 = PCURVE('',#1617,#5673);
#5673 = DEFINITIONAL_REPRESENTATION('',(#5674),#5677);
#5674 = B_SPLINE_CURVE_WITH_KNOTS('',1,(#5675,#5676),.UNSPECIFIED.,.F.,
  .F.,(2,2),(0.,141.732),.PIECEWISE_BEZIER_KNOTS.);
#5675 = CARTESIAN_POINT('',(0.,0.));
#5676 = CARTESIAN_POINT('',(0.,-141.732));
#5677 = ( GEOMETRIC_REPRESENTATION_CONTEXT(2) 
PARAMETRIC_REPRESENTATION_CONTEXT() REPRESENTATION_CONTEXT('2D SPACE',''
  ) );
#5678 = PCURVE('',#1592,#5679);
#5679 = DEFINITIONAL_REPRESENTATION('',(#5680),#5683);
#5680 = B_SPLINE_CURVE_WITH_KNOTS('',1,(#5681,#5682),.UNSPECIFIED.,.F.,
  .F.,(2,2),(0.,141.732),.PIECEWISE_BEZIER_KNOTS.);
#5681 = CARTESIAN_POINT('',(12.598223131437,0.));
#5682 = CARTESIAN_POINT('',(12.598223131437,-141.732));
#5683 = ( GEOMETRIC_REPRESENTATION_CONTEXT(2) 
PARAMETRIC_REPRESENTATION_CONTEXT() REPRESENTATION_CONTEXT('2D SPACE',''
  ) );
#5684 = ORIENTED_EDGE('',*,*,#5685,.T.);
#5685 = EDGE_CURVE('',#5666,#5580,#5686,.T.);
#5686 = SURFACE_CURVE('',#5687,(#5690,#5696),.PCURVE_S1.);
#5687 = B_SPLINE_CURVE_WITH_KNOTS('',1,(#5688,#5689),.UNSPECIFIED.,.F.,
  .F.,(2,2),(0.,12.598223131436),.PIECEWISE_BEZIER_KNOTS.);
#5688 = CARTESIAN_POINT('',(-0.963816612702,1.711918860738,
    30.000060960122));
#5689 = CARTESIAN_POINT('',(-0.707170768141,1.903047182315,
    30.000060960122));
#5690 = PCURVE('',#1617,#5691);
#5691 = DEFINITIONAL_REPRESENTATION('',(#5692),#5695);
#5692 = B_SPLINE_CURVE_WITH_KNOTS('',1,(#5693,#5694),.UNSPECIFIED.,.F.,
  .F.,(2,2),(0.,12.598223131436),.PIECEWISE_BEZIER_KNOTS.);
#5693 = CARTESIAN_POINT('',(0.,-141.732));
#5694 = CARTESIAN_POINT('',(12.598223131436,-141.732));
#5695 = ( GEOMETRIC_REPRESENTATION_CONTEXT(2) 
PARAMETRIC_REPRESENTATION_CONTEXT() REPRESENTATION_CONTEXT('2D SPACE',''
  ) );
#5696 = PCURVE('',#2726,#5697);
#5697 = DEFINITIONAL_REPRESENTATION('',(#5698),#5701);
#5698 = B_SPLINE_CURVE_WITH_KNOTS('',1,(#5699,#5700),.UNSPECIFIED.,.F.,
  .F.,(2,2),(0.,12.598223131436),.PIECEWISE_BEZIER_KNOTS.);
#5699 = CARTESIAN_POINT('',(-1.533791602889E+03,1.612748560042E+03));
#5700 = CARTESIAN_POINT('',(-1.54131632491E+03,1.602644413142E+03));
#5701 = ( GEOMETRIC_REPRESENTATION_CONTEXT(2) 
PARAMETRIC_REPRESENTATION_CONTEXT() REPRESENTATION_CONTEXT('2D SPACE',''
  ) );
#5702 = ORIENTED_EDGE('',*,*,#5579,.F.);
#5703 = ORIENTED_EDGE('',*,*,#1603,.F.);
#5704 = ADVANCED_FACE('',(#5705),#942,.F.);
#5705 = FACE_BOUND('',#5706,.F.);
#5706 = EDGE_LOOP('',(#5707,#5727,#5745,#5746));
#5707 = ORIENTED_EDGE('',*,*,#5708,.T.);
#5708 = EDGE_CURVE('',#929,#5709,#5711,.T.);
#5709 = VERTEX_POINT('',#5710);
#5710 = CARTESIAN_POINT('',(-0.302135388289,-80.15020167567,
    28.400060960122));
#5711 = SURFACE_CURVE('',#5712,(#5715,#5721),.PCURVE_S1.);
#5712 = B_SPLINE_CURVE_WITH_KNOTS('',1,(#5713,#5714),.UNSPECIFIED.,.F.,
  .F.,(2,2),(0.,78.74),.PIECEWISE_BEZIER_KNOTS.);
#5713 = CARTESIAN_POINT('',(-0.302135388289,-80.15020167567,
    26.400060960122));
#5714 = CARTESIAN_POINT('',(-0.302135388289,-80.15020167567,
    28.400060960122));
#5715 = PCURVE('',#942,#5716);
#5716 = DEFINITIONAL_REPRESENTATION('',(#5717),#5720);
#5717 = B_SPLINE_CURVE_WITH_KNOTS('',1,(#5718,#5719),.UNSPECIFIED.,.F.,
  .F.,(2,2),(0.,78.74),.PIECEWISE_BEZIER_KNOTS.);
#5718 = CARTESIAN_POINT('',(0.,0.));
#5719 = CARTESIAN_POINT('',(0.,-78.74));
#5720 = ( GEOMETRIC_REPRESENTATION_CONTEXT(2) 
PARAMETRIC_REPRESENTATION_CONTEXT() REPRESENTATION_CONTEXT('2D SPACE',''
  ) );
#5721 = PCURVE('',#967,#5722);
#5722 = DEFINITIONAL_REPRESENTATION('',(#5723),#5726);
#5723 = B_SPLINE_CURVE_WITH_KNOTS('',1,(#5724,#5725),.UNSPECIFIED.,.F.,
  .F.,(2,2),(0.,78.74),.PIECEWISE_BEZIER_KNOTS.);
#5724 = CARTESIAN_POINT('',(8.46807077109,0.));
#5725 = CARTESIAN_POINT('',(8.46807077109,-78.74));
#5726 = ( GEOMETRIC_REPRESENTATION_CONTEXT(2) 
PARAMETRIC_REPRESENTATION_CONTEXT() REPRESENTATION_CONTEXT('2D SPACE',''
  ) );
#5727 = ORIENTED_EDGE('',*,*,#5728,.T.);
#5728 = EDGE_CURVE('',#5709,#5623,#5729,.T.);
#5729 = SURFACE_CURVE('',#5730,(#5733,#5739),.PCURVE_S1.);
#5730 = B_SPLINE_CURVE_WITH_KNOTS('',1,(#5731,#5732),.UNSPECIFIED.,.F.,
  .F.,(2,2),(0.,8.468070771091),.PIECEWISE_BEZIER_KNOTS.);
#5731 = CARTESIAN_POINT('',(-0.302135388289,-80.15020167567,
    28.400060960122));
#5732 = CARTESIAN_POINT('',(-0.150044195355,-80.3022928686,
    28.400060960122));
#5733 = PCURVE('',#942,#5734);
#5734 = DEFINITIONAL_REPRESENTATION('',(#5735),#5738);
#5735 = B_SPLINE_CURVE_WITH_KNOTS('',1,(#5736,#5737),.UNSPECIFIED.,.F.,
  .F.,(2,2),(0.,8.468070771091),.PIECEWISE_BEZIER_KNOTS.);
#5736 = CARTESIAN_POINT('',(0.,-78.74));
#5737 = CARTESIAN_POINT('',(8.468070771091,-78.74));
#5738 = ( GEOMETRIC_REPRESENTATION_CONTEXT(2) 
PARAMETRIC_REPRESENTATION_CONTEXT() REPRESENTATION_CONTEXT('2D SPACE',''
  ) );
#5739 = PCURVE('',#2616,#5740);
#5740 = DEFINITIONAL_REPRESENTATION('',(#5741),#5744);
#5741 = B_SPLINE_CURVE_WITH_KNOTS('',1,(#5742,#5743),.UNSPECIFIED.,.F.,
  .F.,(2,2),(0.,8.468070771091),.PIECEWISE_BEZIER_KNOTS.);
#5742 = CARTESIAN_POINT('',(-1.5468686411E+03,1.586698170237E+03));
#5743 = CARTESIAN_POINT('',(-1.552856471366E+03,1.580710339971E+03));
#5744 = ( GEOMETRIC_REPRESENTATION_CONTEXT(2) 
PARAMETRIC_REPRESENTATION_CONTEXT() REPRESENTATION_CONTEXT('2D SPACE',''
  ) );
#5745 = ORIENTED_EDGE('',*,*,#5622,.F.);
#5746 = ORIENTED_EDGE('',*,*,#928,.F.);
#5747 = ADVANCED_FACE('',(#5748),#1592,.T.);
#5748 = FACE_BOUND('',#5749,.T.);
#5749 = EDGE_LOOP('',(#5750,#5770,#5788,#5789));
#5750 = ORIENTED_EDGE('',*,*,#5751,.T.);
#5751 = EDGE_CURVE('',#1554,#5752,#5754,.T.);
#5752 = VERTEX_POINT('',#5753);
#5753 = CARTESIAN_POINT('',(-1.207011579754,1.503944504531,
    30.000060960122));
#5754 = SURFACE_CURVE('',#5755,(#5758,#5764),.PCURVE_S1.);
#5755 = B_SPLINE_CURVE_WITH_KNOTS('',1,(#5756,#5757),.UNSPECIFIED.,.F.,
  .F.,(2,2),(0.,141.732),.PIECEWISE_BEZIER_KNOTS.);
#5756 = CARTESIAN_POINT('',(-1.207011579754,1.503944504531,
    26.400060960122));
#5757 = CARTESIAN_POINT('',(-1.207011579754,1.503944504531,
    30.000060960122));
#5758 = PCURVE('',#1592,#5759);
#5759 = DEFINITIONAL_REPRESENTATION('',(#5760),#5763);
#5760 = B_SPLINE_CURVE_WITH_KNOTS('',1,(#5761,#5762),.UNSPECIFIED.,.F.,
  .F.,(2,2),(0.,141.732),.PIECEWISE_BEZIER_KNOTS.);
#5761 = CARTESIAN_POINT('',(0.,0.));
#5762 = CARTESIAN_POINT('',(0.,-141.732));
#5763 = ( GEOMETRIC_REPRESENTATION_CONTEXT(2) 
PARAMETRIC_REPRESENTATION_CONTEXT() REPRESENTATION_CONTEXT('2D SPACE',''
  ) );
#5764 = PCURVE('',#1567,#5765);
#5765 = DEFINITIONAL_REPRESENTATION('',(#5766),#5769);
#5766 = B_SPLINE_CURVE_WITH_KNOTS('',1,(#5767,#5768),.UNSPECIFIED.,.F.,
  .F.,(2,2),(0.,141.732),.PIECEWISE_BEZIER_KNOTS.);
#5767 = CARTESIAN_POINT('',(12.598223131436,0.));
#5768 = CARTESIAN_POINT('',(12.598223131436,-141.732));
#5769 = ( GEOMETRIC_REPRESENTATION_CONTEXT(2) 
PARAMETRIC_REPRESENTATION_CONTEXT() REPRESENTATION_CONTEXT('2D SPACE',''
  ) );
#5770 = ORIENTED_EDGE('',*,*,#5771,.T.);
#5771 = EDGE_CURVE('',#5752,#5666,#5772,.T.);
#5772 = SURFACE_CURVE('',#5773,(#5776,#5782),.PCURVE_S1.);
#5773 = B_SPLINE_CURVE_WITH_KNOTS('',1,(#5774,#5775),.UNSPECIFIED.,.F.,
  .F.,(2,2),(0.,12.598223131437),.PIECEWISE_BEZIER_KNOTS.);
#5774 = CARTESIAN_POINT('',(-1.207011579754,1.503944504531,
    30.000060960122));
#5775 = CARTESIAN_POINT('',(-0.963816612702,1.711918860738,
    30.000060960122));
#5776 = PCURVE('',#1592,#5777);
#5777 = DEFINITIONAL_REPRESENTATION('',(#5778),#5781);
#5778 = B_SPLINE_CURVE_WITH_KNOTS('',1,(#5779,#5780),.UNSPECIFIED.,.F.,
  .F.,(2,2),(0.,12.598223131437),.PIECEWISE_BEZIER_KNOTS.);
#5779 = CARTESIAN_POINT('',(0.,-141.732));
#5780 = CARTESIAN_POINT('',(12.598223131437,-141.732));
#5781 = ( GEOMETRIC_REPRESENTATION_CONTEXT(2) 
PARAMETRIC_REPRESENTATION_CONTEXT() REPRESENTATION_CONTEXT('2D SPACE',''
  ) );
#5782 = PCURVE('',#2726,#5783);
#5783 = DEFINITIONAL_REPRESENTATION('',(#5784),#5787);
#5784 = B_SPLINE_CURVE_WITH_KNOTS('',1,(#5785,#5786),.UNSPECIFIED.,.F.,
  .F.,(2,2),(0.,12.598223131437),.PIECEWISE_BEZIER_KNOTS.);
#5785 = CARTESIAN_POINT('',(-1.525603652485E+03,1.622323145895E+03));
#5786 = CARTESIAN_POINT('',(-1.533791602889E+03,1.612748560042E+03));
#5787 = ( GEOMETRIC_REPRESENTATION_CONTEXT(2) 
PARAMETRIC_REPRESENTATION_CONTEXT() REPRESENTATION_CONTEXT('2D SPACE',''
  ) );
#5788 = ORIENTED_EDGE('',*,*,#5665,.F.);
#5789 = ORIENTED_EDGE('',*,*,#1578,.F.);
#5790 = ADVANCED_FACE('',(#5791),#967,.F.);
#5791 = FACE_BOUND('',#5792,.F.);
#5792 = EDGE_LOOP('',(#5793,#5813,#5831,#5832));
#5793 = ORIENTED_EDGE('',*,*,#5794,.T.);
#5794 = EDGE_CURVE('',#954,#5795,#5797,.T.);
#5795 = VERTEX_POINT('',#5796);
#5796 = CARTESIAN_POINT('',(-0.44349295149,-79.98808597235,
    28.400060960122));
#5797 = SURFACE_CURVE('',#5798,(#5801,#5807),.PCURVE_S1.);
#5798 = B_SPLINE_CURVE_WITH_KNOTS('',1,(#5799,#5800),.UNSPECIFIED.,.F.,
  .F.,(2,2),(0.,78.74),.PIECEWISE_BEZIER_KNOTS.);
#5799 = CARTESIAN_POINT('',(-0.44349295149,-79.98808597235,
    26.400060960122));
#5800 = CARTESIAN_POINT('',(-0.44349295149,-79.98808597235,
    28.400060960122));
#5801 = PCURVE('',#967,#5802);
#5802 = DEFINITIONAL_REPRESENTATION('',(#5803),#5806);
#5803 = B_SPLINE_CURVE_WITH_KNOTS('',1,(#5804,#5805),.UNSPECIFIED.,.F.,
  .F.,(2,2),(0.,78.74),.PIECEWISE_BEZIER_KNOTS.);
#5804 = CARTESIAN_POINT('',(0.,0.));
#5805 = CARTESIAN_POINT('',(0.,-78.74));
#5806 = ( GEOMETRIC_REPRESENTATION_CONTEXT(2) 
PARAMETRIC_REPRESENTATION_CONTEXT() REPRESENTATION_CONTEXT('2D SPACE',''
  ) );
#5807 = PCURVE('',#992,#5808);
#5808 = DEFINITIONAL_REPRESENTATION('',(#5809),#5812);
#5809 = B_SPLINE_CURVE_WITH_KNOTS('',1,(#5810,#5811),.UNSPECIFIED.,.F.,
  .F.,(2,2),(0.,78.74),.PIECEWISE_BEZIER_KNOTS.);
#5810 = CARTESIAN_POINT('',(8.468070771092,0.));
#5811 = CARTESIAN_POINT('',(8.468070771092,-78.74));
#5812 = ( GEOMETRIC_REPRESENTATION_CONTEXT(2) 
PARAMETRIC_REPRESENTATION_CONTEXT() REPRESENTATION_CONTEXT('2D SPACE',''
  ) );
#5813 = ORIENTED_EDGE('',*,*,#5814,.T.);
#5814 = EDGE_CURVE('',#5795,#5709,#5815,.T.);
#5815 = SURFACE_CURVE('',#5816,(#5819,#5825),.PCURVE_S1.);
#5816 = B_SPLINE_CURVE_WITH_KNOTS('',1,(#5817,#5818),.UNSPECIFIED.,.F.,
  .F.,(2,2),(0.,8.468070771091),.PIECEWISE_BEZIER_KNOTS.);
#5817 = CARTESIAN_POINT('',(-0.44349295149,-79.98808597235,
    28.400060960122));
#5818 = CARTESIAN_POINT('',(-0.302135388289,-80.15020167567,
    28.400060960122));
#5819 = PCURVE('',#967,#5820);
#5820 = DEFINITIONAL_REPRESENTATION('',(#5821),#5824);
#5821 = B_SPLINE_CURVE_WITH_KNOTS('',1,(#5822,#5823),.UNSPECIFIED.,.F.,
  .F.,(2,2),(0.,8.468070771091),.PIECEWISE_BEZIER_KNOTS.);
#5822 = CARTESIAN_POINT('',(0.,-78.74));
#5823 = CARTESIAN_POINT('',(8.46807077109,-78.74));
#5824 = ( GEOMETRIC_REPRESENTATION_CONTEXT(2) 
PARAMETRIC_REPRESENTATION_CONTEXT() REPRESENTATION_CONTEXT('2D SPACE',''
  ) );
#5825 = PCURVE('',#2616,#5826);
#5826 = DEFINITIONAL_REPRESENTATION('',(#5827),#5830);
#5827 = B_SPLINE_CURVE_WITH_KNOTS('',1,(#5828,#5829),.UNSPECIFIED.,.F.,
  .F.,(2,2),(0.,8.468070771091),.PIECEWISE_BEZIER_KNOTS.);
#5828 = CARTESIAN_POINT('',(-1.540486145861E+03,1.5922634175E+03));
#5829 = CARTESIAN_POINT('',(-1.5468686411E+03,1.586698170237E+03));
#5830 = ( GEOMETRIC_REPRESENTATION_CONTEXT(2) 
PARAMETRIC_REPRESENTATION_CONTEXT() REPRESENTATION_CONTEXT('2D SPACE',''
  ) );
#5831 = ORIENTED_EDGE('',*,*,#5708,.F.);
#5832 = ORIENTED_EDGE('',*,*,#953,.F.);
#5833 = ADVANCED_FACE('',(#5834),#1567,.T.);
#5834 = FACE_BOUND('',#5835,.T.);
#5835 = EDGE_LOOP('',(#5836,#5856,#5874,#5875));
#5836 = ORIENTED_EDGE('',*,*,#5837,.T.);
#5837 = EDGE_CURVE('',#1529,#5838,#5840,.T.);
#5838 = VERTEX_POINT('',#5839);
#5839 = CARTESIAN_POINT('',(-1.435651963051,1.280067976139,
    30.000060960122));
#5840 = SURFACE_CURVE('',#5841,(#5844,#5850),.PCURVE_S1.);
#5841 = B_SPLINE_CURVE_WITH_KNOTS('',1,(#5842,#5843),.UNSPECIFIED.,.F.,
  .F.,(2,2),(0.,141.732),.PIECEWISE_BEZIER_KNOTS.);
#5842 = CARTESIAN_POINT('',(-1.435651963051,1.280067976139,
    26.400060960122));
#5843 = CARTESIAN_POINT('',(-1.435651963051,1.280067976139,
    30.000060960122));
#5844 = PCURVE('',#1567,#5845);
#5845 = DEFINITIONAL_REPRESENTATION('',(#5846),#5849);
#5846 = B_SPLINE_CURVE_WITH_KNOTS('',1,(#5847,#5848),.UNSPECIFIED.,.F.,
  .F.,(2,2),(0.,141.732),.PIECEWISE_BEZIER_KNOTS.);
#5847 = CARTESIAN_POINT('',(0.,0.));
#5848 = CARTESIAN_POINT('',(0.,-141.732));
#5849 = ( GEOMETRIC_REPRESENTATION_CONTEXT(2) 
PARAMETRIC_REPRESENTATION_CONTEXT() REPRESENTATION_CONTEXT('2D SPACE',''
  ) );
#5850 = PCURVE('',#1542,#5851);
#5851 = DEFINITIONAL_REPRESENTATION('',(#5852),#5855);
#5852 = B_SPLINE_CURVE_WITH_KNOTS('',1,(#5853,#5854),.UNSPECIFIED.,.F.,
  .F.,(2,2),(0.,141.732),.PIECEWISE_BEZIER_KNOTS.);
#5853 = CARTESIAN_POINT('',(12.598223131437,0.));
#5854 = CARTESIAN_POINT('',(12.598223131437,-141.732));
#5855 = ( GEOMETRIC_REPRESENTATION_CONTEXT(2) 
PARAMETRIC_REPRESENTATION_CONTEXT() REPRESENTATION_CONTEXT('2D SPACE',''
  ) );
#5856 = ORIENTED_EDGE('',*,*,#5857,.T.);
#5857 = EDGE_CURVE('',#5838,#5752,#5858,.T.);
#5858 = SURFACE_CURVE('',#5859,(#5862,#5868),.PCURVE_S1.);
#5859 = B_SPLINE_CURVE_WITH_KNOTS('',1,(#5860,#5861),.UNSPECIFIED.,.F.,
  .F.,(2,2),(0.,12.598223131436),.PIECEWISE_BEZIER_KNOTS.);
#5860 = CARTESIAN_POINT('',(-1.435651963051,1.280067976139,
    30.000060960122));
#5861 = CARTESIAN_POINT('',(-1.207011579754,1.503944504531,
    30.000060960122));
#5862 = PCURVE('',#1567,#5863);
#5863 = DEFINITIONAL_REPRESENTATION('',(#5864),#5867);
#5864 = B_SPLINE_CURVE_WITH_KNOTS('',1,(#5865,#5866),.UNSPECIFIED.,.F.,
  .F.,(2,2),(0.,12.598223131436),.PIECEWISE_BEZIER_KNOTS.);
#5865 = CARTESIAN_POINT('',(0.,-141.732));
#5866 = CARTESIAN_POINT('',(12.598223131436,-141.732));
#5867 = ( GEOMETRIC_REPRESENTATION_CONTEXT(2) 
PARAMETRIC_REPRESENTATION_CONTEXT() REPRESENTATION_CONTEXT('2D SPACE',''
  ) );
#5868 = PCURVE('',#2726,#5869);
#5869 = DEFINITIONAL_REPRESENTATION('',(#5870),#5873);
#5870 = B_SPLINE_CURVE_WITH_KNOTS('',1,(#5871,#5872),.UNSPECIFIED.,.F.,
  .F.,(2,2),(0.,12.598223131436),.PIECEWISE_BEZIER_KNOTS.);
#5871 = CARTESIAN_POINT('',(-1.516789633563E+03,1.631324717785E+03));
#5872 = CARTESIAN_POINT('',(-1.525603652485E+03,1.622323145895E+03));
#5873 = ( GEOMETRIC_REPRESENTATION_CONTEXT(2) 
PARAMETRIC_REPRESENTATION_CONTEXT() REPRESENTATION_CONTEXT('2D SPACE',''
  ) );
#5874 = ORIENTED_EDGE('',*,*,#5751,.F.);
#5875 = ORIENTED_EDGE('',*,*,#1553,.F.);
#5876 = ADVANCED_FACE('',(#5877),#992,.F.);
#5877 = FACE_BOUND('',#5878,.F.);
#5878 = EDGE_LOOP('',(#5879,#5899,#5917,#5918));
#5879 = ORIENTED_EDGE('',*,*,#5880,.T.);
#5880 = EDGE_CURVE('',#979,#5881,#5883,.T.);
#5881 = VERTEX_POINT('',#5882);
#5882 = CARTESIAN_POINT('',(-0.573457810747,-79.81670161689,
    28.400060960122));
#5883 = SURFACE_CURVE('',#5884,(#5887,#5893),.PCURVE_S1.);
#5884 = B_SPLINE_CURVE_WITH_KNOTS('',1,(#5885,#5886),.UNSPECIFIED.,.F.,
  .F.,(2,2),(0.,78.74),.PIECEWISE_BEZIER_KNOTS.);
#5885 = CARTESIAN_POINT('',(-0.573457810747,-79.81670161689,
    26.400060960122));
#5886 = CARTESIAN_POINT('',(-0.573457810747,-79.81670161689,
    28.400060960122));
#5887 = PCURVE('',#992,#5888);
#5888 = DEFINITIONAL_REPRESENTATION('',(#5889),#5892);
#5889 = B_SPLINE_CURVE_WITH_KNOTS('',1,(#5890,#5891),.UNSPECIFIED.,.F.,
  .F.,(2,2),(0.,78.74),.PIECEWISE_BEZIER_KNOTS.);
#5890 = CARTESIAN_POINT('',(0.,0.));
#5891 = CARTESIAN_POINT('',(0.,-78.74));
#5892 = ( GEOMETRIC_REPRESENTATION_CONTEXT(2) 
PARAMETRIC_REPRESENTATION_CONTEXT() REPRESENTATION_CONTEXT('2D SPACE',''
  ) );
#5893 = PCURVE('',#1017,#5894);
#5894 = DEFINITIONAL_REPRESENTATION('',(#5895),#5898);
#5895 = B_SPLINE_CURVE_WITH_KNOTS('',1,(#5896,#5897),.UNSPECIFIED.,.F.,
  .F.,(2,2),(0.,78.74),.PIECEWISE_BEZIER_KNOTS.);
#5896 = CARTESIAN_POINT('',(8.468070771091,0.));
#5897 = CARTESIAN_POINT('',(8.468070771091,-78.74));
#5898 = ( GEOMETRIC_REPRESENTATION_CONTEXT(2) 
PARAMETRIC_REPRESENTATION_CONTEXT() REPRESENTATION_CONTEXT('2D SPACE',''
  ) );
#5899 = ORIENTED_EDGE('',*,*,#5900,.T.);
#5900 = EDGE_CURVE('',#5881,#5795,#5901,.T.);
#5901 = SURFACE_CURVE('',#5902,(#5905,#5911),.PCURVE_S1.);
#5902 = B_SPLINE_CURVE_WITH_KNOTS('',1,(#5903,#5904),.UNSPECIFIED.,.F.,
  .F.,(2,2),(0.,8.468070771091),.PIECEWISE_BEZIER_KNOTS.);
#5903 = CARTESIAN_POINT('',(-0.573457810747,-79.81670161689,
    28.400060960122));
#5904 = CARTESIAN_POINT('',(-0.44349295149,-79.98808597235,
    28.400060960122));
#5905 = PCURVE('',#992,#5906);
#5906 = DEFINITIONAL_REPRESENTATION('',(#5907),#5910);
#5907 = B_SPLINE_CURVE_WITH_KNOTS('',1,(#5908,#5909),.UNSPECIFIED.,.F.,
  .F.,(2,2),(0.,8.468070771091),.PIECEWISE_BEZIER_KNOTS.);
#5908 = CARTESIAN_POINT('',(0.,-78.74));
#5909 = CARTESIAN_POINT('',(8.468070771092,-78.74));
#5910 = ( GEOMETRIC_REPRESENTATION_CONTEXT(2) 
PARAMETRIC_REPRESENTATION_CONTEXT() REPRESENTATION_CONTEXT('2D SPACE',''
  ) );
#5911 = PCURVE('',#2616,#5912);
#5912 = DEFINITIONAL_REPRESENTATION('',(#5913),#5916);
#5913 = B_SPLINE_CURVE_WITH_KNOTS('',1,(#5914,#5915),.UNSPECIFIED.,.F.,
  .F.,(2,2),(0.,8.468070771091),.PIECEWISE_BEZIER_KNOTS.);
#5914 = CARTESIAN_POINT('',(-1.533738743786E+03,1.597380134009E+03));
#5915 = CARTESIAN_POINT('',(-1.540486145861E+03,1.5922634175E+03));
#5916 = ( GEOMETRIC_REPRESENTATION_CONTEXT(2) 
PARAMETRIC_REPRESENTATION_CONTEXT() REPRESENTATION_CONTEXT('2D SPACE',''
  ) );
#5917 = ORIENTED_EDGE('',*,*,#5794,.F.);
#5918 = ORIENTED_EDGE('',*,*,#978,.F.);
#5919 = ADVANCED_FACE('',(#5920),#1542,.T.);
#5920 = FACE_BOUND('',#5921,.T.);
#5921 = EDGE_LOOP('',(#5922,#5942,#5960,#5961));
#5922 = ORIENTED_EDGE('',*,*,#5923,.T.);
#5923 = EDGE_CURVE('',#1504,#5924,#5926,.T.);
#5924 = VERTEX_POINT('',#5925);
#5925 = CARTESIAN_POINT('',(-1.648700110283,1.041305307785,
    30.000060960122));
#5926 = SURFACE_CURVE('',#5927,(#5930,#5936),.PCURVE_S1.);
#5927 = B_SPLINE_CURVE_WITH_KNOTS('',1,(#5928,#5929),.UNSPECIFIED.,.F.,
  .F.,(2,2),(0.,141.732),.PIECEWISE_BEZIER_KNOTS.);
#5928 = CARTESIAN_POINT('',(-1.648700110283,1.041305307785,
    26.400060960122));
#5929 = CARTESIAN_POINT('',(-1.648700110283,1.041305307785,
    30.000060960122));
#5930 = PCURVE('',#1542,#5931);
#5931 = DEFINITIONAL_REPRESENTATION('',(#5932),#5935);
#5932 = B_SPLINE_CURVE_WITH_KNOTS('',1,(#5933,#5934),.UNSPECIFIED.,.F.,
  .F.,(2,2),(0.,141.732),.PIECEWISE_BEZIER_KNOTS.);
#5933 = CARTESIAN_POINT('',(0.,0.));
#5934 = CARTESIAN_POINT('',(0.,-141.732));
#5935 = ( GEOMETRIC_REPRESENTATION_CONTEXT(2) 
PARAMETRIC_REPRESENTATION_CONTEXT() REPRESENTATION_CONTEXT('2D SPACE',''
  ) );
#5936 = PCURVE('',#1517,#5937);
#5937 = DEFINITIONAL_REPRESENTATION('',(#5938),#5941);
#5938 = B_SPLINE_CURVE_WITH_KNOTS('',1,(#5939,#5940),.UNSPECIFIED.,.F.,
  .F.,(2,2),(0.,141.732),.PIECEWISE_BEZIER_KNOTS.);
#5939 = CARTESIAN_POINT('',(12.598223131436,0.));
#5940 = CARTESIAN_POINT('',(12.598223131436,-141.732));
#5941 = ( GEOMETRIC_REPRESENTATION_CONTEXT(2) 
PARAMETRIC_REPRESENTATION_CONTEXT() REPRESENTATION_CONTEXT('2D SPACE',''
  ) );
#5942 = ORIENTED_EDGE('',*,*,#5943,.T.);
#5943 = EDGE_CURVE('',#5924,#5838,#5944,.T.);
#5944 = SURFACE_CURVE('',#5945,(#5948,#5954),.PCURVE_S1.);
#5945 = B_SPLINE_CURVE_WITH_KNOTS('',1,(#5946,#5947),.UNSPECIFIED.,.F.,
  .F.,(2,2),(0.,12.598223131437),.PIECEWISE_BEZIER_KNOTS.);
#5946 = CARTESIAN_POINT('',(-1.648700110283,1.041305307785,
    30.000060960122));
#5947 = CARTESIAN_POINT('',(-1.435651963051,1.280067976139,
    30.000060960122));
#5948 = PCURVE('',#1542,#5949);
#5949 = DEFINITIONAL_REPRESENTATION('',(#5950),#5953);
#5950 = B_SPLINE_CURVE_WITH_KNOTS('',1,(#5951,#5952),.UNSPECIFIED.,.F.,
  .F.,(2,2),(0.,12.598223131437),.PIECEWISE_BEZIER_KNOTS.);
#5951 = CARTESIAN_POINT('',(0.,-141.732));
#5952 = CARTESIAN_POINT('',(12.598223131437,-141.732));
#5953 = ( GEOMETRIC_REPRESENTATION_CONTEXT(2) 
PARAMETRIC_REPRESENTATION_CONTEXT() REPRESENTATION_CONTEXT('2D SPACE',''
  ) );
#5954 = PCURVE('',#2726,#5955);
#5955 = DEFINITIONAL_REPRESENTATION('',(#5956),#5959);
#5956 = B_SPLINE_CURVE_WITH_KNOTS('',1,(#5957,#5958),.UNSPECIFIED.,.F.,
  .F.,(2,2),(0.,12.598223131437),.PIECEWISE_BEZIER_KNOTS.);
#5957 = CARTESIAN_POINT('',(-1.50738954731E+03,1.639712423342E+03));
#5958 = CARTESIAN_POINT('',(-1.516789633563E+03,1.631324717785E+03));
#5959 = ( GEOMETRIC_REPRESENTATION_CONTEXT(2) 
PARAMETRIC_REPRESENTATION_CONTEXT() REPRESENTATION_CONTEXT('2D SPACE',''
  ) );
#5960 = ORIENTED_EDGE('',*,*,#5837,.F.);
#5961 = ORIENTED_EDGE('',*,*,#1528,.F.);
#5962 = ADVANCED_FACE('',(#5963),#1017,.F.);
#5963 = FACE_BOUND('',#5964,.F.);
#5964 = EDGE_LOOP('',(#5965,#5985,#6003,#6004));
#5965 = ORIENTED_EDGE('',*,*,#5966,.T.);
#5966 = EDGE_CURVE('',#1004,#5967,#5969,.T.);
#5967 = VERTEX_POINT('',#5968);
#5968 = CARTESIAN_POINT('',(-0.69142400989,-79.63684768228,
    28.400060960122));
#5969 = SURFACE_CURVE('',#5970,(#5973,#5979),.PCURVE_S1.);
#5970 = B_SPLINE_CURVE_WITH_KNOTS('',1,(#5971,#5972),.UNSPECIFIED.,.F.,
  .F.,(2,2),(0.,78.74),.PIECEWISE_BEZIER_KNOTS.);
#5971 = CARTESIAN_POINT('',(-0.69142400989,-79.63684768228,
    26.400060960122));
#5972 = CARTESIAN_POINT('',(-0.69142400989,-79.63684768228,
    28.400060960122));
#5973 = PCURVE('',#1017,#5974);
#5974 = DEFINITIONAL_REPRESENTATION('',(#5975),#5978);
#5975 = B_SPLINE_CURVE_WITH_KNOTS('',1,(#5976,#5977),.UNSPECIFIED.,.F.,
  .F.,(2,2),(0.,78.74),.PIECEWISE_BEZIER_KNOTS.);
#5976 = CARTESIAN_POINT('',(0.,0.));
#5977 = CARTESIAN_POINT('',(0.,-78.74));
#5978 = ( GEOMETRIC_REPRESENTATION_CONTEXT(2) 
PARAMETRIC_REPRESENTATION_CONTEXT() REPRESENTATION_CONTEXT('2D SPACE',''
  ) );
#5979 = PCURVE('',#1042,#5980);
#5980 = DEFINITIONAL_REPRESENTATION('',(#5981),#5984);
#5981 = B_SPLINE_CURVE_WITH_KNOTS('',1,(#5982,#5983),.UNSPECIFIED.,.F.,
  .F.,(2,2),(0.,78.74),.PIECEWISE_BEZIER_KNOTS.);
#5982 = CARTESIAN_POINT('',(8.468070771091,0.));
#5983 = CARTESIAN_POINT('',(8.468070771091,-78.74));
#5984 = ( GEOMETRIC_REPRESENTATION_CONTEXT(2) 
PARAMETRIC_REPRESENTATION_CONTEXT() REPRESENTATION_CONTEXT('2D SPACE',''
  ) );
#5985 = ORIENTED_EDGE('',*,*,#5986,.T.);
#5986 = EDGE_CURVE('',#5967,#5881,#5987,.T.);
#5987 = SURFACE_CURVE('',#5988,(#5991,#5997),.PCURVE_S1.);
#5988 = B_SPLINE_CURVE_WITH_KNOTS('',1,(#5989,#5990),.UNSPECIFIED.,.F.,
  .F.,(2,2),(0.,8.468070771091),.PIECEWISE_BEZIER_KNOTS.);
#5989 = CARTESIAN_POINT('',(-0.69142400989,-79.63684768228,
    28.400060960122));
#5990 = CARTESIAN_POINT('',(-0.573457810747,-79.81670161689,
    28.400060960122));
#5991 = PCURVE('',#1017,#5992);
#5992 = DEFINITIONAL_REPRESENTATION('',(#5993),#5996);
#5993 = B_SPLINE_CURVE_WITH_KNOTS('',1,(#5994,#5995),.UNSPECIFIED.,.F.,
  .F.,(2,2),(0.,8.468070771091),.PIECEWISE_BEZIER_KNOTS.);
#5994 = CARTESIAN_POINT('',(0.,-78.74));
#5995 = CARTESIAN_POINT('',(8.468070771091,-78.74));
#5996 = ( GEOMETRIC_REPRESENTATION_CONTEXT(2) 
PARAMETRIC_REPRESENTATION_CONTEXT() REPRESENTATION_CONTEXT('2D SPACE',''
  ) );
#5997 = PCURVE('',#2616,#5998);
#5998 = DEFINITIONAL_REPRESENTATION('',(#5999),#6002);
#5999 = B_SPLINE_CURVE_WITH_KNOTS('',1,(#6000,#6001),.UNSPECIFIED.,.F.,
  .F.,(2,2),(0.,8.468070771091),.PIECEWISE_BEZIER_KNOTS.);
#6000 = CARTESIAN_POINT('',(-1.526657894381E+03,1.602024463269E+03));
#6001 = CARTESIAN_POINT('',(-1.533738743786E+03,1.597380134009E+03));
#6002 = ( GEOMETRIC_REPRESENTATION_CONTEXT(2) 
PARAMETRIC_REPRESENTATION_CONTEXT() REPRESENTATION_CONTEXT('2D SPACE',''
  ) );
#6003 = ORIENTED_EDGE('',*,*,#5880,.F.);
#6004 = ORIENTED_EDGE('',*,*,#1003,.F.);
#6005 = ADVANCED_FACE('',(#6006),#1517,.T.);
#6006 = FACE_BOUND('',#6007,.T.);
#6007 = EDGE_LOOP('',(#6008,#6028,#6046,#6047));
#6008 = ORIENTED_EDGE('',*,*,#6009,.T.);
#6009 = EDGE_CURVE('',#1479,#6010,#6012,.T.);
#6010 = VERTEX_POINT('',#6011);
#6011 = CARTESIAN_POINT('',(-1.845189132318,0.788740090348,
    30.000060960122));
#6012 = SURFACE_CURVE('',#6013,(#6016,#6022),.PCURVE_S1.);
#6013 = B_SPLINE_CURVE_WITH_KNOTS('',1,(#6014,#6015),.UNSPECIFIED.,.F.,
  .F.,(2,2),(0.,141.732),.PIECEWISE_BEZIER_KNOTS.);
#6014 = CARTESIAN_POINT('',(-1.845189132318,0.788740090348,
    26.400060960122));
#6015 = CARTESIAN_POINT('',(-1.845189132318,0.788740090348,
    30.000060960122));
#6016 = PCURVE('',#1517,#6017);
#6017 = DEFINITIONAL_REPRESENTATION('',(#6018),#6021);
#6018 = B_SPLINE_CURVE_WITH_KNOTS('',1,(#6019,#6020),.UNSPECIFIED.,.F.,
  .F.,(2,2),(0.,141.732),.PIECEWISE_BEZIER_KNOTS.);
#6019 = CARTESIAN_POINT('',(0.,0.));
#6020 = CARTESIAN_POINT('',(0.,-141.732));
#6021 = ( GEOMETRIC_REPRESENTATION_CONTEXT(2) 
PARAMETRIC_REPRESENTATION_CONTEXT() REPRESENTATION_CONTEXT('2D SPACE',''
  ) );
#6022 = PCURVE('',#1492,#6023);
#6023 = DEFINITIONAL_REPRESENTATION('',(#6024),#6027);
#6024 = B_SPLINE_CURVE_WITH_KNOTS('',1,(#6025,#6026),.UNSPECIFIED.,.F.,
  .F.,(2,2),(0.,141.732),.PIECEWISE_BEZIER_KNOTS.);
#6025 = CARTESIAN_POINT('',(12.598223131436,0.));
#6026 = CARTESIAN_POINT('',(12.598223131436,-141.732));
#6027 = ( GEOMETRIC_REPRESENTATION_CONTEXT(2) 
PARAMETRIC_REPRESENTATION_CONTEXT() REPRESENTATION_CONTEXT('2D SPACE',''
  ) );
#6028 = ORIENTED_EDGE('',*,*,#6029,.T.);
#6029 = EDGE_CURVE('',#6010,#5924,#6030,.T.);
#6030 = SURFACE_CURVE('',#6031,(#6034,#6040),.PCURVE_S1.);
#6031 = B_SPLINE_CURVE_WITH_KNOTS('',1,(#6032,#6033),.UNSPECIFIED.,.F.,
  .F.,(2,2),(0.,12.598223131436),.PIECEWISE_BEZIER_KNOTS.);
#6032 = CARTESIAN_POINT('',(-1.845189132318,0.788740090348,
    30.000060960122));
#6033 = CARTESIAN_POINT('',(-1.648700110283,1.041305307785,
    30.000060960122));
#6034 = PCURVE('',#1517,#6035);
#6035 = DEFINITIONAL_REPRESENTATION('',(#6036),#6039);
#6036 = B_SPLINE_CURVE_WITH_KNOTS('',1,(#6037,#6038),.UNSPECIFIED.,.F.,
  .F.,(2,2),(0.,12.598223131436),.PIECEWISE_BEZIER_KNOTS.);
#6037 = CARTESIAN_POINT('',(0.,-141.732));
#6038 = CARTESIAN_POINT('',(12.598223131436,-141.732));
#6039 = ( GEOMETRIC_REPRESENTATION_CONTEXT(2) 
PARAMETRIC_REPRESENTATION_CONTEXT() REPRESENTATION_CONTEXT('2D SPACE',''
  ) );
#6040 = PCURVE('',#2726,#6041);
#6041 = DEFINITIONAL_REPRESENTATION('',(#6042),#6045);
#6042 = B_SPLINE_CURVE_WITH_KNOTS('',1,(#6043,#6044),.UNSPECIFIED.,.F.,
  .F.,(2,2),(0.,12.598223131436),.PIECEWISE_BEZIER_KNOTS.);
#6043 = CARTESIAN_POINT('',(-1.497446054699E+03,1.647448196139E+03));
#6044 = CARTESIAN_POINT('',(-1.50738954731E+03,1.639712423342E+03));
#6045 = ( GEOMETRIC_REPRESENTATION_CONTEXT(2) 
PARAMETRIC_REPRESENTATION_CONTEXT() REPRESENTATION_CONTEXT('2D SPACE',''
  ) );
#6046 = ORIENTED_EDGE('',*,*,#5923,.F.);
#6047 = ORIENTED_EDGE('',*,*,#1503,.F.);
#6048 = ADVANCED_FACE('',(#6049),#1042,.F.);
#6049 = FACE_BOUND('',#6050,.F.);
#6050 = EDGE_LOOP('',(#6051,#6071,#6089,#6090));
#6051 = ORIENTED_EDGE('',*,*,#6052,.T.);
#6052 = EDGE_CURVE('',#1029,#6053,#6055,.T.);
#6053 = VERTEX_POINT('',#6054);
#6054 = CARTESIAN_POINT('',(-0.796841536045,-79.44936273058,
    28.400060960122));
#6055 = SURFACE_CURVE('',#6056,(#6059,#6065),.PCURVE_S1.);
#6056 = B_SPLINE_CURVE_WITH_KNOTS('',1,(#6057,#6058),.UNSPECIFIED.,.F.,
  .F.,(2,2),(0.,78.74),.PIECEWISE_BEZIER_KNOTS.);
#6057 = CARTESIAN_POINT('',(-0.796841536045,-79.44936273058,
    26.400060960122));
#6058 = CARTESIAN_POINT('',(-0.796841536045,-79.44936273058,
    28.400060960122));
#6059 = PCURVE('',#1042,#6060);
#6060 = DEFINITIONAL_REPRESENTATION('',(#6061),#6064);
#6061 = B_SPLINE_CURVE_WITH_KNOTS('',1,(#6062,#6063),.UNSPECIFIED.,.F.,
  .F.,(2,2),(0.,78.74),.PIECEWISE_BEZIER_KNOTS.);
#6062 = CARTESIAN_POINT('',(0.,0.));
#6063 = CARTESIAN_POINT('',(0.,-78.74));
#6064 = ( GEOMETRIC_REPRESENTATION_CONTEXT(2) 
PARAMETRIC_REPRESENTATION_CONTEXT() REPRESENTATION_CONTEXT('2D SPACE',''
  ) );
#6065 = PCURVE('',#1067,#6066);
#6066 = DEFINITIONAL_REPRESENTATION('',(#6067),#6070);
#6067 = B_SPLINE_CURVE_WITH_KNOTS('',1,(#6068,#6069),.UNSPECIFIED.,.F.,
  .F.,(2,2),(0.,78.74),.PIECEWISE_BEZIER_KNOTS.);
#6068 = CARTESIAN_POINT('',(8.468070771091,0.));
#6069 = CARTESIAN_POINT('',(8.468070771091,-78.74));
#6070 = ( GEOMETRIC_REPRESENTATION_CONTEXT(2) 
PARAMETRIC_REPRESENTATION_CONTEXT() REPRESENTATION_CONTEXT('2D SPACE',''
  ) );
#6071 = ORIENTED_EDGE('',*,*,#6072,.T.);
#6072 = EDGE_CURVE('',#6053,#5967,#6073,.T.);
#6073 = SURFACE_CURVE('',#6074,(#6077,#6083),.PCURVE_S1.);
#6074 = B_SPLINE_CURVE_WITH_KNOTS('',1,(#6075,#6076),.UNSPECIFIED.,.F.,
  .F.,(2,2),(0.,8.468070771091),.PIECEWISE_BEZIER_KNOTS.);
#6075 = CARTESIAN_POINT('',(-0.796841536045,-79.44936273058,
    28.400060960122));
#6076 = CARTESIAN_POINT('',(-0.69142400989,-79.63684768228,
    28.400060960122));
#6077 = PCURVE('',#1042,#6078);
#6078 = DEFINITIONAL_REPRESENTATION('',(#6079),#6082);
#6079 = B_SPLINE_CURVE_WITH_KNOTS('',1,(#6080,#6081),.UNSPECIFIED.,.F.,
  .F.,(2,2),(0.,8.468070771091),.PIECEWISE_BEZIER_KNOTS.);
#6080 = CARTESIAN_POINT('',(0.,-78.74));
#6081 = CARTESIAN_POINT('',(8.468070771091,-78.74));
#6082 = ( GEOMETRIC_REPRESENTATION_CONTEXT(2) 
PARAMETRIC_REPRESENTATION_CONTEXT() REPRESENTATION_CONTEXT('2D SPACE',''
  ) );
#6083 = PCURVE('',#2616,#6084);
#6084 = DEFINITIONAL_REPRESENTATION('',(#6085),#6088);
#6085 = B_SPLINE_CURVE_WITH_KNOTS('',1,(#6086,#6087),.UNSPECIFIED.,.F.,
  .F.,(2,2),(0.,8.468070771091),.PIECEWISE_BEZIER_KNOTS.);
#6086 = CARTESIAN_POINT('',(-1.519276611832E+03,1.606174751274E+03));
#6087 = CARTESIAN_POINT('',(-1.526657894381E+03,1.602024463269E+03));
#6088 = ( GEOMETRIC_REPRESENTATION_CONTEXT(2) 
PARAMETRIC_REPRESENTATION_CONTEXT() REPRESENTATION_CONTEXT('2D SPACE',''
  ) );
#6089 = ORIENTED_EDGE('',*,*,#5966,.F.);
#6090 = ORIENTED_EDGE('',*,*,#1028,.F.);
#6091 = ADVANCED_FACE('',(#6092),#1492,.T.);
#6092 = FACE_BOUND('',#6093,.T.);
#6093 = EDGE_LOOP('',(#6094,#6114,#6132,#6133));
#6094 = ORIENTED_EDGE('',*,*,#6095,.T.);
#6095 = EDGE_CURVE('',#1454,#6096,#6098,.T.);
#6096 = VERTEX_POINT('',#6097);
#6097 = CARTESIAN_POINT('',(-2.024227291288,0.523518555642,
    30.000060960122));
#6098 = SURFACE_CURVE('',#6099,(#6102,#6108),.PCURVE_S1.);
#6099 = B_SPLINE_CURVE_WITH_KNOTS('',1,(#6100,#6101),.UNSPECIFIED.,.F.,
  .F.,(2,2),(0.,141.732),.PIECEWISE_BEZIER_KNOTS.);
#6100 = CARTESIAN_POINT('',(-2.024227291288,0.523518555642,
    26.400060960122));
#6101 = CARTESIAN_POINT('',(-2.024227291288,0.523518555642,
    30.000060960122));
#6102 = PCURVE('',#1492,#6103);
#6103 = DEFINITIONAL_REPRESENTATION('',(#6104),#6107);
#6104 = B_SPLINE_CURVE_WITH_KNOTS('',1,(#6105,#6106),.UNSPECIFIED.,.F.,
  .F.,(2,2),(0.,141.732),.PIECEWISE_BEZIER_KNOTS.);
#6105 = CARTESIAN_POINT('',(0.,0.));
#6106 = CARTESIAN_POINT('',(0.,-141.732));
#6107 = ( GEOMETRIC_REPRESENTATION_CONTEXT(2) 
PARAMETRIC_REPRESENTATION_CONTEXT() REPRESENTATION_CONTEXT('2D SPACE',''
  ) );
#6108 = PCURVE('',#1467,#6109);
#6109 = DEFINITIONAL_REPRESENTATION('',(#6110),#6113);
#6110 = B_SPLINE_CURVE_WITH_KNOTS('',1,(#6111,#6112),.UNSPECIFIED.,.F.,
  .F.,(2,2),(0.,141.732),.PIECEWISE_BEZIER_KNOTS.);
#6111 = CARTESIAN_POINT('',(12.598223131436,0.));
#6112 = CARTESIAN_POINT('',(12.598223131436,-141.732));
#6113 = ( GEOMETRIC_REPRESENTATION_CONTEXT(2) 
PARAMETRIC_REPRESENTATION_CONTEXT() REPRESENTATION_CONTEXT('2D SPACE',''
  ) );
#6114 = ORIENTED_EDGE('',*,*,#6115,.T.);
#6115 = EDGE_CURVE('',#6096,#6010,#6116,.T.);
#6116 = SURFACE_CURVE('',#6117,(#6120,#6126),.PCURVE_S1.);
#6117 = B_SPLINE_CURVE_WITH_KNOTS('',1,(#6118,#6119),.UNSPECIFIED.,.F.,
  .F.,(2,2),(0.,12.598223131436),.PIECEWISE_BEZIER_KNOTS.);
#6118 = CARTESIAN_POINT('',(-2.024227291288,0.523518555642,
    30.000060960122));
#6119 = CARTESIAN_POINT('',(-1.845189132318,0.788740090348,
    30.000060960122));
#6120 = PCURVE('',#1492,#6121);
#6121 = DEFINITIONAL_REPRESENTATION('',(#6122),#6125);
#6122 = B_SPLINE_CURVE_WITH_KNOTS('',1,(#6123,#6124),.UNSPECIFIED.,.F.,
  .F.,(2,2),(0.,12.598223131436),.PIECEWISE_BEZIER_KNOTS.);
#6123 = CARTESIAN_POINT('',(0.,-141.732));
#6124 = CARTESIAN_POINT('',(12.598223131436,-141.732));
#6125 = ( GEOMETRIC_REPRESENTATION_CONTEXT(2) 
PARAMETRIC_REPRESENTATION_CONTEXT() REPRESENTATION_CONTEXT('2D SPACE',''
  ) );
#6126 = PCURVE('',#2726,#6127);
#6127 = DEFINITIONAL_REPRESENTATION('',(#6128),#6131);
#6128 = B_SPLINE_CURVE_WITH_KNOTS('',1,(#6129,#6130),.UNSPECIFIED.,.F.,
  .F.,(2,2),(0.,12.598223131436),.PIECEWISE_BEZIER_KNOTS.);
#6129 = CARTESIAN_POINT('',(-1.487004282878E+03,1.654496928458E+03));
#6130 = CARTESIAN_POINT('',(-1.497446054699E+03,1.647448196139E+03));
#6131 = ( GEOMETRIC_REPRESENTATION_CONTEXT(2) 
PARAMETRIC_REPRESENTATION_CONTEXT() REPRESENTATION_CONTEXT('2D SPACE',''
  ) );
#6132 = ORIENTED_EDGE('',*,*,#6009,.F.);
#6133 = ORIENTED_EDGE('',*,*,#1478,.F.);
#6134 = ADVANCED_FACE('',(#6135),#1067,.F.);
#6135 = FACE_BOUND('',#6136,.F.);
#6136 = EDGE_LOOP('',(#6137,#6157,#6175,#6176));
#6137 = ORIENTED_EDGE('',*,*,#6138,.T.);
#6138 = EDGE_CURVE('',#1054,#6139,#6141,.T.);
#6139 = VERTEX_POINT('',#6140);
#6140 = CARTESIAN_POINT('',(-0.889218884041,-79.25512090317,
    28.400060960122));
#6141 = SURFACE_CURVE('',#6142,(#6145,#6151),.PCURVE_S1.);
#6142 = B_SPLINE_CURVE_WITH_KNOTS('',1,(#6143,#6144),.UNSPECIFIED.,.F.,
  .F.,(2,2),(0.,78.74),.PIECEWISE_BEZIER_KNOTS.);
#6143 = CARTESIAN_POINT('',(-0.889218884041,-79.25512090317,
    26.400060960122));
#6144 = CARTESIAN_POINT('',(-0.889218884041,-79.25512090317,
    28.400060960122));
#6145 = PCURVE('',#1067,#6146);
#6146 = DEFINITIONAL_REPRESENTATION('',(#6147),#6150);
#6147 = B_SPLINE_CURVE_WITH_KNOTS('',1,(#6148,#6149),.UNSPECIFIED.,.F.,
  .F.,(2,2),(0.,78.74),.PIECEWISE_BEZIER_KNOTS.);
#6148 = CARTESIAN_POINT('',(0.,0.));
#6149 = CARTESIAN_POINT('',(0.,-78.74));
#6150 = ( GEOMETRIC_REPRESENTATION_CONTEXT(2) 
PARAMETRIC_REPRESENTATION_CONTEXT() REPRESENTATION_CONTEXT('2D SPACE',''
  ) );
#6151 = PCURVE('',#1092,#6152);
#6152 = DEFINITIONAL_REPRESENTATION('',(#6153),#6156);
#6153 = B_SPLINE_CURVE_WITH_KNOTS('',1,(#6154,#6155),.UNSPECIFIED.,.F.,
  .F.,(2,2),(0.,78.74),.PIECEWISE_BEZIER_KNOTS.);
#6154 = CARTESIAN_POINT('',(8.468070771091,0.));
#6155 = CARTESIAN_POINT('',(8.468070771091,-78.74));
#6156 = ( GEOMETRIC_REPRESENTATION_CONTEXT(2) 
PARAMETRIC_REPRESENTATION_CONTEXT() REPRESENTATION_CONTEXT('2D SPACE',''
  ) );
#6157 = ORIENTED_EDGE('',*,*,#6158,.T.);
#6158 = EDGE_CURVE('',#6139,#6053,#6159,.T.);
#6159 = SURFACE_CURVE('',#6160,(#6163,#6169),.PCURVE_S1.);
#6160 = B_SPLINE_CURVE_WITH_KNOTS('',1,(#6161,#6162),.UNSPECIFIED.,.F.,
  .F.,(2,2),(0.,8.468070771091),.PIECEWISE_BEZIER_KNOTS.);
#6161 = CARTESIAN_POINT('',(-0.889218884041,-79.25512090317,
    28.400060960122));
#6162 = CARTESIAN_POINT('',(-0.796841536045,-79.44936273058,
    28.400060960122));
#6163 = PCURVE('',#1067,#6164);
#6164 = DEFINITIONAL_REPRESENTATION('',(#6165),#6168);
#6165 = B_SPLINE_CURVE_WITH_KNOTS('',1,(#6166,#6167),.UNSPECIFIED.,.F.,
  .F.,(2,2),(0.,8.468070771091),.PIECEWISE_BEZIER_KNOTS.);
#6166 = CARTESIAN_POINT('',(0.,-78.74));
#6167 = CARTESIAN_POINT('',(8.468070771091,-78.74));
#6168 = ( GEOMETRIC_REPRESENTATION_CONTEXT(2) 
PARAMETRIC_REPRESENTATION_CONTEXT() REPRESENTATION_CONTEXT('2D SPACE',''
  ) );
#6169 = PCURVE('',#2616,#6170);
#6170 = DEFINITIONAL_REPRESENTATION('',(#6171),#6174);
#6171 = B_SPLINE_CURVE_WITH_KNOTS('',1,(#6172,#6173),.UNSPECIFIED.,.F.,
  .F.,(2,2),(0.,8.468070771091),.PIECEWISE_BEZIER_KNOTS.);
#6172 = CARTESIAN_POINT('',(-1.511629311087E+03,1.609811647465E+03));
#6173 = CARTESIAN_POINT('',(-1.519276611832E+03,1.606174751274E+03));
#6174 = ( GEOMETRIC_REPRESENTATION_CONTEXT(2) 
PARAMETRIC_REPRESENTATION_CONTEXT() REPRESENTATION_CONTEXT('2D SPACE',''
  ) );
#6175 = ORIENTED_EDGE('',*,*,#6052,.F.);
#6176 = ORIENTED_EDGE('',*,*,#1053,.F.);
#6177 = ADVANCED_FACE('',(#6178),#1467,.T.);
#6178 = FACE_BOUND('',#6179,.T.);
#6179 = EDGE_LOOP('',(#6180,#6200,#6218,#6219));
#6180 = ORIENTED_EDGE('',*,*,#6181,.T.);
#6181 = EDGE_CURVE('',#1429,#6182,#6184,.T.);
#6182 = VERTEX_POINT('',#6183);
#6183 = CARTESIAN_POINT('',(-2.185002047623,0.246844374402,
    30.000060960122));
#6184 = SURFACE_CURVE('',#6185,(#6188,#6194),.PCURVE_S1.);
#6185 = B_SPLINE_CURVE_WITH_KNOTS('',1,(#6186,#6187),.UNSPECIFIED.,.F.,
  .F.,(2,2),(0.,141.732),.PIECEWISE_BEZIER_KNOTS.);
#6186 = CARTESIAN_POINT('',(-2.185002047623,0.246844374402,
    26.400060960122));
#6187 = CARTESIAN_POINT('',(-2.185002047623,0.246844374402,
    30.000060960122));
#6188 = PCURVE('',#1467,#6189);
#6189 = DEFINITIONAL_REPRESENTATION('',(#6190),#6193);
#6190 = B_SPLINE_CURVE_WITH_KNOTS('',1,(#6191,#6192),.UNSPECIFIED.,.F.,
  .F.,(2,2),(0.,141.732),.PIECEWISE_BEZIER_KNOTS.);
#6191 = CARTESIAN_POINT('',(0.,0.));
#6192 = CARTESIAN_POINT('',(0.,-141.732));
#6193 = ( GEOMETRIC_REPRESENTATION_CONTEXT(2) 
PARAMETRIC_REPRESENTATION_CONTEXT() REPRESENTATION_CONTEXT('2D SPACE',''
  ) );
#6194 = PCURVE('',#1442,#6195);
#6195 = DEFINITIONAL_REPRESENTATION('',(#6196),#6199);
#6196 = B_SPLINE_CURVE_WITH_KNOTS('',1,(#6197,#6198),.UNSPECIFIED.,.F.,
  .F.,(2,2),(0.,141.732),.PIECEWISE_BEZIER_KNOTS.);
#6197 = CARTESIAN_POINT('',(12.598223131436,0.));
#6198 = CARTESIAN_POINT('',(12.598223131436,-141.732));
#6199 = ( GEOMETRIC_REPRESENTATION_CONTEXT(2) 
PARAMETRIC_REPRESENTATION_CONTEXT() REPRESENTATION_CONTEXT('2D SPACE',''
  ) );
#6200 = ORIENTED_EDGE('',*,*,#6201,.T.);
#6201 = EDGE_CURVE('',#6182,#6096,#6202,.T.);
#6202 = SURFACE_CURVE('',#6203,(#6206,#6212),.PCURVE_S1.);
#6203 = B_SPLINE_CURVE_WITH_KNOTS('',1,(#6204,#6205),.UNSPECIFIED.,.F.,
  .F.,(2,2),(0.,12.598223131436),.PIECEWISE_BEZIER_KNOTS.);
#6204 = CARTESIAN_POINT('',(-2.185002047623,0.246844374402,
    30.000060960122));
#6205 = CARTESIAN_POINT('',(-2.024227291288,0.523518555642,
    30.000060960122));
#6206 = PCURVE('',#1467,#6207);
#6207 = DEFINITIONAL_REPRESENTATION('',(#6208),#6211);
#6208 = B_SPLINE_CURVE_WITH_KNOTS('',1,(#6209,#6210),.UNSPECIFIED.,.F.,
  .F.,(2,2),(0.,12.598223131436),.PIECEWISE_BEZIER_KNOTS.);
#6209 = CARTESIAN_POINT('',(0.,-141.732));
#6210 = CARTESIAN_POINT('',(12.598223131436,-141.732));
#6211 = ( GEOMETRIC_REPRESENTATION_CONTEXT(2) 
PARAMETRIC_REPRESENTATION_CONTEXT() REPRESENTATION_CONTEXT('2D SPACE',''
  ) );
#6212 = PCURVE('',#2726,#6213);
#6213 = DEFINITIONAL_REPRESENTATION('',(#6214),#6217);
#6214 = B_SPLINE_CURVE_WITH_KNOTS('',1,(#6215,#6216),.UNSPECIFIED.,.F.,
  .F.,(2,2),(0.,12.598223131436),.PIECEWISE_BEZIER_KNOTS.);
#6215 = CARTESIAN_POINT('',(-1.476111620362E+03,1.660826630615E+03));
#6216 = CARTESIAN_POINT('',(-1.487004282878E+03,1.654496928458E+03));
#6217 = ( GEOMETRIC_REPRESENTATION_CONTEXT(2) 
PARAMETRIC_REPRESENTATION_CONTEXT() REPRESENTATION_CONTEXT('2D SPACE',''
  ) );
#6218 = ORIENTED_EDGE('',*,*,#6095,.F.);
#6219 = ORIENTED_EDGE('',*,*,#1453,.F.);
#6220 = ADVANCED_FACE('',(#6221),#1092,.F.);
#6221 = FACE_BOUND('',#6222,.F.);
#6222 = EDGE_LOOP('',(#6223,#6243,#6261,#6262));
#6223 = ORIENTED_EDGE('',*,*,#6224,.T.);
#6224 = EDGE_CURVE('',#1079,#6225,#6227,.T.);
#6225 = VERTEX_POINT('',#6226);
#6226 = CARTESIAN_POINT('',(-0.968125348038,-79.05502784513,
    28.400060960122));
#6227 = SURFACE_CURVE('',#6228,(#6231,#6237),.PCURVE_S1.);
#6228 = B_SPLINE_CURVE_WITH_KNOTS('',1,(#6229,#6230),.UNSPECIFIED.,.F.,
  .F.,(2,2),(0.,78.74),.PIECEWISE_BEZIER_KNOTS.);
#6229 = CARTESIAN_POINT('',(-0.968125348038,-79.05502784513,
    26.400060960122));
#6230 = CARTESIAN_POINT('',(-0.968125348038,-79.05502784513,
    28.400060960122));
#6231 = PCURVE('',#1092,#6232);
#6232 = DEFINITIONAL_REPRESENTATION('',(#6233),#6236);
#6233 = B_SPLINE_CURVE_WITH_KNOTS('',1,(#6234,#6235),.UNSPECIFIED.,.F.,
  .F.,(2,2),(0.,78.74),.PIECEWISE_BEZIER_KNOTS.);
#6234 = CARTESIAN_POINT('',(0.,0.));
#6235 = CARTESIAN_POINT('',(0.,-78.74));
#6236 = ( GEOMETRIC_REPRESENTATION_CONTEXT(2) 
PARAMETRIC_REPRESENTATION_CONTEXT() REPRESENTATION_CONTEXT('2D SPACE',''
  ) );
#6237 = PCURVE('',#1117,#6238);
#6238 = DEFINITIONAL_REPRESENTATION('',(#6239),#6242);
#6239 = B_SPLINE_CURVE_WITH_KNOTS('',1,(#6240,#6241),.UNSPECIFIED.,.F.,
  .F.,(2,2),(0.,78.74),.PIECEWISE_BEZIER_KNOTS.);
#6240 = CARTESIAN_POINT('',(8.468070771091,0.));
#6241 = CARTESIAN_POINT('',(8.468070771091,-78.74));
#6242 = ( GEOMETRIC_REPRESENTATION_CONTEXT(2) 
PARAMETRIC_REPRESENTATION_CONTEXT() REPRESENTATION_CONTEXT('2D SPACE',''
  ) );
#6243 = ORIENTED_EDGE('',*,*,#6244,.T.);
#6244 = EDGE_CURVE('',#6225,#6139,#6245,.T.);
#6245 = SURFACE_CURVE('',#6246,(#6249,#6255),.PCURVE_S1.);
#6246 = B_SPLINE_CURVE_WITH_KNOTS('',1,(#6247,#6248),.UNSPECIFIED.,.F.,
  .F.,(2,2),(0.,8.468070771091),.PIECEWISE_BEZIER_KNOTS.);
#6247 = CARTESIAN_POINT('',(-0.968125348038,-79.05502784513,
    28.400060960122));
#6248 = CARTESIAN_POINT('',(-0.889218884041,-79.25512090317,
    28.400060960122));
#6249 = PCURVE('',#1092,#6250);
#6250 = DEFINITIONAL_REPRESENTATION('',(#6251),#6254);
#6251 = B_SPLINE_CURVE_WITH_KNOTS('',1,(#6252,#6253),.UNSPECIFIED.,.F.,
  .F.,(2,2),(0.,8.468070771091),.PIECEWISE_BEZIER_KNOTS.);
#6252 = CARTESIAN_POINT('',(0.,-78.74));
#6253 = CARTESIAN_POINT('',(8.468070771091,-78.74));
#6254 = ( GEOMETRIC_REPRESENTATION_CONTEXT(2) 
PARAMETRIC_REPRESENTATION_CONTEXT() REPRESENTATION_CONTEXT('2D SPACE',''
  ) );
#6255 = PCURVE('',#2616,#6256);
#6256 = DEFINITIONAL_REPRESENTATION('',(#6257),#6260);
#6257 = B_SPLINE_CURVE_WITH_KNOTS('',1,(#6258,#6259),.UNSPECIFIED.,.F.,
  .F.,(2,2),(0.,8.468070771091),.PIECEWISE_BEZIER_KNOTS.);
#6258 = CARTESIAN_POINT('',(-1.503751647392E+03,1.612918194952E+03));
#6259 = CARTESIAN_POINT('',(-1.511629311087E+03,1.609811647465E+03));
#6260 = ( GEOMETRIC_REPRESENTATION_CONTEXT(2) 
PARAMETRIC_REPRESENTATION_CONTEXT() REPRESENTATION_CONTEXT('2D SPACE',''
  ) );
#6261 = ORIENTED_EDGE('',*,*,#6138,.F.);
#6262 = ORIENTED_EDGE('',*,*,#1078,.F.);
#6263 = ADVANCED_FACE('',(#6264),#1442,.T.);
#6264 = FACE_BOUND('',#6265,.T.);
#6265 = EDGE_LOOP('',(#6266,#6286,#6304,#6305));
#6266 = ORIENTED_EDGE('',*,*,#6267,.T.);
#6267 = EDGE_CURVE('',#1404,#6268,#6270,.T.);
#6268 = VERTEX_POINT('',#6269);
#6269 = CARTESIAN_POINT('',(-2.32678374764,-4.002680640733E-02,
    30.000060960122));
#6270 = SURFACE_CURVE('',#6271,(#6274,#6280),.PCURVE_S1.);
#6271 = B_SPLINE_CURVE_WITH_KNOTS('',1,(#6272,#6273),.UNSPECIFIED.,.F.,
  .F.,(2,2),(0.,141.732),.PIECEWISE_BEZIER_KNOTS.);
#6272 = CARTESIAN_POINT('',(-2.32678374764,-4.002680640733E-02,
    26.400060960122));
#6273 = CARTESIAN_POINT('',(-2.32678374764,-4.002680640733E-02,
    30.000060960122));
#6274 = PCURVE('',#1442,#6275);
#6275 = DEFINITIONAL_REPRESENTATION('',(#6276),#6279);
#6276 = B_SPLINE_CURVE_WITH_KNOTS('',1,(#6277,#6278),.UNSPECIFIED.,.F.,
  .F.,(2,2),(0.,141.732),.PIECEWISE_BEZIER_KNOTS.);
#6277 = CARTESIAN_POINT('',(0.,0.));
#6278 = CARTESIAN_POINT('',(0.,-141.732));
#6279 = ( GEOMETRIC_REPRESENTATION_CONTEXT(2) 
PARAMETRIC_REPRESENTATION_CONTEXT() REPRESENTATION_CONTEXT('2D SPACE',''
  ) );
#6280 = PCURVE('',#1417,#6281);
#6281 = DEFINITIONAL_REPRESENTATION('',(#6282),#6285);
#6282 = B_SPLINE_CURVE_WITH_KNOTS('',1,(#6283,#6284),.UNSPECIFIED.,.F.,
  .F.,(2,2),(0.,141.732),.PIECEWISE_BEZIER_KNOTS.);
#6283 = CARTESIAN_POINT('',(12.598223131436,0.));
#6284 = CARTESIAN_POINT('',(12.598223131436,-141.732));
#6285 = ( GEOMETRIC_REPRESENTATION_CONTEXT(2) 
PARAMETRIC_REPRESENTATION_CONTEXT() REPRESENTATION_CONTEXT('2D SPACE',''
  ) );
#6286 = ORIENTED_EDGE('',*,*,#6287,.T.);
#6287 = EDGE_CURVE('',#6268,#6182,#6288,.T.);
#6288 = SURFACE_CURVE('',#6289,(#6292,#6298),.PCURVE_S1.);
#6289 = B_SPLINE_CURVE_WITH_KNOTS('',1,(#6290,#6291),.UNSPECIFIED.,.F.,
  .F.,(2,2),(0.,12.598223131436),.PIECEWISE_BEZIER_KNOTS.);
#6290 = CARTESIAN_POINT('',(-2.32678374764,-4.002680640733E-02,
    30.000060960122));
#6291 = CARTESIAN_POINT('',(-2.185002047623,0.246844374402,
    30.000060960122));
#6292 = PCURVE('',#1442,#6293);
#6293 = DEFINITIONAL_REPRESENTATION('',(#6294),#6297);
#6294 = B_SPLINE_CURVE_WITH_KNOTS('',1,(#6295,#6296),.UNSPECIFIED.,.F.,
  .F.,(2,2),(0.,12.598223131436),.PIECEWISE_BEZIER_KNOTS.);
#6295 = CARTESIAN_POINT('',(0.,-141.732));
#6296 = CARTESIAN_POINT('',(12.598223131436,-141.732));
#6297 = ( GEOMETRIC_REPRESENTATION_CONTEXT(2) 
PARAMETRIC_REPRESENTATION_CONTEXT() REPRESENTATION_CONTEXT('2D SPACE',''
  ) );
#6298 = PCURVE('',#2726,#6299);
#6299 = DEFINITIONAL_REPRESENTATION('',(#6300),#6303);
#6300 = B_SPLINE_CURVE_WITH_KNOTS('',1,(#6301,#6302),.UNSPECIFIED.,.F.,
  .F.,(2,2),(0.,12.598223131436),.PIECEWISE_BEZIER_KNOTS.);
#6301 = CARTESIAN_POINT('',(-1.464817501974E+03,1.666408576145E+03));
#6302 = CARTESIAN_POINT('',(-1.476111620362E+03,1.660826630615E+03));
#6303 = ( GEOMETRIC_REPRESENTATION_CONTEXT(2) 
PARAMETRIC_REPRESENTATION_CONTEXT() REPRESENTATION_CONTEXT('2D SPACE',''
  ) );
#6304 = ORIENTED_EDGE('',*,*,#6181,.F.);
#6305 = ORIENTED_EDGE('',*,*,#1428,.F.);
#6306 = ADVANCED_FACE('',(#6307),#1117,.F.);
#6307 = FACE_BOUND('',#6308,.F.);
#6308 = EDGE_LOOP('',(#6309,#6329,#6347,#6348));
#6309 = ORIENTED_EDGE('',*,*,#6310,.T.);
#6310 = EDGE_CURVE('',#1104,#6311,#6313,.T.);
#6311 = VERTEX_POINT('',#6312);
#6312 = CARTESIAN_POINT('',(-1.033193029677,-78.85001648266,
    28.400060960122));
#6313 = SURFACE_CURVE('',#6314,(#6317,#6323),.PCURVE_S1.);
#6314 = B_SPLINE_CURVE_WITH_KNOTS('',1,(#6315,#6316),.UNSPECIFIED.,.F.,
  .F.,(2,2),(0.,78.74),.PIECEWISE_BEZIER_KNOTS.);
#6315 = CARTESIAN_POINT('',(-1.033193029677,-78.85001648266,
    26.400060960122));
#6316 = CARTESIAN_POINT('',(-1.033193029677,-78.85001648266,
    28.400060960122));
#6317 = PCURVE('',#1117,#6318);
#6318 = DEFINITIONAL_REPRESENTATION('',(#6319),#6322);
#6319 = B_SPLINE_CURVE_WITH_KNOTS('',1,(#6320,#6321),.UNSPECIFIED.,.F.,
  .F.,(2,2),(0.,78.74),.PIECEWISE_BEZIER_KNOTS.);
#6320 = CARTESIAN_POINT('',(0.,0.));
#6321 = CARTESIAN_POINT('',(0.,-78.74));
#6322 = ( GEOMETRIC_REPRESENTATION_CONTEXT(2) 
PARAMETRIC_REPRESENTATION_CONTEXT() REPRESENTATION_CONTEXT('2D SPACE',''
  ) );
#6323 = PCURVE('',#1142,#6324);
#6324 = DEFINITIONAL_REPRESENTATION('',(#6325),#6328);
#6325 = B_SPLINE_CURVE_WITH_KNOTS('',1,(#6326,#6327),.UNSPECIFIED.,.F.,
  .F.,(2,2),(0.,78.74),.PIECEWISE_BEZIER_KNOTS.);
#6326 = CARTESIAN_POINT('',(8.468070771091,0.));
#6327 = CARTESIAN_POINT('',(8.468070771091,-78.74));
#6328 = ( GEOMETRIC_REPRESENTATION_CONTEXT(2) 
PARAMETRIC_REPRESENTATION_CONTEXT() REPRESENTATION_CONTEXT('2D SPACE',''
  ) );
#6329 = ORIENTED_EDGE('',*,*,#6330,.T.);
#6330 = EDGE_CURVE('',#6311,#6225,#6331,.T.);
#6331 = SURFACE_CURVE('',#6332,(#6335,#6341),.PCURVE_S1.);
#6332 = B_SPLINE_CURVE_WITH_KNOTS('',1,(#6333,#6334),.UNSPECIFIED.,.F.,
  .F.,(2,2),(0.,8.468070771091),.PIECEWISE_BEZIER_KNOTS.);
#6333 = CARTESIAN_POINT('',(-1.033193029677,-78.85001648266,
    28.400060960122));
#6334 = CARTESIAN_POINT('',(-0.968125348038,-79.05502784513,
    28.400060960122));
#6335 = PCURVE('',#1117,#6336);
#6336 = DEFINITIONAL_REPRESENTATION('',(#6337),#6340);
#6337 = B_SPLINE_CURVE_WITH_KNOTS('',1,(#6338,#6339),.UNSPECIFIED.,.F.,
  .F.,(2,2),(0.,8.468070771091),.PIECEWISE_BEZIER_KNOTS.);
#6338 = CARTESIAN_POINT('',(0.,-78.74));
#6339 = CARTESIAN_POINT('',(8.468070771091,-78.74));
#6340 = ( GEOMETRIC_REPRESENTATION_CONTEXT(2) 
PARAMETRIC_REPRESENTATION_CONTEXT() REPRESENTATION_CONTEXT('2D SPACE',''
  ) );
#6341 = PCURVE('',#2616,#6342);
#6342 = DEFINITIONAL_REPRESENTATION('',(#6343),#6346);
#6343 = B_SPLINE_CURVE_WITH_KNOTS('',1,(#6344,#6345),.UNSPECIFIED.,.F.,
  .F.,(2,2),(0.,8.468070771091),.PIECEWISE_BEZIER_KNOTS.);
#6344 = CARTESIAN_POINT('',(-1.495680350052E+03,1.615479909578E+03));
#6345 = CARTESIAN_POINT('',(-1.503751647392E+03,1.612918194952E+03));
#6346 = ( GEOMETRIC_REPRESENTATION_CONTEXT(2) 
PARAMETRIC_REPRESENTATION_CONTEXT() REPRESENTATION_CONTEXT('2D SPACE',''
  ) );
#6347 = ORIENTED_EDGE('',*,*,#6224,.F.);
#6348 = ORIENTED_EDGE('',*,*,#1103,.F.);
#6349 = ADVANCED_FACE('',(#6350),#1417,.T.);
#6350 = FACE_BOUND('',#6351,.T.);
#6351 = EDGE_LOOP('',(#6352,#6372,#6390,#6391));
#6352 = ORIENTED_EDGE('',*,*,#6353,.T.);
#6353 = EDGE_CURVE('',#1379,#6354,#6356,.T.);
#6354 = VERTEX_POINT('',#6355);
#6355 = CARTESIAN_POINT('',(-2.448928934982,-0.335793062171,
    30.000060960122));
#6356 = SURFACE_CURVE('',#6357,(#6360,#6366),.PCURVE_S1.);
#6357 = B_SPLINE_CURVE_WITH_KNOTS('',1,(#6358,#6359),.UNSPECIFIED.,.F.,
  .F.,(2,2),(0.,141.732),.PIECEWISE_BEZIER_KNOTS.);
#6358 = CARTESIAN_POINT('',(-2.448928934982,-0.335793062171,
    26.400060960122));
#6359 = CARTESIAN_POINT('',(-2.448928934982,-0.335793062171,
    30.000060960122));
#6360 = PCURVE('',#1417,#6361);
#6361 = DEFINITIONAL_REPRESENTATION('',(#6362),#6365);
#6362 = B_SPLINE_CURVE_WITH_KNOTS('',1,(#6363,#6364),.UNSPECIFIED.,.F.,
  .F.,(2,2),(0.,141.732),.PIECEWISE_BEZIER_KNOTS.);
#6363 = CARTESIAN_POINT('',(0.,0.));
#6364 = CARTESIAN_POINT('',(0.,-141.732));
#6365 = ( GEOMETRIC_REPRESENTATION_CONTEXT(2) 
PARAMETRIC_REPRESENTATION_CONTEXT() REPRESENTATION_CONTEXT('2D SPACE',''
  ) );
#6366 = PCURVE('',#1392,#6367);
#6367 = DEFINITIONAL_REPRESENTATION('',(#6368),#6371);
#6368 = B_SPLINE_CURVE_WITH_KNOTS('',1,(#6369,#6370),.UNSPECIFIED.,.F.,
  .F.,(2,2),(0.,141.732),.PIECEWISE_BEZIER_KNOTS.);
#6369 = CARTESIAN_POINT('',(12.598223131436,0.));
#6370 = CARTESIAN_POINT('',(12.598223131436,-141.732));
#6371 = ( GEOMETRIC_REPRESENTATION_CONTEXT(2) 
PARAMETRIC_REPRESENTATION_CONTEXT() REPRESENTATION_CONTEXT('2D SPACE',''
  ) );
#6372 = ORIENTED_EDGE('',*,*,#6373,.T.);
#6373 = EDGE_CURVE('',#6354,#6268,#6374,.T.);
#6374 = SURFACE_CURVE('',#6375,(#6378,#6384),.PCURVE_S1.);
#6375 = B_SPLINE_CURVE_WITH_KNOTS('',1,(#6376,#6377),.UNSPECIFIED.,.F.,
  .F.,(2,2),(0.,12.598223131436),.PIECEWISE_BEZIER_KNOTS.);
#6376 = CARTESIAN_POINT('',(-2.448928934982,-0.335793062171,
    30.000060960122));
#6377 = CARTESIAN_POINT('',(-2.32678374764,-4.002680640733E-02,
    30.000060960122));
#6378 = PCURVE('',#1417,#6379);
#6379 = DEFINITIONAL_REPRESENTATION('',(#6380),#6383);
#6380 = B_SPLINE_CURVE_WITH_KNOTS('',1,(#6381,#6382),.UNSPECIFIED.,.F.,
  .F.,(2,2),(0.,12.598223131436),.PIECEWISE_BEZIER_KNOTS.);
#6381 = CARTESIAN_POINT('',(0.,-141.732));
#6382 = CARTESIAN_POINT('',(12.598223131436,-141.732));
#6383 = ( GEOMETRIC_REPRESENTATION_CONTEXT(2) 
PARAMETRIC_REPRESENTATION_CONTEXT() REPRESENTATION_CONTEXT('2D SPACE',''
  ) );
#6384 = PCURVE('',#2726,#6385);
#6385 = DEFINITIONAL_REPRESENTATION('',(#6386),#6389);
#6386 = B_SPLINE_CURVE_WITH_KNOTS('',1,(#6387,#6388),.UNSPECIFIED.,.F.,
  .F.,(2,2),(0.,12.598223131436),.PIECEWISE_BEZIER_KNOTS.);
#6387 = CARTESIAN_POINT('',(-1.453173184484E+03,1.67121743217E+03));
#6388 = CARTESIAN_POINT('',(-1.464817501974E+03,1.666408576145E+03));
#6389 = ( GEOMETRIC_REPRESENTATION_CONTEXT(2) 
PARAMETRIC_REPRESENTATION_CONTEXT() REPRESENTATION_CONTEXT('2D SPACE',''
  ) );
#6390 = ORIENTED_EDGE('',*,*,#6267,.F.);
#6391 = ORIENTED_EDGE('',*,*,#1403,.F.);
#6392 = ADVANCED_FACE('',(#6393),#1142,.F.);
#6393 = FACE_BOUND('',#6394,.F.);
#6394 = EDGE_LOOP('',(#6395,#6415,#6433,#6434));
#6395 = ORIENTED_EDGE('',*,*,#6396,.T.);
#6396 = EDGE_CURVE('',#1129,#6397,#6399,.T.);
#6397 = VERTEX_POINT('',#6398);
#6398 = CARTESIAN_POINT('',(-1.084118553391,-78.64104267337,
    28.400060960122));
#6399 = SURFACE_CURVE('',#6400,(#6403,#6409),.PCURVE_S1.);
#6400 = B_SPLINE_CURVE_WITH_KNOTS('',1,(#6401,#6402),.UNSPECIFIED.,.F.,
  .F.,(2,2),(0.,78.74),.PIECEWISE_BEZIER_KNOTS.);
#6401 = CARTESIAN_POINT('',(-1.084118553391,-78.64104267337,
    26.400060960122));
#6402 = CARTESIAN_POINT('',(-1.084118553391,-78.64104267337,
    28.400060960122));
#6403 = PCURVE('',#1142,#6404);
#6404 = DEFINITIONAL_REPRESENTATION('',(#6405),#6408);
#6405 = B_SPLINE_CURVE_WITH_KNOTS('',1,(#6406,#6407),.UNSPECIFIED.,.F.,
  .F.,(2,2),(0.,78.74),.PIECEWISE_BEZIER_KNOTS.);
#6406 = CARTESIAN_POINT('',(0.,0.));
#6407 = CARTESIAN_POINT('',(0.,-78.74));
#6408 = ( GEOMETRIC_REPRESENTATION_CONTEXT(2) 
PARAMETRIC_REPRESENTATION_CONTEXT() REPRESENTATION_CONTEXT('2D SPACE',''
  ) );
#6409 = PCURVE('',#1167,#6410);
#6410 = DEFINITIONAL_REPRESENTATION('',(#6411),#6414);
#6411 = B_SPLINE_CURVE_WITH_KNOTS('',1,(#6412,#6413),.UNSPECIFIED.,.F.,
  .F.,(2,2),(0.,78.74),.PIECEWISE_BEZIER_KNOTS.);
#6412 = CARTESIAN_POINT('',(8.468070771091,0.));
#6413 = CARTESIAN_POINT('',(8.468070771091,-78.74));
#6414 = ( GEOMETRIC_REPRESENTATION_CONTEXT(2) 
PARAMETRIC_REPRESENTATION_CONTEXT() REPRESENTATION_CONTEXT('2D SPACE',''
  ) );
#6415 = ORIENTED_EDGE('',*,*,#6416,.T.);
#6416 = EDGE_CURVE('',#6397,#6311,#6417,.T.);
#6417 = SURFACE_CURVE('',#6418,(#6421,#6427),.PCURVE_S1.);
#6418 = B_SPLINE_CURVE_WITH_KNOTS('',1,(#6419,#6420),.UNSPECIFIED.,.F.,
  .F.,(2,2),(0.,8.468070771091),.PIECEWISE_BEZIER_KNOTS.);
#6419 = CARTESIAN_POINT('',(-1.084118553391,-78.64104267337,
    28.400060960122));
#6420 = CARTESIAN_POINT('',(-1.033193029677,-78.85001648266,
    28.400060960122));
#6421 = PCURVE('',#1142,#6422);
#6422 = DEFINITIONAL_REPRESENTATION('',(#6423),#6426);
#6423 = B_SPLINE_CURVE_WITH_KNOTS('',1,(#6424,#6425),.UNSPECIFIED.,.F.,
  .F.,(2,2),(0.,8.468070771091),.PIECEWISE_BEZIER_KNOTS.);
#6424 = CARTESIAN_POINT('',(0.,-78.74));
#6425 = CARTESIAN_POINT('',(8.468070771091,-78.74));
#6426 = ( GEOMETRIC_REPRESENTATION_CONTEXT(2) 
PARAMETRIC_REPRESENTATION_CONTEXT() REPRESENTATION_CONTEXT('2D SPACE',''
  ) );
#6427 = PCURVE('',#2616,#6428);
#6428 = DEFINITIONAL_REPRESENTATION('',(#6429),#6432);
#6429 = B_SPLINE_CURVE_WITH_KNOTS('',1,(#6430,#6431),.UNSPECIFIED.,.F.,
  .F.,(2,2),(0.,8.468070771091),.PIECEWISE_BEZIER_KNOTS.);
#6430 = CARTESIAN_POINT('',(-1.48745305118E+03,1.617484847447E+03));
#6431 = CARTESIAN_POINT('',(-1.495680350052E+03,1.615479909578E+03));
#6432 = ( GEOMETRIC_REPRESENTATION_CONTEXT(2) 
PARAMETRIC_REPRESENTATION_CONTEXT() REPRESENTATION_CONTEXT('2D SPACE',''
  ) );
#6433 = ORIENTED_EDGE('',*,*,#6310,.F.);
#6434 = ORIENTED_EDGE('',*,*,#1128,.F.);
#6435 = ADVANCED_FACE('',(#6436),#1392,.T.);
#6436 = FACE_BOUND('',#6437,.T.);
#6437 = EDGE_LOOP('',(#6438,#6458,#6476,#6477));
#6438 = ORIENTED_EDGE('',*,*,#6439,.T.);
#6439 = EDGE_CURVE('',#1354,#6440,#6442,.T.);
#6440 = VERTEX_POINT('',#6441);
#6441 = CARTESIAN_POINT('',(-2.550883270849,-0.639112099221,
    30.000060960122));
#6442 = SURFACE_CURVE('',#6443,(#6446,#6452),.PCURVE_S1.);
#6443 = B_SPLINE_CURVE_WITH_KNOTS('',1,(#6444,#6445),.UNSPECIFIED.,.F.,
  .F.,(2,2),(0.,141.732),.PIECEWISE_BEZIER_KNOTS.);
#6444 = CARTESIAN_POINT('',(-2.550883270849,-0.639112099221,
    26.400060960122));
#6445 = CARTESIAN_POINT('',(-2.550883270849,-0.639112099221,
    30.000060960122));
#6446 = PCURVE('',#1392,#6447);
#6447 = DEFINITIONAL_REPRESENTATION('',(#6448),#6451);
#6448 = B_SPLINE_CURVE_WITH_KNOTS('',1,(#6449,#6450),.UNSPECIFIED.,.F.,
  .F.,(2,2),(0.,141.732),.PIECEWISE_BEZIER_KNOTS.);
#6449 = CARTESIAN_POINT('',(0.,0.));
#6450 = CARTESIAN_POINT('',(0.,-141.732));
#6451 = ( GEOMETRIC_REPRESENTATION_CONTEXT(2) 
PARAMETRIC_REPRESENTATION_CONTEXT() REPRESENTATION_CONTEXT('2D SPACE',''
  ) );
#6452 = PCURVE('',#1367,#6453);
#6453 = DEFINITIONAL_REPRESENTATION('',(#6454),#6457);
#6454 = B_SPLINE_CURVE_WITH_KNOTS('',1,(#6455,#6456),.UNSPECIFIED.,.F.,
  .F.,(2,2),(0.,141.732),.PIECEWISE_BEZIER_KNOTS.);
#6455 = CARTESIAN_POINT('',(12.598223131436,0.));
#6456 = CARTESIAN_POINT('',(12.598223131436,-141.732));
#6457 = ( GEOMETRIC_REPRESENTATION_CONTEXT(2) 
PARAMETRIC_REPRESENTATION_CONTEXT() REPRESENTATION_CONTEXT('2D SPACE',''
  ) );
#6458 = ORIENTED_EDGE('',*,*,#6459,.T.);
#6459 = EDGE_CURVE('',#6440,#6354,#6460,.T.);
#6460 = SURFACE_CURVE('',#6461,(#6464,#6470),.PCURVE_S1.);
#6461 = B_SPLINE_CURVE_WITH_KNOTS('',1,(#6462,#6463),.UNSPECIFIED.,.F.,
  .F.,(2,2),(0.,12.598223131436),.PIECEWISE_BEZIER_KNOTS.);
#6462 = CARTESIAN_POINT('',(-2.550883270849,-0.639112099221,
    30.000060960122));
#6463 = CARTESIAN_POINT('',(-2.448928934982,-0.335793062171,
    30.000060960122));
#6464 = PCURVE('',#1392,#6465);
#6465 = DEFINITIONAL_REPRESENTATION('',(#6466),#6469);
#6466 = B_SPLINE_CURVE_WITH_KNOTS('',1,(#6467,#6468),.UNSPECIFIED.,.F.,
  .F.,(2,2),(0.,12.598223131436),.PIECEWISE_BEZIER_KNOTS.);
#6467 = CARTESIAN_POINT('',(0.,-141.732));
#6468 = CARTESIAN_POINT('',(12.598223131436,-141.732));
#6469 = ( GEOMETRIC_REPRESENTATION_CONTEXT(2) 
PARAMETRIC_REPRESENTATION_CONTEXT() REPRESENTATION_CONTEXT('2D SPACE',''
  ) );
#6470 = PCURVE('',#2726,#6471);
#6471 = DEFINITIONAL_REPRESENTATION('',(#6472),#6475);
#6472 = B_SPLINE_CURVE_WITH_KNOTS('',1,(#6473,#6474),.UNSPECIFIED.,.F.,
  .F.,(2,2),(0.,12.598223131436),.PIECEWISE_BEZIER_KNOTS.);
#6473 = CARTESIAN_POINT('',(-1.441231513996E+03,1.675231374373E+03));
#6474 = CARTESIAN_POINT('',(-1.453173184484E+03,1.67121743217E+03));
#6475 = ( GEOMETRIC_REPRESENTATION_CONTEXT(2) 
PARAMETRIC_REPRESENTATION_CONTEXT() REPRESENTATION_CONTEXT('2D SPACE',''
  ) );
#6476 = ORIENTED_EDGE('',*,*,#6353,.F.);
#6477 = ORIENTED_EDGE('',*,*,#1378,.F.);
#6478 = ADVANCED_FACE('',(#6479),#1167,.F.);
#6479 = FACE_BOUND('',#6480,.F.);
#6480 = EDGE_LOOP('',(#6481,#6501,#6519,#6520));
#6481 = ORIENTED_EDGE('',*,*,#6482,.T.);
#6482 = EDGE_CURVE('',#1154,#6483,#6485,.T.);
#6483 = VERTEX_POINT('',#6484);
#6484 = CARTESIAN_POINT('',(-1.120664480878,-78.42908074962,
    28.400060960122));
#6485 = SURFACE_CURVE('',#6486,(#6489,#6495),.PCURVE_S1.);
#6486 = B_SPLINE_CURVE_WITH_KNOTS('',1,(#6487,#6488),.UNSPECIFIED.,.F.,
  .F.,(2,2),(0.,78.74),.PIECEWISE_BEZIER_KNOTS.);
#6487 = CARTESIAN_POINT('',(-1.120664480878,-78.42908074962,
    26.400060960122));
#6488 = CARTESIAN_POINT('',(-1.120664480878,-78.42908074962,
    28.400060960122));
#6489 = PCURVE('',#1167,#6490);
#6490 = DEFINITIONAL_REPRESENTATION('',(#6491),#6494);
#6491 = B_SPLINE_CURVE_WITH_KNOTS('',1,(#6492,#6493),.UNSPECIFIED.,.F.,
  .F.,(2,2),(0.,78.74),.PIECEWISE_BEZIER_KNOTS.);
#6492 = CARTESIAN_POINT('',(0.,0.));
#6493 = CARTESIAN_POINT('',(0.,-78.74));
#6494 = ( GEOMETRIC_REPRESENTATION_CONTEXT(2) 
PARAMETRIC_REPRESENTATION_CONTEXT() REPRESENTATION_CONTEXT('2D SPACE',''
  ) );
#6495 = PCURVE('',#1192,#6496);
#6496 = DEFINITIONAL_REPRESENTATION('',(#6497),#6500);
#6497 = B_SPLINE_CURVE_WITH_KNOTS('',1,(#6498,#6499),.UNSPECIFIED.,.F.,
  .F.,(2,2),(0.,78.74),.PIECEWISE_BEZIER_KNOTS.);
#6498 = CARTESIAN_POINT('',(8.468070771091,0.));
#6499 = CARTESIAN_POINT('',(8.468070771091,-78.74));
#6500 = ( GEOMETRIC_REPRESENTATION_CONTEXT(2) 
PARAMETRIC_REPRESENTATION_CONTEXT() REPRESENTATION_CONTEXT('2D SPACE',''
  ) );
#6501 = ORIENTED_EDGE('',*,*,#6502,.T.);
#6502 = EDGE_CURVE('',#6483,#6397,#6503,.T.);
#6503 = SURFACE_CURVE('',#6504,(#6507,#6513),.PCURVE_S1.);
#6504 = B_SPLINE_CURVE_WITH_KNOTS('',1,(#6505,#6506),.UNSPECIFIED.,.F.,
  .F.,(2,2),(0.,8.468070771091),.PIECEWISE_BEZIER_KNOTS.);
#6505 = CARTESIAN_POINT('',(-1.120664480878,-78.42908074962,
    28.400060960122));
#6506 = CARTESIAN_POINT('',(-1.084118553391,-78.64104267337,
    28.400060960122));
#6507 = PCURVE('',#1167,#6508);
#6508 = DEFINITIONAL_REPRESENTATION('',(#6509),#6512);
#6509 = B_SPLINE_CURVE_WITH_KNOTS('',1,(#6510,#6511),.UNSPECIFIED.,.F.,
  .F.,(2,2),(0.,8.468070771091),.PIECEWISE_BEZIER_KNOTS.);
#6510 = CARTESIAN_POINT('',(0.,-78.74));
#6511 = CARTESIAN_POINT('',(8.468070771091,-78.74));
#6512 = ( GEOMETRIC_REPRESENTATION_CONTEXT(2) 
PARAMETRIC_REPRESENTATION_CONTEXT() REPRESENTATION_CONTEXT('2D SPACE',''
  ) );
#6513 = PCURVE('',#2616,#6514);
#6514 = DEFINITIONAL_REPRESENTATION('',(#6515),#6518);
#6515 = B_SPLINE_CURVE_WITH_KNOTS('',1,(#6516,#6517),.UNSPECIFIED.,.F.,
  .F.,(2,2),(0.,8.468070771091),.PIECEWISE_BEZIER_KNOTS.);
#6516 = CARTESIAN_POINT('',(-1.479108110242E+03,1.618923660612E+03));
#6517 = CARTESIAN_POINT('',(-1.48745305118E+03,1.617484847447E+03));
#6518 = ( GEOMETRIC_REPRESENTATION_CONTEXT(2) 
PARAMETRIC_REPRESENTATION_CONTEXT() REPRESENTATION_CONTEXT('2D SPACE',''
  ) );
#6519 = ORIENTED_EDGE('',*,*,#6396,.F.);
#6520 = ORIENTED_EDGE('',*,*,#1153,.F.);
#6521 = ADVANCED_FACE('',(#6522),#1367,.T.);
#6522 = FACE_BOUND('',#6523,.T.);
#6523 = EDGE_LOOP('',(#6524,#6544,#6562,#6563));
#6524 = ORIENTED_EDGE('',*,*,#6525,.T.);
#6525 = EDGE_CURVE('',#1329,#6526,#6528,.T.);
#6526 = VERTEX_POINT('',#6527);
#6527 = CARTESIAN_POINT('',(-2.632184049786,-0.948607346653,
    30.000060960122));
#6528 = SURFACE_CURVE('',#6529,(#6532,#6538),.PCURVE_S1.);
#6529 = B_SPLINE_CURVE_WITH_KNOTS('',1,(#6530,#6531),.UNSPECIFIED.,.F.,
  .F.,(2,2),(0.,141.732),.PIECEWISE_BEZIER_KNOTS.);
#6530 = CARTESIAN_POINT('',(-2.632184049786,-0.948607346653,
    26.400060960122));
#6531 = CARTESIAN_POINT('',(-2.632184049786,-0.948607346653,
    30.000060960122));
#6532 = PCURVE('',#1367,#6533);
#6533 = DEFINITIONAL_REPRESENTATION('',(#6534),#6537);
#6534 = B_SPLINE_CURVE_WITH_KNOTS('',1,(#6535,#6536),.UNSPECIFIED.,.F.,
  .F.,(2,2),(0.,141.732),.PIECEWISE_BEZIER_KNOTS.);
#6535 = CARTESIAN_POINT('',(0.,0.));
#6536 = CARTESIAN_POINT('',(0.,-141.732));
#6537 = ( GEOMETRIC_REPRESENTATION_CONTEXT(2) 
PARAMETRIC_REPRESENTATION_CONTEXT() REPRESENTATION_CONTEXT('2D SPACE',''
  ) );
#6538 = PCURVE('',#1342,#6539);
#6539 = DEFINITIONAL_REPRESENTATION('',(#6540),#6543);
#6540 = B_SPLINE_CURVE_WITH_KNOTS('',1,(#6541,#6542),.UNSPECIFIED.,.F.,
  .F.,(2,2),(0.,141.732),.PIECEWISE_BEZIER_KNOTS.);
#6541 = CARTESIAN_POINT('',(12.598223131437,0.));
#6542 = CARTESIAN_POINT('',(12.598223131437,-141.732));
#6543 = ( GEOMETRIC_REPRESENTATION_CONTEXT(2) 
PARAMETRIC_REPRESENTATION_CONTEXT() REPRESENTATION_CONTEXT('2D SPACE',''
  ) );
#6544 = ORIENTED_EDGE('',*,*,#6545,.T.);
#6545 = EDGE_CURVE('',#6526,#6440,#6546,.T.);
#6546 = SURFACE_CURVE('',#6547,(#6550,#6556),.PCURVE_S1.);
#6547 = B_SPLINE_CURVE_WITH_KNOTS('',1,(#6548,#6549),.UNSPECIFIED.,.F.,
  .F.,(2,2),(0.,12.598223131436),.PIECEWISE_BEZIER_KNOTS.);
#6548 = CARTESIAN_POINT('',(-2.632184049786,-0.948607346653,
    30.000060960122));
#6549 = CARTESIAN_POINT('',(-2.550883270849,-0.639112099221,
    30.000060960122));
#6550 = PCURVE('',#1367,#6551);
#6551 = DEFINITIONAL_REPRESENTATION('',(#6552),#6555);
#6552 = B_SPLINE_CURVE_WITH_KNOTS('',1,(#6553,#6554),.UNSPECIFIED.,.F.,
  .F.,(2,2),(0.,12.598223131436),.PIECEWISE_BEZIER_KNOTS.);
#6553 = CARTESIAN_POINT('',(0.,-141.732));
#6554 = CARTESIAN_POINT('',(12.598223131436,-141.732));
#6555 = ( GEOMETRIC_REPRESENTATION_CONTEXT(2) 
PARAMETRIC_REPRESENTATION_CONTEXT() REPRESENTATION_CONTEXT('2D SPACE',''
  ) );
#6556 = PCURVE('',#2726,#6557);
#6557 = DEFINITIONAL_REPRESENTATION('',(#6558),#6561);
#6558 = B_SPLINE_CURVE_WITH_KNOTS('',1,(#6559,#6560),.UNSPECIFIED.,.F.,
  .F.,(2,2),(0.,12.598223131436),.PIECEWISE_BEZIER_KNOTS.);
#6559 = CARTESIAN_POINT('',(-1.429046686104E+03,1.67843218604E+03));
#6560 = CARTESIAN_POINT('',(-1.441231513996E+03,1.675231374373E+03));
#6561 = ( GEOMETRIC_REPRESENTATION_CONTEXT(2) 
PARAMETRIC_REPRESENTATION_CONTEXT() REPRESENTATION_CONTEXT('2D SPACE',''
  ) );
#6562 = ORIENTED_EDGE('',*,*,#6439,.F.);
#6563 = ORIENTED_EDGE('',*,*,#1353,.F.);
#6564 = ADVANCED_FACE('',(#6565),#1192,.F.);
#6565 = FACE_BOUND('',#6566,.F.);
#6566 = EDGE_LOOP('',(#6567,#6587,#6605,#6606));
#6567 = ORIENTED_EDGE('',*,*,#6568,.T.);
#6568 = EDGE_CURVE('',#1179,#6569,#6571,.T.);
#6569 = VERTEX_POINT('',#6570);
#6570 = CARTESIAN_POINT('',(-1.142660418154,-78.21511897574,
    28.400060960122));
#6571 = SURFACE_CURVE('',#6572,(#6575,#6581),.PCURVE_S1.);
#6572 = B_SPLINE_CURVE_WITH_KNOTS('',1,(#6573,#6574),.UNSPECIFIED.,.F.,
  .F.,(2,2),(0.,78.74),.PIECEWISE_BEZIER_KNOTS.);
#6573 = CARTESIAN_POINT('',(-1.142660418154,-78.21511897574,
    26.400060960122));
#6574 = CARTESIAN_POINT('',(-1.142660418154,-78.21511897574,
    28.400060960122));
#6575 = PCURVE('',#1192,#6576);
#6576 = DEFINITIONAL_REPRESENTATION('',(#6577),#6580);
#6577 = B_SPLINE_CURVE_WITH_KNOTS('',1,(#6578,#6579),.UNSPECIFIED.,.F.,
  .F.,(2,2),(0.,78.74),.PIECEWISE_BEZIER_KNOTS.);
#6578 = CARTESIAN_POINT('',(0.,0.));
#6579 = CARTESIAN_POINT('',(0.,-78.74));
#6580 = ( GEOMETRIC_REPRESENTATION_CONTEXT(2) 
PARAMETRIC_REPRESENTATION_CONTEXT() REPRESENTATION_CONTEXT('2D SPACE',''
  ) );
#6581 = PCURVE('',#1217,#6582);
#6582 = DEFINITIONAL_REPRESENTATION('',(#6583),#6586);
#6583 = B_SPLINE_CURVE_WITH_KNOTS('',1,(#6584,#6585),.UNSPECIFIED.,.F.,
  .F.,(2,2),(0.,78.74),.PIECEWISE_BEZIER_KNOTS.);
#6584 = CARTESIAN_POINT('',(8.46807077109,0.));
#6585 = CARTESIAN_POINT('',(8.46807077109,-78.74));
#6586 = ( GEOMETRIC_REPRESENTATION_CONTEXT(2) 
PARAMETRIC_REPRESENTATION_CONTEXT() REPRESENTATION_CONTEXT('2D SPACE',''
  ) );
#6587 = ORIENTED_EDGE('',*,*,#6588,.T.);
#6588 = EDGE_CURVE('',#6569,#6483,#6589,.T.);
#6589 = SURFACE_CURVE('',#6590,(#6593,#6599),.PCURVE_S1.);
#6590 = B_SPLINE_CURVE_WITH_KNOTS('',1,(#6591,#6592),.UNSPECIFIED.,.F.,
  .F.,(2,2),(0.,8.468070771091),.PIECEWISE_BEZIER_KNOTS.);
#6591 = CARTESIAN_POINT('',(-1.142660418154,-78.21511897574,
    28.400060960122));
#6592 = CARTESIAN_POINT('',(-1.120664480878,-78.42908074962,
    28.400060960122));
#6593 = PCURVE('',#1192,#6594);
#6594 = DEFINITIONAL_REPRESENTATION('',(#6595),#6598);
#6595 = B_SPLINE_CURVE_WITH_KNOTS('',1,(#6596,#6597),.UNSPECIFIED.,.F.,
  .F.,(2,2),(0.,8.468070771091),.PIECEWISE_BEZIER_KNOTS.);
#6596 = CARTESIAN_POINT('',(0.,-78.74));
#6597 = CARTESIAN_POINT('',(8.468070771091,-78.74));
#6598 = ( GEOMETRIC_REPRESENTATION_CONTEXT(2) 
PARAMETRIC_REPRESENTATION_CONTEXT() REPRESENTATION_CONTEXT('2D SPACE',''
  ) );
#6599 = PCURVE('',#2616,#6600);
#6600 = DEFINITIONAL_REPRESENTATION('',(#6601),#6604);
#6601 = B_SPLINE_CURVE_WITH_KNOTS('',1,(#6602,#6603),.UNSPECIFIED.,.F.,
  .F.,(2,2),(0.,8.468070771091),.PIECEWISE_BEZIER_KNOTS.);
#6602 = CARTESIAN_POINT('',(-1.470684435204E+03,1.619789640663E+03));
#6603 = CARTESIAN_POINT('',(-1.479108110242E+03,1.618923660612E+03));
#6604 = ( GEOMETRIC_REPRESENTATION_CONTEXT(2) 
PARAMETRIC_REPRESENTATION_CONTEXT() REPRESENTATION_CONTEXT('2D SPACE',''
  ) );
#6605 = ORIENTED_EDGE('',*,*,#6482,.F.);
#6606 = ORIENTED_EDGE('',*,*,#1178,.F.);
#6607 = ADVANCED_FACE('',(#6608),#1342,.T.);
#6608 = FACE_BOUND('',#6609,.T.);
#6609 = EDGE_LOOP('',(#6610,#6630,#6648,#6649));
#6610 = ORIENTED_EDGE('',*,*,#6611,.T.);
#6611 = EDGE_CURVE('',#1304,#6612,#6614,.T.);
#6612 = VERTEX_POINT('',#6613);
#6613 = CARTESIAN_POINT('',(-2.692462299614,-1.262874203698,
    30.000060960122));
#6614 = SURFACE_CURVE('',#6615,(#6618,#6624),.PCURVE_S1.);
#6615 = B_SPLINE_CURVE_WITH_KNOTS('',1,(#6616,#6617),.UNSPECIFIED.,.F.,
  .F.,(2,2),(0.,141.732),.PIECEWISE_BEZIER_KNOTS.);
#6616 = CARTESIAN_POINT('',(-2.692462299614,-1.262874203698,
    26.400060960122));
#6617 = CARTESIAN_POINT('',(-2.692462299614,-1.262874203698,
    30.000060960122));
#6618 = PCURVE('',#1342,#6619);
#6619 = DEFINITIONAL_REPRESENTATION('',(#6620),#6623);
#6620 = B_SPLINE_CURVE_WITH_KNOTS('',1,(#6621,#6622),.UNSPECIFIED.,.F.,
  .F.,(2,2),(0.,141.732),.PIECEWISE_BEZIER_KNOTS.);
#6621 = CARTESIAN_POINT('',(0.,0.));
#6622 = CARTESIAN_POINT('',(0.,-141.732));
#6623 = ( GEOMETRIC_REPRESENTATION_CONTEXT(2) 
PARAMETRIC_REPRESENTATION_CONTEXT() REPRESENTATION_CONTEXT('2D SPACE',''
  ) );
#6624 = PCURVE('',#1317,#6625);
#6625 = DEFINITIONAL_REPRESENTATION('',(#6626),#6629);
#6626 = B_SPLINE_CURVE_WITH_KNOTS('',1,(#6627,#6628),.UNSPECIFIED.,.F.,
  .F.,(2,2),(0.,141.732),.PIECEWISE_BEZIER_KNOTS.);
#6627 = CARTESIAN_POINT('',(12.598223131437,0.));
#6628 = CARTESIAN_POINT('',(12.598223131437,-141.732));
#6629 = ( GEOMETRIC_REPRESENTATION_CONTEXT(2) 
PARAMETRIC_REPRESENTATION_CONTEXT() REPRESENTATION_CONTEXT('2D SPACE',''
  ) );
#6630 = ORIENTED_EDGE('',*,*,#6631,.T.);
#6631 = EDGE_CURVE('',#6612,#6526,#6632,.T.);
#6632 = SURFACE_CURVE('',#6633,(#6636,#6642),.PCURVE_S1.);
#6633 = B_SPLINE_CURVE_WITH_KNOTS('',1,(#6634,#6635),.UNSPECIFIED.,.F.,
  .F.,(2,2),(0.,12.598223131437),.PIECEWISE_BEZIER_KNOTS.);
#6634 = CARTESIAN_POINT('',(-2.692462299614,-1.262874203698,
    30.000060960122));
#6635 = CARTESIAN_POINT('',(-2.632184049786,-0.948607346653,
    30.000060960122));
#6636 = PCURVE('',#1342,#6637);
#6637 = DEFINITIONAL_REPRESENTATION('',(#6638),#6641);
#6638 = B_SPLINE_CURVE_WITH_KNOTS('',1,(#6639,#6640),.UNSPECIFIED.,.F.,
  .F.,(2,2),(0.,12.598223131437),.PIECEWISE_BEZIER_KNOTS.);
#6639 = CARTESIAN_POINT('',(0.,-141.732));
#6640 = CARTESIAN_POINT('',(12.598223131437,-141.732));
#6641 = ( GEOMETRIC_REPRESENTATION_CONTEXT(2) 
PARAMETRIC_REPRESENTATION_CONTEXT() REPRESENTATION_CONTEXT('2D SPACE',''
  ) );
#6642 = PCURVE('',#2726,#6643);
#6643 = DEFINITIONAL_REPRESENTATION('',(#6644),#6647);
#6644 = B_SPLINE_CURVE_WITH_KNOTS('',1,(#6645,#6646),.UNSPECIFIED.,.F.,
  .F.,(2,2),(0.,12.598223131437),.PIECEWISE_BEZIER_KNOTS.);
#6645 = CARTESIAN_POINT('',(-1.416673999942E+03,1.680805340736E+03));
#6646 = CARTESIAN_POINT('',(-1.429046686104E+03,1.67843218604E+03));
#6647 = ( GEOMETRIC_REPRESENTATION_CONTEXT(2) 
PARAMETRIC_REPRESENTATION_CONTEXT() REPRESENTATION_CONTEXT('2D SPACE',''
  ) );
#6648 = ORIENTED_EDGE('',*,*,#6525,.F.);
#6649 = ORIENTED_EDGE('',*,*,#1328,.F.);
#6650 = ADVANCED_FACE('',(#6651),#1217,.F.);
#6651 = FACE_BOUND('',#6652,.F.);
#6652 = EDGE_LOOP('',(#6653,#6673,#6691,#6692));
#6653 = ORIENTED_EDGE('',*,*,#6654,.T.);
#6654 = EDGE_CURVE('',#1204,#6655,#6657,.T.);
#6655 = VERTEX_POINT('',#6656);
#6656 = CARTESIAN_POINT('',(-1.150003810008,-78.00015494031,
    28.400060960122));
#6657 = SURFACE_CURVE('',#6658,(#6661,#6667),.PCURVE_S1.);
#6658 = B_SPLINE_CURVE_WITH_KNOTS('',1,(#6659,#6660),.UNSPECIFIED.,.F.,
  .F.,(2,2),(0.,78.74),.PIECEWISE_BEZIER_KNOTS.);
#6659 = CARTESIAN_POINT('',(-1.150003810008,-78.00015494031,
    26.400060960122));
#6660 = CARTESIAN_POINT('',(-1.150003810008,-78.00015494031,
    28.400060960122));
#6661 = PCURVE('',#1217,#6662);
#6662 = DEFINITIONAL_REPRESENTATION('',(#6663),#6666);
#6663 = B_SPLINE_CURVE_WITH_KNOTS('',1,(#6664,#6665),.UNSPECIFIED.,.F.,
  .F.,(2,2),(0.,78.74),.PIECEWISE_BEZIER_KNOTS.);
#6664 = CARTESIAN_POINT('',(0.,0.));
#6665 = CARTESIAN_POINT('',(0.,-78.74));
#6666 = ( GEOMETRIC_REPRESENTATION_CONTEXT(2) 
PARAMETRIC_REPRESENTATION_CONTEXT() REPRESENTATION_CONTEXT('2D SPACE',''
  ) );
#6667 = PCURVE('',#1242,#6668);
#6668 = DEFINITIONAL_REPRESENTATION('',(#6669),#6672);
#6669 = B_SPLINE_CURVE_WITH_KNOTS('',1,(#6670,#6671),.UNSPECIFIED.,.F.,
  .F.,(2,2),(0.,78.74),.PIECEWISE_BEZIER_KNOTS.);
#6670 = CARTESIAN_POINT('',(3.02165355E+03,0.));
#6671 = CARTESIAN_POINT('',(3.02165355E+03,-78.74));
#6672 = ( GEOMETRIC_REPRESENTATION_CONTEXT(2) 
PARAMETRIC_REPRESENTATION_CONTEXT() REPRESENTATION_CONTEXT('2D SPACE',''
  ) );
#6673 = ORIENTED_EDGE('',*,*,#6674,.T.);
#6674 = EDGE_CURVE('',#6655,#6569,#6675,.T.);
#6675 = SURFACE_CURVE('',#6676,(#6679,#6685),.PCURVE_S1.);
#6676 = B_SPLINE_CURVE_WITH_KNOTS('',1,(#6677,#6678),.UNSPECIFIED.,.F.,
  .F.,(2,2),(0.,8.468070771091),.PIECEWISE_BEZIER_KNOTS.);
#6677 = CARTESIAN_POINT('',(-1.150003810008,-78.00015494031,
    28.400060960122));
#6678 = CARTESIAN_POINT('',(-1.142660418154,-78.21511897574,
    28.400060960122));
#6679 = PCURVE('',#1217,#6680);
#6680 = DEFINITIONAL_REPRESENTATION('',(#6681),#6684);
#6681 = B_SPLINE_CURVE_WITH_KNOTS('',1,(#6682,#6683),.UNSPECIFIED.,.F.,
  .F.,(2,2),(0.,8.468070771091),.PIECEWISE_BEZIER_KNOTS.);
#6682 = CARTESIAN_POINT('',(0.,-78.74));
#6683 = CARTESIAN_POINT('',(8.46807077109,-78.74));
#6684 = ( GEOMETRIC_REPRESENTATION_CONTEXT(2) 
PARAMETRIC_REPRESENTATION_CONTEXT() REPRESENTATION_CONTEXT('2D SPACE',''
  ) );
#6685 = PCURVE('',#2616,#6686);
#6686 = DEFINITIONAL_REPRESENTATION('',(#6687),#6690);
#6687 = B_SPLINE_CURVE_WITH_KNOTS('',1,(#6688,#6689),.UNSPECIFIED.,.F.,
  .F.,(2,2),(0.,8.468070771091),.PIECEWISE_BEZIER_KNOTS.);
#6688 = CARTESIAN_POINT('',(-1.462221301129E+03,1.62007875E+03));
#6689 = CARTESIAN_POINT('',(-1.470684435204E+03,1.619789640663E+03));
#6690 = ( GEOMETRIC_REPRESENTATION_CONTEXT(2) 
PARAMETRIC_REPRESENTATION_CONTEXT() REPRESENTATION_CONTEXT('2D SPACE',''
  ) );
#6691 = ORIENTED_EDGE('',*,*,#6568,.F.);
#6692 = ORIENTED_EDGE('',*,*,#1203,.F.);
#6693 = ADVANCED_FACE('',(#6694),#1317,.T.);
#6694 = FACE_BOUND('',#6695,.T.);
#6695 = EDGE_LOOP('',(#6696,#6716,#6734,#6735));
#6696 = ORIENTED_EDGE('',*,*,#6697,.T.);
#6697 = EDGE_CURVE('',#1279,#6698,#6700,.T.);
#6698 = VERTEX_POINT('',#6699);
#6699 = CARTESIAN_POINT('',(-2.731444455949,-1.580486414305,
    30.000060960122));
#6700 = SURFACE_CURVE('',#6701,(#6704,#6710),.PCURVE_S1.);
#6701 = B_SPLINE_CURVE_WITH_KNOTS('',1,(#6702,#6703),.UNSPECIFIED.,.F.,
  .F.,(2,2),(0.,141.732),.PIECEWISE_BEZIER_KNOTS.);
#6702 = CARTESIAN_POINT('',(-2.731444455949,-1.580486414305,
    26.400060960122));
#6703 = CARTESIAN_POINT('',(-2.731444455949,-1.580486414305,
    30.000060960122));
#6704 = PCURVE('',#1317,#6705);
#6705 = DEFINITIONAL_REPRESENTATION('',(#6706),#6709);
#6706 = B_SPLINE_CURVE_WITH_KNOTS('',1,(#6707,#6708),.UNSPECIFIED.,.F.,
  .F.,(2,2),(0.,141.732),.PIECEWISE_BEZIER_KNOTS.);
#6707 = CARTESIAN_POINT('',(0.,0.));
#6708 = CARTESIAN_POINT('',(0.,-141.732));
#6709 = ( GEOMETRIC_REPRESENTATION_CONTEXT(2) 
PARAMETRIC_REPRESENTATION_CONTEXT() REPRESENTATION_CONTEXT('2D SPACE',''
  ) );
#6710 = PCURVE('',#1292,#6711);
#6711 = DEFINITIONAL_REPRESENTATION('',(#6712),#6715);
#6712 = B_SPLINE_CURVE_WITH_KNOTS('',1,(#6713,#6714),.UNSPECIFIED.,.F.,
  .F.,(2,2),(0.,141.732),.PIECEWISE_BEZIER_KNOTS.);
#6713 = CARTESIAN_POINT('',(12.598223131436,0.));
#6714 = CARTESIAN_POINT('',(12.598223131436,-141.732));
#6715 = ( GEOMETRIC_REPRESENTATION_CONTEXT(2) 
PARAMETRIC_REPRESENTATION_CONTEXT() REPRESENTATION_CONTEXT('2D SPACE',''
  ) );
#6716 = ORIENTED_EDGE('',*,*,#6717,.T.);
#6717 = EDGE_CURVE('',#6698,#6612,#6718,.T.);
#6718 = SURFACE_CURVE('',#6719,(#6722,#6728),.PCURVE_S1.);
#6719 = B_SPLINE_CURVE_WITH_KNOTS('',1,(#6720,#6721),.UNSPECIFIED.,.F.,
  .F.,(2,2),(0.,12.598223131437),.PIECEWISE_BEZIER_KNOTS.);
#6720 = CARTESIAN_POINT('',(-2.731444455949,-1.580486414305,
    30.000060960122));
#6721 = CARTESIAN_POINT('',(-2.692462299614,-1.262874203698,
    30.000060960122));
#6722 = PCURVE('',#1317,#6723);
#6723 = DEFINITIONAL_REPRESENTATION('',(#6724),#6727);
#6724 = B_SPLINE_CURVE_WITH_KNOTS('',1,(#6725,#6726),.UNSPECIFIED.,.F.,
  .F.,(2,2),(0.,12.598223131437),.PIECEWISE_BEZIER_KNOTS.);
#6725 = CARTESIAN_POINT('',(0.,-141.732));
#6726 = CARTESIAN_POINT('',(12.598223131437,-141.732));
#6727 = ( GEOMETRIC_REPRESENTATION_CONTEXT(2) 
PARAMETRIC_REPRESENTATION_CONTEXT() REPRESENTATION_CONTEXT('2D SPACE',''
  ) );
#6728 = PCURVE('',#2726,#6729);
#6729 = DEFINITIONAL_REPRESENTATION('',(#6730),#6733);
#6730 = B_SPLINE_CURVE_WITH_KNOTS('',1,(#6731,#6732),.UNSPECIFIED.,.F.,
  .F.,(2,2),(0.,12.598223131437),.PIECEWISE_BEZIER_KNOTS.);
#6731 = CARTESIAN_POINT('',(-1.404169607211E+03,1.682340068231E+03));
#6732 = CARTESIAN_POINT('',(-1.416673999942E+03,1.680805340736E+03));
#6733 = ( GEOMETRIC_REPRESENTATION_CONTEXT(2) 
PARAMETRIC_REPRESENTATION_CONTEXT() REPRESENTATION_CONTEXT('2D SPACE',''
  ) );
#6734 = ORIENTED_EDGE('',*,*,#6611,.F.);
#6735 = ORIENTED_EDGE('',*,*,#1303,.F.);
#6736 = ADVANCED_FACE('',(#6737),#1242,.F.);
#6737 = FACE_BOUND('',#6738,.F.);
#6738 = EDGE_LOOP('',(#6739,#6740,#6760,#6778));
#6739 = ORIENTED_EDGE('',*,*,#1228,.F.);
#6740 = ORIENTED_EDGE('',*,*,#6741,.T.);
#6741 = EDGE_CURVE('',#1229,#6742,#6744,.T.);
#6742 = VERTEX_POINT('',#6743);
#6743 = CARTESIAN_POINT('',(-1.150003810008,-1.900002540005,
    28.400060960122));
#6744 = SURFACE_CURVE('',#6745,(#6748,#6754),.PCURVE_S1.);
#6745 = B_SPLINE_CURVE_WITH_KNOTS('',1,(#6746,#6747),.UNSPECIFIED.,.F.,
  .F.,(2,2),(0.,78.74),.PIECEWISE_BEZIER_KNOTS.);
#6746 = CARTESIAN_POINT('',(-1.150003810008,-1.900002540005,
    26.400060960122));
#6747 = CARTESIAN_POINT('',(-1.150003810008,-1.900002540005,
    28.400060960122));
#6748 = PCURVE('',#1242,#6749);
#6749 = DEFINITIONAL_REPRESENTATION('',(#6750),#6753);
#6750 = B_SPLINE_CURVE_WITH_KNOTS('',1,(#6751,#6752),.UNSPECIFIED.,.F.,
  .F.,(2,2),(0.,78.74),.PIECEWISE_BEZIER_KNOTS.);
#6751 = CARTESIAN_POINT('',(25.590549999999,0.));
#6752 = CARTESIAN_POINT('',(25.590549999999,-78.74));
#6753 = ( GEOMETRIC_REPRESENTATION_CONTEXT(2) 
PARAMETRIC_REPRESENTATION_CONTEXT() REPRESENTATION_CONTEXT('2D SPACE',''
  ) );
#6754 = PCURVE('',#1267,#6755);
#6755 = DEFINITIONAL_REPRESENTATION('',(#6756),#6759);
#6756 = B_SPLINE_CURVE_WITH_KNOTS('',1,(#6757,#6758),.UNSPECIFIED.,.F.,
  .F.,(2,2),(0.,78.74),.PIECEWISE_BEZIER_KNOTS.);
#6757 = CARTESIAN_POINT('',(62.992,0.));
#6758 = CARTESIAN_POINT('',(62.992,-78.74));
#6759 = ( GEOMETRIC_REPRESENTATION_CONTEXT(2) 
PARAMETRIC_REPRESENTATION_CONTEXT() REPRESENTATION_CONTEXT('2D SPACE',''
  ) );
#6760 = ORIENTED_EDGE('',*,*,#6761,.T.);
#6761 = EDGE_CURVE('',#6742,#6655,#6762,.T.);
#6762 = SURFACE_CURVE('',#6763,(#6766,#6772),.PCURVE_S1.);
#6763 = B_SPLINE_CURVE_WITH_KNOTS('',1,(#6764,#6765),.UNSPECIFIED.,.F.,
  .F.,(2,2),(25.590549999999,3.02165355E+03),.PIECEWISE_BEZIER_KNOTS.);
#6764 = CARTESIAN_POINT('',(-1.150003810008,-1.900002540005,
    28.400060960122));
#6765 = CARTESIAN_POINT('',(-1.150003810008,-78.00015494031,
    28.400060960122));
#6766 = PCURVE('',#1242,#6767);
#6767 = DEFINITIONAL_REPRESENTATION('',(#6768),#6771);
#6768 = B_SPLINE_CURVE_WITH_KNOTS('',1,(#6769,#6770),.UNSPECIFIED.,.F.,
  .F.,(2,2),(25.590549999999,3.02165355E+03),.PIECEWISE_BEZIER_KNOTS.);
#6769 = CARTESIAN_POINT('',(25.590549999999,-78.74));
#6770 = CARTESIAN_POINT('',(3.02165355E+03,-78.74));
#6771 = ( GEOMETRIC_REPRESENTATION_CONTEXT(2) 
PARAMETRIC_REPRESENTATION_CONTEXT() REPRESENTATION_CONTEXT('2D SPACE',''
  ) );
#6772 = PCURVE('',#2616,#6773);
#6773 = DEFINITIONAL_REPRESENTATION('',(#6774),#6777);
#6774 = B_SPLINE_CURVE_WITH_KNOTS('',1,(#6775,#6776),.UNSPECIFIED.,.F.,
  .F.,(2,2),(25.590549999999,3.02165355E+03),.PIECEWISE_BEZIER_KNOTS.);
#6775 = CARTESIAN_POINT('',(1.533841698871E+03,1.62007875E+03));
#6776 = CARTESIAN_POINT('',(-1.462221301129E+03,1.62007875E+03));
#6777 = ( GEOMETRIC_REPRESENTATION_CONTEXT(2) 
PARAMETRIC_REPRESENTATION_CONTEXT() REPRESENTATION_CONTEXT('2D SPACE',''
  ) );
#6778 = ORIENTED_EDGE('',*,*,#6654,.F.);
#6779 = ADVANCED_FACE('',(#6780),#1292,.T.);
#6780 = FACE_BOUND('',#6781,.T.);
#6781 = EDGE_LOOP('',(#6782,#6802,#6820,#6821));
#6782 = ORIENTED_EDGE('',*,*,#6783,.T.);
#6783 = EDGE_CURVE('',#1254,#6784,#6786,.T.);
#6784 = VERTEX_POINT('',#6785);
#6785 = CARTESIAN_POINT('',(-2.748953603744,-1.900002540005,
    30.000060960122));
#6786 = SURFACE_CURVE('',#6787,(#6790,#6796),.PCURVE_S1.);
#6787 = B_SPLINE_CURVE_WITH_KNOTS('',1,(#6788,#6789),.UNSPECIFIED.,.F.,
  .F.,(2,2),(0.,141.732),.PIECEWISE_BEZIER_KNOTS.);
#6788 = CARTESIAN_POINT('',(-2.748953603744,-1.900002540005,
    26.400060960122));
#6789 = CARTESIAN_POINT('',(-2.748953603744,-1.900002540005,
    30.000060960122));
#6790 = PCURVE('',#1292,#6791);
#6791 = DEFINITIONAL_REPRESENTATION('',(#6792),#6795);
#6792 = B_SPLINE_CURVE_WITH_KNOTS('',1,(#6793,#6794),.UNSPECIFIED.,.F.,
  .F.,(2,2),(0.,141.732),.PIECEWISE_BEZIER_KNOTS.);
#6793 = CARTESIAN_POINT('',(0.,0.));
#6794 = CARTESIAN_POINT('',(0.,-141.732));
#6795 = ( GEOMETRIC_REPRESENTATION_CONTEXT(2) 
PARAMETRIC_REPRESENTATION_CONTEXT() REPRESENTATION_CONTEXT('2D SPACE',''
  ) );
#6796 = PCURVE('',#1267,#6797);
#6797 = DEFINITIONAL_REPRESENTATION('',(#6798),#6801);
#6798 = B_SPLINE_CURVE_WITH_KNOTS('',1,(#6799,#6800),.UNSPECIFIED.,.F.,
  .F.,(2,2),(0.,141.732),.PIECEWISE_BEZIER_KNOTS.);
#6799 = CARTESIAN_POINT('',(125.94265337938,0.));
#6800 = CARTESIAN_POINT('',(125.94265337938,-141.732));
#6801 = ( GEOMETRIC_REPRESENTATION_CONTEXT(2) 
PARAMETRIC_REPRESENTATION_CONTEXT() REPRESENTATION_CONTEXT('2D SPACE',''
  ) );
#6802 = ORIENTED_EDGE('',*,*,#6803,.T.);
#6803 = EDGE_CURVE('',#6784,#6698,#6804,.T.);
#6804 = SURFACE_CURVE('',#6805,(#6808,#6814),.PCURVE_S1.);
#6805 = B_SPLINE_CURVE_WITH_KNOTS('',1,(#6806,#6807),.UNSPECIFIED.,.F.,
  .F.,(2,2),(0.,12.598223131436),.PIECEWISE_BEZIER_KNOTS.);
#6806 = CARTESIAN_POINT('',(-2.748953603744,-1.900002540005,
    30.000060960122));
#6807 = CARTESIAN_POINT('',(-2.731444455949,-1.580486414305,
    30.000060960122));
#6808 = PCURVE('',#1292,#6809);
#6809 = DEFINITIONAL_REPRESENTATION('',(#6810),#6813);
#6810 = B_SPLINE_CURVE_WITH_KNOTS('',1,(#6811,#6812),.UNSPECIFIED.,.F.,
  .F.,(2,2),(0.,12.598223131436),.PIECEWISE_BEZIER_KNOTS.);
#6811 = CARTESIAN_POINT('',(0.,-141.732));
#6812 = CARTESIAN_POINT('',(12.598223131436,-141.732));
#6813 = ( GEOMETRIC_REPRESENTATION_CONTEXT(2) 
PARAMETRIC_REPRESENTATION_CONTEXT() REPRESENTATION_CONTEXT('2D SPACE',''
  ) );
#6814 = PCURVE('',#2726,#6815);
#6815 = DEFINITIONAL_REPRESENTATION('',(#6816),#6819);
#6816 = B_SPLINE_CURVE_WITH_KNOTS('',1,(#6817,#6818),.UNSPECIFIED.,.F.,
  .F.,(2,2),(0.,12.598223131436),.PIECEWISE_BEZIER_KNOTS.);
#6817 = CARTESIAN_POINT('',(-1.391590257342E+03,1.683029403379E+03));
#6818 = CARTESIAN_POINT('',(-1.404169607211E+03,1.682340068231E+03));
#6819 = ( GEOMETRIC_REPRESENTATION_CONTEXT(2) 
PARAMETRIC_REPRESENTATION_CONTEXT() REPRESENTATION_CONTEXT('2D SPACE',''
  ) );
#6820 = ORIENTED_EDGE('',*,*,#6697,.F.);
#6821 = ORIENTED_EDGE('',*,*,#1278,.F.);
#6822 = ADVANCED_FACE('',(#6823),#1267,.T.);
#6823 = FACE_BOUND('',#6824,.T.);
#6824 = EDGE_LOOP('',(#6825,#6845,#6870,#6888,#6889,#6890));
#6825 = ORIENTED_EDGE('',*,*,#6826,.F.);
#6826 = EDGE_CURVE('',#6827,#6742,#6829,.T.);
#6827 = VERTEX_POINT('',#6828);
#6828 = CARTESIAN_POINT('',(0.449996189992,-1.900002540005,
    28.400060960122));
#6829 = SURFACE_CURVE('',#6830,(#6833,#6839),.PCURVE_S1.);
#6830 = B_SPLINE_CURVE_WITH_KNOTS('',1,(#6831,#6832),.UNSPECIFIED.,.F.,
  .F.,(2,2),(778.543375,841.535375),.PIECEWISE_BEZIER_KNOTS.);
#6831 = CARTESIAN_POINT('',(0.449996189992,-1.900002540005,
    28.400060960122));
#6832 = CARTESIAN_POINT('',(-1.150003810008,-1.900002540005,
    28.400060960122));
#6833 = PCURVE('',#1267,#6834);
#6834 = DEFINITIONAL_REPRESENTATION('',(#6835),#6838);
#6835 = B_SPLINE_CURVE_WITH_KNOTS('',1,(#6836,#6837),.UNSPECIFIED.,.F.,
  .F.,(2,2),(778.543375,841.535375),.PIECEWISE_BEZIER_KNOTS.);
#6836 = CARTESIAN_POINT('',(0.,-78.74));
#6837 = CARTESIAN_POINT('',(62.992,-78.74));
#6838 = ( GEOMETRIC_REPRESENTATION_CONTEXT(2) 
PARAMETRIC_REPRESENTATION_CONTEXT() REPRESENTATION_CONTEXT('2D SPACE',''
  ) );
#6839 = PCURVE('',#2616,#6840);
#6840 = DEFINITIONAL_REPRESENTATION('',(#6841),#6844);
#6841 = B_SPLINE_CURVE_WITH_KNOTS('',1,(#6842,#6843),.UNSPECIFIED.,.F.,
  .F.,(2,2),(778.543375,841.535375),.PIECEWISE_BEZIER_KNOTS.);
#6842 = CARTESIAN_POINT('',(1.533841698871E+03,1.55708675E+03));
#6843 = CARTESIAN_POINT('',(1.533841698871E+03,1.62007875E+03));
#6844 = ( GEOMETRIC_REPRESENTATION_CONTEXT(2) 
PARAMETRIC_REPRESENTATION_CONTEXT() REPRESENTATION_CONTEXT('2D SPACE',''
  ) );
#6845 = ORIENTED_EDGE('',*,*,#6846,.T.);
#6846 = EDGE_CURVE('',#6827,#6847,#6849,.T.);
#6847 = VERTEX_POINT('',#6848);
#6848 = CARTESIAN_POINT('',(0.449996189992,-1.900002540005,
    30.000060960122));
#6849 = SURFACE_CURVE('',#6850,(#6853,#6859),.PCURVE_S1.);
#6850 = B_SPLINE_CURVE_WITH_KNOTS('',1,(#6851,#6852),.UNSPECIFIED.,.F.,
  .F.,(2,2),(78.74,141.732),.PIECEWISE_BEZIER_KNOTS.);
#6851 = CARTESIAN_POINT('',(0.449996189992,-1.900002540005,
    28.400060960122));
#6852 = CARTESIAN_POINT('',(0.449996189992,-1.900002540005,
    30.000060960122));
#6853 = PCURVE('',#1267,#6854);
#6854 = DEFINITIONAL_REPRESENTATION('',(#6855),#6858);
#6855 = B_SPLINE_CURVE_WITH_KNOTS('',1,(#6856,#6857),.UNSPECIFIED.,.F.,
  .F.,(2,2),(78.74,141.732),.PIECEWISE_BEZIER_KNOTS.);
#6856 = CARTESIAN_POINT('',(0.,-78.74));
#6857 = CARTESIAN_POINT('',(0.,-141.732));
#6858 = ( GEOMETRIC_REPRESENTATION_CONTEXT(2) 
PARAMETRIC_REPRESENTATION_CONTEXT() REPRESENTATION_CONTEXT('2D SPACE',''
  ) );
#6859 = PCURVE('',#6860,#6865);
#6860 = B_SPLINE_SURFACE_WITH_KNOTS('',1,1,(
    (#6861,#6862)
    ,(#6863,#6864
    )),.UNSPECIFIED.,.F.,.F.,.F.,(2,2),(2,2),(0.,2.996063E+03),(-141.732
    ,-78.74),.PIECEWISE_BEZIER_KNOTS.);
#6861 = CARTESIAN_POINT('',(0.449996189992,-78.00015494031,
    30.000060960122));
#6862 = CARTESIAN_POINT('',(0.449996189992,-78.00015494031,
    28.400060960122));
#6863 = CARTESIAN_POINT('',(0.449996189992,-1.900002540005,
    30.000060960122));
#6864 = CARTESIAN_POINT('',(0.449996189992,-1.900002540005,
    28.400060960122));
#6865 = DEFINITIONAL_REPRESENTATION('',(#6866),#6869);
#6866 = B_SPLINE_CURVE_WITH_KNOTS('',1,(#6867,#6868),.UNSPECIFIED.,.F.,
  .F.,(2,2),(78.74,141.732),.PIECEWISE_BEZIER_KNOTS.);
#6867 = CARTESIAN_POINT('',(2.996063E+03,-78.74));
#6868 = CARTESIAN_POINT('',(2.996063E+03,-141.732));
#6869 = ( GEOMETRIC_REPRESENTATION_CONTEXT(2) 
PARAMETRIC_REPRESENTATION_CONTEXT() REPRESENTATION_CONTEXT('2D SPACE',''
  ) );
#6870 = ORIENTED_EDGE('',*,*,#6871,.T.);
#6871 = EDGE_CURVE('',#6847,#6784,#6872,.T.);
#6872 = SURFACE_CURVE('',#6873,(#6876,#6882),.PCURVE_S1.);
#6873 = B_SPLINE_CURVE_WITH_KNOTS('',1,(#6874,#6875),.UNSPECIFIED.,.F.,
  .F.,(2,2),(0.,125.94265337938),.PIECEWISE_BEZIER_KNOTS.);
#6874 = CARTESIAN_POINT('',(0.449996189992,-1.900002540005,
    30.000060960122));
#6875 = CARTESIAN_POINT('',(-2.748953603744,-1.900002540005,
    30.000060960122));
#6876 = PCURVE('',#1267,#6877);
#6877 = DEFINITIONAL_REPRESENTATION('',(#6878),#6881);
#6878 = B_SPLINE_CURVE_WITH_KNOTS('',1,(#6879,#6880),.UNSPECIFIED.,.F.,
  .F.,(2,2),(0.,125.94265337938),.PIECEWISE_BEZIER_KNOTS.);
#6879 = CARTESIAN_POINT('',(0.,-141.732));
#6880 = CARTESIAN_POINT('',(125.94265337938,-141.732));
#6881 = ( GEOMETRIC_REPRESENTATION_CONTEXT(2) 
PARAMETRIC_REPRESENTATION_CONTEXT() REPRESENTATION_CONTEXT('2D SPACE',''
  ) );
#6882 = PCURVE('',#2726,#6883);
#6883 = DEFINITIONAL_REPRESENTATION('',(#6884),#6887);
#6884 = B_SPLINE_CURVE_WITH_KNOTS('',1,(#6885,#6886),.UNSPECIFIED.,.F.,
  .F.,(2,2),(0.,125.94265337938),.PIECEWISE_BEZIER_KNOTS.);
#6885 = CARTESIAN_POINT('',(-1.391590257342E+03,1.55708675E+03));
#6886 = CARTESIAN_POINT('',(-1.391590257342E+03,1.683029403379E+03));
#6887 = ( GEOMETRIC_REPRESENTATION_CONTEXT(2) 
PARAMETRIC_REPRESENTATION_CONTEXT() REPRESENTATION_CONTEXT('2D SPACE',''
  ) );
#6888 = ORIENTED_EDGE('',*,*,#6783,.F.);
#6889 = ORIENTED_EDGE('',*,*,#1253,.F.);
#6890 = ORIENTED_EDGE('',*,*,#6741,.T.);
#6891 = ADVANCED_FACE('',(#6892),#2494,.F.);
#6892 = FACE_BOUND('',#6893,.F.);
#6893 = EDGE_LOOP('',(#6894,#6895,#6915,#6935));
#6894 = ORIENTED_EDGE('',*,*,#2478,.F.);
#6895 = ORIENTED_EDGE('',*,*,#6896,.T.);
#6896 = EDGE_CURVE('',#2479,#6897,#6899,.T.);
#6897 = VERTEX_POINT('',#6898);
#6898 = CARTESIAN_POINT('',(16.000033020066,-28.00005588011,
    30.000060960122));
#6899 = SURFACE_CURVE('',#6900,(#6903,#6909),.PCURVE_S1.);
#6900 = B_SPLINE_CURVE_WITH_KNOTS('',1,(#6901,#6902),.UNSPECIFIED.,.F.,
  .F.,(2,2),(251.9688,393.7008),.PIECEWISE_BEZIER_KNOTS.);
#6901 = CARTESIAN_POINT('',(16.000033020066,-28.00005588011,
    26.400060960122));
#6902 = CARTESIAN_POINT('',(16.000033020066,-28.00005588011,
    30.000060960122));
#6903 = PCURVE('',#2494,#6904);
#6904 = DEFINITIONAL_REPRESENTATION('',(#6905),#6908);
#6905 = B_SPLINE_CURVE_WITH_KNOTS('',1,(#6906,#6907),.UNSPECIFIED.,.F.,
  .F.,(2,2),(251.9688,393.7008),.PIECEWISE_BEZIER_KNOTS.);
#6906 = CARTESIAN_POINT('',(0.,-251.9688));
#6907 = CARTESIAN_POINT('',(0.,-393.7008));
#6908 = ( GEOMETRIC_REPRESENTATION_CONTEXT(2) 
PARAMETRIC_REPRESENTATION_CONTEXT() REPRESENTATION_CONTEXT('2D SPACE',''
  ) );
#6909 = PCURVE('',#2519,#6910);
#6910 = DEFINITIONAL_REPRESENTATION('',(#6911),#6914);
#6911 = B_SPLINE_CURVE_WITH_KNOTS('',1,(#6912,#6913),.UNSPECIFIED.,.F.,
  .F.,(2,2),(251.9688,393.7008),.PIECEWISE_BEZIER_KNOTS.);
#6912 = CARTESIAN_POINT('',(1.5748031E+03,-251.9688));
#6913 = CARTESIAN_POINT('',(1.5748031E+03,-393.7008));
#6914 = ( GEOMETRIC_REPRESENTATION_CONTEXT(2) 
PARAMETRIC_REPRESENTATION_CONTEXT() REPRESENTATION_CONTEXT('2D SPACE',''
  ) );
#6915 = ORIENTED_EDGE('',*,*,#6916,.T.);
#6916 = EDGE_CURVE('',#6897,#6917,#6919,.T.);
#6917 = VERTEX_POINT('',#6918);
#6918 = CARTESIAN_POINT('',(16.000033020066,-20.00004064008,
    30.000060960122));
#6919 = SURFACE_CURVE('',#6920,(#6923,#6929),.PCURVE_S1.);
#6920 = B_SPLINE_CURVE_WITH_KNOTS('',1,(#6921,#6922),.UNSPECIFIED.,.F.,
  .F.,(2,2),(0.,314.9606),.PIECEWISE_BEZIER_KNOTS.);
#6921 = CARTESIAN_POINT('',(16.000033020066,-28.00005588011,
    30.000060960122));
#6922 = CARTESIAN_POINT('',(16.000033020066,-20.00004064008,
    30.000060960122));
#6923 = PCURVE('',#2494,#6924);
#6924 = DEFINITIONAL_REPRESENTATION('',(#6925),#6928);
#6925 = B_SPLINE_CURVE_WITH_KNOTS('',1,(#6926,#6927),.UNSPECIFIED.,.F.,
  .F.,(2,2),(0.,314.9606),.PIECEWISE_BEZIER_KNOTS.);
#6926 = CARTESIAN_POINT('',(0.,-393.7008));
#6927 = CARTESIAN_POINT('',(314.9606,-393.7008));
#6928 = ( GEOMETRIC_REPRESENTATION_CONTEXT(2) 
PARAMETRIC_REPRESENTATION_CONTEXT() REPRESENTATION_CONTEXT('2D SPACE',''
  ) );
#6929 = PCURVE('',#2726,#6930);
#6930 = DEFINITIONAL_REPRESENTATION('',(#6931),#6934);
#6931 = B_SPLINE_CURVE_WITH_KNOTS('',1,(#6932,#6933),.UNSPECIFIED.,.F.,
  .F.,(2,2),(0.,314.9606),.PIECEWISE_BEZIER_KNOTS.);
#6932 = CARTESIAN_POINT('',(-364.031157342,944.8818));
#6933 = CARTESIAN_POINT('',(-678.991757342,944.8818));
#6934 = ( GEOMETRIC_REPRESENTATION_CONTEXT(2) 
PARAMETRIC_REPRESENTATION_CONTEXT() REPRESENTATION_CONTEXT('2D SPACE',''
  ) );
#6935 = ORIENTED_EDGE('',*,*,#6936,.F.);
#6936 = EDGE_CURVE('',#2481,#6917,#6937,.T.);
#6937 = SURFACE_CURVE('',#6938,(#6941,#6947),.PCURVE_S1.);
#6938 = B_SPLINE_CURVE_WITH_KNOTS('',1,(#6939,#6940),.UNSPECIFIED.,.F.,
  .F.,(2,2),(251.9688,393.7008),.PIECEWISE_BEZIER_KNOTS.);
#6939 = CARTESIAN_POINT('',(16.000033020066,-20.00004064008,
    26.400060960122));
#6940 = CARTESIAN_POINT('',(16.000033020066,-20.00004064008,
    30.000060960122));
#6941 = PCURVE('',#2494,#6942);
#6942 = DEFINITIONAL_REPRESENTATION('',(#6943),#6946);
#6943 = B_SPLINE_CURVE_WITH_KNOTS('',1,(#6944,#6945),.UNSPECIFIED.,.F.,
  .F.,(2,2),(251.9688,393.7008),.PIECEWISE_BEZIER_KNOTS.);
#6944 = CARTESIAN_POINT('',(314.9606,-251.9688));
#6945 = CARTESIAN_POINT('',(314.9606,-393.7008));
#6946 = ( GEOMETRIC_REPRESENTATION_CONTEXT(2) 
PARAMETRIC_REPRESENTATION_CONTEXT() REPRESENTATION_CONTEXT('2D SPACE',''
  ) );
#6947 = PCURVE('',#2567,#6948);
#6948 = DEFINITIONAL_REPRESENTATION('',(#6949),#6952);
#6949 = B_SPLINE_CURVE_WITH_KNOTS('',1,(#6950,#6951),.UNSPECIFIED.,.F.,
  .F.,(2,2),(251.9688,393.7008),.PIECEWISE_BEZIER_KNOTS.);
#6950 = CARTESIAN_POINT('',(0.,-251.9688));
#6951 = CARTESIAN_POINT('',(0.,-393.7008));
#6952 = ( GEOMETRIC_REPRESENTATION_CONTEXT(2) 
PARAMETRIC_REPRESENTATION_CONTEXT() REPRESENTATION_CONTEXT('2D SPACE',''
  ) );
#6953 = ADVANCED_FACE('',(#6954),#2567,.F.);
#6954 = FACE_BOUND('',#6955,.F.);
#6955 = EDGE_LOOP('',(#6956,#6957,#6958,#6978));
#6956 = ORIENTED_EDGE('',*,*,#2555,.F.);
#6957 = ORIENTED_EDGE('',*,*,#6936,.T.);
#6958 = ORIENTED_EDGE('',*,*,#6959,.T.);
#6959 = EDGE_CURVE('',#6917,#6960,#6962,.T.);
#6960 = VERTEX_POINT('',#6961);
#6961 = CARTESIAN_POINT('',(56.000111760224,-20.00004064008,
    30.000060960122));
#6962 = SURFACE_CURVE('',#6963,(#6966,#6972),.PCURVE_S1.);
#6963 = B_SPLINE_CURVE_WITH_KNOTS('',1,(#6964,#6965),.UNSPECIFIED.,.F.,
  .F.,(2,2),(0.,1.5748031E+03),.PIECEWISE_BEZIER_KNOTS.);
#6964 = CARTESIAN_POINT('',(16.000033020066,-20.00004064008,
    30.000060960122));
#6965 = CARTESIAN_POINT('',(56.000111760224,-20.00004064008,
    30.000060960122));
#6966 = PCURVE('',#2567,#6967);
#6967 = DEFINITIONAL_REPRESENTATION('',(#6968),#6971);
#6968 = B_SPLINE_CURVE_WITH_KNOTS('',1,(#6969,#6970),.UNSPECIFIED.,.F.,
  .F.,(2,2),(0.,1.5748031E+03),.PIECEWISE_BEZIER_KNOTS.);
#6969 = CARTESIAN_POINT('',(0.,-393.7008));
#6970 = CARTESIAN_POINT('',(1.5748031E+03,-393.7008));
#6971 = ( GEOMETRIC_REPRESENTATION_CONTEXT(2) 
PARAMETRIC_REPRESENTATION_CONTEXT() REPRESENTATION_CONTEXT('2D SPACE',''
  ) );
#6972 = PCURVE('',#2726,#6973);
#6973 = DEFINITIONAL_REPRESENTATION('',(#6974),#6977);
#6974 = B_SPLINE_CURVE_WITH_KNOTS('',1,(#6975,#6976),.UNSPECIFIED.,.F.,
  .F.,(2,2),(0.,1.5748031E+03),.PIECEWISE_BEZIER_KNOTS.);
#6975 = CARTESIAN_POINT('',(-678.991757342,944.8818));
#6976 = CARTESIAN_POINT('',(-678.991757342,-629.9212999999));
#6977 = ( GEOMETRIC_REPRESENTATION_CONTEXT(2) 
PARAMETRIC_REPRESENTATION_CONTEXT() REPRESENTATION_CONTEXT('2D SPACE',''
  ) );
#6978 = ORIENTED_EDGE('',*,*,#6979,.F.);
#6979 = EDGE_CURVE('',#2531,#6960,#6980,.T.);
#6980 = SURFACE_CURVE('',#6981,(#6984,#6990),.PCURVE_S1.);
#6981 = B_SPLINE_CURVE_WITH_KNOTS('',1,(#6982,#6983),.UNSPECIFIED.,.F.,
  .F.,(2,2),(251.9688,393.7008),.PIECEWISE_BEZIER_KNOTS.);
#6982 = CARTESIAN_POINT('',(56.000111760224,-20.00004064008,
    26.400060960122));
#6983 = CARTESIAN_POINT('',(56.000111760224,-20.00004064008,
    30.000060960122));
#6984 = PCURVE('',#2567,#6985);
#6985 = DEFINITIONAL_REPRESENTATION('',(#6986),#6989);
#6986 = B_SPLINE_CURVE_WITH_KNOTS('',1,(#6987,#6988),.UNSPECIFIED.,.F.,
  .F.,(2,2),(251.9688,393.7008),.PIECEWISE_BEZIER_KNOTS.);
#6987 = CARTESIAN_POINT('',(1.5748031E+03,-251.9688));
#6988 = CARTESIAN_POINT('',(1.5748031E+03,-393.7008));
#6989 = ( GEOMETRIC_REPRESENTATION_CONTEXT(2) 
PARAMETRIC_REPRESENTATION_CONTEXT() REPRESENTATION_CONTEXT('2D SPACE',''
  ) );
#6990 = PCURVE('',#2544,#6991);
#6991 = DEFINITIONAL_REPRESENTATION('',(#6992),#6995);
#6992 = B_SPLINE_CURVE_WITH_KNOTS('',1,(#6993,#6994),.UNSPECIFIED.,.F.,
  .F.,(2,2),(251.9688,393.7008),.PIECEWISE_BEZIER_KNOTS.);
#6993 = CARTESIAN_POINT('',(0.,-251.9688));
#6994 = CARTESIAN_POINT('',(0.,-393.7008));
#6995 = ( GEOMETRIC_REPRESENTATION_CONTEXT(2) 
PARAMETRIC_REPRESENTATION_CONTEXT() REPRESENTATION_CONTEXT('2D SPACE',''
  ) );
#6996 = ADVANCED_FACE('',(#6997),#2544,.F.);
#6997 = FACE_BOUND('',#6998,.F.);
#6998 = EDGE_LOOP('',(#6999,#7000,#7001,#7021));
#6999 = ORIENTED_EDGE('',*,*,#2530,.F.);
#7000 = ORIENTED_EDGE('',*,*,#6979,.T.);
#7001 = ORIENTED_EDGE('',*,*,#7002,.T.);
#7002 = EDGE_CURVE('',#6960,#7003,#7005,.T.);
#7003 = VERTEX_POINT('',#7004);
#7004 = CARTESIAN_POINT('',(56.000111760224,-28.00005588011,
    30.000060960122));
#7005 = SURFACE_CURVE('',#7006,(#7009,#7015),.PCURVE_S1.);
#7006 = B_SPLINE_CURVE_WITH_KNOTS('',1,(#7007,#7008),.UNSPECIFIED.,.F.,
  .F.,(2,2),(0.,314.9606),.PIECEWISE_BEZIER_KNOTS.);
#7007 = CARTESIAN_POINT('',(56.000111760224,-20.00004064008,
    30.000060960122));
#7008 = CARTESIAN_POINT('',(56.000111760224,-28.00005588011,
    30.000060960122));
#7009 = PCURVE('',#2544,#7010);
#7010 = DEFINITIONAL_REPRESENTATION('',(#7011),#7014);
#7011 = B_SPLINE_CURVE_WITH_KNOTS('',1,(#7012,#7013),.UNSPECIFIED.,.F.,
  .F.,(2,2),(0.,314.9606),.PIECEWISE_BEZIER_KNOTS.);
#7012 = CARTESIAN_POINT('',(0.,-393.7008));
#7013 = CARTESIAN_POINT('',(314.9606,-393.7008));
#7014 = ( GEOMETRIC_REPRESENTATION_CONTEXT(2) 
PARAMETRIC_REPRESENTATION_CONTEXT() REPRESENTATION_CONTEXT('2D SPACE',''
  ) );
#7015 = PCURVE('',#2726,#7016);
#7016 = DEFINITIONAL_REPRESENTATION('',(#7017),#7020);
#7017 = B_SPLINE_CURVE_WITH_KNOTS('',1,(#7018,#7019),.UNSPECIFIED.,.F.,
  .F.,(2,2),(0.,314.9606),.PIECEWISE_BEZIER_KNOTS.);
#7018 = CARTESIAN_POINT('',(-678.991757342,-629.9212999999));
#7019 = CARTESIAN_POINT('',(-364.031157342,-629.9212999999));
#7020 = ( GEOMETRIC_REPRESENTATION_CONTEXT(2) 
PARAMETRIC_REPRESENTATION_CONTEXT() REPRESENTATION_CONTEXT('2D SPACE',''
  ) );
#7021 = ORIENTED_EDGE('',*,*,#7022,.F.);
#7022 = EDGE_CURVE('',#2506,#7003,#7023,.T.);
#7023 = SURFACE_CURVE('',#7024,(#7027,#7033),.PCURVE_S1.);
#7024 = B_SPLINE_CURVE_WITH_KNOTS('',1,(#7025,#7026),.UNSPECIFIED.,.F.,
  .F.,(2,2),(251.9688,393.7008),.PIECEWISE_BEZIER_KNOTS.);
#7025 = CARTESIAN_POINT('',(56.000111760224,-28.00005588011,
    26.400060960122));
#7026 = CARTESIAN_POINT('',(56.000111760224,-28.00005588011,
    30.000060960122));
#7027 = PCURVE('',#2544,#7028);
#7028 = DEFINITIONAL_REPRESENTATION('',(#7029),#7032);
#7029 = B_SPLINE_CURVE_WITH_KNOTS('',1,(#7030,#7031),.UNSPECIFIED.,.F.,
  .F.,(2,2),(251.9688,393.7008),.PIECEWISE_BEZIER_KNOTS.);
#7030 = CARTESIAN_POINT('',(314.9606,-251.9688));
#7031 = CARTESIAN_POINT('',(314.9606,-393.7008));
#7032 = ( GEOMETRIC_REPRESENTATION_CONTEXT(2) 
PARAMETRIC_REPRESENTATION_CONTEXT() REPRESENTATION_CONTEXT('2D SPACE',''
  ) );
#7033 = PCURVE('',#2519,#7034);
#7034 = DEFINITIONAL_REPRESENTATION('',(#7035),#7038);
#7035 = B_SPLINE_CURVE_WITH_KNOTS('',1,(#7036,#7037),.UNSPECIFIED.,.F.,
  .F.,(2,2),(251.9688,393.7008),.PIECEWISE_BEZIER_KNOTS.);
#7036 = CARTESIAN_POINT('',(0.,-251.9688));
#7037 = CARTESIAN_POINT('',(0.,-393.7008));
#7038 = ( GEOMETRIC_REPRESENTATION_CONTEXT(2) 
PARAMETRIC_REPRESENTATION_CONTEXT() REPRESENTATION_CONTEXT('2D SPACE',''
  ) );
#7039 = ADVANCED_FACE('',(#7040),#2519,.F.);
#7040 = FACE_BOUND('',#7041,.F.);
#7041 = EDGE_LOOP('',(#7042,#7043,#7044,#7062));
#7042 = ORIENTED_EDGE('',*,*,#2505,.F.);
#7043 = ORIENTED_EDGE('',*,*,#7022,.T.);
#7044 = ORIENTED_EDGE('',*,*,#7045,.T.);
#7045 = EDGE_CURVE('',#7003,#6897,#7046,.T.);
#7046 = SURFACE_CURVE('',#7047,(#7050,#7056),.PCURVE_S1.);
#7047 = B_SPLINE_CURVE_WITH_KNOTS('',1,(#7048,#7049),.UNSPECIFIED.,.F.,
  .F.,(2,2),(0.,1.5748031E+03),.PIECEWISE_BEZIER_KNOTS.);
#7048 = CARTESIAN_POINT('',(56.000111760224,-28.00005588011,
    30.000060960122));
#7049 = CARTESIAN_POINT('',(16.000033020066,-28.00005588011,
    30.000060960122));
#7050 = PCURVE('',#2519,#7051);
#7051 = DEFINITIONAL_REPRESENTATION('',(#7052),#7055);
#7052 = B_SPLINE_CURVE_WITH_KNOTS('',1,(#7053,#7054),.UNSPECIFIED.,.F.,
  .F.,(2,2),(0.,1.5748031E+03),.PIECEWISE_BEZIER_KNOTS.);
#7053 = CARTESIAN_POINT('',(0.,-393.7008));
#7054 = CARTESIAN_POINT('',(1.5748031E+03,-393.7008));
#7055 = ( GEOMETRIC_REPRESENTATION_CONTEXT(2) 
PARAMETRIC_REPRESENTATION_CONTEXT() REPRESENTATION_CONTEXT('2D SPACE',''
  ) );
#7056 = PCURVE('',#2726,#7057);
#7057 = DEFINITIONAL_REPRESENTATION('',(#7058),#7061);
#7058 = B_SPLINE_CURVE_WITH_KNOTS('',1,(#7059,#7060),.UNSPECIFIED.,.F.,
  .F.,(2,2),(0.,1.5748031E+03),.PIECEWISE_BEZIER_KNOTS.);
#7059 = CARTESIAN_POINT('',(-364.031157342,-629.9212999999));
#7060 = CARTESIAN_POINT('',(-364.031157342,944.8818));
#7061 = ( GEOMETRIC_REPRESENTATION_CONTEXT(2) 
PARAMETRIC_REPRESENTATION_CONTEXT() REPRESENTATION_CONTEXT('2D SPACE',''
  ) );
#7062 = ORIENTED_EDGE('',*,*,#6896,.F.);
#7063 = ADVANCED_FACE('',(#7064),#2616,.T.);
#7064 = FACE_BOUND('',#7065,.T.);
#7065 = EDGE_LOOP('',(#7066,#7067,#7068,#7069,#7070,#7071,#7072,#7073,
    #7074,#7075,#7076,#7077,#7078,#7079,#7080,#7081,#7082,#7083,#7084,
    #7085,#7086,#7087,#7088,#7089,#7090,#7091,#7092,#7093,#7094,#7095,
    #7096,#7097,#7098,#7099,#7100,#7101,#7102,#7103,#7104,#7105,#7106,
    #7107,#7108,#7109,#7110,#7111,#7112,#7113,#7114,#7115,#7116,#7117,
    #7137,#7162,#7187,#7212,#7237,#7262,#7287,#7312,#7337,#7362,#7387,
    #7412,#7437,#7462,#7487,#7512,#7537,#7562,#7587,#7612,#7637,#7662,
    #7687,#7712,#7737,#7762,#7787,#7812,#7837,#7862,#7887,#7912,#7937,
    #7962,#7987,#8012,#8037,#8062,#8087,#8112,#8137,#8162,#8187,#8212,
    #8237,#8262,#8287,#8312));
#7066 = ORIENTED_EDGE('',*,*,#6826,.T.);
#7067 = ORIENTED_EDGE('',*,*,#6761,.T.);
#7068 = ORIENTED_EDGE('',*,*,#6674,.T.);
#7069 = ORIENTED_EDGE('',*,*,#6588,.T.);
#7070 = ORIENTED_EDGE('',*,*,#6502,.T.);
#7071 = ORIENTED_EDGE('',*,*,#6416,.T.);
#7072 = ORIENTED_EDGE('',*,*,#6330,.T.);
#7073 = ORIENTED_EDGE('',*,*,#6244,.T.);
#7074 = ORIENTED_EDGE('',*,*,#6158,.T.);
#7075 = ORIENTED_EDGE('',*,*,#6072,.T.);
#7076 = ORIENTED_EDGE('',*,*,#5986,.T.);
#7077 = ORIENTED_EDGE('',*,*,#5900,.T.);
#7078 = ORIENTED_EDGE('',*,*,#5814,.T.);
#7079 = ORIENTED_EDGE('',*,*,#5728,.T.);
#7080 = ORIENTED_EDGE('',*,*,#5642,.T.);
#7081 = ORIENTED_EDGE('',*,*,#5556,.T.);
#7082 = ORIENTED_EDGE('',*,*,#5470,.T.);
#7083 = ORIENTED_EDGE('',*,*,#5384,.T.);
#7084 = ORIENTED_EDGE('',*,*,#5298,.T.);
#7085 = ORIENTED_EDGE('',*,*,#5212,.T.);
#7086 = ORIENTED_EDGE('',*,*,#5126,.T.);
#7087 = ORIENTED_EDGE('',*,*,#5040,.T.);
#7088 = ORIENTED_EDGE('',*,*,#4954,.T.);
#7089 = ORIENTED_EDGE('',*,*,#4868,.T.);
#7090 = ORIENTED_EDGE('',*,*,#4782,.T.);
#7091 = ORIENTED_EDGE('',*,*,#4696,.T.);
#7092 = ORIENTED_EDGE('',*,*,#4610,.T.);
#7093 = ORIENTED_EDGE('',*,*,#4524,.T.);
#7094 = ORIENTED_EDGE('',*,*,#4438,.T.);
#7095 = ORIENTED_EDGE('',*,*,#4352,.T.);
#7096 = ORIENTED_EDGE('',*,*,#4266,.T.);
#7097 = ORIENTED_EDGE('',*,*,#4180,.T.);
#7098 = ORIENTED_EDGE('',*,*,#4094,.T.);
#7099 = ORIENTED_EDGE('',*,*,#4008,.T.);
#7100 = ORIENTED_EDGE('',*,*,#3922,.T.);
#7101 = ORIENTED_EDGE('',*,*,#3836,.T.);
#7102 = ORIENTED_EDGE('',*,*,#3750,.T.);
#7103 = ORIENTED_EDGE('',*,*,#3664,.T.);
#7104 = ORIENTED_EDGE('',*,*,#3578,.T.);
#7105 = ORIENTED_EDGE('',*,*,#3492,.T.);
#7106 = ORIENTED_EDGE('',*,*,#3406,.T.);
#7107 = ORIENTED_EDGE('',*,*,#3320,.T.);
#7108 = ORIENTED_EDGE('',*,*,#3234,.T.);
#7109 = ORIENTED_EDGE('',*,*,#3148,.T.);
#7110 = ORIENTED_EDGE('',*,*,#3062,.T.);
#7111 = ORIENTED_EDGE('',*,*,#2976,.T.);
#7112 = ORIENTED_EDGE('',*,*,#2890,.T.);
#7113 = ORIENTED_EDGE('',*,*,#2804,.T.);
#7114 = ORIENTED_EDGE('',*,*,#2668,.T.);
#7115 = ORIENTED_EDGE('',*,*,#2602,.T.);
#7116 = ORIENTED_EDGE('',*,*,#2762,.T.);
#7117 = ORIENTED_EDGE('',*,*,#7118,.T.);
#7118 = EDGE_CURVE('',#2738,#7119,#7121,.T.);
#7119 = VERTEX_POINT('',#7120);
#7120 = CARTESIAN_POINT('',(79.550161290323,-78.00015494031,
    28.400060960122));
#7121 = SURFACE_CURVE('',#7122,(#7125,#7131),.PCURVE_S1.);
#7122 = B_SPLINE_CURVE_WITH_KNOTS('',1,(#7123,#7124),.UNSPECIFIED.,.F.,
  .F.,(2,2),(-766.9208494354,2.229142150565E+03),
  .PIECEWISE_BEZIER_KNOTS.);
#7123 = CARTESIAN_POINT('',(79.550161290323,-1.900002540005,
    28.400060960122));
#7124 = CARTESIAN_POINT('',(79.550161290323,-78.00015494031,
    28.400060960122));
#7125 = PCURVE('',#2616,#7126);
#7126 = DEFINITIONAL_REPRESENTATION('',(#7127),#7130);
#7127 = B_SPLINE_CURVE_WITH_KNOTS('',1,(#7128,#7129),.UNSPECIFIED.,.F.,
  .F.,(2,2),(-766.9208494354,2.229142150565E+03),
  .PIECEWISE_BEZIER_KNOTS.);
#7128 = CARTESIAN_POINT('',(1.533841698871E+03,-1.55708675E+03));
#7129 = CARTESIAN_POINT('',(-1.462221301129E+03,-1.55708675E+03));
#7130 = ( GEOMETRIC_REPRESENTATION_CONTEXT(2) 
PARAMETRIC_REPRESENTATION_CONTEXT() REPRESENTATION_CONTEXT('2D SPACE',''
  ) );
#7131 = PCURVE('',#2751,#7132);
#7132 = DEFINITIONAL_REPRESENTATION('',(#7133),#7136);
#7133 = B_SPLINE_CURVE_WITH_KNOTS('',1,(#7134,#7135),.UNSPECIFIED.,.F.,
  .F.,(2,2),(-766.9208494354,2.229142150565E+03),
  .PIECEWISE_BEZIER_KNOTS.);
#7134 = CARTESIAN_POINT('',(0.,-78.74));
#7135 = CARTESIAN_POINT('',(2.996063E+03,-78.74));
#7136 = ( GEOMETRIC_REPRESENTATION_CONTEXT(2) 
PARAMETRIC_REPRESENTATION_CONTEXT() REPRESENTATION_CONTEXT('2D SPACE',''
  ) );
#7137 = ORIENTED_EDGE('',*,*,#7138,.T.);
#7138 = EDGE_CURVE('',#7119,#7139,#7141,.T.);
#7139 = VERTEX_POINT('',#7140);
#7140 = CARTESIAN_POINT('',(79.546547867765,-78.10593111436,
    28.400060960122));
#7141 = SURFACE_CURVE('',#7142,(#7145,#7151),.PCURVE_S1.);
#7142 = B_SPLINE_CURVE_WITH_KNOTS('',1,(#7143,#7144),.UNSPECIFIED.,.F.,
  .F.,(2,2),(704.10409425684,708.27093140226),.PIECEWISE_BEZIER_KNOTS.);
#7143 = CARTESIAN_POINT('',(79.550161290323,-78.00015494031,
    28.400060960122));
#7144 = CARTESIAN_POINT('',(79.546547867765,-78.10593111436,
    28.400060960122));
#7145 = PCURVE('',#2616,#7146);
#7146 = DEFINITIONAL_REPRESENTATION('',(#7147),#7150);
#7147 = B_SPLINE_CURVE_WITH_KNOTS('',1,(#7148,#7149),.UNSPECIFIED.,.F.,
  .F.,(2,2),(704.10409425684,708.27093140226),.PIECEWISE_BEZIER_KNOTS.);
#7148 = CARTESIAN_POINT('',(-1.462221301129E+03,-1.55708675E+03));
#7149 = CARTESIAN_POINT('',(-1.466385709102E+03,-1.556944489554E+03));
#7150 = ( GEOMETRIC_REPRESENTATION_CONTEXT(2) 
PARAMETRIC_REPRESENTATION_CONTEXT() REPRESENTATION_CONTEXT('2D SPACE',''
  ) );
#7151 = PCURVE('',#7152,#7157);
#7152 = B_SPLINE_SURFACE_WITH_KNOTS('',1,1,(
    (#7153,#7154)
    ,(#7155,#7156
    )),.UNSPECIFIED.,.F.,.F.,.F.,(2,2),(2,2),(0.,4.166837145422),(
    -141.732,-78.74),.PIECEWISE_BEZIER_KNOTS.);
#7153 = CARTESIAN_POINT('',(79.550161290323,-78.00015494031,
    30.000060960122));
#7154 = CARTESIAN_POINT('',(79.550161290323,-78.00015494031,
    28.400060960122));
#7155 = CARTESIAN_POINT('',(79.546547867765,-78.10593111436,
    30.000060960122));
#7156 = CARTESIAN_POINT('',(79.546547867765,-78.10593111436,
    28.400060960122));
#7157 = DEFINITIONAL_REPRESENTATION('',(#7158),#7161);
#7158 = B_SPLINE_CURVE_WITH_KNOTS('',1,(#7159,#7160),.UNSPECIFIED.,.F.,
  .F.,(2,2),(704.10409425684,708.27093140226),.PIECEWISE_BEZIER_KNOTS.);
#7159 = CARTESIAN_POINT('',(0.,-78.74));
#7160 = CARTESIAN_POINT('',(4.166837145422,-78.74));
#7161 = ( GEOMETRIC_REPRESENTATION_CONTEXT(2) 
PARAMETRIC_REPRESENTATION_CONTEXT() REPRESENTATION_CONTEXT('2D SPACE',''
  ) );
#7162 = ORIENTED_EDGE('',*,*,#7163,.T.);
#7163 = EDGE_CURVE('',#7139,#7164,#7166,.T.);
#7164 = VERTEX_POINT('',#7165);
#7165 = CARTESIAN_POINT('',(79.535724447535,-78.21121411106,
    28.400060960122));
#7166 = SURFACE_CURVE('',#7167,(#7170,#7176),.PCURVE_S1.);
#7167 = B_SPLINE_CURVE_WITH_KNOTS('',1,(#7168,#7169),.UNSPECIFIED.,.F.,
  .F.,(2,2),(649.73912728412,653.90596442954),.PIECEWISE_BEZIER_KNOTS.);
#7168 = CARTESIAN_POINT('',(79.546547867765,-78.10593111436,
    28.400060960122));
#7169 = CARTESIAN_POINT('',(79.535724447535,-78.21121411106,
    28.400060960122));
#7170 = PCURVE('',#2616,#7171);
#7171 = DEFINITIONAL_REPRESENTATION('',(#7172),#7175);
#7172 = B_SPLINE_CURVE_WITH_KNOTS('',1,(#7173,#7174),.UNSPECIFIED.,.F.,
  .F.,(2,2),(649.73912728412,653.90596442954),.PIECEWISE_BEZIER_KNOTS.);
#7173 = CARTESIAN_POINT('',(-1.466385709102E+03,-1.556944489554E+03));
#7174 = CARTESIAN_POINT('',(-1.470530700682E+03,-1.556518371499E+03));
#7175 = ( GEOMETRIC_REPRESENTATION_CONTEXT(2) 
PARAMETRIC_REPRESENTATION_CONTEXT() REPRESENTATION_CONTEXT('2D SPACE',''
  ) );
#7176 = PCURVE('',#7177,#7182);
#7177 = B_SPLINE_SURFACE_WITH_KNOTS('',1,1,(
    (#7178,#7179)
    ,(#7180,#7181
    )),.UNSPECIFIED.,.F.,.F.,.F.,(2,2),(2,2),(0.,4.166837145422),(
    -141.732,-78.74),.PIECEWISE_BEZIER_KNOTS.);
#7178 = CARTESIAN_POINT('',(79.546547867765,-78.10593111436,
    30.000060960122));
#7179 = CARTESIAN_POINT('',(79.546547867765,-78.10593111436,
    28.400060960122));
#7180 = CARTESIAN_POINT('',(79.535724447535,-78.21121411106,
    30.000060960122));
#7181 = CARTESIAN_POINT('',(79.535724447535,-78.21121411106,
    28.400060960122));
#7182 = DEFINITIONAL_REPRESENTATION('',(#7183),#7186);
#7183 = B_SPLINE_CURVE_WITH_KNOTS('',1,(#7184,#7185),.UNSPECIFIED.,.F.,
  .F.,(2,2),(649.73912728412,653.90596442954),.PIECEWISE_BEZIER_KNOTS.);
#7184 = CARTESIAN_POINT('',(0.,-78.74));
#7185 = CARTESIAN_POINT('',(4.166837145422,-78.74));
#7186 = ( GEOMETRIC_REPRESENTATION_CONTEXT(2) 
PARAMETRIC_REPRESENTATION_CONTEXT() REPRESENTATION_CONTEXT('2D SPACE',''
  ) );
#7187 = ORIENTED_EDGE('',*,*,#7188,.T.);
#7188 = EDGE_CURVE('',#7164,#7189,#7191,.T.);
#7189 = VERTEX_POINT('',#7190);
#7190 = CARTESIAN_POINT('',(79.517741493414,-78.31551305249,
    28.400060960122));
#7191 = SURFACE_CURVE('',#7192,(#7195,#7201),.PCURVE_S1.);
#7192 = B_SPLINE_CURVE_WITH_KNOTS('',1,(#7193,#7194),.UNSPECIFIED.,.F.,
  .F.,(2,2),(592.33991963829,596.50675678372),.PIECEWISE_BEZIER_KNOTS.);
#7193 = CARTESIAN_POINT('',(79.535724447535,-78.21121411106,
    28.400060960122));
#7194 = CARTESIAN_POINT('',(79.517741493414,-78.31551305249,
    28.400060960122));
#7195 = PCURVE('',#2616,#7196);
#7196 = DEFINITIONAL_REPRESENTATION('',(#7197),#7200);
#7197 = B_SPLINE_CURVE_WITH_KNOTS('',1,(#7198,#7199),.UNSPECIFIED.,.F.,
  .F.,(2,2),(592.33991963829,596.50675678372),.PIECEWISE_BEZIER_KNOTS.);
#7198 = CARTESIAN_POINT('',(-1.470530700682E+03,-1.556518371499E+03));
#7199 = CARTESIAN_POINT('',(-1.474636950006E+03,-1.555810382596E+03));
#7200 = ( GEOMETRIC_REPRESENTATION_CONTEXT(2) 
PARAMETRIC_REPRESENTATION_CONTEXT() REPRESENTATION_CONTEXT('2D SPACE',''
  ) );
#7201 = PCURVE('',#7202,#7207);
#7202 = B_SPLINE_SURFACE_WITH_KNOTS('',1,1,(
    (#7203,#7204)
    ,(#7205,#7206
    )),.UNSPECIFIED.,.F.,.F.,.F.,(2,2),(2,2),(0.,4.166837145422),(
    -141.732,-78.74),.PIECEWISE_BEZIER_KNOTS.);
#7203 = CARTESIAN_POINT('',(79.535724447535,-78.21121411106,
    30.000060960122));
#7204 = CARTESIAN_POINT('',(79.535724447535,-78.21121411106,
    28.400060960122));
#7205 = CARTESIAN_POINT('',(79.517741493414,-78.31551305249,
    30.000060960122));
#7206 = CARTESIAN_POINT('',(79.517741493414,-78.31551305249,
    28.400060960122));
#7207 = DEFINITIONAL_REPRESENTATION('',(#7208),#7211);
#7208 = B_SPLINE_CURVE_WITH_KNOTS('',1,(#7209,#7210),.UNSPECIFIED.,.F.,
  .F.,(2,2),(592.33991963829,596.50675678372),.PIECEWISE_BEZIER_KNOTS.);
#7209 = CARTESIAN_POINT('',(0.,-78.74));
#7210 = CARTESIAN_POINT('',(4.166837145422,-78.74));
#7211 = ( GEOMETRIC_REPRESENTATION_CONTEXT(2) 
PARAMETRIC_REPRESENTATION_CONTEXT() REPRESENTATION_CONTEXT('2D SPACE',''
  ) );
#7212 = ORIENTED_EDGE('',*,*,#7213,.T.);
#7213 = EDGE_CURVE('',#7189,#7214,#7216,.T.);
#7214 = VERTEX_POINT('',#7215);
#7215 = CARTESIAN_POINT('',(79.492682850236,-78.41834164881,
    28.400060960122));
#7216 = SURFACE_CURVE('',#7217,(#7220,#7226),.PCURVE_S1.);
#7217 = B_SPLINE_CURVE_WITH_KNOTS('',1,(#7218,#7219),.UNSPECIFIED.,.F.,
  .F.,(2,2),(532.17409292228,536.3409300677),.PIECEWISE_BEZIER_KNOTS.);
#7218 = CARTESIAN_POINT('',(79.517741493414,-78.31551305249,
    28.400060960122));
#7219 = CARTESIAN_POINT('',(79.492682850236,-78.41834164881,
    28.400060960122));
#7220 = PCURVE('',#2616,#7221);
#7221 = DEFINITIONAL_REPRESENTATION('',(#7222),#7225);
#7222 = B_SPLINE_CURVE_WITH_KNOTS('',1,(#7223,#7224),.UNSPECIFIED.,.F.,
  .F.,(2,2),(532.17409292228,536.3409300677),.PIECEWISE_BEZIER_KNOTS.);
#7223 = CARTESIAN_POINT('',(-1.474636950006E+03,-1.555810382596E+03));
#7224 = CARTESIAN_POINT('',(-1.478685311843E+03,-1.554823823814E+03));
#7225 = ( GEOMETRIC_REPRESENTATION_CONTEXT(2) 
PARAMETRIC_REPRESENTATION_CONTEXT() REPRESENTATION_CONTEXT('2D SPACE',''
  ) );
#7226 = PCURVE('',#7227,#7232);
#7227 = B_SPLINE_SURFACE_WITH_KNOTS('',1,1,(
    (#7228,#7229)
    ,(#7230,#7231
    )),.UNSPECIFIED.,.F.,.F.,.F.,(2,2),(2,2),(0.,4.166837145422),(
    -141.732,-78.74),.PIECEWISE_BEZIER_KNOTS.);
#7228 = CARTESIAN_POINT('',(79.517741493414,-78.31551305249,
    30.000060960122));
#7229 = CARTESIAN_POINT('',(79.517741493414,-78.31551305249,
    28.400060960122));
#7230 = CARTESIAN_POINT('',(79.492682850236,-78.41834164881,
    30.000060960122));
#7231 = CARTESIAN_POINT('',(79.492682850236,-78.41834164881,
    28.400060960122));
#7232 = DEFINITIONAL_REPRESENTATION('',(#7233),#7236);
#7233 = B_SPLINE_CURVE_WITH_KNOTS('',1,(#7234,#7235),.UNSPECIFIED.,.F.,
  .F.,(2,2),(532.17409292228,536.3409300677),.PIECEWISE_BEZIER_KNOTS.);
#7234 = CARTESIAN_POINT('',(0.,-78.74));
#7235 = CARTESIAN_POINT('',(4.166837145422,-78.74));
#7236 = ( GEOMETRIC_REPRESENTATION_CONTEXT(2) 
PARAMETRIC_REPRESENTATION_CONTEXT() REPRESENTATION_CONTEXT('2D SPACE',''
  ) );
#7237 = ORIENTED_EDGE('',*,*,#7238,.T.);
#7238 = EDGE_CURVE('',#7214,#7239,#7241,.T.);
#7239 = VERTEX_POINT('',#7240);
#7240 = CARTESIAN_POINT('',(79.460665352963,-78.51922046566,
    28.400060960122));
#7241 = SURFACE_CURVE('',#7242,(#7245,#7251),.PCURVE_S1.);
#7242 = B_SPLINE_CURVE_WITH_KNOTS('',1,(#7243,#7244),.UNSPECIFIED.,.F.,
  .F.,(2,2),(469.52216799404,473.68900513946),.PIECEWISE_BEZIER_KNOTS.);
#7243 = CARTESIAN_POINT('',(79.492682850236,-78.41834164881,
    28.400060960122));
#7244 = CARTESIAN_POINT('',(79.460665352963,-78.51922046566,
    28.400060960122));
#7245 = PCURVE('',#2616,#7246);
#7246 = DEFINITIONAL_REPRESENTATION('',(#7247),#7250);
#7247 = B_SPLINE_CURVE_WITH_KNOTS('',1,(#7248,#7249),.UNSPECIFIED.,.F.,
  .F.,(2,2),(469.52216799404,473.68900513946),.PIECEWISE_BEZIER_KNOTS.);
#7248 = CARTESIAN_POINT('',(-1.478685311843E+03,-1.554823823814E+03));
#7249 = CARTESIAN_POINT('',(-1.482656910862E+03,-1.553563294946E+03));
#7250 = ( GEOMETRIC_REPRESENTATION_CONTEXT(2) 
PARAMETRIC_REPRESENTATION_CONTEXT() REPRESENTATION_CONTEXT('2D SPACE',''
  ) );
#7251 = PCURVE('',#7252,#7257);
#7252 = B_SPLINE_SURFACE_WITH_KNOTS('',1,1,(
    (#7253,#7254)
    ,(#7255,#7256
    )),.UNSPECIFIED.,.F.,.F.,.F.,(2,2),(2,2),(0.,4.166837145422),(
    -141.732,-78.74),.PIECEWISE_BEZIER_KNOTS.);
#7253 = CARTESIAN_POINT('',(79.492682850236,-78.41834164881,
    30.000060960122));
#7254 = CARTESIAN_POINT('',(79.492682850236,-78.41834164881,
    28.400060960122));
#7255 = CARTESIAN_POINT('',(79.460665352963,-78.51922046566,
    30.000060960122));
#7256 = CARTESIAN_POINT('',(79.460665352963,-78.51922046566,
    28.400060960122));
#7257 = DEFINITIONAL_REPRESENTATION('',(#7258),#7261);
#7258 = B_SPLINE_CURVE_WITH_KNOTS('',1,(#7259,#7260),.UNSPECIFIED.,.F.,
  .F.,(2,2),(469.52216799404,473.68900513946),.PIECEWISE_BEZIER_KNOTS.);
#7259 = CARTESIAN_POINT('',(0.,-78.74));
#7260 = CARTESIAN_POINT('',(4.166837145422,-78.74));
#7261 = ( GEOMETRIC_REPRESENTATION_CONTEXT(2) 
PARAMETRIC_REPRESENTATION_CONTEXT() REPRESENTATION_CONTEXT('2D SPACE',''
  ) );
#7262 = ORIENTED_EDGE('',*,*,#7263,.T.);
#7263 = EDGE_CURVE('',#7239,#7264,#7266,.T.);
#7264 = VERTEX_POINT('',#7265);
#7265 = CARTESIAN_POINT('',(79.421838281947,-78.61767915942,
    28.400060960122));
#7266 = SURFACE_CURVE('',#7267,(#7270,#7276),.PCURVE_S1.);
#7267 = B_SPLINE_CURVE_WITH_KNOTS('',1,(#7268,#7269),.UNSPECIFIED.,.F.,
  .F.,(2,2),(404.67625704832,408.84309419374),.PIECEWISE_BEZIER_KNOTS.);
#7268 = CARTESIAN_POINT('',(79.460665352963,-78.51922046566,
    28.400060960122));
#7269 = CARTESIAN_POINT('',(79.421838281947,-78.61767915942,
    28.400060960122));
#7270 = PCURVE('',#2616,#7271);
#7271 = DEFINITIONAL_REPRESENTATION('',(#7272),#7275);
#7272 = B_SPLINE_CURVE_WITH_KNOTS('',1,(#7273,#7274),.UNSPECIFIED.,.F.,
  .F.,(2,2),(404.67625704832,408.84309419374),.PIECEWISE_BEZIER_KNOTS.);
#7273 = CARTESIAN_POINT('',(-1.482656910862E+03,-1.553563294946E+03));
#7274 = CARTESIAN_POINT('',(-1.486533229636E+03,-1.55203467316E+03));
#7275 = ( GEOMETRIC_REPRESENTATION_CONTEXT(2) 
PARAMETRIC_REPRESENTATION_CONTEXT() REPRESENTATION_CONTEXT('2D SPACE',''
  ) );
#7276 = PCURVE('',#7277,#7282);
#7277 = B_SPLINE_SURFACE_WITH_KNOTS('',1,1,(
    (#7278,#7279)
    ,(#7280,#7281
    )),.UNSPECIFIED.,.F.,.F.,.F.,(2,2),(2,2),(0.,4.166837145422),(
    -141.732,-78.74),.PIECEWISE_BEZIER_KNOTS.);
#7278 = CARTESIAN_POINT('',(79.460665352963,-78.51922046566,
    30.000060960122));
#7279 = CARTESIAN_POINT('',(79.460665352963,-78.51922046566,
    28.400060960122));
#7280 = CARTESIAN_POINT('',(79.421838281947,-78.61767915942,
    30.000060960122));
#7281 = CARTESIAN_POINT('',(79.421838281947,-78.61767915942,
    28.400060960122));
#7282 = DEFINITIONAL_REPRESENTATION('',(#7283),#7286);
#7283 = B_SPLINE_CURVE_WITH_KNOTS('',1,(#7284,#7285),.UNSPECIFIED.,.F.,
  .F.,(2,2),(404.67625704832,408.84309419374),.PIECEWISE_BEZIER_KNOTS.);
#7284 = CARTESIAN_POINT('',(2.273736754432E-13,-78.74));
#7285 = CARTESIAN_POINT('',(4.166837145422,-78.74));
#7286 = ( GEOMETRIC_REPRESENTATION_CONTEXT(2) 
PARAMETRIC_REPRESENTATION_CONTEXT() REPRESENTATION_CONTEXT('2D SPACE',''
  ) );
#7287 = ORIENTED_EDGE('',*,*,#7288,.T.);
#7288 = EDGE_CURVE('',#7264,#7289,#7291,.T.);
#7289 = VERTEX_POINT('',#7290);
#7290 = CARTESIAN_POINT('',(79.376382666916,-78.71325867021,
    28.400060960122));
#7291 = SURFACE_CURVE('',#7292,(#7295,#7301),.PCURVE_S1.);
#7292 = B_SPLINE_CURVE_WITH_KNOTS('',1,(#7293,#7294),.UNSPECIFIED.,.F.,
  .F.,(2,2),(337.93870165687,342.10553880229),.PIECEWISE_BEZIER_KNOTS.);
#7293 = CARTESIAN_POINT('',(79.421838281947,-78.61767915942,
    28.400060960122));
#7294 = CARTESIAN_POINT('',(79.376382666916,-78.71325867021,
    28.400060960122));
#7295 = PCURVE('',#2616,#7296);
#7296 = DEFINITIONAL_REPRESENTATION('',(#7297),#7300);
#7297 = B_SPLINE_CURVE_WITH_KNOTS('',1,(#7298,#7299),.UNSPECIFIED.,.F.,
  .F.,(2,2),(337.93870165687,342.10553880229),.PIECEWISE_BEZIER_KNOTS.);
#7298 = CARTESIAN_POINT('',(-1.486533229636E+03,-1.55203467316E+03));
#7299 = CARTESIAN_POINT('',(-1.490296194975E+03,-1.550245085596E+03));
#7300 = ( GEOMETRIC_REPRESENTATION_CONTEXT(2) 
PARAMETRIC_REPRESENTATION_CONTEXT() REPRESENTATION_CONTEXT('2D SPACE',''
  ) );
#7301 = PCURVE('',#7302,#7307);
#7302 = B_SPLINE_SURFACE_WITH_KNOTS('',1,1,(
    (#7303,#7304)
    ,(#7305,#7306
    )),.UNSPECIFIED.,.F.,.F.,.F.,(2,2),(2,2),(0.,4.166837145422),(
    -141.732,-78.74),.PIECEWISE_BEZIER_KNOTS.);
#7303 = CARTESIAN_POINT('',(79.421838281947,-78.61767915942,
    30.000060960122));
#7304 = CARTESIAN_POINT('',(79.421838281947,-78.61767915942,
    28.400060960122));
#7305 = CARTESIAN_POINT('',(79.376382666916,-78.71325867021,
    30.000060960122));
#7306 = CARTESIAN_POINT('',(79.376382666916,-78.71325867021,
    28.400060960122));
#7307 = DEFINITIONAL_REPRESENTATION('',(#7308),#7311);
#7308 = B_SPLINE_CURVE_WITH_KNOTS('',1,(#7309,#7310),.UNSPECIFIED.,.F.,
  .F.,(2,2),(337.93870165687,342.10553880229),.PIECEWISE_BEZIER_KNOTS.);
#7309 = CARTESIAN_POINT('',(0.,-78.74));
#7310 = CARTESIAN_POINT('',(4.166837145422,-78.74));
#7311 = ( GEOMETRIC_REPRESENTATION_CONTEXT(2) 
PARAMETRIC_REPRESENTATION_CONTEXT() REPRESENTATION_CONTEXT('2D SPACE',''
  ) );
#7312 = ORIENTED_EDGE('',*,*,#7313,.T.);
#7313 = EDGE_CURVE('',#7289,#7314,#7316,.T.);
#7314 = VERTEX_POINT('',#7315);
#7315 = CARTESIAN_POINT('',(79.324510442931,-78.80551336223,
    28.400060960122));
#7316 = SURFACE_CURVE('',#7317,(#7320,#7326),.PCURVE_S1.);
#7317 = B_SPLINE_CURVE_WITH_KNOTS('',1,(#7318,#7319),.UNSPECIFIED.,.F.,
  .F.,(2,2),(269.62066310967,273.78750025509),.PIECEWISE_BEZIER_KNOTS.);
#7318 = CARTESIAN_POINT('',(79.376382666916,-78.71325867021,
    28.400060960122));
#7319 = CARTESIAN_POINT('',(79.324510442931,-78.80551336223,
    28.400060960122));
#7320 = PCURVE('',#2616,#7321);
#7321 = DEFINITIONAL_REPRESENTATION('',(#7322),#7325);
#7322 = B_SPLINE_CURVE_WITH_KNOTS('',1,(#7323,#7324),.UNSPECIFIED.,.F.,
  .F.,(2,2),(269.62066310967,273.78750025509),.PIECEWISE_BEZIER_KNOTS.);
#7323 = CARTESIAN_POINT('',(-1.490296194975E+03,-1.550245085596E+03));
#7324 = CARTESIAN_POINT('',(-1.4939282622E+03,-1.548202876138E+03));
#7325 = ( GEOMETRIC_REPRESENTATION_CONTEXT(2) 
PARAMETRIC_REPRESENTATION_CONTEXT() REPRESENTATION_CONTEXT('2D SPACE',''
  ) );
#7326 = PCURVE('',#7327,#7332);
#7327 = B_SPLINE_SURFACE_WITH_KNOTS('',1,1,(
    (#7328,#7329)
    ,(#7330,#7331
    )),.UNSPECIFIED.,.F.,.F.,.F.,(2,2),(2,2),(0.,4.166837145422),(
    -141.732,-78.74),.PIECEWISE_BEZIER_KNOTS.);
#7328 = CARTESIAN_POINT('',(79.376382666916,-78.71325867021,
    30.000060960122));
#7329 = CARTESIAN_POINT('',(79.376382666916,-78.71325867021,
    28.400060960122));
#7330 = CARTESIAN_POINT('',(79.324510442931,-78.80551336223,
    30.000060960122));
#7331 = CARTESIAN_POINT('',(79.324510442931,-78.80551336223,
    28.400060960122));
#7332 = DEFINITIONAL_REPRESENTATION('',(#7333),#7336);
#7333 = B_SPLINE_CURVE_WITH_KNOTS('',1,(#7334,#7335),.UNSPECIFIED.,.F.,
  .F.,(2,2),(269.62066310967,273.78750025509),.PIECEWISE_BEZIER_KNOTS.);
#7334 = CARTESIAN_POINT('',(0.,-78.74));
#7335 = CARTESIAN_POINT('',(4.166837145422,-78.74));
#7336 = ( GEOMETRIC_REPRESENTATION_CONTEXT(2) 
PARAMETRIC_REPRESENTATION_CONTEXT() REPRESENTATION_CONTEXT('2D SPACE',''
  ) );
#7337 = ORIENTED_EDGE('',*,*,#7338,.T.);
#7338 = EDGE_CURVE('',#7314,#7339,#7341,.T.);
#7339 = VERTEX_POINT('',#7340);
#7340 = CARTESIAN_POINT('',(79.266463462245,-78.89401310151,
    28.400060960122));
#7341 = SURFACE_CURVE('',#7342,(#7345,#7351),.PCURVE_S1.);
#7342 = B_SPLINE_CURVE_WITH_KNOTS('',1,(#7343,#7344),.UNSPECIFIED.,.F.,
  .F.,(2,2),(200.04067163955,204.20750878498),.PIECEWISE_BEZIER_KNOTS.);
#7343 = CARTESIAN_POINT('',(79.324510442931,-78.80551336223,
    28.400060960122));
#7344 = CARTESIAN_POINT('',(79.266463462245,-78.89401310151,
    28.400060960122));
#7345 = PCURVE('',#2616,#7346);
#7346 = DEFINITIONAL_REPRESENTATION('',(#7347),#7350);
#7347 = B_SPLINE_CURVE_WITH_KNOTS('',1,(#7348,#7349),.UNSPECIFIED.,.F.,
  .F.,(2,2),(200.04067163955,204.20750878498),.PIECEWISE_BEZIER_KNOTS.);
#7348 = CARTESIAN_POINT('',(-1.4939282622E+03,-1.548202876138E+03));
#7349 = CARTESIAN_POINT('',(-1.497412496936E+03,-1.545917566509E+03));
#7350 = ( GEOMETRIC_REPRESENTATION_CONTEXT(2) 
PARAMETRIC_REPRESENTATION_CONTEXT() REPRESENTATION_CONTEXT('2D SPACE',''
  ) );
#7351 = PCURVE('',#7352,#7357);
#7352 = B_SPLINE_SURFACE_WITH_KNOTS('',1,1,(
    (#7353,#7354)
    ,(#7355,#7356
    )),.UNSPECIFIED.,.F.,.F.,.F.,(2,2),(2,2),(0.,4.166837145422),(
    -141.732,-78.74),.PIECEWISE_BEZIER_KNOTS.);
#7353 = CARTESIAN_POINT('',(79.324510442931,-78.80551336223,
    30.000060960122));
#7354 = CARTESIAN_POINT('',(79.324510442931,-78.80551336223,
    28.400060960122));
#7355 = CARTESIAN_POINT('',(79.266463462245,-78.89401310151,
    30.000060960122));
#7356 = CARTESIAN_POINT('',(79.266463462245,-78.89401310151,
    28.400060960122));
#7357 = DEFINITIONAL_REPRESENTATION('',(#7358),#7361);
#7358 = B_SPLINE_CURVE_WITH_KNOTS('',1,(#7359,#7360),.UNSPECIFIED.,.F.,
  .F.,(2,2),(200.04067163955,204.20750878498),.PIECEWISE_BEZIER_KNOTS.);
#7359 = CARTESIAN_POINT('',(-2.273736754432E-13,-78.74));
#7360 = CARTESIAN_POINT('',(4.166837145422,-78.74));
#7361 = ( GEOMETRIC_REPRESENTATION_CONTEXT(2) 
PARAMETRIC_REPRESENTATION_CONTEXT() REPRESENTATION_CONTEXT('2D SPACE',''
  ) );
#7362 = ORIENTED_EDGE('',*,*,#7363,.T.);
#7363 = EDGE_CURVE('',#7339,#7364,#7366,.T.);
#7364 = VERTEX_POINT('',#7365);
#7365 = CARTESIAN_POINT('',(79.202512366678,-78.97834526143,
    28.400060960122));
#7366 = SURFACE_CURVE('',#7367,(#7370,#7376),.PCURVE_S1.);
#7367 = B_SPLINE_CURVE_WITH_KNOTS('',1,(#7368,#7369),.UNSPECIFIED.,.F.,
  .F.,(2,2),(129.52314128602,133.68997843144),.PIECEWISE_BEZIER_KNOTS.);
#7368 = CARTESIAN_POINT('',(79.266463462245,-78.89401310151,
    28.400060960122));
#7369 = CARTESIAN_POINT('',(79.202512366678,-78.97834526143,
    28.400060960122));
#7370 = PCURVE('',#2616,#7371);
#7371 = DEFINITIONAL_REPRESENTATION('',(#7372),#7375);
#7372 = B_SPLINE_CURVE_WITH_KNOTS('',1,(#7373,#7374),.UNSPECIFIED.,.F.,
  .F.,(2,2),(129.52314128602,133.68997843144),.PIECEWISE_BEZIER_KNOTS.);
#7373 = CARTESIAN_POINT('',(-1.497412496936E+03,-1.545917566509E+03));
#7374 = CARTESIAN_POINT('',(-1.500732654072E+03,-1.543399811876E+03));
#7375 = ( GEOMETRIC_REPRESENTATION_CONTEXT(2) 
PARAMETRIC_REPRESENTATION_CONTEXT() REPRESENTATION_CONTEXT('2D SPACE',''
  ) );
#7376 = PCURVE('',#7377,#7382);
#7377 = B_SPLINE_SURFACE_WITH_KNOTS('',1,1,(
    (#7378,#7379)
    ,(#7380,#7381
    )),.UNSPECIFIED.,.F.,.F.,.F.,(2,2),(2,2),(0.,4.166837145422),(
    -141.732,-78.74),.PIECEWISE_BEZIER_KNOTS.);
#7378 = CARTESIAN_POINT('',(79.266463462245,-78.89401310151,
    30.000060960122));
#7379 = CARTESIAN_POINT('',(79.266463462245,-78.89401310151,
    28.400060960122));
#7380 = CARTESIAN_POINT('',(79.202512366678,-78.97834526143,
    30.000060960122));
#7381 = CARTESIAN_POINT('',(79.202512366678,-78.97834526143,
    28.400060960122));
#7382 = DEFINITIONAL_REPRESENTATION('',(#7383),#7386);
#7383 = B_SPLINE_CURVE_WITH_KNOTS('',1,(#7384,#7385),.UNSPECIFIED.,.F.,
  .F.,(2,2),(129.52314128602,133.68997843144),.PIECEWISE_BEZIER_KNOTS.);
#7384 = CARTESIAN_POINT('',(-2.273736754432E-13,-78.74));
#7385 = CARTESIAN_POINT('',(4.166837145422,-78.74));
#7386 = ( GEOMETRIC_REPRESENTATION_CONTEXT(2) 
PARAMETRIC_REPRESENTATION_CONTEXT() REPRESENTATION_CONTEXT('2D SPACE',''
  ) );
#7387 = ORIENTED_EDGE('',*,*,#7388,.T.);
#7388 = EDGE_CURVE('',#7364,#7389,#7391,.T.);
#7389 = VERTEX_POINT('',#7390);
#7390 = CARTESIAN_POINT('',(79.132955325759,-79.05811664652,
    28.400060960122));
#7391 = SURFACE_CURVE('',#7392,(#7395,#7401),.PCURVE_S1.);
#7392 = B_SPLINE_CURVE_WITH_KNOTS('',1,(#7393,#7394),.UNSPECIFIED.,.F.,
  .F.,(2,2),(58.396857328048,62.563694473469),.PIECEWISE_BEZIER_KNOTS.);
#7393 = CARTESIAN_POINT('',(79.202512366678,-78.97834526143,
    28.400060960122));
#7394 = CARTESIAN_POINT('',(79.132955325759,-79.05811664652,
    28.400060960122));
#7395 = PCURVE('',#2616,#7396);
#7396 = DEFINITIONAL_REPRESENTATION('',(#7397),#7400);
#7397 = B_SPLINE_CURVE_WITH_KNOTS('',1,(#7398,#7399),.UNSPECIFIED.,.F.,
  .F.,(2,2),(58.396857328048,62.563694473469),.PIECEWISE_BEZIER_KNOTS.);
#7398 = CARTESIAN_POINT('',(-1.500732654072E+03,-1.543399811876E+03));
#7399 = CARTESIAN_POINT('',(-1.503873253503E+03,-1.540661351175E+03));
#7400 = ( GEOMETRIC_REPRESENTATION_CONTEXT(2) 
PARAMETRIC_REPRESENTATION_CONTEXT() REPRESENTATION_CONTEXT('2D SPACE',''
  ) );
#7401 = PCURVE('',#7402,#7407);
#7402 = B_SPLINE_SURFACE_WITH_KNOTS('',1,1,(
    (#7403,#7404)
    ,(#7405,#7406
    )),.UNSPECIFIED.,.F.,.F.,.F.,(2,2),(2,2),(0.,4.166837145422),(
    -141.732,-78.74),.PIECEWISE_BEZIER_KNOTS.);
#7403 = CARTESIAN_POINT('',(79.202512366678,-78.97834526143,
    30.000060960122));
#7404 = CARTESIAN_POINT('',(79.202512366678,-78.97834526143,
    28.400060960122));
#7405 = CARTESIAN_POINT('',(79.132955325759,-79.05811664652,
    30.000060960122));
#7406 = CARTESIAN_POINT('',(79.132955325759,-79.05811664652,
    28.400060960122));
#7407 = DEFINITIONAL_REPRESENTATION('',(#7408),#7411);
#7408 = B_SPLINE_CURVE_WITH_KNOTS('',1,(#7409,#7410),.UNSPECIFIED.,.F.,
  .F.,(2,2),(58.396857328048,62.563694473469),.PIECEWISE_BEZIER_KNOTS.);
#7409 = CARTESIAN_POINT('',(0.,-78.74));
#7410 = CARTESIAN_POINT('',(4.166837145422,-78.74));
#7411 = ( GEOMETRIC_REPRESENTATION_CONTEXT(2) 
PARAMETRIC_REPRESENTATION_CONTEXT() REPRESENTATION_CONTEXT('2D SPACE',''
  ) );
#7412 = ORIENTED_EDGE('',*,*,#7413,.T.);
#7413 = EDGE_CURVE('',#7389,#7414,#7416,.T.);
#7414 = VERTEX_POINT('',#7415);
#7415 = CARTESIAN_POINT('',(79.05811664652,-79.13295532575,
    28.400060960122));
#7416 = SURFACE_CURVE('',#7417,(#7420,#7426),.PCURVE_S1.);
#7417 = B_SPLINE_CURVE_WITH_KNOTS('',1,(#7418,#7419),.UNSPECIFIED.,.F.,
  .F.,(2,2),(-13.00655666559,-8.839719520173),.PIECEWISE_BEZIER_KNOTS.);
#7418 = CARTESIAN_POINT('',(79.132955325759,-79.05811664652,
    28.400060960122));
#7419 = CARTESIAN_POINT('',(79.05811664652,-79.13295532575,
    28.400060960122));
#7420 = PCURVE('',#2616,#7421);
#7421 = DEFINITIONAL_REPRESENTATION('',(#7422),#7425);
#7422 = B_SPLINE_CURVE_WITH_KNOTS('',1,(#7423,#7424),.UNSPECIFIED.,.F.,
  .F.,(2,2),(-13.00655666559,-8.839719520173),.PIECEWISE_BEZIER_KNOTS.);
#7423 = CARTESIAN_POINT('',(-1.503873253503E+03,-1.540661351175E+03));
#7424 = CARTESIAN_POINT('',(-1.506819652304E+03,-1.537714952373E+03));
#7425 = ( GEOMETRIC_REPRESENTATION_CONTEXT(2) 
PARAMETRIC_REPRESENTATION_CONTEXT() REPRESENTATION_CONTEXT('2D SPACE',''
  ) );
#7426 = PCURVE('',#7427,#7432);
#7427 = B_SPLINE_SURFACE_WITH_KNOTS('',1,1,(
    (#7428,#7429)
    ,(#7430,#7431
    )),.UNSPECIFIED.,.F.,.F.,.F.,(2,2),(2,2),(0.,4.166837145422),(
    -141.732,-78.74),.PIECEWISE_BEZIER_KNOTS.);
#7428 = CARTESIAN_POINT('',(79.132955325759,-79.05811664652,
    30.000060960122));
#7429 = CARTESIAN_POINT('',(79.132955325759,-79.05811664652,
    28.400060960122));
#7430 = CARTESIAN_POINT('',(79.05811664652,-79.13295532575,
    30.000060960122));
#7431 = CARTESIAN_POINT('',(79.05811664652,-79.13295532575,
    28.400060960122));
#7432 = DEFINITIONAL_REPRESENTATION('',(#7433),#7436);
#7433 = B_SPLINE_CURVE_WITH_KNOTS('',1,(#7434,#7435),.UNSPECIFIED.,.F.,
  .F.,(2,2),(-13.00655666559,-8.839719520173),.PIECEWISE_BEZIER_KNOTS.);
#7434 = CARTESIAN_POINT('',(4.547473508865E-13,-78.74));
#7435 = CARTESIAN_POINT('',(4.166837145422,-78.74));
#7436 = ( GEOMETRIC_REPRESENTATION_CONTEXT(2) 
PARAMETRIC_REPRESENTATION_CONTEXT() REPRESENTATION_CONTEXT('2D SPACE',''
  ) );
#7437 = ORIENTED_EDGE('',*,*,#7438,.T.);
#7438 = EDGE_CURVE('',#7414,#7439,#7441,.T.);
#7439 = VERTEX_POINT('',#7440);
#7440 = CARTESIAN_POINT('',(78.978345261432,-79.20251236667,
    28.400060960122));
#7441 = SURFACE_CURVE('',#7442,(#7445,#7451),.PCURVE_S1.);
#7442 = B_SPLINE_CURVE_WITH_KNOTS('',1,(#7443,#7444),.UNSPECIFIED.,.F.,
  .F.,(2,2),(-84.35418501753,-80.1873478721),.PIECEWISE_BEZIER_KNOTS.);
#7443 = CARTESIAN_POINT('',(79.05811664652,-79.13295532575,
    28.400060960122));
#7444 = CARTESIAN_POINT('',(78.978345261432,-79.20251236667,
    28.400060960122));
#7445 = PCURVE('',#2616,#7446);
#7446 = DEFINITIONAL_REPRESENTATION('',(#7447),#7450);
#7447 = B_SPLINE_CURVE_WITH_KNOTS('',1,(#7448,#7449),.UNSPECIFIED.,.F.,
  .F.,(2,2),(-84.35418501753,-80.1873478721),.PIECEWISE_BEZIER_KNOTS.);
#7448 = CARTESIAN_POINT('',(-1.506819652304E+03,-1.537714952373E+03));
#7449 = CARTESIAN_POINT('',(-1.509558113005E+03,-1.534574352943E+03));
#7450 = ( GEOMETRIC_REPRESENTATION_CONTEXT(2) 
PARAMETRIC_REPRESENTATION_CONTEXT() REPRESENTATION_CONTEXT('2D SPACE',''
  ) );
#7451 = PCURVE('',#7452,#7457);
#7452 = B_SPLINE_SURFACE_WITH_KNOTS('',1,1,(
    (#7453,#7454)
    ,(#7455,#7456
    )),.UNSPECIFIED.,.F.,.F.,.F.,(2,2),(2,2),(0.,4.166837145422),(
    -141.732,-78.74),.PIECEWISE_BEZIER_KNOTS.);
#7453 = CARTESIAN_POINT('',(79.05811664652,-79.13295532575,
    30.000060960122));
#7454 = CARTESIAN_POINT('',(79.05811664652,-79.13295532575,
    28.400060960122));
#7455 = CARTESIAN_POINT('',(78.978345261432,-79.20251236667,
    30.000060960122));
#7456 = CARTESIAN_POINT('',(78.978345261432,-79.20251236667,
    28.400060960122));
#7457 = DEFINITIONAL_REPRESENTATION('',(#7458),#7461);
#7458 = B_SPLINE_CURVE_WITH_KNOTS('',1,(#7459,#7460),.UNSPECIFIED.,.F.,
  .F.,(2,2),(-84.35418501753,-80.1873478721),.PIECEWISE_BEZIER_KNOTS.);
#7459 = CARTESIAN_POINT('',(0.,-78.74));
#7460 = CARTESIAN_POINT('',(4.166837145422,-78.74));
#7461 = ( GEOMETRIC_REPRESENTATION_CONTEXT(2) 
PARAMETRIC_REPRESENTATION_CONTEXT() REPRESENTATION_CONTEXT('2D SPACE',''
  ) );
#7462 = ORIENTED_EDGE('',*,*,#7463,.T.);
#7463 = EDGE_CURVE('',#7439,#7464,#7466,.T.);
#7464 = VERTEX_POINT('',#7465);
#7465 = CARTESIAN_POINT('',(78.894013101515,-79.26646346224,
    28.400060960122));
#7466 = SURFACE_CURVE('',#7467,(#7470,#7476),.PCURVE_S1.);
#7467 = B_SPLINE_CURVE_WITH_KNOTS('',1,(#7468,#7469),.UNSPECIFIED.,.F.,
  .F.,(2,2),(-155.313372149,-151.1465350036),.PIECEWISE_BEZIER_KNOTS.);
#7468 = CARTESIAN_POINT('',(78.978345261432,-79.20251236667,
    28.400060960122));
#7469 = CARTESIAN_POINT('',(78.894013101515,-79.26646346224,
    28.400060960122));
#7470 = PCURVE('',#2616,#7471);
#7471 = DEFINITIONAL_REPRESENTATION('',(#7472),#7475);
#7472 = B_SPLINE_CURVE_WITH_KNOTS('',1,(#7473,#7474),.UNSPECIFIED.,.F.,
  .F.,(2,2),(-155.313372149,-151.1465350036),.PIECEWISE_BEZIER_KNOTS.);
#7473 = CARTESIAN_POINT('',(-1.509558113005E+03,-1.534574352943E+03));
#7474 = CARTESIAN_POINT('',(-1.512075867638E+03,-1.531254195807E+03));
#7475 = ( GEOMETRIC_REPRESENTATION_CONTEXT(2) 
PARAMETRIC_REPRESENTATION_CONTEXT() REPRESENTATION_CONTEXT('2D SPACE',''
  ) );
#7476 = PCURVE('',#7477,#7482);
#7477 = B_SPLINE_SURFACE_WITH_KNOTS('',1,1,(
    (#7478,#7479)
    ,(#7480,#7481
    )),.UNSPECIFIED.,.F.,.F.,.F.,(2,2),(2,2),(0.,4.166837145422),(
    -141.732,-78.74),.PIECEWISE_BEZIER_KNOTS.);
#7478 = CARTESIAN_POINT('',(78.978345261432,-79.20251236667,
    30.000060960122));
#7479 = CARTESIAN_POINT('',(78.978345261432,-79.20251236667,
    28.400060960122));
#7480 = CARTESIAN_POINT('',(78.894013101515,-79.26646346224,
    30.000060960122));
#7481 = CARTESIAN_POINT('',(78.894013101515,-79.26646346224,
    28.400060960122));
#7482 = DEFINITIONAL_REPRESENTATION('',(#7483),#7486);
#7483 = B_SPLINE_CURVE_WITH_KNOTS('',1,(#7484,#7485),.UNSPECIFIED.,.F.,
  .F.,(2,2),(-155.313372149,-151.1465350036),.PIECEWISE_BEZIER_KNOTS.);
#7484 = CARTESIAN_POINT('',(0.,-78.74));
#7485 = CARTESIAN_POINT('',(4.166837145422,-78.74));
#7486 = ( GEOMETRIC_REPRESENTATION_CONTEXT(2) 
PARAMETRIC_REPRESENTATION_CONTEXT() REPRESENTATION_CONTEXT('2D SPACE',''
  ) );
#7487 = ORIENTED_EDGE('',*,*,#7488,.T.);
#7488 = EDGE_CURVE('',#7464,#7489,#7491,.T.);
#7489 = VERTEX_POINT('',#7490);
#7490 = CARTESIAN_POINT('',(78.805513362229,-79.32451044293,
    28.400060960122));
#7491 = SURFACE_CURVE('',#7492,(#7495,#7501),.PCURVE_S1.);
#7492 = B_SPLINE_CURVE_WITH_KNOTS('',1,(#7493,#7494),.UNSPECIFIED.,.F.,
  .F.,(2,2),(-225.5532735732,-221.3864364278),.PIECEWISE_BEZIER_KNOTS.);
#7493 = CARTESIAN_POINT('',(78.894013101515,-79.26646346224,
    28.400060960122));
#7494 = CARTESIAN_POINT('',(78.805513362229,-79.32451044293,
    28.400060960122));
#7495 = PCURVE('',#2616,#7496);
#7496 = DEFINITIONAL_REPRESENTATION('',(#7497),#7500);
#7497 = B_SPLINE_CURVE_WITH_KNOTS('',1,(#7498,#7499),.UNSPECIFIED.,.F.,
  .F.,(2,2),(-225.5532735732,-221.3864364278),.PIECEWISE_BEZIER_KNOTS.);
#7498 = CARTESIAN_POINT('',(-1.512075867638E+03,-1.531254195807E+03));
#7499 = CARTESIAN_POINT('',(-1.514361177267E+03,-1.527769961071E+03));
#7500 = ( GEOMETRIC_REPRESENTATION_CONTEXT(2) 
PARAMETRIC_REPRESENTATION_CONTEXT() REPRESENTATION_CONTEXT('2D SPACE',''
  ) );
#7501 = PCURVE('',#7502,#7507);
#7502 = B_SPLINE_SURFACE_WITH_KNOTS('',1,1,(
    (#7503,#7504)
    ,(#7505,#7506
    )),.UNSPECIFIED.,.F.,.F.,.F.,(2,2),(2,2),(0.,4.166837145421),(
    -141.732,-78.74),.PIECEWISE_BEZIER_KNOTS.);
#7503 = CARTESIAN_POINT('',(78.894013101515,-79.26646346224,
    30.000060960122));
#7504 = CARTESIAN_POINT('',(78.894013101515,-79.26646346224,
    28.400060960122));
#7505 = CARTESIAN_POINT('',(78.805513362229,-79.32451044293,
    30.000060960122));
#7506 = CARTESIAN_POINT('',(78.805513362229,-79.32451044293,
    28.400060960122));
#7507 = DEFINITIONAL_REPRESENTATION('',(#7508),#7511);
#7508 = B_SPLINE_CURVE_WITH_KNOTS('',1,(#7509,#7510),.UNSPECIFIED.,.F.,
  .F.,(2,2),(-225.5532735732,-221.3864364278),.PIECEWISE_BEZIER_KNOTS.);
#7509 = CARTESIAN_POINT('',(0.,-78.74));
#7510 = CARTESIAN_POINT('',(4.166837145421,-78.74));
#7511 = ( GEOMETRIC_REPRESENTATION_CONTEXT(2) 
PARAMETRIC_REPRESENTATION_CONTEXT() REPRESENTATION_CONTEXT('2D SPACE',''
  ) );
#7512 = ORIENTED_EDGE('',*,*,#7513,.T.);
#7513 = EDGE_CURVE('',#7489,#7514,#7516,.T.);
#7514 = VERTEX_POINT('',#7515);
#7515 = CARTESIAN_POINT('',(78.713258670212,-79.37638266691,
    28.400060960122));
#7516 = SURFACE_CURVE('',#7517,(#7520,#7526),.PCURVE_S1.);
#7517 = B_SPLINE_CURVE_WITH_KNOTS('',1,(#7518,#7519),.UNSPECIFIED.,.F.,
  .F.,(2,2),(-294.7463984463,-290.5795613008),.PIECEWISE_BEZIER_KNOTS.);
#7518 = CARTESIAN_POINT('',(78.80551336223,-79.32451044293,
    28.400060960122));
#7519 = CARTESIAN_POINT('',(78.713258670212,-79.37638266691,
    28.400060960122));
#7520 = PCURVE('',#2616,#7521);
#7521 = DEFINITIONAL_REPRESENTATION('',(#7522),#7525);
#7522 = B_SPLINE_CURVE_WITH_KNOTS('',1,(#7523,#7524),.UNSPECIFIED.,.F.,
  .F.,(2,2),(-294.7463984463,-290.5795613008),.PIECEWISE_BEZIER_KNOTS.);
#7523 = CARTESIAN_POINT('',(-1.514361177267E+03,-1.527769961071E+03));
#7524 = CARTESIAN_POINT('',(-1.516403386726E+03,-1.524137893846E+03));
#7525 = ( GEOMETRIC_REPRESENTATION_CONTEXT(2) 
PARAMETRIC_REPRESENTATION_CONTEXT() REPRESENTATION_CONTEXT('2D SPACE',''
  ) );
#7526 = PCURVE('',#7527,#7532);
#7527 = B_SPLINE_SURFACE_WITH_KNOTS('',1,1,(
    (#7528,#7529)
    ,(#7530,#7531
    )),.UNSPECIFIED.,.F.,.F.,.F.,(2,2),(2,2),(0.,4.166837145422),(
    -141.732,-78.74),.PIECEWISE_BEZIER_KNOTS.);
#7528 = CARTESIAN_POINT('',(78.805513362229,-79.32451044293,
    30.000060960122));
#7529 = CARTESIAN_POINT('',(78.805513362229,-79.32451044293,
    28.400060960122));
#7530 = CARTESIAN_POINT('',(78.713258670212,-79.37638266691,
    30.000060960122));
#7531 = CARTESIAN_POINT('',(78.713258670212,-79.37638266691,
    28.400060960122));
#7532 = DEFINITIONAL_REPRESENTATION('',(#7533),#7536);
#7533 = B_SPLINE_CURVE_WITH_KNOTS('',1,(#7534,#7535),.UNSPECIFIED.,.F.,
  .F.,(2,2),(-294.7463984463,-290.5795613008),.PIECEWISE_BEZIER_KNOTS.);
#7534 = CARTESIAN_POINT('',(-2.273736754432E-13,-78.74));
#7535 = CARTESIAN_POINT('',(4.166837145422,-78.74));
#7536 = ( GEOMETRIC_REPRESENTATION_CONTEXT(2) 
PARAMETRIC_REPRESENTATION_CONTEXT() REPRESENTATION_CONTEXT('2D SPACE',''
  ) );
#7537 = ORIENTED_EDGE('',*,*,#7538,.T.);
#7538 = EDGE_CURVE('',#7514,#7539,#7541,.T.);
#7539 = VERTEX_POINT('',#7540);
#7540 = CARTESIAN_POINT('',(78.617679159424,-79.42183828194,
    28.400060960122));
#7541 = SURFACE_CURVE('',#7542,(#7545,#7551),.PCURVE_S1.);
#7542 = B_SPLINE_CURVE_WITH_KNOTS('',1,(#7543,#7544),.UNSPECIFIED.,.F.,
  .F.,(2,2),(-362.5701364788,-358.4032993334),.PIECEWISE_BEZIER_KNOTS.);
#7543 = CARTESIAN_POINT('',(78.713258670212,-79.37638266691,
    28.400060960122));
#7544 = CARTESIAN_POINT('',(78.617679159424,-79.42183828194,
    28.400060960122));
#7545 = PCURVE('',#2616,#7546);
#7546 = DEFINITIONAL_REPRESENTATION('',(#7547),#7550);
#7547 = B_SPLINE_CURVE_WITH_KNOTS('',1,(#7548,#7549),.UNSPECIFIED.,.F.,
  .F.,(2,2),(-362.5701364788,-358.4032993334),.PIECEWISE_BEZIER_KNOTS.);
#7548 = CARTESIAN_POINT('',(-1.516403386726E+03,-1.524137893846E+03));
#7549 = CARTESIAN_POINT('',(-1.518192974289E+03,-1.520374928507E+03));
#7550 = ( GEOMETRIC_REPRESENTATION_CONTEXT(2) 
PARAMETRIC_REPRESENTATION_CONTEXT() REPRESENTATION_CONTEXT('2D SPACE',''
  ) );
#7551 = PCURVE('',#7552,#7557);
#7552 = B_SPLINE_SURFACE_WITH_KNOTS('',1,1,(
    (#7553,#7554)
    ,(#7555,#7556
    )),.UNSPECIFIED.,.F.,.F.,.F.,(2,2),(2,2),(0.,4.166837145423),(
    -141.732,-78.74),.PIECEWISE_BEZIER_KNOTS.);
#7553 = CARTESIAN_POINT('',(78.713258670212,-79.37638266691,
    30.000060960122));
#7554 = CARTESIAN_POINT('',(78.713258670212,-79.37638266691,
    28.400060960122));
#7555 = CARTESIAN_POINT('',(78.617679159424,-79.42183828194,
    30.000060960122));
#7556 = CARTESIAN_POINT('',(78.617679159424,-79.42183828194,
    28.400060960122));
#7557 = DEFINITIONAL_REPRESENTATION('',(#7558),#7561);
#7558 = B_SPLINE_CURVE_WITH_KNOTS('',1,(#7559,#7560),.UNSPECIFIED.,.F.,
  .F.,(2,2),(-362.5701364788,-358.4032993334),.PIECEWISE_BEZIER_KNOTS.);
#7559 = CARTESIAN_POINT('',(0.,-78.74));
#7560 = CARTESIAN_POINT('',(4.166837145423,-78.74));
#7561 = ( GEOMETRIC_REPRESENTATION_CONTEXT(2) 
PARAMETRIC_REPRESENTATION_CONTEXT() REPRESENTATION_CONTEXT('2D SPACE',''
  ) );
#7562 = ORIENTED_EDGE('',*,*,#7563,.T.);
#7563 = EDGE_CURVE('',#7539,#7564,#7566,.T.);
#7564 = VERTEX_POINT('',#7565);
#7565 = CARTESIAN_POINT('',(78.519220465665,-79.46066535296,
    28.400060960122));
#7566 = SURFACE_CURVE('',#7567,(#7570,#7576),.PCURVE_S1.);
#7567 = B_SPLINE_CURVE_WITH_KNOTS('',1,(#7568,#7569),.UNSPECIFIED.,.F.,
  .F.,(2,2),(-428.7082620952,-424.5414249497),.PIECEWISE_BEZIER_KNOTS.);
#7568 = CARTESIAN_POINT('',(78.617679159424,-79.42183828194,
    28.400060960122));
#7569 = CARTESIAN_POINT('',(78.519220465665,-79.46066535296,
    28.400060960122));
#7570 = PCURVE('',#2616,#7571);
#7571 = DEFINITIONAL_REPRESENTATION('',(#7572),#7575);
#7572 = B_SPLINE_CURVE_WITH_KNOTS('',1,(#7573,#7574),.UNSPECIFIED.,.F.,
  .F.,(2,2),(-428.7082620952,-424.5414249497),.PIECEWISE_BEZIER_KNOTS.);
#7573 = CARTESIAN_POINT('',(-1.518192974289E+03,-1.520374928507E+03));
#7574 = CARTESIAN_POINT('',(-1.519721596075E+03,-1.516498609733E+03));
#7575 = ( GEOMETRIC_REPRESENTATION_CONTEXT(2) 
PARAMETRIC_REPRESENTATION_CONTEXT() REPRESENTATION_CONTEXT('2D SPACE',''
  ) );
#7576 = PCURVE('',#7577,#7582);
#7577 = B_SPLINE_SURFACE_WITH_KNOTS('',1,1,(
    (#7578,#7579)
    ,(#7580,#7581
    )),.UNSPECIFIED.,.F.,.F.,.F.,(2,2),(2,2),(0.,4.166837145421),(
    -141.732,-78.74),.PIECEWISE_BEZIER_KNOTS.);
#7578 = CARTESIAN_POINT('',(78.617679159424,-79.42183828194,
    30.000060960122));
#7579 = CARTESIAN_POINT('',(78.617679159424,-79.42183828194,
    28.400060960122));
#7580 = CARTESIAN_POINT('',(78.519220465665,-79.46066535296,
    30.000060960122));
#7581 = CARTESIAN_POINT('',(78.519220465665,-79.46066535296,
    28.400060960122));
#7582 = DEFINITIONAL_REPRESENTATION('',(#7583),#7586);
#7583 = B_SPLINE_CURVE_WITH_KNOTS('',1,(#7584,#7585),.UNSPECIFIED.,.F.,
  .F.,(2,2),(-428.7082620952,-424.5414249497),.PIECEWISE_BEZIER_KNOTS.);
#7584 = CARTESIAN_POINT('',(0.,-78.74));
#7585 = CARTESIAN_POINT('',(4.166837145422,-78.74));
#7586 = ( GEOMETRIC_REPRESENTATION_CONTEXT(2) 
PARAMETRIC_REPRESENTATION_CONTEXT() REPRESENTATION_CONTEXT('2D SPACE',''
  ) );
#7587 = ORIENTED_EDGE('',*,*,#7588,.T.);
#7588 = EDGE_CURVE('',#7564,#7589,#7591,.T.);
#7589 = VERTEX_POINT('',#7590);
#7590 = CARTESIAN_POINT('',(78.418341648816,-79.49268285023,
    28.400060960122));
#7591 = SURFACE_CURVE('',#7592,(#7595,#7601),.PCURVE_S1.);
#7592 = B_SPLINE_CURVE_WITH_KNOTS('',1,(#7593,#7594),.UNSPECIFIED.,.F.,
  .F.,(2,2),(-492.8524088236,-488.6855716782),.PIECEWISE_BEZIER_KNOTS.);
#7593 = CARTESIAN_POINT('',(78.519220465665,-79.46066535296,
    28.400060960122));
#7594 = CARTESIAN_POINT('',(78.418341648816,-79.49268285023,
    28.400060960122));
#7595 = PCURVE('',#2616,#7596);
#7596 = DEFINITIONAL_REPRESENTATION('',(#7597),#7600);
#7597 = B_SPLINE_CURVE_WITH_KNOTS('',1,(#7598,#7599),.UNSPECIFIED.,.F.,
  .F.,(2,2),(-492.8524088236,-488.6855716782),.PIECEWISE_BEZIER_KNOTS.);
#7598 = CARTESIAN_POINT('',(-1.519721596075E+03,-1.516498609733E+03));
#7599 = CARTESIAN_POINT('',(-1.520982124943E+03,-1.512527010714E+03));
#7600 = ( GEOMETRIC_REPRESENTATION_CONTEXT(2) 
PARAMETRIC_REPRESENTATION_CONTEXT() REPRESENTATION_CONTEXT('2D SPACE',''
  ) );
#7601 = PCURVE('',#7602,#7607);
#7602 = B_SPLINE_SURFACE_WITH_KNOTS('',1,1,(
    (#7603,#7604)
    ,(#7605,#7606
    )),.UNSPECIFIED.,.F.,.F.,.F.,(2,2),(2,2),(0.,4.166837145422),(
    -141.732,-78.74),.PIECEWISE_BEZIER_KNOTS.);
#7603 = CARTESIAN_POINT('',(78.519220465665,-79.46066535296,
    30.000060960122));
#7604 = CARTESIAN_POINT('',(78.519220465665,-79.46066535296,
    28.400060960122));
#7605 = CARTESIAN_POINT('',(78.418341648816,-79.49268285023,
    30.000060960122));
#7606 = CARTESIAN_POINT('',(78.418341648816,-79.49268285023,
    28.400060960122));
#7607 = DEFINITIONAL_REPRESENTATION('',(#7608),#7611);
#7608 = B_SPLINE_CURVE_WITH_KNOTS('',1,(#7609,#7610),.UNSPECIFIED.,.F.,
  .F.,(2,2),(-492.8524088236,-488.6855716782),.PIECEWISE_BEZIER_KNOTS.);
#7609 = CARTESIAN_POINT('',(0.,-78.74));
#7610 = CARTESIAN_POINT('',(4.166837145422,-78.74));
#7611 = ( GEOMETRIC_REPRESENTATION_CONTEXT(2) 
PARAMETRIC_REPRESENTATION_CONTEXT() REPRESENTATION_CONTEXT('2D SPACE',''
  ) );
#7612 = ORIENTED_EDGE('',*,*,#7613,.T.);
#7613 = EDGE_CURVE('',#7589,#7614,#7616,.T.);
#7614 = VERTEX_POINT('',#7615);
#7615 = CARTESIAN_POINT('',(78.31551305249,-79.51774149341,
    28.400060960122));
#7616 = SURFACE_CURVE('',#7617,(#7620,#7626),.PCURVE_S1.);
#7617 = B_SPLINE_CURVE_WITH_KNOTS('',1,(#7618,#7619),.UNSPECIFIED.,.F.,
  .F.,(2,2),(-554.7035070415,-550.5366698961),.PIECEWISE_BEZIER_KNOTS.);
#7618 = CARTESIAN_POINT('',(78.418341648816,-79.49268285023,
    28.400060960122));
#7619 = CARTESIAN_POINT('',(78.31551305249,-79.51774149341,
    28.400060960122));
#7620 = PCURVE('',#2616,#7621);
#7621 = DEFINITIONAL_REPRESENTATION('',(#7622),#7625);
#7622 = B_SPLINE_CURVE_WITH_KNOTS('',1,(#7623,#7624),.UNSPECIFIED.,.F.,
  .F.,(2,2),(-554.7035070415,-550.5366698961),.PIECEWISE_BEZIER_KNOTS.);
#7623 = CARTESIAN_POINT('',(-1.520982124943E+03,-1.512527010714E+03));
#7624 = CARTESIAN_POINT('',(-1.521968683725E+03,-1.508478648877E+03));
#7625 = ( GEOMETRIC_REPRESENTATION_CONTEXT(2) 
PARAMETRIC_REPRESENTATION_CONTEXT() REPRESENTATION_CONTEXT('2D SPACE',''
  ) );
#7626 = PCURVE('',#7627,#7632);
#7627 = B_SPLINE_SURFACE_WITH_KNOTS('',1,1,(
    (#7628,#7629)
    ,(#7630,#7631
    )),.UNSPECIFIED.,.F.,.F.,.F.,(2,2),(2,2),(0.,4.166837145422),(
    -141.732,-78.74),.PIECEWISE_BEZIER_KNOTS.);
#7628 = CARTESIAN_POINT('',(78.418341648816,-79.49268285023,
    30.000060960122));
#7629 = CARTESIAN_POINT('',(78.418341648816,-79.49268285023,
    28.400060960122));
#7630 = CARTESIAN_POINT('',(78.31551305249,-79.51774149341,
    30.000060960122));
#7631 = CARTESIAN_POINT('',(78.31551305249,-79.51774149341,
    28.400060960122));
#7632 = DEFINITIONAL_REPRESENTATION('',(#7633),#7636);
#7633 = B_SPLINE_CURVE_WITH_KNOTS('',1,(#7634,#7635),.UNSPECIFIED.,.F.,
  .F.,(2,2),(-554.7035070415,-550.5366698961),.PIECEWISE_BEZIER_KNOTS.);
#7634 = CARTESIAN_POINT('',(0.,-78.74));
#7635 = CARTESIAN_POINT('',(4.166837145422,-78.74));
#7636 = ( GEOMETRIC_REPRESENTATION_CONTEXT(2) 
PARAMETRIC_REPRESENTATION_CONTEXT() REPRESENTATION_CONTEXT('2D SPACE',''
  ) );
#7637 = ORIENTED_EDGE('',*,*,#7638,.T.);
#7638 = EDGE_CURVE('',#7614,#7639,#7641,.T.);
#7639 = VERTEX_POINT('',#7640);
#7640 = CARTESIAN_POINT('',(78.211214111069,-79.53572444753,
    28.400060960122));
#7641 = SURFACE_CURVE('',#7642,(#7645,#7651),.PCURVE_S1.);
#7642 = B_SPLINE_CURVE_WITH_KNOTS('',1,(#7643,#7644),.UNSPECIFIED.,.F.,
  .F.,(2,2),(-613.9731783776,-609.8063412322),.PIECEWISE_BEZIER_KNOTS.);
#7643 = CARTESIAN_POINT('',(78.31551305249,-79.51774149341,
    28.400060960122));
#7644 = CARTESIAN_POINT('',(78.211214111069,-79.53572444753,
    28.400060960122));
#7645 = PCURVE('',#2616,#7646);
#7646 = DEFINITIONAL_REPRESENTATION('',(#7647),#7650);
#7647 = B_SPLINE_CURVE_WITH_KNOTS('',1,(#7648,#7649),.UNSPECIFIED.,.F.,
  .F.,(2,2),(-613.9731783776,-609.8063412322),.PIECEWISE_BEZIER_KNOTS.);
#7648 = CARTESIAN_POINT('',(-1.521968683725E+03,-1.508478648877E+03));
#7649 = CARTESIAN_POINT('',(-1.522676672629E+03,-1.504372399553E+03));
#7650 = ( GEOMETRIC_REPRESENTATION_CONTEXT(2) 
PARAMETRIC_REPRESENTATION_CONTEXT() REPRESENTATION_CONTEXT('2D SPACE',''
  ) );
#7651 = PCURVE('',#7652,#7657);
#7652 = B_SPLINE_SURFACE_WITH_KNOTS('',1,1,(
    (#7653,#7654)
    ,(#7655,#7656
    )),.UNSPECIFIED.,.F.,.F.,.F.,(2,2),(2,2),(0.,4.166837145422),(
    -141.732,-78.74),.PIECEWISE_BEZIER_KNOTS.);
#7653 = CARTESIAN_POINT('',(78.31551305249,-79.51774149341,
    30.000060960122));
#7654 = CARTESIAN_POINT('',(78.31551305249,-79.51774149341,
    28.400060960122));
#7655 = CARTESIAN_POINT('',(78.211214111069,-79.53572444753,
    30.000060960122));
#7656 = CARTESIAN_POINT('',(78.211214111069,-79.53572444753,
    28.400060960122));
#7657 = DEFINITIONAL_REPRESENTATION('',(#7658),#7661);
#7658 = B_SPLINE_CURVE_WITH_KNOTS('',1,(#7659,#7660),.UNSPECIFIED.,.F.,
  .F.,(2,2),(-613.9731783776,-609.8063412322),.PIECEWISE_BEZIER_KNOTS.);
#7659 = CARTESIAN_POINT('',(0.,-78.74));
#7660 = CARTESIAN_POINT('',(4.166837145422,-78.74));
#7661 = ( GEOMETRIC_REPRESENTATION_CONTEXT(2) 
PARAMETRIC_REPRESENTATION_CONTEXT() REPRESENTATION_CONTEXT('2D SPACE',''
  ) );
#7662 = ORIENTED_EDGE('',*,*,#7663,.T.);
#7663 = EDGE_CURVE('',#7639,#7664,#7666,.T.);
#7664 = VERTEX_POINT('',#7665);
#7665 = CARTESIAN_POINT('',(78.105931114365,-79.54654786776,
    28.400060960122));
#7666 = SURFACE_CURVE('',#7667,(#7670,#7676),.PCURVE_S1.);
#7667 = B_SPLINE_CURVE_WITH_KNOTS('',1,(#7668,#7669),.UNSPECIFIED.,.F.,
  .F.,(2,2),(-670.385080264,-666.2182431186),.PIECEWISE_BEZIER_KNOTS.);
#7668 = CARTESIAN_POINT('',(78.211214111069,-79.53572444753,
    28.400060960122));
#7669 = CARTESIAN_POINT('',(78.105931114365,-79.54654786776,
    28.400060960122));
#7670 = PCURVE('',#2616,#7671);
#7671 = DEFINITIONAL_REPRESENTATION('',(#7672),#7675);
#7672 = B_SPLINE_CURVE_WITH_KNOTS('',1,(#7673,#7674),.UNSPECIFIED.,.F.,
  .F.,(2,2),(-670.385080264,-666.2182431186),.PIECEWISE_BEZIER_KNOTS.);
#7673 = CARTESIAN_POINT('',(-1.522676672629E+03,-1.504372399553E+03));
#7674 = CARTESIAN_POINT('',(-1.523102790683E+03,-1.500227407973E+03));
#7675 = ( GEOMETRIC_REPRESENTATION_CONTEXT(2) 
PARAMETRIC_REPRESENTATION_CONTEXT() REPRESENTATION_CONTEXT('2D SPACE',''
  ) );
#7676 = PCURVE('',#7677,#7682);
#7677 = B_SPLINE_SURFACE_WITH_KNOTS('',1,1,(
    (#7678,#7679)
    ,(#7680,#7681
    )),.UNSPECIFIED.,.F.,.F.,.F.,(2,2),(2,2),(0.,4.166837145422),(
    -141.732,-78.74),.PIECEWISE_BEZIER_KNOTS.);
#7678 = CARTESIAN_POINT('',(78.211214111069,-79.53572444753,
    30.000060960122));
#7679 = CARTESIAN_POINT('',(78.211214111069,-79.53572444753,
    28.400060960122));
#7680 = CARTESIAN_POINT('',(78.105931114365,-79.54654786776,
    30.000060960122));
#7681 = CARTESIAN_POINT('',(78.105931114365,-79.54654786776,
    28.400060960122));
#7682 = DEFINITIONAL_REPRESENTATION('',(#7683),#7686);
#7683 = B_SPLINE_CURVE_WITH_KNOTS('',1,(#7684,#7685),.UNSPECIFIED.,.F.,
  .F.,(2,2),(-670.385080264,-666.2182431186),.PIECEWISE_BEZIER_KNOTS.);
#7684 = CARTESIAN_POINT('',(0.,-78.74));
#7685 = CARTESIAN_POINT('',(4.166837145423,-78.74));
#7686 = ( GEOMETRIC_REPRESENTATION_CONTEXT(2) 
PARAMETRIC_REPRESENTATION_CONTEXT() REPRESENTATION_CONTEXT('2D SPACE',''
  ) );
#7687 = ORIENTED_EDGE('',*,*,#7688,.T.);
#7688 = EDGE_CURVE('',#7664,#7689,#7691,.T.);
#7689 = VERTEX_POINT('',#7690);
#7690 = CARTESIAN_POINT('',(78.00015494031,-79.55016129032,
    28.400060960122));
#7691 = SURFACE_CURVE('',#7692,(#7695,#7701),.PCURVE_S1.);
#7692 = B_SPLINE_CURVE_WITH_KNOTS('',1,(#7693,#7694),.UNSPECIFIED.,.F.,
  .F.,(2,2),(-723.6761943734,-719.5093572279),.PIECEWISE_BEZIER_KNOTS.);
#7693 = CARTESIAN_POINT('',(78.105931114365,-79.54654786776,
    28.400060960122));
#7694 = CARTESIAN_POINT('',(78.00015494031,-79.55016129032,
    28.400060960122));
#7695 = PCURVE('',#2616,#7696);
#7696 = DEFINITIONAL_REPRESENTATION('',(#7697),#7700);
#7697 = B_SPLINE_CURVE_WITH_KNOTS('',1,(#7698,#7699),.UNSPECIFIED.,.F.,
  .F.,(2,2),(-723.6761943734,-719.5093572279),.PIECEWISE_BEZIER_KNOTS.);
#7698 = CARTESIAN_POINT('',(-1.523102790683E+03,-1.500227407973E+03));
#7699 = CARTESIAN_POINT('',(-1.523245051129E+03,-1.496063E+03));
#7700 = ( GEOMETRIC_REPRESENTATION_CONTEXT(2) 
PARAMETRIC_REPRESENTATION_CONTEXT() REPRESENTATION_CONTEXT('2D SPACE',''
  ) );
#7701 = PCURVE('',#7702,#7707);
#7702 = B_SPLINE_SURFACE_WITH_KNOTS('',1,1,(
    (#7703,#7704)
    ,(#7705,#7706
    )),.UNSPECIFIED.,.F.,.F.,.F.,(2,2),(2,2),(0.,4.166837145422),(
    -141.732,-78.74),.PIECEWISE_BEZIER_KNOTS.);
#7703 = CARTESIAN_POINT('',(78.105931114365,-79.54654786776,
    30.000060960122));
#7704 = CARTESIAN_POINT('',(78.105931114365,-79.54654786776,
    28.400060960122));
#7705 = CARTESIAN_POINT('',(78.00015494031,-79.55016129032,
    30.000060960122));
#7706 = CARTESIAN_POINT('',(78.00015494031,-79.55016129032,
    28.400060960122));
#7707 = DEFINITIONAL_REPRESENTATION('',(#7708),#7711);
#7708 = B_SPLINE_CURVE_WITH_KNOTS('',1,(#7709,#7710),.UNSPECIFIED.,.F.,
  .F.,(2,2),(-723.6761943734,-719.5093572279),.PIECEWISE_BEZIER_KNOTS.);
#7709 = CARTESIAN_POINT('',(0.,-78.74));
#7710 = CARTESIAN_POINT('',(4.166837145422,-78.74));
#7711 = ( GEOMETRIC_REPRESENTATION_CONTEXT(2) 
PARAMETRIC_REPRESENTATION_CONTEXT() REPRESENTATION_CONTEXT('2D SPACE',''
  ) );
#7712 = ORIENTED_EDGE('',*,*,#7713,.T.);
#7713 = EDGE_CURVE('',#7689,#7714,#7716,.T.);
#7714 = VERTEX_POINT('',#7715);
#7715 = CARTESIAN_POINT('',(2.000002540005,-79.55016129032,
    28.400060960122));
#7716 = SURFACE_CURVE('',#7717,(#7720,#7726),.PCURVE_S1.);
#7717 = B_SPLINE_CURVE_WITH_KNOTS('',1,(#7718,#7719),.UNSPECIFIED.,.F.,
  .F.,(2,2),(-748.0314999999,2.2440945E+03),.PIECEWISE_BEZIER_KNOTS.);
#7718 = CARTESIAN_POINT('',(78.00015494031,-79.55016129032,
    28.400060960122));
#7719 = CARTESIAN_POINT('',(2.000002540005,-79.55016129032,
    28.400060960122));
#7720 = PCURVE('',#2616,#7721);
#7721 = DEFINITIONAL_REPRESENTATION('',(#7722),#7725);
#7722 = B_SPLINE_CURVE_WITH_KNOTS('',1,(#7723,#7724),.UNSPECIFIED.,.F.,
  .F.,(2,2),(-748.0314999999,2.2440945E+03),.PIECEWISE_BEZIER_KNOTS.);
#7723 = CARTESIAN_POINT('',(-1.523245051129E+03,-1.496063E+03));
#7724 = CARTESIAN_POINT('',(-1.523245051129E+03,1.496063E+03));
#7725 = ( GEOMETRIC_REPRESENTATION_CONTEXT(2) 
PARAMETRIC_REPRESENTATION_CONTEXT() REPRESENTATION_CONTEXT('2D SPACE',''
  ) );
#7726 = PCURVE('',#7727,#7732);
#7727 = B_SPLINE_SURFACE_WITH_KNOTS('',1,1,(
    (#7728,#7729)
    ,(#7730,#7731
    )),.UNSPECIFIED.,.F.,.F.,.F.,(2,2),(2,2),(0.,2.992126E+03),(-141.732
    ,-78.74),.PIECEWISE_BEZIER_KNOTS.);
#7728 = CARTESIAN_POINT('',(78.00015494031,-79.55016129032,
    30.000060960122));
#7729 = CARTESIAN_POINT('',(78.00015494031,-79.55016129032,
    28.400060960122));
#7730 = CARTESIAN_POINT('',(2.000002540005,-79.55016129032,
    30.000060960122));
#7731 = CARTESIAN_POINT('',(2.000002540005,-79.55016129032,
    28.400060960122));
#7732 = DEFINITIONAL_REPRESENTATION('',(#7733),#7736);
#7733 = B_SPLINE_CURVE_WITH_KNOTS('',1,(#7734,#7735),.UNSPECIFIED.,.F.,
  .F.,(2,2),(-748.0314999999,2.2440945E+03),.PIECEWISE_BEZIER_KNOTS.);
#7734 = CARTESIAN_POINT('',(0.,-78.74));
#7735 = CARTESIAN_POINT('',(2.992126E+03,-78.74));
#7736 = ( GEOMETRIC_REPRESENTATION_CONTEXT(2) 
PARAMETRIC_REPRESENTATION_CONTEXT() REPRESENTATION_CONTEXT('2D SPACE',''
  ) );
#7737 = ORIENTED_EDGE('',*,*,#7738,.T.);
#7738 = EDGE_CURVE('',#7714,#7739,#7741,.T.);
#7739 = VERTEX_POINT('',#7740);
#7740 = CARTESIAN_POINT('',(1.89422636595,-79.54654786776,
    28.400060960122));
#7741 = SURFACE_CURVE('',#7742,(#7745,#7751),.PCURVE_S1.);
#7742 = B_SPLINE_CURVE_WITH_KNOTS('',1,(#7743,#7744),.UNSPECIFIED.,.F.,
  .F.,(2,2),(721.59277580069,725.75961294611),.PIECEWISE_BEZIER_KNOTS.);
#7743 = CARTESIAN_POINT('',(2.000002540005,-79.55016129032,
    28.400060960122));
#7744 = CARTESIAN_POINT('',(1.89422636595,-79.54654786776,
    28.400060960122));
#7745 = PCURVE('',#2616,#7746);
#7746 = DEFINITIONAL_REPRESENTATION('',(#7747),#7750);
#7747 = B_SPLINE_CURVE_WITH_KNOTS('',1,(#7748,#7749),.UNSPECIFIED.,.F.,
  .F.,(2,2),(721.59277580069,725.75961294611),.PIECEWISE_BEZIER_KNOTS.);
#7748 = CARTESIAN_POINT('',(-1.523245051129E+03,1.496063E+03));
#7749 = CARTESIAN_POINT('',(-1.523102790683E+03,1.500227407973E+03));
#7750 = ( GEOMETRIC_REPRESENTATION_CONTEXT(2) 
PARAMETRIC_REPRESENTATION_CONTEXT() REPRESENTATION_CONTEXT('2D SPACE',''
  ) );
#7751 = PCURVE('',#7752,#7757);
#7752 = B_SPLINE_SURFACE_WITH_KNOTS('',1,1,(
    (#7753,#7754)
    ,(#7755,#7756
    )),.UNSPECIFIED.,.F.,.F.,.F.,(2,2),(2,2),(0.,4.166837145423),(
    -141.732,-78.74),.PIECEWISE_BEZIER_KNOTS.);
#7753 = CARTESIAN_POINT('',(2.000002540005,-79.55016129032,
    30.000060960122));
#7754 = CARTESIAN_POINT('',(2.000002540005,-79.55016129032,
    28.400060960122));
#7755 = CARTESIAN_POINT('',(1.89422636595,-79.54654786776,
    30.000060960122));
#7756 = CARTESIAN_POINT('',(1.89422636595,-79.54654786776,
    28.400060960122));
#7757 = DEFINITIONAL_REPRESENTATION('',(#7758),#7761);
#7758 = B_SPLINE_CURVE_WITH_KNOTS('',1,(#7759,#7760),.UNSPECIFIED.,.F.,
  .F.,(2,2),(721.59277580069,725.75961294611),.PIECEWISE_BEZIER_KNOTS.);
#7759 = CARTESIAN_POINT('',(0.,-78.74));
#7760 = CARTESIAN_POINT('',(4.166837145423,-78.74));
#7761 = ( GEOMETRIC_REPRESENTATION_CONTEXT(2) 
PARAMETRIC_REPRESENTATION_CONTEXT() REPRESENTATION_CONTEXT('2D SPACE',''
  ) );
#7762 = ORIENTED_EDGE('',*,*,#7763,.T.);
#7763 = EDGE_CURVE('',#7739,#7764,#7766,.T.);
#7764 = VERTEX_POINT('',#7765);
#7765 = CARTESIAN_POINT('',(1.788943369246,-79.53572444753,
    28.400060960122));
#7766 = SURFACE_CURVE('',#7767,(#7770,#7776),.PCURVE_S1.);
#7767 = B_SPLINE_CURVE_WITH_KNOTS('',1,(#7768,#7769),.UNSPECIFIED.,.F.,
  .F.,(2,2),(668.30166169133,672.46849883676),.PIECEWISE_BEZIER_KNOTS.);
#7768 = CARTESIAN_POINT('',(1.89422636595,-79.54654786776,
    28.400060960122));
#7769 = CARTESIAN_POINT('',(1.788943369246,-79.53572444753,
    28.400060960122));
#7770 = PCURVE('',#2616,#7771);
#7771 = DEFINITIONAL_REPRESENTATION('',(#7772),#7775);
#7772 = B_SPLINE_CURVE_WITH_KNOTS('',1,(#7773,#7774),.UNSPECIFIED.,.F.,
  .F.,(2,2),(668.30166169133,672.46849883676),.PIECEWISE_BEZIER_KNOTS.);
#7773 = CARTESIAN_POINT('',(-1.523102790683E+03,1.500227407973E+03));
#7774 = CARTESIAN_POINT('',(-1.522676672629E+03,1.504372399553E+03));
#7775 = ( GEOMETRIC_REPRESENTATION_CONTEXT(2) 
PARAMETRIC_REPRESENTATION_CONTEXT() REPRESENTATION_CONTEXT('2D SPACE',''
  ) );
#7776 = PCURVE('',#7777,#7782);
#7777 = B_SPLINE_SURFACE_WITH_KNOTS('',1,1,(
    (#7778,#7779)
    ,(#7780,#7781
    )),.UNSPECIFIED.,.F.,.F.,.F.,(2,2),(2,2),(0.,4.166837145422),(
    -141.732,-78.74),.PIECEWISE_BEZIER_KNOTS.);
#7778 = CARTESIAN_POINT('',(1.89422636595,-79.54654786776,
    30.000060960122));
#7779 = CARTESIAN_POINT('',(1.89422636595,-79.54654786776,
    28.400060960122));
#7780 = CARTESIAN_POINT('',(1.788943369246,-79.53572444753,
    30.000060960122));
#7781 = CARTESIAN_POINT('',(1.788943369246,-79.53572444753,
    28.400060960122));
#7782 = DEFINITIONAL_REPRESENTATION('',(#7783),#7786);
#7783 = B_SPLINE_CURVE_WITH_KNOTS('',1,(#7784,#7785),.UNSPECIFIED.,.F.,
  .F.,(2,2),(668.30166169133,672.46849883676),.PIECEWISE_BEZIER_KNOTS.);
#7784 = CARTESIAN_POINT('',(-1.136868377216E-13,-78.74));
#7785 = CARTESIAN_POINT('',(4.166837145422,-78.74));
#7786 = ( GEOMETRIC_REPRESENTATION_CONTEXT(2) 
PARAMETRIC_REPRESENTATION_CONTEXT() REPRESENTATION_CONTEXT('2D SPACE',''
  ) );
#7787 = ORIENTED_EDGE('',*,*,#7788,.T.);
#7788 = EDGE_CURVE('',#7764,#7789,#7791,.T.);
#7789 = VERTEX_POINT('',#7790);
#7790 = CARTESIAN_POINT('',(1.684644427825,-79.51774149341,
    28.400060960122));
#7791 = SURFACE_CURVE('',#7792,(#7795,#7801),.PCURVE_S1.);
#7792 = B_SPLINE_CURVE_WITH_KNOTS('',1,(#7793,#7794),.UNSPECIFIED.,.F.,
  .F.,(2,2),(611.88975980493,616.05659695036),.PIECEWISE_BEZIER_KNOTS.);
#7793 = CARTESIAN_POINT('',(1.788943369246,-79.53572444753,
    28.400060960122));
#7794 = CARTESIAN_POINT('',(1.684644427825,-79.51774149341,
    28.400060960122));
#7795 = PCURVE('',#2616,#7796);
#7796 = DEFINITIONAL_REPRESENTATION('',(#7797),#7800);
#7797 = B_SPLINE_CURVE_WITH_KNOTS('',1,(#7798,#7799),.UNSPECIFIED.,.F.,
  .F.,(2,2),(611.88975980493,616.05659695036),.PIECEWISE_BEZIER_KNOTS.);
#7798 = CARTESIAN_POINT('',(-1.522676672629E+03,1.504372399553E+03));
#7799 = CARTESIAN_POINT('',(-1.521968683725E+03,1.508478648877E+03));
#7800 = ( GEOMETRIC_REPRESENTATION_CONTEXT(2) 
PARAMETRIC_REPRESENTATION_CONTEXT() REPRESENTATION_CONTEXT('2D SPACE',''
  ) );
#7801 = PCURVE('',#7802,#7807);
#7802 = B_SPLINE_SURFACE_WITH_KNOTS('',1,1,(
    (#7803,#7804)
    ,(#7805,#7806
    )),.UNSPECIFIED.,.F.,.F.,.F.,(2,2),(2,2),(0.,4.166837145422),(
    -141.732,-78.74),.PIECEWISE_BEZIER_KNOTS.);
#7803 = CARTESIAN_POINT('',(1.788943369246,-79.53572444753,
    30.000060960122));
#7804 = CARTESIAN_POINT('',(1.788943369246,-79.53572444753,
    28.400060960122));
#7805 = CARTESIAN_POINT('',(1.684644427825,-79.51774149341,
    30.000060960122));
#7806 = CARTESIAN_POINT('',(1.684644427825,-79.51774149341,
    28.400060960122));
#7807 = DEFINITIONAL_REPRESENTATION('',(#7808),#7811);
#7808 = B_SPLINE_CURVE_WITH_KNOTS('',1,(#7809,#7810),.UNSPECIFIED.,.F.,
  .F.,(2,2),(611.88975980493,616.05659695036),.PIECEWISE_BEZIER_KNOTS.);
#7809 = CARTESIAN_POINT('',(1.136868377216E-13,-78.74));
#7810 = CARTESIAN_POINT('',(4.166837145422,-78.74));
#7811 = ( GEOMETRIC_REPRESENTATION_CONTEXT(2) 
PARAMETRIC_REPRESENTATION_CONTEXT() REPRESENTATION_CONTEXT('2D SPACE',''
  ) );
#7812 = ORIENTED_EDGE('',*,*,#7813,.T.);
#7813 = EDGE_CURVE('',#7789,#7814,#7816,.T.);
#7814 = VERTEX_POINT('',#7815);
#7815 = CARTESIAN_POINT('',(1.581815831499,-79.49268285023,
    28.400060960122));
#7816 = SURFACE_CURVE('',#7817,(#7820,#7826),.PCURVE_S1.);
#7817 = B_SPLINE_CURVE_WITH_KNOTS('',1,(#7818,#7819),.UNSPECIFIED.,.F.,
  .F.,(2,2),(552.62008846886,556.78692561428),.PIECEWISE_BEZIER_KNOTS.);
#7818 = CARTESIAN_POINT('',(1.684644427825,-79.51774149341,
    28.400060960122));
#7819 = CARTESIAN_POINT('',(1.581815831499,-79.49268285023,
    28.400060960122));
#7820 = PCURVE('',#2616,#7821);
#7821 = DEFINITIONAL_REPRESENTATION('',(#7822),#7825);
#7822 = B_SPLINE_CURVE_WITH_KNOTS('',1,(#7823,#7824),.UNSPECIFIED.,.F.,
  .F.,(2,2),(552.62008846886,556.78692561428),.PIECEWISE_BEZIER_KNOTS.);
#7823 = CARTESIAN_POINT('',(-1.521968683725E+03,1.508478648877E+03));
#7824 = CARTESIAN_POINT('',(-1.520982124943E+03,1.512527010714E+03));
#7825 = ( GEOMETRIC_REPRESENTATION_CONTEXT(2) 
PARAMETRIC_REPRESENTATION_CONTEXT() REPRESENTATION_CONTEXT('2D SPACE',''
  ) );
#7826 = PCURVE('',#7827,#7832);
#7827 = B_SPLINE_SURFACE_WITH_KNOTS('',1,1,(
    (#7828,#7829)
    ,(#7830,#7831
    )),.UNSPECIFIED.,.F.,.F.,.F.,(2,2),(2,2),(0.,4.166837145422),(
    -141.732,-78.74),.PIECEWISE_BEZIER_KNOTS.);
#7828 = CARTESIAN_POINT('',(1.684644427825,-79.51774149341,
    30.000060960122));
#7829 = CARTESIAN_POINT('',(1.684644427825,-79.51774149341,
    28.400060960122));
#7830 = CARTESIAN_POINT('',(1.581815831499,-79.49268285023,
    30.000060960122));
#7831 = CARTESIAN_POINT('',(1.581815831499,-79.49268285023,
    28.400060960122));
#7832 = DEFINITIONAL_REPRESENTATION('',(#7833),#7836);
#7833 = B_SPLINE_CURVE_WITH_KNOTS('',1,(#7834,#7835),.UNSPECIFIED.,.F.,
  .F.,(2,2),(552.62008846886,556.78692561428),.PIECEWISE_BEZIER_KNOTS.);
#7834 = CARTESIAN_POINT('',(0.,-78.74));
#7835 = CARTESIAN_POINT('',(4.166837145422,-78.74));
#7836 = ( GEOMETRIC_REPRESENTATION_CONTEXT(2) 
PARAMETRIC_REPRESENTATION_CONTEXT() REPRESENTATION_CONTEXT('2D SPACE',''
  ) );
#7837 = ORIENTED_EDGE('',*,*,#7838,.T.);
#7838 = EDGE_CURVE('',#7814,#7839,#7841,.T.);
#7839 = VERTEX_POINT('',#7840);
#7840 = CARTESIAN_POINT('',(1.48093701465,-79.46066535296,
    28.400060960122));
#7841 = SURFACE_CURVE('',#7842,(#7845,#7851),.PCURVE_S1.);
#7842 = B_SPLINE_CURVE_WITH_KNOTS('',1,(#7843,#7844),.UNSPECIFIED.,.F.,
  .F.,(2,2),(490.76899025089,494.93582739631),.PIECEWISE_BEZIER_KNOTS.);
#7843 = CARTESIAN_POINT('',(1.581815831499,-79.49268285023,
    28.400060960122));
#7844 = CARTESIAN_POINT('',(1.48093701465,-79.46066535296,
    28.400060960122));
#7845 = PCURVE('',#2616,#7846);
#7846 = DEFINITIONAL_REPRESENTATION('',(#7847),#7850);
#7847 = B_SPLINE_CURVE_WITH_KNOTS('',1,(#7848,#7849),.UNSPECIFIED.,.F.,
  .F.,(2,2),(490.76899025089,494.93582739631),.PIECEWISE_BEZIER_KNOTS.);
#7848 = CARTESIAN_POINT('',(-1.520982124943E+03,1.512527010714E+03));
#7849 = CARTESIAN_POINT('',(-1.519721596075E+03,1.516498609733E+03));
#7850 = ( GEOMETRIC_REPRESENTATION_CONTEXT(2) 
PARAMETRIC_REPRESENTATION_CONTEXT() REPRESENTATION_CONTEXT('2D SPACE',''
  ) );
#7851 = PCURVE('',#7852,#7857);
#7852 = B_SPLINE_SURFACE_WITH_KNOTS('',1,1,(
    (#7853,#7854)
    ,(#7855,#7856
    )),.UNSPECIFIED.,.F.,.F.,.F.,(2,2),(2,2),(0.,4.166837145422),(
    -141.732,-78.74),.PIECEWISE_BEZIER_KNOTS.);
#7853 = CARTESIAN_POINT('',(1.581815831499,-79.49268285023,
    30.000060960122));
#7854 = CARTESIAN_POINT('',(1.581815831499,-79.49268285023,
    28.400060960122));
#7855 = CARTESIAN_POINT('',(1.48093701465,-79.46066535296,
    30.000060960122));
#7856 = CARTESIAN_POINT('',(1.48093701465,-79.46066535296,
    28.400060960122));
#7857 = DEFINITIONAL_REPRESENTATION('',(#7858),#7861);
#7858 = B_SPLINE_CURVE_WITH_KNOTS('',1,(#7859,#7860),.UNSPECIFIED.,.F.,
  .F.,(2,2),(490.76899025089,494.93582739631),.PIECEWISE_BEZIER_KNOTS.);
#7859 = CARTESIAN_POINT('',(0.,-78.74));
#7860 = CARTESIAN_POINT('',(4.166837145422,-78.74));
#7861 = ( GEOMETRIC_REPRESENTATION_CONTEXT(2) 
PARAMETRIC_REPRESENTATION_CONTEXT() REPRESENTATION_CONTEXT('2D SPACE',''
  ) );
#7862 = ORIENTED_EDGE('',*,*,#7863,.T.);
#7863 = EDGE_CURVE('',#7839,#7864,#7866,.T.);
#7864 = VERTEX_POINT('',#7865);
#7865 = CARTESIAN_POINT('',(1.382478320891,-79.42183828194,
    28.400060960122));
#7866 = SURFACE_CURVE('',#7867,(#7870,#7876),.PCURVE_S1.);
#7867 = B_SPLINE_CURVE_WITH_KNOTS('',1,(#7868,#7869),.UNSPECIFIED.,.F.,
  .F.,(2,2),(426.62484352253,430.79168066795),.PIECEWISE_BEZIER_KNOTS.);
#7868 = CARTESIAN_POINT('',(1.48093701465,-79.46066535296,
    28.400060960122));
#7869 = CARTESIAN_POINT('',(1.382478320891,-79.42183828194,
    28.400060960122));
#7870 = PCURVE('',#2616,#7871);
#7871 = DEFINITIONAL_REPRESENTATION('',(#7872),#7875);
#7872 = B_SPLINE_CURVE_WITH_KNOTS('',1,(#7873,#7874),.UNSPECIFIED.,.F.,
  .F.,(2,2),(426.62484352253,430.79168066795),.PIECEWISE_BEZIER_KNOTS.);
#7873 = CARTESIAN_POINT('',(-1.519721596075E+03,1.516498609733E+03));
#7874 = CARTESIAN_POINT('',(-1.518192974289E+03,1.520374928507E+03));
#7875 = ( GEOMETRIC_REPRESENTATION_CONTEXT(2) 
PARAMETRIC_REPRESENTATION_CONTEXT() REPRESENTATION_CONTEXT('2D SPACE',''
  ) );
#7876 = PCURVE('',#7877,#7882);
#7877 = B_SPLINE_SURFACE_WITH_KNOTS('',1,1,(
    (#7878,#7879)
    ,(#7880,#7881
    )),.UNSPECIFIED.,.F.,.F.,.F.,(2,2),(2,2),(0.,4.166837145422),(
    -141.732,-78.74),.PIECEWISE_BEZIER_KNOTS.);
#7878 = CARTESIAN_POINT('',(1.48093701465,-79.46066535296,
    30.000060960122));
#7879 = CARTESIAN_POINT('',(1.48093701465,-79.46066535296,
    28.400060960122));
#7880 = CARTESIAN_POINT('',(1.382478320891,-79.42183828194,
    30.000060960122));
#7881 = CARTESIAN_POINT('',(1.382478320891,-79.42183828194,
    28.400060960122));
#7882 = DEFINITIONAL_REPRESENTATION('',(#7883),#7886);
#7883 = B_SPLINE_CURVE_WITH_KNOTS('',1,(#7884,#7885),.UNSPECIFIED.,.F.,
  .F.,(2,2),(426.62484352253,430.79168066795),.PIECEWISE_BEZIER_KNOTS.);
#7884 = CARTESIAN_POINT('',(0.,-78.74));
#7885 = CARTESIAN_POINT('',(4.166837145422,-78.74));
#7886 = ( GEOMETRIC_REPRESENTATION_CONTEXT(2) 
PARAMETRIC_REPRESENTATION_CONTEXT() REPRESENTATION_CONTEXT('2D SPACE',''
  ) );
#7887 = ORIENTED_EDGE('',*,*,#7888,.T.);
#7888 = EDGE_CURVE('',#7864,#7889,#7891,.T.);
#7889 = VERTEX_POINT('',#7890);
#7890 = CARTESIAN_POINT('',(1.286898810103,-79.37638266691,
    28.400060960122));
#7891 = SURFACE_CURVE('',#7892,(#7895,#7901),.PCURVE_S1.);
#7892 = B_SPLINE_CURVE_WITH_KNOTS('',1,(#7893,#7894),.UNSPECIFIED.,.F.,
  .F.,(2,2),(360.48671790607,364.65355505149),.PIECEWISE_BEZIER_KNOTS.);
#7893 = CARTESIAN_POINT('',(1.382478320891,-79.42183828194,
    28.400060960122));
#7894 = CARTESIAN_POINT('',(1.286898810103,-79.37638266691,
    28.400060960122));
#7895 = PCURVE('',#2616,#7896);
#7896 = DEFINITIONAL_REPRESENTATION('',(#7897),#7900);
#7897 = B_SPLINE_CURVE_WITH_KNOTS('',1,(#7898,#7899),.UNSPECIFIED.,.F.,
  .F.,(2,2),(360.48671790607,364.65355505149),.PIECEWISE_BEZIER_KNOTS.);
#7898 = CARTESIAN_POINT('',(-1.518192974289E+03,1.520374928507E+03));
#7899 = CARTESIAN_POINT('',(-1.516403386726E+03,1.524137893846E+03));
#7900 = ( GEOMETRIC_REPRESENTATION_CONTEXT(2) 
PARAMETRIC_REPRESENTATION_CONTEXT() REPRESENTATION_CONTEXT('2D SPACE',''
  ) );
#7901 = PCURVE('',#7902,#7907);
#7902 = B_SPLINE_SURFACE_WITH_KNOTS('',1,1,(
    (#7903,#7904)
    ,(#7905,#7906
    )),.UNSPECIFIED.,.F.,.F.,.F.,(2,2),(2,2),(0.,4.166837145422),(
    -141.732,-78.74),.PIECEWISE_BEZIER_KNOTS.);
#7903 = CARTESIAN_POINT('',(1.382478320891,-79.42183828194,
    30.000060960122));
#7904 = CARTESIAN_POINT('',(1.382478320891,-79.42183828194,
    28.400060960122));
#7905 = CARTESIAN_POINT('',(1.286898810103,-79.37638266691,
    30.000060960122));
#7906 = CARTESIAN_POINT('',(1.286898810103,-79.37638266691,
    28.400060960122));
#7907 = DEFINITIONAL_REPRESENTATION('',(#7908),#7911);
#7908 = B_SPLINE_CURVE_WITH_KNOTS('',1,(#7909,#7910),.UNSPECIFIED.,.F.,
  .F.,(2,2),(360.48671790607,364.65355505149),.PIECEWISE_BEZIER_KNOTS.);
#7909 = CARTESIAN_POINT('',(0.,-78.74));
#7910 = CARTESIAN_POINT('',(4.166837145422,-78.74));
#7911 = ( GEOMETRIC_REPRESENTATION_CONTEXT(2) 
PARAMETRIC_REPRESENTATION_CONTEXT() REPRESENTATION_CONTEXT('2D SPACE',''
  ) );
#7912 = ORIENTED_EDGE('',*,*,#7913,.T.);
#7913 = EDGE_CURVE('',#7889,#7914,#7916,.T.);
#7914 = VERTEX_POINT('',#7915);
#7915 = CARTESIAN_POINT('',(1.194644118085,-79.32451044293,
    28.400060960122));
#7916 = SURFACE_CURVE('',#7917,(#7920,#7926),.PCURVE_S1.);
#7917 = B_SPLINE_CURVE_WITH_KNOTS('',1,(#7918,#7919),.UNSPECIFIED.,.F.,
  .F.,(2,2),(292.6629798736,296.82981701902),.PIECEWISE_BEZIER_KNOTS.);
#7918 = CARTESIAN_POINT('',(1.286898810103,-79.37638266691,
    28.400060960122));
#7919 = CARTESIAN_POINT('',(1.194644118085,-79.32451044293,
    28.400060960122));
#7920 = PCURVE('',#2616,#7921);
#7921 = DEFINITIONAL_REPRESENTATION('',(#7922),#7925);
#7922 = B_SPLINE_CURVE_WITH_KNOTS('',1,(#7923,#7924),.UNSPECIFIED.,.F.,
  .F.,(2,2),(292.6629798736,296.82981701902),.PIECEWISE_BEZIER_KNOTS.);
#7923 = CARTESIAN_POINT('',(-1.516403386726E+03,1.524137893846E+03));
#7924 = CARTESIAN_POINT('',(-1.514361177267E+03,1.527769961071E+03));
#7925 = ( GEOMETRIC_REPRESENTATION_CONTEXT(2) 
PARAMETRIC_REPRESENTATION_CONTEXT() REPRESENTATION_CONTEXT('2D SPACE',''
  ) );
#7926 = PCURVE('',#7927,#7932);
#7927 = B_SPLINE_SURFACE_WITH_KNOTS('',1,1,(
    (#7928,#7929)
    ,(#7930,#7931
    )),.UNSPECIFIED.,.F.,.F.,.F.,(2,2),(2,2),(0.,4.166837145422),(
    -141.732,-78.74),.PIECEWISE_BEZIER_KNOTS.);
#7928 = CARTESIAN_POINT('',(1.286898810103,-79.37638266691,
    30.000060960122));
#7929 = CARTESIAN_POINT('',(1.286898810103,-79.37638266691,
    28.400060960122));
#7930 = CARTESIAN_POINT('',(1.194644118085,-79.32451044293,
    30.000060960122));
#7931 = CARTESIAN_POINT('',(1.194644118085,-79.32451044293,
    28.400060960122));
#7932 = DEFINITIONAL_REPRESENTATION('',(#7933),#7936);
#7933 = B_SPLINE_CURVE_WITH_KNOTS('',1,(#7934,#7935),.UNSPECIFIED.,.F.,
  .F.,(2,2),(292.6629798736,296.82981701902),.PIECEWISE_BEZIER_KNOTS.);
#7934 = CARTESIAN_POINT('',(2.273736754432E-13,-78.74));
#7935 = CARTESIAN_POINT('',(4.166837145422,-78.74));
#7936 = ( GEOMETRIC_REPRESENTATION_CONTEXT(2) 
PARAMETRIC_REPRESENTATION_CONTEXT() REPRESENTATION_CONTEXT('2D SPACE',''
  ) );
#7937 = ORIENTED_EDGE('',*,*,#7938,.T.);
#7938 = EDGE_CURVE('',#7914,#7939,#7941,.T.);
#7939 = VERTEX_POINT('',#7940);
#7940 = CARTESIAN_POINT('',(1.1061443788,-79.26646346224,28.400060960122
    ));
#7941 = SURFACE_CURVE('',#7942,(#7945,#7951),.PCURVE_S1.);
#7942 = B_SPLINE_CURVE_WITH_KNOTS('',1,(#7943,#7944),.UNSPECIFIED.,.F.,
  .F.,(2,2),(223.46985500062,227.63669214604),.PIECEWISE_BEZIER_KNOTS.);
#7943 = CARTESIAN_POINT('',(1.194644118085,-79.32451044293,
    28.400060960122));
#7944 = CARTESIAN_POINT('',(1.1061443788,-79.26646346224,28.400060960122
    ));
#7945 = PCURVE('',#2616,#7946);
#7946 = DEFINITIONAL_REPRESENTATION('',(#7947),#7950);
#7947 = B_SPLINE_CURVE_WITH_KNOTS('',1,(#7948,#7949),.UNSPECIFIED.,.F.,
  .F.,(2,2),(223.46985500062,227.63669214604),.PIECEWISE_BEZIER_KNOTS.);
#7948 = CARTESIAN_POINT('',(-1.514361177267E+03,1.527769961071E+03));
#7949 = CARTESIAN_POINT('',(-1.512075867638E+03,1.531254195807E+03));
#7950 = ( GEOMETRIC_REPRESENTATION_CONTEXT(2) 
PARAMETRIC_REPRESENTATION_CONTEXT() REPRESENTATION_CONTEXT('2D SPACE',''
  ) );
#7951 = PCURVE('',#7952,#7957);
#7952 = B_SPLINE_SURFACE_WITH_KNOTS('',1,1,(
    (#7953,#7954)
    ,(#7955,#7956
    )),.UNSPECIFIED.,.F.,.F.,.F.,(2,2),(2,2),(0.,4.166837145422),(
    -141.732,-78.74),.PIECEWISE_BEZIER_KNOTS.);
#7953 = CARTESIAN_POINT('',(1.194644118085,-79.32451044293,
    30.000060960122));
#7954 = CARTESIAN_POINT('',(1.194644118085,-79.32451044293,
    28.400060960122));
#7955 = CARTESIAN_POINT('',(1.1061443788,-79.26646346224,30.000060960122
    ));
#7956 = CARTESIAN_POINT('',(1.1061443788,-79.26646346224,28.400060960122
    ));
#7957 = DEFINITIONAL_REPRESENTATION('',(#7958),#7961);
#7958 = B_SPLINE_CURVE_WITH_KNOTS('',1,(#7959,#7960),.UNSPECIFIED.,.F.,
  .F.,(2,2),(223.46985500062,227.63669214604),.PIECEWISE_BEZIER_KNOTS.);
#7959 = CARTESIAN_POINT('',(0.,-78.74));
#7960 = CARTESIAN_POINT('',(4.166837145421,-78.74));
#7961 = ( GEOMETRIC_REPRESENTATION_CONTEXT(2) 
PARAMETRIC_REPRESENTATION_CONTEXT() REPRESENTATION_CONTEXT('2D SPACE',''
  ) );
#7962 = ORIENTED_EDGE('',*,*,#7963,.T.);
#7963 = EDGE_CURVE('',#7939,#7964,#7966,.T.);
#7964 = VERTEX_POINT('',#7965);
#7965 = CARTESIAN_POINT('',(1.021812218883,-79.20251236667,
    28.400060960122));
#7966 = SURFACE_CURVE('',#7967,(#7970,#7976),.PCURVE_S1.);
#7967 = B_SPLINE_CURVE_WITH_KNOTS('',1,(#7968,#7969),.UNSPECIFIED.,.F.,
  .F.,(2,2),(153.22995357624,157.39679072166),.PIECEWISE_BEZIER_KNOTS.);
#7968 = CARTESIAN_POINT('',(1.1061443788,-79.26646346224,28.400060960122
    ));
#7969 = CARTESIAN_POINT('',(1.021812218883,-79.20251236667,
    28.400060960122));
#7970 = PCURVE('',#2616,#7971);
#7971 = DEFINITIONAL_REPRESENTATION('',(#7972),#7975);
#7972 = B_SPLINE_CURVE_WITH_KNOTS('',1,(#7973,#7974),.UNSPECIFIED.,.F.,
  .F.,(2,2),(153.22995357624,157.39679072166),.PIECEWISE_BEZIER_KNOTS.);
#7973 = CARTESIAN_POINT('',(-1.512075867638E+03,1.531254195807E+03));
#7974 = CARTESIAN_POINT('',(-1.509558113005E+03,1.534574352943E+03));
#7975 = ( GEOMETRIC_REPRESENTATION_CONTEXT(2) 
PARAMETRIC_REPRESENTATION_CONTEXT() REPRESENTATION_CONTEXT('2D SPACE',''
  ) );
#7976 = PCURVE('',#7977,#7982);
#7977 = B_SPLINE_SURFACE_WITH_KNOTS('',1,1,(
    (#7978,#7979)
    ,(#7980,#7981
    )),.UNSPECIFIED.,.F.,.F.,.F.,(2,2),(2,2),(0.,4.166837145422),(
    -141.732,-78.74),.PIECEWISE_BEZIER_KNOTS.);
#7978 = CARTESIAN_POINT('',(1.1061443788,-79.26646346224,30.000060960122
    ));
#7979 = CARTESIAN_POINT('',(1.1061443788,-79.26646346224,28.400060960122
    ));
#7980 = CARTESIAN_POINT('',(1.021812218883,-79.20251236667,
    30.000060960122));
#7981 = CARTESIAN_POINT('',(1.021812218883,-79.20251236667,
    28.400060960122));
#7982 = DEFINITIONAL_REPRESENTATION('',(#7983),#7986);
#7983 = B_SPLINE_CURVE_WITH_KNOTS('',1,(#7984,#7985),.UNSPECIFIED.,.F.,
  .F.,(2,2),(153.22995357624,157.39679072166),.PIECEWISE_BEZIER_KNOTS.);
#7984 = CARTESIAN_POINT('',(2.273736754432E-13,-78.74));
#7985 = CARTESIAN_POINT('',(4.166837145422,-78.74));
#7986 = ( GEOMETRIC_REPRESENTATION_CONTEXT(2) 
PARAMETRIC_REPRESENTATION_CONTEXT() REPRESENTATION_CONTEXT('2D SPACE',''
  ) );
#7987 = ORIENTED_EDGE('',*,*,#7988,.T.);
#7988 = EDGE_CURVE('',#7964,#7989,#7991,.T.);
#7989 = VERTEX_POINT('',#7990);
#7990 = CARTESIAN_POINT('',(0.942040833795,-79.13295532575,
    28.400060960122));
#7991 = SURFACE_CURVE('',#7992,(#7995,#8001),.PCURVE_S1.);
#7992 = B_SPLINE_CURVE_WITH_KNOTS('',1,(#7993,#7994),.UNSPECIFIED.,.F.,
  .F.,(2,2),(82.270766444817,86.437603590239),.PIECEWISE_BEZIER_KNOTS.);
#7993 = CARTESIAN_POINT('',(1.021812218883,-79.20251236667,
    28.400060960122));
#7994 = CARTESIAN_POINT('',(0.942040833795,-79.13295532575,
    28.400060960122));
#7995 = PCURVE('',#2616,#7996);
#7996 = DEFINITIONAL_REPRESENTATION('',(#7997),#8000);
#7997 = B_SPLINE_CURVE_WITH_KNOTS('',1,(#7998,#7999),.UNSPECIFIED.,.F.,
  .F.,(2,2),(82.270766444817,86.437603590239),.PIECEWISE_BEZIER_KNOTS.);
#7998 = CARTESIAN_POINT('',(-1.509558113005E+03,1.534574352943E+03));
#7999 = CARTESIAN_POINT('',(-1.506819652304E+03,1.537714952373E+03));
#8000 = ( GEOMETRIC_REPRESENTATION_CONTEXT(2) 
PARAMETRIC_REPRESENTATION_CONTEXT() REPRESENTATION_CONTEXT('2D SPACE',''
  ) );
#8001 = PCURVE('',#8002,#8007);
#8002 = B_SPLINE_SURFACE_WITH_KNOTS('',1,1,(
    (#8003,#8004)
    ,(#8005,#8006
    )),.UNSPECIFIED.,.F.,.F.,.F.,(2,2),(2,2),(0.,4.166837145422),(
    -141.732,-78.74),.PIECEWISE_BEZIER_KNOTS.);
#8003 = CARTESIAN_POINT('',(1.021812218883,-79.20251236667,
    30.000060960122));
#8004 = CARTESIAN_POINT('',(1.021812218883,-79.20251236667,
    28.400060960122));
#8005 = CARTESIAN_POINT('',(0.942040833795,-79.13295532575,
    30.000060960122));
#8006 = CARTESIAN_POINT('',(0.942040833795,-79.13295532575,
    28.400060960122));
#8007 = DEFINITIONAL_REPRESENTATION('',(#8008),#8011);
#8008 = B_SPLINE_CURVE_WITH_KNOTS('',1,(#8009,#8010),.UNSPECIFIED.,.F.,
  .F.,(2,2),(82.270766444817,86.437603590239),.PIECEWISE_BEZIER_KNOTS.);
#8009 = CARTESIAN_POINT('',(0.,-78.74));
#8010 = CARTESIAN_POINT('',(4.166837145422,-78.74));
#8011 = ( GEOMETRIC_REPRESENTATION_CONTEXT(2) 
PARAMETRIC_REPRESENTATION_CONTEXT() REPRESENTATION_CONTEXT('2D SPACE',''
  ) );
#8012 = ORIENTED_EDGE('',*,*,#8013,.T.);
#8013 = EDGE_CURVE('',#7989,#8014,#8016,.T.);
#8014 = VERTEX_POINT('',#8015);
#8015 = CARTESIAN_POINT('',(0.867202154556,-79.05811664652,
    28.400060960122));
#8016 = SURFACE_CURVE('',#8017,(#8020,#8026),.PCURVE_S1.);
#8017 = B_SPLINE_CURVE_WITH_KNOTS('',1,(#8018,#8019),.UNSPECIFIED.,.F.,
  .F.,(2,2),(10.923138092881,15.089975238303),.PIECEWISE_BEZIER_KNOTS.);
#8018 = CARTESIAN_POINT('',(0.942040833795,-79.13295532575,
    28.400060960122));
#8019 = CARTESIAN_POINT('',(0.867202154556,-79.05811664652,
    28.400060960122));
#8020 = PCURVE('',#2616,#8021);
#8021 = DEFINITIONAL_REPRESENTATION('',(#8022),#8025);
#8022 = B_SPLINE_CURVE_WITH_KNOTS('',1,(#8023,#8024),.UNSPECIFIED.,.F.,
  .F.,(2,2),(10.923138092881,15.089975238303),.PIECEWISE_BEZIER_KNOTS.);
#8023 = CARTESIAN_POINT('',(-1.506819652304E+03,1.537714952373E+03));
#8024 = CARTESIAN_POINT('',(-1.503873253503E+03,1.540661351175E+03));
#8025 = ( GEOMETRIC_REPRESENTATION_CONTEXT(2) 
PARAMETRIC_REPRESENTATION_CONTEXT() REPRESENTATION_CONTEXT('2D SPACE',''
  ) );
#8026 = PCURVE('',#8027,#8032);
#8027 = B_SPLINE_SURFACE_WITH_KNOTS('',1,1,(
    (#8028,#8029)
    ,(#8030,#8031
    )),.UNSPECIFIED.,.F.,.F.,.F.,(2,2),(2,2),(0.,4.166837145422),(
    -141.732,-78.74),.PIECEWISE_BEZIER_KNOTS.);
#8028 = CARTESIAN_POINT('',(0.942040833795,-79.13295532575,
    30.000060960122));
#8029 = CARTESIAN_POINT('',(0.942040833795,-79.13295532575,
    28.400060960122));
#8030 = CARTESIAN_POINT('',(0.867202154556,-79.05811664652,
    30.000060960122));
#8031 = CARTESIAN_POINT('',(0.867202154556,-79.05811664652,
    28.400060960122));
#8032 = DEFINITIONAL_REPRESENTATION('',(#8033),#8036);
#8033 = B_SPLINE_CURVE_WITH_KNOTS('',1,(#8034,#8035),.UNSPECIFIED.,.F.,
  .F.,(2,2),(10.923138092881,15.089975238303),.PIECEWISE_BEZIER_KNOTS.);
#8034 = CARTESIAN_POINT('',(0.,-78.74));
#8035 = CARTESIAN_POINT('',(4.166837145422,-78.74));
#8036 = ( GEOMETRIC_REPRESENTATION_CONTEXT(2) 
PARAMETRIC_REPRESENTATION_CONTEXT() REPRESENTATION_CONTEXT('2D SPACE',''
  ) );
#8037 = ORIENTED_EDGE('',*,*,#8038,.T.);
#8038 = EDGE_CURVE('',#8014,#8039,#8041,.T.);
#8039 = VERTEX_POINT('',#8040);
#8040 = CARTESIAN_POINT('',(0.797645113637,-78.97834526143,
    28.400060960122));
#8041 = SURFACE_CURVE('',#8042,(#8045,#8051),.PCURVE_S1.);
#8042 = B_SPLINE_CURVE_WITH_KNOTS('',1,(#8043,#8044),.UNSPECIFIED.,.F.,
  .F.,(2,2),(-60.48027590066,-56.31343875524),.PIECEWISE_BEZIER_KNOTS.);
#8043 = CARTESIAN_POINT('',(0.867202154556,-79.05811664652,
    28.400060960122));
#8044 = CARTESIAN_POINT('',(0.797645113637,-78.97834526143,
    28.400060960122));
#8045 = PCURVE('',#2616,#8046);
#8046 = DEFINITIONAL_REPRESENTATION('',(#8047),#8050);
#8047 = B_SPLINE_CURVE_WITH_KNOTS('',1,(#8048,#8049),.UNSPECIFIED.,.F.,
  .F.,(2,2),(-60.48027590066,-56.31343875524),.PIECEWISE_BEZIER_KNOTS.);
#8048 = CARTESIAN_POINT('',(-1.503873253503E+03,1.540661351175E+03));
#8049 = CARTESIAN_POINT('',(-1.500732654072E+03,1.543399811876E+03));
#8050 = ( GEOMETRIC_REPRESENTATION_CONTEXT(2) 
PARAMETRIC_REPRESENTATION_CONTEXT() REPRESENTATION_CONTEXT('2D SPACE',''
  ) );
#8051 = PCURVE('',#8052,#8057);
#8052 = B_SPLINE_SURFACE_WITH_KNOTS('',1,1,(
    (#8053,#8054)
    ,(#8055,#8056
    )),.UNSPECIFIED.,.F.,.F.,.F.,(2,2),(2,2),(0.,4.166837145422),(
    -141.732,-78.74),.PIECEWISE_BEZIER_KNOTS.);
#8053 = CARTESIAN_POINT('',(0.867202154556,-79.05811664652,
    30.000060960122));
#8054 = CARTESIAN_POINT('',(0.867202154556,-79.05811664652,
    28.400060960122));
#8055 = CARTESIAN_POINT('',(0.797645113637,-78.97834526143,
    30.000060960122));
#8056 = CARTESIAN_POINT('',(0.797645113637,-78.97834526143,
    28.400060960122));
#8057 = DEFINITIONAL_REPRESENTATION('',(#8058),#8061);
#8058 = B_SPLINE_CURVE_WITH_KNOTS('',1,(#8059,#8060),.UNSPECIFIED.,.F.,
  .F.,(2,2),(-60.48027590066,-56.31343875524),.PIECEWISE_BEZIER_KNOTS.);
#8059 = CARTESIAN_POINT('',(0.,-78.74));
#8060 = CARTESIAN_POINT('',(4.166837145423,-78.74));
#8061 = ( GEOMETRIC_REPRESENTATION_CONTEXT(2) 
PARAMETRIC_REPRESENTATION_CONTEXT() REPRESENTATION_CONTEXT('2D SPACE',''
  ) );
#8062 = ORIENTED_EDGE('',*,*,#8063,.T.);
#8063 = EDGE_CURVE('',#8039,#8064,#8066,.T.);
#8064 = VERTEX_POINT('',#8065);
#8065 = CARTESIAN_POINT('',(0.73369401807,-78.89401310151,
    28.400060960122));
#8066 = SURFACE_CURVE('',#8067,(#8070,#8076),.PCURVE_S1.);
#8067 = B_SPLINE_CURVE_WITH_KNOTS('',1,(#8068,#8069),.UNSPECIFIED.,.F.,
  .F.,(2,2),(-131.6065598587,-127.4397227133),.PIECEWISE_BEZIER_KNOTS.);
#8068 = CARTESIAN_POINT('',(0.797645113637,-78.97834526143,
    28.400060960122));
#8069 = CARTESIAN_POINT('',(0.73369401807,-78.89401310151,
    28.400060960122));
#8070 = PCURVE('',#2616,#8071);
#8071 = DEFINITIONAL_REPRESENTATION('',(#8072),#8075);
#8072 = B_SPLINE_CURVE_WITH_KNOTS('',1,(#8073,#8074),.UNSPECIFIED.,.F.,
  .F.,(2,2),(-131.6065598587,-127.4397227133),.PIECEWISE_BEZIER_KNOTS.);
#8073 = CARTESIAN_POINT('',(-1.500732654072E+03,1.543399811876E+03));
#8074 = CARTESIAN_POINT('',(-1.497412496936E+03,1.545917566509E+03));
#8075 = ( GEOMETRIC_REPRESENTATION_CONTEXT(2) 
PARAMETRIC_REPRESENTATION_CONTEXT() REPRESENTATION_CONTEXT('2D SPACE',''
  ) );
#8076 = PCURVE('',#8077,#8082);
#8077 = B_SPLINE_SURFACE_WITH_KNOTS('',1,1,(
    (#8078,#8079)
    ,(#8080,#8081
    )),.UNSPECIFIED.,.F.,.F.,.F.,(2,2),(2,2),(0.,4.166837145422),(
    -141.732,-78.74),.PIECEWISE_BEZIER_KNOTS.);
#8078 = CARTESIAN_POINT('',(0.797645113637,-78.97834526143,
    30.000060960122));
#8079 = CARTESIAN_POINT('',(0.797645113637,-78.97834526143,
    28.400060960122));
#8080 = CARTESIAN_POINT('',(0.73369401807,-78.89401310151,
    30.000060960122));
#8081 = CARTESIAN_POINT('',(0.73369401807,-78.89401310151,
    28.400060960122));
#8082 = DEFINITIONAL_REPRESENTATION('',(#8083),#8086);
#8083 = B_SPLINE_CURVE_WITH_KNOTS('',1,(#8084,#8085),.UNSPECIFIED.,.F.,
  .F.,(2,2),(-131.6065598587,-127.4397227133),.PIECEWISE_BEZIER_KNOTS.);
#8084 = CARTESIAN_POINT('',(0.,-78.74));
#8085 = CARTESIAN_POINT('',(4.166837145422,-78.74));
#8086 = ( GEOMETRIC_REPRESENTATION_CONTEXT(2) 
PARAMETRIC_REPRESENTATION_CONTEXT() REPRESENTATION_CONTEXT('2D SPACE',''
  ) );
#8087 = ORIENTED_EDGE('',*,*,#8088,.T.);
#8088 = EDGE_CURVE('',#8064,#8089,#8091,.T.);
#8089 = VERTEX_POINT('',#8090);
#8090 = CARTESIAN_POINT('',(0.675647037384,-78.80551336222,
    28.400060960122));
#8091 = SURFACE_CURVE('',#8092,(#8095,#8101),.PCURVE_S1.);
#8092 = B_SPLINE_CURVE_WITH_KNOTS('',1,(#8093,#8094),.UNSPECIFIED.,.F.,
  .F.,(2,2),(-202.1240902122,-197.9572530668),.PIECEWISE_BEZIER_KNOTS.);
#8093 = CARTESIAN_POINT('',(0.73369401807,-78.89401310151,
    28.400060960122));
#8094 = CARTESIAN_POINT('',(0.675647037384,-78.80551336223,
    28.400060960122));
#8095 = PCURVE('',#2616,#8096);
#8096 = DEFINITIONAL_REPRESENTATION('',(#8097),#8100);
#8097 = B_SPLINE_CURVE_WITH_KNOTS('',1,(#8098,#8099),.UNSPECIFIED.,.F.,
  .F.,(2,2),(-202.1240902122,-197.9572530668),.PIECEWISE_BEZIER_KNOTS.);
#8098 = CARTESIAN_POINT('',(-1.497412496936E+03,1.545917566509E+03));
#8099 = CARTESIAN_POINT('',(-1.4939282622E+03,1.548202876138E+03));
#8100 = ( GEOMETRIC_REPRESENTATION_CONTEXT(2) 
PARAMETRIC_REPRESENTATION_CONTEXT() REPRESENTATION_CONTEXT('2D SPACE',''
  ) );
#8101 = PCURVE('',#8102,#8107);
#8102 = B_SPLINE_SURFACE_WITH_KNOTS('',1,1,(
    (#8103,#8104)
    ,(#8105,#8106
    )),.UNSPECIFIED.,.F.,.F.,.F.,(2,2),(2,2),(0.,4.166837145422),(
    -141.732,-78.74),.PIECEWISE_BEZIER_KNOTS.);
#8103 = CARTESIAN_POINT('',(0.73369401807,-78.89401310151,
    30.000060960122));
#8104 = CARTESIAN_POINT('',(0.73369401807,-78.89401310151,
    28.400060960122));
#8105 = CARTESIAN_POINT('',(0.675647037384,-78.80551336222,
    30.000060960122));
#8106 = CARTESIAN_POINT('',(0.675647037384,-78.80551336222,
    28.400060960122));
#8107 = DEFINITIONAL_REPRESENTATION('',(#8108),#8111);
#8108 = B_SPLINE_CURVE_WITH_KNOTS('',1,(#8109,#8110),.UNSPECIFIED.,.F.,
  .F.,(2,2),(-202.1240902122,-197.9572530668),.PIECEWISE_BEZIER_KNOTS.);
#8109 = CARTESIAN_POINT('',(0.,-78.74));
#8110 = CARTESIAN_POINT('',(4.166837145422,-78.74));
#8111 = ( GEOMETRIC_REPRESENTATION_CONTEXT(2) 
PARAMETRIC_REPRESENTATION_CONTEXT() REPRESENTATION_CONTEXT('2D SPACE',''
  ) );
#8112 = ORIENTED_EDGE('',*,*,#8113,.T.);
#8113 = EDGE_CURVE('',#8089,#8114,#8116,.T.);
#8114 = VERTEX_POINT('',#8115);
#8115 = CARTESIAN_POINT('',(0.623774813399,-78.71325867021,
    28.400060960122));
#8116 = SURFACE_CURVE('',#8117,(#8120,#8126),.PCURVE_S1.);
#8117 = B_SPLINE_CURVE_WITH_KNOTS('',1,(#8118,#8119),.UNSPECIFIED.,.F.,
  .F.,(2,2),(-271.7040816823,-267.5372445369),.PIECEWISE_BEZIER_KNOTS.);
#8118 = CARTESIAN_POINT('',(0.675647037384,-78.80551336222,
    28.400060960122));
#8119 = CARTESIAN_POINT('',(0.623774813399,-78.71325867021,
    28.400060960122));
#8120 = PCURVE('',#2616,#8121);
#8121 = DEFINITIONAL_REPRESENTATION('',(#8122),#8125);
#8122 = B_SPLINE_CURVE_WITH_KNOTS('',1,(#8123,#8124),.UNSPECIFIED.,.F.,
  .F.,(2,2),(-271.7040816823,-267.5372445369),.PIECEWISE_BEZIER_KNOTS.);
#8123 = CARTESIAN_POINT('',(-1.4939282622E+03,1.548202876138E+03));
#8124 = CARTESIAN_POINT('',(-1.490296194975E+03,1.550245085596E+03));
#8125 = ( GEOMETRIC_REPRESENTATION_CONTEXT(2) 
PARAMETRIC_REPRESENTATION_CONTEXT() REPRESENTATION_CONTEXT('2D SPACE',''
  ) );
#8126 = PCURVE('',#8127,#8132);
#8127 = B_SPLINE_SURFACE_WITH_KNOTS('',1,1,(
    (#8128,#8129)
    ,(#8130,#8131
    )),.UNSPECIFIED.,.F.,.F.,.F.,(2,2),(2,2),(0.,4.166837145422),(
    -141.732,-78.74),.PIECEWISE_BEZIER_KNOTS.);
#8128 = CARTESIAN_POINT('',(0.675647037384,-78.80551336222,
    30.000060960122));
#8129 = CARTESIAN_POINT('',(0.675647037384,-78.80551336222,
    28.400060960122));
#8130 = CARTESIAN_POINT('',(0.623774813399,-78.71325867021,
    30.000060960122));
#8131 = CARTESIAN_POINT('',(0.623774813399,-78.71325867021,
    28.400060960122));
#8132 = DEFINITIONAL_REPRESENTATION('',(#8133),#8136);
#8133 = B_SPLINE_CURVE_WITH_KNOTS('',1,(#8134,#8135),.UNSPECIFIED.,.F.,
  .F.,(2,2),(-271.7040816823,-267.5372445369),.PIECEWISE_BEZIER_KNOTS.);
#8134 = CARTESIAN_POINT('',(0.,-78.74));
#8135 = CARTESIAN_POINT('',(4.166837145422,-78.74));
#8136 = ( GEOMETRIC_REPRESENTATION_CONTEXT(2) 
PARAMETRIC_REPRESENTATION_CONTEXT() REPRESENTATION_CONTEXT('2D SPACE',''
  ) );
#8137 = ORIENTED_EDGE('',*,*,#8138,.T.);
#8138 = EDGE_CURVE('',#8114,#8139,#8141,.T.);
#8139 = VERTEX_POINT('',#8140);
#8140 = CARTESIAN_POINT('',(0.578319198368,-78.61767915942,
    28.400060960122));
#8141 = SURFACE_CURVE('',#8142,(#8145,#8151),.PCURVE_S1.);
#8142 = B_SPLINE_CURVE_WITH_KNOTS('',1,(#8143,#8144),.UNSPECIFIED.,.F.,
  .F.,(2,2),(-340.0221202295,-335.8552830841),.PIECEWISE_BEZIER_KNOTS.);
#8143 = CARTESIAN_POINT('',(0.623774813399,-78.71325867021,
    28.400060960122));
#8144 = CARTESIAN_POINT('',(0.578319198368,-78.61767915942,
    28.400060960122));
#8145 = PCURVE('',#2616,#8146);
#8146 = DEFINITIONAL_REPRESENTATION('',(#8147),#8150);
#8147 = B_SPLINE_CURVE_WITH_KNOTS('',1,(#8148,#8149),.UNSPECIFIED.,.F.,
  .F.,(2,2),(-340.0221202295,-335.8552830841),.PIECEWISE_BEZIER_KNOTS.);
#8148 = CARTESIAN_POINT('',(-1.490296194975E+03,1.550245085596E+03));
#8149 = CARTESIAN_POINT('',(-1.486533229636E+03,1.55203467316E+03));
#8150 = ( GEOMETRIC_REPRESENTATION_CONTEXT(2) 
PARAMETRIC_REPRESENTATION_CONTEXT() REPRESENTATION_CONTEXT('2D SPACE',''
  ) );
#8151 = PCURVE('',#8152,#8157);
#8152 = B_SPLINE_SURFACE_WITH_KNOTS('',1,1,(
    (#8153,#8154)
    ,(#8155,#8156
    )),.UNSPECIFIED.,.F.,.F.,.F.,(2,2),(2,2),(0.,4.166837145422),(
    -141.732,-78.74),.PIECEWISE_BEZIER_KNOTS.);
#8153 = CARTESIAN_POINT('',(0.623774813399,-78.71325867021,
    30.000060960122));
#8154 = CARTESIAN_POINT('',(0.623774813399,-78.71325867021,
    28.400060960122));
#8155 = CARTESIAN_POINT('',(0.578319198368,-78.61767915942,
    30.000060960122));
#8156 = CARTESIAN_POINT('',(0.578319198368,-78.61767915942,
    28.400060960122));
#8157 = DEFINITIONAL_REPRESENTATION('',(#8158),#8161);
#8158 = B_SPLINE_CURVE_WITH_KNOTS('',1,(#8159,#8160),.UNSPECIFIED.,.F.,
  .F.,(2,2),(-340.0221202295,-335.8552830841),.PIECEWISE_BEZIER_KNOTS.);
#8159 = CARTESIAN_POINT('',(0.,-78.74));
#8160 = CARTESIAN_POINT('',(4.166837145422,-78.74));
#8161 = ( GEOMETRIC_REPRESENTATION_CONTEXT(2) 
PARAMETRIC_REPRESENTATION_CONTEXT() REPRESENTATION_CONTEXT('2D SPACE',''
  ) );
#8162 = ORIENTED_EDGE('',*,*,#8163,.T.);
#8163 = EDGE_CURVE('',#8139,#8164,#8166,.T.);
#8164 = VERTEX_POINT('',#8165);
#8165 = CARTESIAN_POINT('',(0.539492127352,-78.51922046566,
    28.400060960122));
#8166 = SURFACE_CURVE('',#8167,(#8170,#8176),.PCURVE_S1.);
#8167 = B_SPLINE_CURVE_WITH_KNOTS('',1,(#8168,#8169),.UNSPECIFIED.,.F.,
  .F.,(2,2),(-406.7596756211,-402.5928384757),.PIECEWISE_BEZIER_KNOTS.);
#8168 = CARTESIAN_POINT('',(0.578319198368,-78.61767915942,
    28.400060960122));
#8169 = CARTESIAN_POINT('',(0.539492127352,-78.51922046566,
    28.400060960122));
#8170 = PCURVE('',#2616,#8171);
#8171 = DEFINITIONAL_REPRESENTATION('',(#8172),#8175);
#8172 = B_SPLINE_CURVE_WITH_KNOTS('',1,(#8173,#8174),.UNSPECIFIED.,.F.,
  .F.,(2,2),(-406.7596756211,-402.5928384757),.PIECEWISE_BEZIER_KNOTS.);
#8173 = CARTESIAN_POINT('',(-1.486533229636E+03,1.55203467316E+03));
#8174 = CARTESIAN_POINT('',(-1.482656910862E+03,1.553563294946E+03));
#8175 = ( GEOMETRIC_REPRESENTATION_CONTEXT(2) 
PARAMETRIC_REPRESENTATION_CONTEXT() REPRESENTATION_CONTEXT('2D SPACE',''
  ) );
#8176 = PCURVE('',#8177,#8182);
#8177 = B_SPLINE_SURFACE_WITH_KNOTS('',1,1,(
    (#8178,#8179)
    ,(#8180,#8181
    )),.UNSPECIFIED.,.F.,.F.,.F.,(2,2),(2,2),(0.,4.166837145422),(
    -141.732,-78.74),.PIECEWISE_BEZIER_KNOTS.);
#8178 = CARTESIAN_POINT('',(0.578319198368,-78.61767915942,
    30.000060960122));
#8179 = CARTESIAN_POINT('',(0.578319198368,-78.61767915942,
    28.400060960122));
#8180 = CARTESIAN_POINT('',(0.539492127352,-78.51922046566,
    30.000060960122));
#8181 = CARTESIAN_POINT('',(0.539492127352,-78.51922046566,
    28.400060960122));
#8182 = DEFINITIONAL_REPRESENTATION('',(#8183),#8186);
#8183 = B_SPLINE_CURVE_WITH_KNOTS('',1,(#8184,#8185),.UNSPECIFIED.,.F.,
  .F.,(2,2),(-406.7596756211,-402.5928384757),.PIECEWISE_BEZIER_KNOTS.);
#8184 = CARTESIAN_POINT('',(0.,-78.74));
#8185 = CARTESIAN_POINT('',(4.166837145422,-78.74));
#8186 = ( GEOMETRIC_REPRESENTATION_CONTEXT(2) 
PARAMETRIC_REPRESENTATION_CONTEXT() REPRESENTATION_CONTEXT('2D SPACE',''
  ) );
#8187 = ORIENTED_EDGE('',*,*,#8188,.T.);
#8188 = EDGE_CURVE('',#8164,#8189,#8191,.T.);
#8189 = VERTEX_POINT('',#8190);
#8190 = CARTESIAN_POINT('',(0.507474630079,-78.41834164881,
    28.400060960122));
#8191 = SURFACE_CURVE('',#8192,(#8195,#8201),.PCURVE_S1.);
#8192 = B_SPLINE_CURVE_WITH_KNOTS('',1,(#8193,#8194),.UNSPECIFIED.,.F.,
  .F.,(2,2),(-471.6055865666,-467.4387494212),.PIECEWISE_BEZIER_KNOTS.);
#8193 = CARTESIAN_POINT('',(0.539492127352,-78.51922046566,
    28.400060960122));
#8194 = CARTESIAN_POINT('',(0.507474630079,-78.41834164881,
    28.400060960122));
#8195 = PCURVE('',#2616,#8196);
#8196 = DEFINITIONAL_REPRESENTATION('',(#8197),#8200);
#8197 = B_SPLINE_CURVE_WITH_KNOTS('',1,(#8198,#8199),.UNSPECIFIED.,.F.,
  .F.,(2,2),(-471.6055865666,-467.4387494212),.PIECEWISE_BEZIER_KNOTS.);
#8198 = CARTESIAN_POINT('',(-1.482656910862E+03,1.553563294946E+03));
#8199 = CARTESIAN_POINT('',(-1.478685311843E+03,1.554823823814E+03));
#8200 = ( GEOMETRIC_REPRESENTATION_CONTEXT(2) 
PARAMETRIC_REPRESENTATION_CONTEXT() REPRESENTATION_CONTEXT('2D SPACE',''
  ) );
#8201 = PCURVE('',#8202,#8207);
#8202 = B_SPLINE_SURFACE_WITH_KNOTS('',1,1,(
    (#8203,#8204)
    ,(#8205,#8206
    )),.UNSPECIFIED.,.F.,.F.,.F.,(2,2),(2,2),(0.,4.166837145422),(
    -141.732,-78.74),.PIECEWISE_BEZIER_KNOTS.);
#8203 = CARTESIAN_POINT('',(0.539492127352,-78.51922046566,
    30.000060960122));
#8204 = CARTESIAN_POINT('',(0.539492127352,-78.51922046566,
    28.400060960122));
#8205 = CARTESIAN_POINT('',(0.507474630079,-78.41834164881,
    30.000060960122));
#8206 = CARTESIAN_POINT('',(0.507474630079,-78.41834164881,
    28.400060960122));
#8207 = DEFINITIONAL_REPRESENTATION('',(#8208),#8211);
#8208 = B_SPLINE_CURVE_WITH_KNOTS('',1,(#8209,#8210),.UNSPECIFIED.,.F.,
  .F.,(2,2),(-471.6055865666,-467.4387494212),.PIECEWISE_BEZIER_KNOTS.);
#8209 = CARTESIAN_POINT('',(0.,-78.74));
#8210 = CARTESIAN_POINT('',(4.166837145422,-78.74));
#8211 = ( GEOMETRIC_REPRESENTATION_CONTEXT(2) 
PARAMETRIC_REPRESENTATION_CONTEXT() REPRESENTATION_CONTEXT('2D SPACE',''
  ) );
#8212 = ORIENTED_EDGE('',*,*,#8213,.T.);
#8213 = EDGE_CURVE('',#8189,#8214,#8216,.T.);
#8214 = VERTEX_POINT('',#8215);
#8215 = CARTESIAN_POINT('',(0.482415986901,-78.31551305249,
    28.400060960122));
#8216 = SURFACE_CURVE('',#8217,(#8220,#8226),.PCURVE_S1.);
#8217 = B_SPLINE_CURVE_WITH_KNOTS('',1,(#8218,#8219),.UNSPECIFIED.,.F.,
  .F.,(2,2),(-534.257511495,-530.0906743496),.PIECEWISE_BEZIER_KNOTS.);
#8218 = CARTESIAN_POINT('',(0.507474630079,-78.41834164881,
    28.400060960122));
#8219 = CARTESIAN_POINT('',(0.482415986901,-78.31551305249,
    28.400060960122));
#8220 = PCURVE('',#2616,#8221);
#8221 = DEFINITIONAL_REPRESENTATION('',(#8222),#8225);
#8222 = B_SPLINE_CURVE_WITH_KNOTS('',1,(#8223,#8224),.UNSPECIFIED.,.F.,
  .F.,(2,2),(-534.257511495,-530.0906743496),.PIECEWISE_BEZIER_KNOTS.);
#8223 = CARTESIAN_POINT('',(-1.478685311843E+03,1.554823823814E+03));
#8224 = CARTESIAN_POINT('',(-1.474636950006E+03,1.555810382596E+03));
#8225 = ( GEOMETRIC_REPRESENTATION_CONTEXT(2) 
PARAMETRIC_REPRESENTATION_CONTEXT() REPRESENTATION_CONTEXT('2D SPACE',''
  ) );
#8226 = PCURVE('',#8227,#8232);
#8227 = B_SPLINE_SURFACE_WITH_KNOTS('',1,1,(
    (#8228,#8229)
    ,(#8230,#8231
    )),.UNSPECIFIED.,.F.,.F.,.F.,(2,2),(2,2),(0.,4.166837145422),(
    -141.732,-78.74),.PIECEWISE_BEZIER_KNOTS.);
#8228 = CARTESIAN_POINT('',(0.507474630079,-78.41834164881,
    30.000060960122));
#8229 = CARTESIAN_POINT('',(0.507474630079,-78.41834164881,
    28.400060960122));
#8230 = CARTESIAN_POINT('',(0.482415986901,-78.31551305249,
    30.000060960122));
#8231 = CARTESIAN_POINT('',(0.482415986901,-78.31551305249,
    28.400060960122));
#8232 = DEFINITIONAL_REPRESENTATION('',(#8233),#8236);
#8233 = B_SPLINE_CURVE_WITH_KNOTS('',1,(#8234,#8235),.UNSPECIFIED.,.F.,
  .F.,(2,2),(-534.257511495,-530.0906743496),.PIECEWISE_BEZIER_KNOTS.);
#8234 = CARTESIAN_POINT('',(0.,-78.74));
#8235 = CARTESIAN_POINT('',(4.166837145422,-78.74));
#8236 = ( GEOMETRIC_REPRESENTATION_CONTEXT(2) 
PARAMETRIC_REPRESENTATION_CONTEXT() REPRESENTATION_CONTEXT('2D SPACE',''
  ) );
#8237 = ORIENTED_EDGE('',*,*,#8238,.T.);
#8238 = EDGE_CURVE('',#8214,#8239,#8241,.T.);
#8239 = VERTEX_POINT('',#8240);
#8240 = CARTESIAN_POINT('',(0.46443303278,-78.21121411106,
    28.400060960122));
#8241 = SURFACE_CURVE('',#8242,(#8245,#8251),.PCURVE_S1.);
#8242 = B_SPLINE_CURVE_WITH_KNOTS('',1,(#8243,#8244),.UNSPECIFIED.,.F.,
  .F.,(2,2),(-594.423338211,-590.2565010655),.PIECEWISE_BEZIER_KNOTS.);
#8243 = CARTESIAN_POINT('',(0.482415986901,-78.31551305249,
    28.400060960122));
#8244 = CARTESIAN_POINT('',(0.46443303278,-78.21121411106,
    28.400060960122));
#8245 = PCURVE('',#2616,#8246);
#8246 = DEFINITIONAL_REPRESENTATION('',(#8247),#8250);
#8247 = B_SPLINE_CURVE_WITH_KNOTS('',1,(#8248,#8249),.UNSPECIFIED.,.F.,
  .F.,(2,2),(-594.423338211,-590.2565010655),.PIECEWISE_BEZIER_KNOTS.);
#8248 = CARTESIAN_POINT('',(-1.474636950006E+03,1.555810382596E+03));
#8249 = CARTESIAN_POINT('',(-1.470530700682E+03,1.556518371499E+03));
#8250 = ( GEOMETRIC_REPRESENTATION_CONTEXT(2) 
PARAMETRIC_REPRESENTATION_CONTEXT() REPRESENTATION_CONTEXT('2D SPACE',''
  ) );
#8251 = PCURVE('',#8252,#8257);
#8252 = B_SPLINE_SURFACE_WITH_KNOTS('',1,1,(
    (#8253,#8254)
    ,(#8255,#8256
    )),.UNSPECIFIED.,.F.,.F.,.F.,(2,2),(2,2),(0.,4.166837145422),(
    -141.732,-78.74),.PIECEWISE_BEZIER_KNOTS.);
#8253 = CARTESIAN_POINT('',(0.482415986901,-78.31551305249,
    30.000060960122));
#8254 = CARTESIAN_POINT('',(0.482415986901,-78.31551305249,
    28.400060960122));
#8255 = CARTESIAN_POINT('',(0.46443303278,-78.21121411106,
    30.000060960122));
#8256 = CARTESIAN_POINT('',(0.46443303278,-78.21121411106,
    28.400060960122));
#8257 = DEFINITIONAL_REPRESENTATION('',(#8258),#8261);
#8258 = B_SPLINE_CURVE_WITH_KNOTS('',1,(#8259,#8260),.UNSPECIFIED.,.F.,
  .F.,(2,2),(-594.423338211,-590.2565010655),.PIECEWISE_BEZIER_KNOTS.);
#8259 = CARTESIAN_POINT('',(0.,-78.74));
#8260 = CARTESIAN_POINT('',(4.166837145422,-78.74));
#8261 = ( GEOMETRIC_REPRESENTATION_CONTEXT(2) 
PARAMETRIC_REPRESENTATION_CONTEXT() REPRESENTATION_CONTEXT('2D SPACE',''
  ) );
#8262 = ORIENTED_EDGE('',*,*,#8263,.T.);
#8263 = EDGE_CURVE('',#8239,#8264,#8266,.T.);
#8264 = VERTEX_POINT('',#8265);
#8265 = CARTESIAN_POINT('',(0.45360961255,-78.10593111436,
    28.400060960122));
#8266 = SURFACE_CURVE('',#8267,(#8270,#8276),.PCURVE_S1.);
#8267 = B_SPLINE_CURVE_WITH_KNOTS('',1,(#8268,#8269),.UNSPECIFIED.,.F.,
  .F.,(2,2),(-651.8225458567,-647.6557087113),.PIECEWISE_BEZIER_KNOTS.);
#8268 = CARTESIAN_POINT('',(0.46443303278,-78.21121411106,
    28.400060960122));
#8269 = CARTESIAN_POINT('',(0.45360961255,-78.10593111436,
    28.400060960122));
#8270 = PCURVE('',#2616,#8271);
#8271 = DEFINITIONAL_REPRESENTATION('',(#8272),#8275);
#8272 = B_SPLINE_CURVE_WITH_KNOTS('',1,(#8273,#8274),.UNSPECIFIED.,.F.,
  .F.,(2,2),(-651.8225458567,-647.6557087113),.PIECEWISE_BEZIER_KNOTS.);
#8273 = CARTESIAN_POINT('',(-1.470530700682E+03,1.556518371499E+03));
#8274 = CARTESIAN_POINT('',(-1.466385709102E+03,1.556944489554E+03));
#8275 = ( GEOMETRIC_REPRESENTATION_CONTEXT(2) 
PARAMETRIC_REPRESENTATION_CONTEXT() REPRESENTATION_CONTEXT('2D SPACE',''
  ) );
#8276 = PCURVE('',#8277,#8282);
#8277 = B_SPLINE_SURFACE_WITH_KNOTS('',1,1,(
    (#8278,#8279)
    ,(#8280,#8281
    )),.UNSPECIFIED.,.F.,.F.,.F.,(2,2),(2,2),(0.,4.166837145422),(
    -141.732,-78.74),.PIECEWISE_BEZIER_KNOTS.);
#8278 = CARTESIAN_POINT('',(0.46443303278,-78.21121411106,
    30.000060960122));
#8279 = CARTESIAN_POINT('',(0.46443303278,-78.21121411106,
    28.400060960122));
#8280 = CARTESIAN_POINT('',(0.45360961255,-78.10593111436,
    30.000060960122));
#8281 = CARTESIAN_POINT('',(0.45360961255,-78.10593111436,
    28.400060960122));
#8282 = DEFINITIONAL_REPRESENTATION('',(#8283),#8286);
#8283 = B_SPLINE_CURVE_WITH_KNOTS('',1,(#8284,#8285),.UNSPECIFIED.,.F.,
  .F.,(2,2),(-651.8225458567,-647.6557087113),.PIECEWISE_BEZIER_KNOTS.);
#8284 = CARTESIAN_POINT('',(0.,-78.74));
#8285 = CARTESIAN_POINT('',(4.166837145422,-78.74));
#8286 = ( GEOMETRIC_REPRESENTATION_CONTEXT(2) 
PARAMETRIC_REPRESENTATION_CONTEXT() REPRESENTATION_CONTEXT('2D SPACE',''
  ) );
#8287 = ORIENTED_EDGE('',*,*,#8288,.T.);
#8288 = EDGE_CURVE('',#8264,#8289,#8291,.T.);
#8289 = VERTEX_POINT('',#8290);
#8290 = CARTESIAN_POINT('',(0.449996189992,-78.00015494031,
    28.400060960122));
#8291 = SURFACE_CURVE('',#8292,(#8295,#8301),.PCURVE_S1.);
#8292 = B_SPLINE_CURVE_WITH_KNOTS('',1,(#8293,#8294),.UNSPECIFIED.,.F.,
  .F.,(2,2),(-706.1875128297,-702.0206756843),.PIECEWISE_BEZIER_KNOTS.);
#8293 = CARTESIAN_POINT('',(0.45360961255,-78.10593111436,
    28.400060960122));
#8294 = CARTESIAN_POINT('',(0.449996189992,-78.00015494031,
    28.400060960122));
#8295 = PCURVE('',#2616,#8296);
#8296 = DEFINITIONAL_REPRESENTATION('',(#8297),#8300);
#8297 = B_SPLINE_CURVE_WITH_KNOTS('',1,(#8298,#8299),.UNSPECIFIED.,.F.,
  .F.,(2,2),(-706.1875128297,-702.0206756843),.PIECEWISE_BEZIER_KNOTS.);
#8298 = CARTESIAN_POINT('',(-1.466385709102E+03,1.556944489554E+03));
#8299 = CARTESIAN_POINT('',(-1.462221301129E+03,1.55708675E+03));
#8300 = ( GEOMETRIC_REPRESENTATION_CONTEXT(2) 
PARAMETRIC_REPRESENTATION_CONTEXT() REPRESENTATION_CONTEXT('2D SPACE',''
  ) );
#8301 = PCURVE('',#8302,#8307);
#8302 = B_SPLINE_SURFACE_WITH_KNOTS('',1,1,(
    (#8303,#8304)
    ,(#8305,#8306
    )),.UNSPECIFIED.,.F.,.F.,.F.,(2,2),(2,2),(0.,4.166837145422),(
    -141.732,-78.74),.PIECEWISE_BEZIER_KNOTS.);
#8303 = CARTESIAN_POINT('',(0.45360961255,-78.10593111436,
    30.000060960122));
#8304 = CARTESIAN_POINT('',(0.45360961255,-78.10593111436,
    28.400060960122));
#8305 = CARTESIAN_POINT('',(0.449996189992,-78.00015494031,
    30.000060960122));
#8306 = CARTESIAN_POINT('',(0.449996189992,-78.00015494031,
    28.400060960122));
#8307 = DEFINITIONAL_REPRESENTATION('',(#8308),#8311);
#8308 = B_SPLINE_CURVE_WITH_KNOTS('',1,(#8309,#8310),.UNSPECIFIED.,.F.,
  .F.,(2,2),(-706.1875128297,-702.0206756843),.PIECEWISE_BEZIER_KNOTS.);
#8309 = CARTESIAN_POINT('',(0.,-78.74));
#8310 = CARTESIAN_POINT('',(4.166837145422,-78.74));
#8311 = ( GEOMETRIC_REPRESENTATION_CONTEXT(2) 
PARAMETRIC_REPRESENTATION_CONTEXT() REPRESENTATION_CONTEXT('2D SPACE',''
  ) );
#8312 = ORIENTED_EDGE('',*,*,#8313,.T.);
#8313 = EDGE_CURVE('',#8289,#6827,#8314,.T.);
#8314 = SURFACE_CURVE('',#8315,(#8318,#8324),.PCURVE_S1.);
#8315 = B_SPLINE_CURVE_WITH_KNOTS('',1,(#8316,#8317),.UNSPECIFIED.,.F.,
  .F.,(2,2),(-731.1106505645,2.264952349435E+03),
  .PIECEWISE_BEZIER_KNOTS.);
#8316 = CARTESIAN_POINT('',(0.449996189992,-78.00015494031,
    28.400060960122));
#8317 = CARTESIAN_POINT('',(0.449996189992,-1.900002540005,
    28.400060960122));
#8318 = PCURVE('',#2616,#8319);
#8319 = DEFINITIONAL_REPRESENTATION('',(#8320),#8323);
#8320 = B_SPLINE_CURVE_WITH_KNOTS('',1,(#8321,#8322),.UNSPECIFIED.,.F.,
  .F.,(2,2),(-731.1106505645,2.264952349435E+03),
  .PIECEWISE_BEZIER_KNOTS.);
#8321 = CARTESIAN_POINT('',(-1.462221301129E+03,1.55708675E+03));
#8322 = CARTESIAN_POINT('',(1.533841698871E+03,1.55708675E+03));
#8323 = ( GEOMETRIC_REPRESENTATION_CONTEXT(2) 
PARAMETRIC_REPRESENTATION_CONTEXT() REPRESENTATION_CONTEXT('2D SPACE',''
  ) );
#8324 = PCURVE('',#6860,#8325);
#8325 = DEFINITIONAL_REPRESENTATION('',(#8326),#8329);
#8326 = B_SPLINE_CURVE_WITH_KNOTS('',1,(#8327,#8328),.UNSPECIFIED.,.F.,
  .F.,(2,2),(-731.1106505645,2.264952349435E+03),
  .PIECEWISE_BEZIER_KNOTS.);
#8327 = CARTESIAN_POINT('',(0.,-78.74));
#8328 = CARTESIAN_POINT('',(2.996063E+03,-78.74));
#8329 = ( GEOMETRIC_REPRESENTATION_CONTEXT(2) 
PARAMETRIC_REPRESENTATION_CONTEXT() REPRESENTATION_CONTEXT('2D SPACE',''
  ) );
#8330 = ADVANCED_FACE('',(#8331),#2751,.T.);
#8331 = FACE_BOUND('',#8332,.T.);
#8332 = EDGE_LOOP('',(#8333,#8334,#8335,#8355));
#8333 = ORIENTED_EDGE('',*,*,#7118,.F.);
#8334 = ORIENTED_EDGE('',*,*,#2737,.T.);
#8335 = ORIENTED_EDGE('',*,*,#8336,.T.);
#8336 = EDGE_CURVE('',#2713,#8337,#8339,.T.);
#8337 = VERTEX_POINT('',#8338);
#8338 = CARTESIAN_POINT('',(79.550161290323,-78.00015494031,
    30.000060960122));
#8339 = SURFACE_CURVE('',#8340,(#8343,#8349),.PCURVE_S1.);
#8340 = B_SPLINE_CURVE_WITH_KNOTS('',1,(#8341,#8342),.UNSPECIFIED.,.F.,
  .F.,(2,2),(0.,2.996063E+03),.PIECEWISE_BEZIER_KNOTS.);
#8341 = CARTESIAN_POINT('',(79.550161290323,-1.900002540005,
    30.000060960122));
#8342 = CARTESIAN_POINT('',(79.550161290323,-78.00015494031,
    30.000060960122));
#8343 = PCURVE('',#2751,#8344);
#8344 = DEFINITIONAL_REPRESENTATION('',(#8345),#8348);
#8345 = B_SPLINE_CURVE_WITH_KNOTS('',1,(#8346,#8347),.UNSPECIFIED.,.F.,
  .F.,(2,2),(0.,2.996063E+03),.PIECEWISE_BEZIER_KNOTS.);
#8346 = CARTESIAN_POINT('',(0.,-141.732));
#8347 = CARTESIAN_POINT('',(2.996063E+03,-141.732));
#8348 = ( GEOMETRIC_REPRESENTATION_CONTEXT(2) 
PARAMETRIC_REPRESENTATION_CONTEXT() REPRESENTATION_CONTEXT('2D SPACE',''
  ) );
#8349 = PCURVE('',#2726,#8350);
#8350 = DEFINITIONAL_REPRESENTATION('',(#8351),#8354);
#8351 = B_SPLINE_CURVE_WITH_KNOTS('',1,(#8352,#8353),.UNSPECIFIED.,.F.,
  .F.,(2,2),(0.,2.996063E+03),.PIECEWISE_BEZIER_KNOTS.);
#8352 = CARTESIAN_POINT('',(-1.391590257342E+03,-1.55708675E+03));
#8353 = CARTESIAN_POINT('',(1.604472742658E+03,-1.55708675E+03));
#8354 = ( GEOMETRIC_REPRESENTATION_CONTEXT(2) 
PARAMETRIC_REPRESENTATION_CONTEXT() REPRESENTATION_CONTEXT('2D SPACE',''
  ) );
#8355 = ORIENTED_EDGE('',*,*,#8356,.F.);
#8356 = EDGE_CURVE('',#7119,#8337,#8357,.T.);
#8357 = SURFACE_CURVE('',#8358,(#8361,#8367),.PCURVE_S1.);
#8358 = B_SPLINE_CURVE_WITH_KNOTS('',1,(#8359,#8360),.UNSPECIFIED.,.F.,
  .F.,(2,2),(78.74,141.732),.PIECEWISE_BEZIER_KNOTS.);
#8359 = CARTESIAN_POINT('',(79.550161290323,-78.00015494031,
    28.400060960122));
#8360 = CARTESIAN_POINT('',(79.550161290323,-78.00015494031,
    30.000060960122));
#8361 = PCURVE('',#2751,#8362);
#8362 = DEFINITIONAL_REPRESENTATION('',(#8363),#8366);
#8363 = B_SPLINE_CURVE_WITH_KNOTS('',1,(#8364,#8365),.UNSPECIFIED.,.F.,
  .F.,(2,2),(78.74,141.732),.PIECEWISE_BEZIER_KNOTS.);
#8364 = CARTESIAN_POINT('',(2.996063E+03,-78.74));
#8365 = CARTESIAN_POINT('',(2.996063E+03,-141.732));
#8366 = ( GEOMETRIC_REPRESENTATION_CONTEXT(2) 
PARAMETRIC_REPRESENTATION_CONTEXT() REPRESENTATION_CONTEXT('2D SPACE',''
  ) );
#8367 = PCURVE('',#7152,#8368);
#8368 = DEFINITIONAL_REPRESENTATION('',(#8369),#8372);
#8369 = B_SPLINE_CURVE_WITH_KNOTS('',1,(#8370,#8371),.UNSPECIFIED.,.F.,
  .F.,(2,2),(78.74,141.732),.PIECEWISE_BEZIER_KNOTS.);
#8370 = CARTESIAN_POINT('',(0.,-78.74));
#8371 = CARTESIAN_POINT('',(0.,-141.732));
#8372 = ( GEOMETRIC_REPRESENTATION_CONTEXT(2) 
PARAMETRIC_REPRESENTATION_CONTEXT() REPRESENTATION_CONTEXT('2D SPACE',''
  ) );
#8373 = ADVANCED_FACE('',(#8374,#9384),#2726,.F.);
#8374 = FACE_BOUND('',#8375,.F.);
#8375 = EDGE_LOOP('',(#8376,#8377,#8378,#8379,#8380,#8381,#8382,#8383,
    #8384,#8385,#8386,#8387,#8388,#8389,#8390,#8391,#8392,#8393,#8394,
    #8395,#8396,#8397,#8398,#8399,#8400,#8401,#8402,#8403,#8404,#8405,
    #8406,#8407,#8408,#8409,#8410,#8411,#8412,#8413,#8414,#8415,#8416,
    #8417,#8418,#8419,#8420,#8421,#8422,#8423,#8424,#8425,#8426,#8446,
    #8466,#8486,#8506,#8526,#8546,#8566,#8586,#8606,#8626,#8646,#8666,
    #8686,#8706,#8726,#8746,#8766,#8786,#8806,#8826,#8846,#8866,#8886,
    #8906,#8926,#8946,#8966,#8986,#9006,#9026,#9046,#9066,#9086,#9106,
    #9126,#9146,#9166,#9186,#9206,#9226,#9246,#9266,#9286,#9306,#9326,
    #9346,#9366));
#8376 = ORIENTED_EDGE('',*,*,#6871,.T.);
#8377 = ORIENTED_EDGE('',*,*,#6803,.T.);
#8378 = ORIENTED_EDGE('',*,*,#6717,.T.);
#8379 = ORIENTED_EDGE('',*,*,#6631,.T.);
#8380 = ORIENTED_EDGE('',*,*,#6545,.T.);
#8381 = ORIENTED_EDGE('',*,*,#6459,.T.);
#8382 = ORIENTED_EDGE('',*,*,#6373,.T.);
#8383 = ORIENTED_EDGE('',*,*,#6287,.T.);
#8384 = ORIENTED_EDGE('',*,*,#6201,.T.);
#8385 = ORIENTED_EDGE('',*,*,#6115,.T.);
#8386 = ORIENTED_EDGE('',*,*,#6029,.T.);
#8387 = ORIENTED_EDGE('',*,*,#5943,.T.);
#8388 = ORIENTED_EDGE('',*,*,#5857,.T.);
#8389 = ORIENTED_EDGE('',*,*,#5771,.T.);
#8390 = ORIENTED_EDGE('',*,*,#5685,.T.);
#8391 = ORIENTED_EDGE('',*,*,#5599,.T.);
#8392 = ORIENTED_EDGE('',*,*,#5513,.T.);
#8393 = ORIENTED_EDGE('',*,*,#5427,.T.);
#8394 = ORIENTED_EDGE('',*,*,#5341,.T.);
#8395 = ORIENTED_EDGE('',*,*,#5255,.T.);
#8396 = ORIENTED_EDGE('',*,*,#5169,.T.);
#8397 = ORIENTED_EDGE('',*,*,#5083,.T.);
#8398 = ORIENTED_EDGE('',*,*,#4997,.T.);
#8399 = ORIENTED_EDGE('',*,*,#4911,.T.);
#8400 = ORIENTED_EDGE('',*,*,#4825,.T.);
#8401 = ORIENTED_EDGE('',*,*,#4739,.T.);
#8402 = ORIENTED_EDGE('',*,*,#4653,.T.);
#8403 = ORIENTED_EDGE('',*,*,#4567,.T.);
#8404 = ORIENTED_EDGE('',*,*,#4481,.T.);
#8405 = ORIENTED_EDGE('',*,*,#4395,.T.);
#8406 = ORIENTED_EDGE('',*,*,#4309,.T.);
#8407 = ORIENTED_EDGE('',*,*,#4223,.T.);
#8408 = ORIENTED_EDGE('',*,*,#4137,.T.);
#8409 = ORIENTED_EDGE('',*,*,#4051,.T.);
#8410 = ORIENTED_EDGE('',*,*,#3965,.T.);
#8411 = ORIENTED_EDGE('',*,*,#3879,.T.);
#8412 = ORIENTED_EDGE('',*,*,#3793,.T.);
#8413 = ORIENTED_EDGE('',*,*,#3707,.T.);
#8414 = ORIENTED_EDGE('',*,*,#3621,.T.);
#8415 = ORIENTED_EDGE('',*,*,#3535,.T.);
#8416 = ORIENTED_EDGE('',*,*,#3449,.T.);
#8417 = ORIENTED_EDGE('',*,*,#3363,.T.);
#8418 = ORIENTED_EDGE('',*,*,#3277,.T.);
#8419 = ORIENTED_EDGE('',*,*,#3191,.T.);
#8420 = ORIENTED_EDGE('',*,*,#3105,.T.);
#8421 = ORIENTED_EDGE('',*,*,#3019,.T.);
#8422 = ORIENTED_EDGE('',*,*,#2933,.T.);
#8423 = ORIENTED_EDGE('',*,*,#2847,.T.);
#8424 = ORIENTED_EDGE('',*,*,#2712,.T.);
#8425 = ORIENTED_EDGE('',*,*,#8336,.T.);
#8426 = ORIENTED_EDGE('',*,*,#8427,.T.);
#8427 = EDGE_CURVE('',#8337,#8428,#8430,.T.);
#8428 = VERTEX_POINT('',#8429);
#8429 = CARTESIAN_POINT('',(79.546547867765,-78.10593111436,
    30.000060960122));
#8430 = SURFACE_CURVE('',#8431,(#8434,#8440),.PCURVE_S1.);
#8431 = B_SPLINE_CURVE_WITH_KNOTS('',1,(#8432,#8433),.UNSPECIFIED.,.F.,
  .F.,(2,2),(0.,4.166837145422),.PIECEWISE_BEZIER_KNOTS.);
#8432 = CARTESIAN_POINT('',(79.550161290323,-78.00015494031,
    30.000060960122));
#8433 = CARTESIAN_POINT('',(79.546547867765,-78.10593111436,
    30.000060960122));
#8434 = PCURVE('',#2726,#8435);
#8435 = DEFINITIONAL_REPRESENTATION('',(#8436),#8439);
#8436 = B_SPLINE_CURVE_WITH_KNOTS('',1,(#8437,#8438),.UNSPECIFIED.,.F.,
  .F.,(2,2),(0.,4.166837145422),.PIECEWISE_BEZIER_KNOTS.);
#8437 = CARTESIAN_POINT('',(1.604472742658E+03,-1.55708675E+03));
#8438 = CARTESIAN_POINT('',(1.608637150631E+03,-1.556944489554E+03));
#8439 = ( GEOMETRIC_REPRESENTATION_CONTEXT(2) 
PARAMETRIC_REPRESENTATION_CONTEXT() REPRESENTATION_CONTEXT('2D SPACE',''
  ) );
#8440 = PCURVE('',#7152,#8441);
#8441 = DEFINITIONAL_REPRESENTATION('',(#8442),#8445);
#8442 = B_SPLINE_CURVE_WITH_KNOTS('',1,(#8443,#8444),.UNSPECIFIED.,.F.,
  .F.,(2,2),(0.,4.166837145422),.PIECEWISE_BEZIER_KNOTS.);
#8443 = CARTESIAN_POINT('',(0.,-141.732));
#8444 = CARTESIAN_POINT('',(4.166837145422,-141.732));
#8445 = ( GEOMETRIC_REPRESENTATION_CONTEXT(2) 
PARAMETRIC_REPRESENTATION_CONTEXT() REPRESENTATION_CONTEXT('2D SPACE',''
  ) );
#8446 = ORIENTED_EDGE('',*,*,#8447,.T.);
#8447 = EDGE_CURVE('',#8428,#8448,#8450,.T.);
#8448 = VERTEX_POINT('',#8449);
#8449 = CARTESIAN_POINT('',(79.535724447535,-78.21121411106,
    30.000060960122));
#8450 = SURFACE_CURVE('',#8451,(#8454,#8460),.PCURVE_S1.);
#8451 = B_SPLINE_CURVE_WITH_KNOTS('',1,(#8452,#8453),.UNSPECIFIED.,.F.,
  .F.,(2,2),(0.,4.166837145422),.PIECEWISE_BEZIER_KNOTS.);
#8452 = CARTESIAN_POINT('',(79.546547867765,-78.10593111436,
    30.000060960122));
#8453 = CARTESIAN_POINT('',(79.535724447535,-78.21121411106,
    30.000060960122));
#8454 = PCURVE('',#2726,#8455);
#8455 = DEFINITIONAL_REPRESENTATION('',(#8456),#8459);
#8456 = B_SPLINE_CURVE_WITH_KNOTS('',1,(#8457,#8458),.UNSPECIFIED.,.F.,
  .F.,(2,2),(0.,4.166837145422),.PIECEWISE_BEZIER_KNOTS.);
#8457 = CARTESIAN_POINT('',(1.608637150631E+03,-1.556944489554E+03));
#8458 = CARTESIAN_POINT('',(1.612782142211E+03,-1.556518371499E+03));
#8459 = ( GEOMETRIC_REPRESENTATION_CONTEXT(2) 
PARAMETRIC_REPRESENTATION_CONTEXT() REPRESENTATION_CONTEXT('2D SPACE',''
  ) );
#8460 = PCURVE('',#7177,#8461);
#8461 = DEFINITIONAL_REPRESENTATION('',(#8462),#8465);
#8462 = B_SPLINE_CURVE_WITH_KNOTS('',1,(#8463,#8464),.UNSPECIFIED.,.F.,
  .F.,(2,2),(0.,4.166837145422),.PIECEWISE_BEZIER_KNOTS.);
#8463 = CARTESIAN_POINT('',(0.,-141.732));
#8464 = CARTESIAN_POINT('',(4.166837145422,-141.732));
#8465 = ( GEOMETRIC_REPRESENTATION_CONTEXT(2) 
PARAMETRIC_REPRESENTATION_CONTEXT() REPRESENTATION_CONTEXT('2D SPACE',''
  ) );
#8466 = ORIENTED_EDGE('',*,*,#8467,.T.);
#8467 = EDGE_CURVE('',#8448,#8468,#8470,.T.);
#8468 = VERTEX_POINT('',#8469);
#8469 = CARTESIAN_POINT('',(79.517741493414,-78.31551305249,
    30.000060960122));
#8470 = SURFACE_CURVE('',#8471,(#8474,#8480),.PCURVE_S1.);
#8471 = B_SPLINE_CURVE_WITH_KNOTS('',1,(#8472,#8473),.UNSPECIFIED.,.F.,
  .F.,(2,2),(0.,4.166837145422),.PIECEWISE_BEZIER_KNOTS.);
#8472 = CARTESIAN_POINT('',(79.535724447535,-78.21121411106,
    30.000060960122));
#8473 = CARTESIAN_POINT('',(79.517741493414,-78.31551305249,
    30.000060960122));
#8474 = PCURVE('',#2726,#8475);
#8475 = DEFINITIONAL_REPRESENTATION('',(#8476),#8479);
#8476 = B_SPLINE_CURVE_WITH_KNOTS('',1,(#8477,#8478),.UNSPECIFIED.,.F.,
  .F.,(2,2),(0.,4.166837145422),.PIECEWISE_BEZIER_KNOTS.);
#8477 = CARTESIAN_POINT('',(1.612782142211E+03,-1.556518371499E+03));
#8478 = CARTESIAN_POINT('',(1.616888391534E+03,-1.555810382596E+03));
#8479 = ( GEOMETRIC_REPRESENTATION_CONTEXT(2) 
PARAMETRIC_REPRESENTATION_CONTEXT() REPRESENTATION_CONTEXT('2D SPACE',''
  ) );
#8480 = PCURVE('',#7202,#8481);
#8481 = DEFINITIONAL_REPRESENTATION('',(#8482),#8485);
#8482 = B_SPLINE_CURVE_WITH_KNOTS('',1,(#8483,#8484),.UNSPECIFIED.,.F.,
  .F.,(2,2),(0.,4.166837145422),.PIECEWISE_BEZIER_KNOTS.);
#8483 = CARTESIAN_POINT('',(0.,-141.732));
#8484 = CARTESIAN_POINT('',(4.166837145422,-141.732));
#8485 = ( GEOMETRIC_REPRESENTATION_CONTEXT(2) 
PARAMETRIC_REPRESENTATION_CONTEXT() REPRESENTATION_CONTEXT('2D SPACE',''
  ) );
#8486 = ORIENTED_EDGE('',*,*,#8487,.T.);
#8487 = EDGE_CURVE('',#8468,#8488,#8490,.T.);
#8488 = VERTEX_POINT('',#8489);
#8489 = CARTESIAN_POINT('',(79.492682850236,-78.41834164881,
    30.000060960122));
#8490 = SURFACE_CURVE('',#8491,(#8494,#8500),.PCURVE_S1.);
#8491 = B_SPLINE_CURVE_WITH_KNOTS('',1,(#8492,#8493),.UNSPECIFIED.,.F.,
  .F.,(2,2),(0.,4.166837145422),.PIECEWISE_BEZIER_KNOTS.);
#8492 = CARTESIAN_POINT('',(79.517741493414,-78.31551305249,
    30.000060960122));
#8493 = CARTESIAN_POINT('',(79.492682850236,-78.41834164881,
    30.000060960122));
#8494 = PCURVE('',#2726,#8495);
#8495 = DEFINITIONAL_REPRESENTATION('',(#8496),#8499);
#8496 = B_SPLINE_CURVE_WITH_KNOTS('',1,(#8497,#8498),.UNSPECIFIED.,.F.,
  .F.,(2,2),(0.,4.166837145422),.PIECEWISE_BEZIER_KNOTS.);
#8497 = CARTESIAN_POINT('',(1.616888391534E+03,-1.555810382596E+03));
#8498 = CARTESIAN_POINT('',(1.620936753372E+03,-1.554823823814E+03));
#8499 = ( GEOMETRIC_REPRESENTATION_CONTEXT(2) 
PARAMETRIC_REPRESENTATION_CONTEXT() REPRESENTATION_CONTEXT('2D SPACE',''
  ) );
#8500 = PCURVE('',#7227,#8501);
#8501 = DEFINITIONAL_REPRESENTATION('',(#8502),#8505);
#8502 = B_SPLINE_CURVE_WITH_KNOTS('',1,(#8503,#8504),.UNSPECIFIED.,.F.,
  .F.,(2,2),(0.,4.166837145422),.PIECEWISE_BEZIER_KNOTS.);
#8503 = CARTESIAN_POINT('',(0.,-141.732));
#8504 = CARTESIAN_POINT('',(4.166837145422,-141.732));
#8505 = ( GEOMETRIC_REPRESENTATION_CONTEXT(2) 
PARAMETRIC_REPRESENTATION_CONTEXT() REPRESENTATION_CONTEXT('2D SPACE',''
  ) );
#8506 = ORIENTED_EDGE('',*,*,#8507,.T.);
#8507 = EDGE_CURVE('',#8488,#8508,#8510,.T.);
#8508 = VERTEX_POINT('',#8509);
#8509 = CARTESIAN_POINT('',(79.460665352963,-78.51922046566,
    30.000060960122));
#8510 = SURFACE_CURVE('',#8511,(#8514,#8520),.PCURVE_S1.);
#8511 = B_SPLINE_CURVE_WITH_KNOTS('',1,(#8512,#8513),.UNSPECIFIED.,.F.,
  .F.,(2,2),(0.,4.166837145422),.PIECEWISE_BEZIER_KNOTS.);
#8512 = CARTESIAN_POINT('',(79.492682850236,-78.41834164881,
    30.000060960122));
#8513 = CARTESIAN_POINT('',(79.460665352963,-78.51922046566,
    30.000060960122));
#8514 = PCURVE('',#2726,#8515);
#8515 = DEFINITIONAL_REPRESENTATION('',(#8516),#8519);
#8516 = B_SPLINE_CURVE_WITH_KNOTS('',1,(#8517,#8518),.UNSPECIFIED.,.F.,
  .F.,(2,2),(0.,4.166837145422),.PIECEWISE_BEZIER_KNOTS.);
#8517 = CARTESIAN_POINT('',(1.620936753372E+03,-1.554823823814E+03));
#8518 = CARTESIAN_POINT('',(1.624908352391E+03,-1.553563294946E+03));
#8519 = ( GEOMETRIC_REPRESENTATION_CONTEXT(2) 
PARAMETRIC_REPRESENTATION_CONTEXT() REPRESENTATION_CONTEXT('2D SPACE',''
  ) );
#8520 = PCURVE('',#7252,#8521);
#8521 = DEFINITIONAL_REPRESENTATION('',(#8522),#8525);
#8522 = B_SPLINE_CURVE_WITH_KNOTS('',1,(#8523,#8524),.UNSPECIFIED.,.F.,
  .F.,(2,2),(0.,4.166837145422),.PIECEWISE_BEZIER_KNOTS.);
#8523 = CARTESIAN_POINT('',(0.,-141.732));
#8524 = CARTESIAN_POINT('',(4.166837145422,-141.732));
#8525 = ( GEOMETRIC_REPRESENTATION_CONTEXT(2) 
PARAMETRIC_REPRESENTATION_CONTEXT() REPRESENTATION_CONTEXT('2D SPACE',''
  ) );
#8526 = ORIENTED_EDGE('',*,*,#8527,.T.);
#8527 = EDGE_CURVE('',#8508,#8528,#8530,.T.);
#8528 = VERTEX_POINT('',#8529);
#8529 = CARTESIAN_POINT('',(79.421838281947,-78.61767915942,
    30.000060960122));
#8530 = SURFACE_CURVE('',#8531,(#8534,#8540),.PCURVE_S1.);
#8531 = B_SPLINE_CURVE_WITH_KNOTS('',1,(#8532,#8533),.UNSPECIFIED.,.F.,
  .F.,(2,2),(0.,4.166837145422),.PIECEWISE_BEZIER_KNOTS.);
#8532 = CARTESIAN_POINT('',(79.460665352963,-78.51922046566,
    30.000060960122));
#8533 = CARTESIAN_POINT('',(79.421838281947,-78.61767915942,
    30.000060960122));
#8534 = PCURVE('',#2726,#8535);
#8535 = DEFINITIONAL_REPRESENTATION('',(#8536),#8539);
#8536 = B_SPLINE_CURVE_WITH_KNOTS('',1,(#8537,#8538),.UNSPECIFIED.,.F.,
  .F.,(2,2),(0.,4.166837145422),.PIECEWISE_BEZIER_KNOTS.);
#8537 = CARTESIAN_POINT('',(1.624908352391E+03,-1.553563294946E+03));
#8538 = CARTESIAN_POINT('',(1.628784671164E+03,-1.55203467316E+03));
#8539 = ( GEOMETRIC_REPRESENTATION_CONTEXT(2) 
PARAMETRIC_REPRESENTATION_CONTEXT() REPRESENTATION_CONTEXT('2D SPACE',''
  ) );
#8540 = PCURVE('',#7277,#8541);
#8541 = DEFINITIONAL_REPRESENTATION('',(#8542),#8545);
#8542 = B_SPLINE_CURVE_WITH_KNOTS('',1,(#8543,#8544),.UNSPECIFIED.,.F.,
  .F.,(2,2),(0.,4.166837145422),.PIECEWISE_BEZIER_KNOTS.);
#8543 = CARTESIAN_POINT('',(0.,-141.732));
#8544 = CARTESIAN_POINT('',(4.166837145422,-141.732));
#8545 = ( GEOMETRIC_REPRESENTATION_CONTEXT(2) 
PARAMETRIC_REPRESENTATION_CONTEXT() REPRESENTATION_CONTEXT('2D SPACE',''
  ) );
#8546 = ORIENTED_EDGE('',*,*,#8547,.T.);
#8547 = EDGE_CURVE('',#8528,#8548,#8550,.T.);
#8548 = VERTEX_POINT('',#8549);
#8549 = CARTESIAN_POINT('',(79.376382666916,-78.71325867021,
    30.000060960122));
#8550 = SURFACE_CURVE('',#8551,(#8554,#8560),.PCURVE_S1.);
#8551 = B_SPLINE_CURVE_WITH_KNOTS('',1,(#8552,#8553),.UNSPECIFIED.,.F.,
  .F.,(2,2),(0.,4.166837145422),.PIECEWISE_BEZIER_KNOTS.);
#8552 = CARTESIAN_POINT('',(79.421838281947,-78.61767915942,
    30.000060960122));
#8553 = CARTESIAN_POINT('',(79.376382666916,-78.71325867021,
    30.000060960122));
#8554 = PCURVE('',#2726,#8555);
#8555 = DEFINITIONAL_REPRESENTATION('',(#8556),#8559);
#8556 = B_SPLINE_CURVE_WITH_KNOTS('',1,(#8557,#8558),.UNSPECIFIED.,.F.,
  .F.,(2,2),(0.,4.166837145422),.PIECEWISE_BEZIER_KNOTS.);
#8557 = CARTESIAN_POINT('',(1.628784671164E+03,-1.55203467316E+03));
#8558 = CARTESIAN_POINT('',(1.632547636504E+03,-1.550245085596E+03));
#8559 = ( GEOMETRIC_REPRESENTATION_CONTEXT(2) 
PARAMETRIC_REPRESENTATION_CONTEXT() REPRESENTATION_CONTEXT('2D SPACE',''
  ) );
#8560 = PCURVE('',#7302,#8561);
#8561 = DEFINITIONAL_REPRESENTATION('',(#8562),#8565);
#8562 = B_SPLINE_CURVE_WITH_KNOTS('',1,(#8563,#8564),.UNSPECIFIED.,.F.,
  .F.,(2,2),(0.,4.166837145422),.PIECEWISE_BEZIER_KNOTS.);
#8563 = CARTESIAN_POINT('',(0.,-141.732));
#8564 = CARTESIAN_POINT('',(4.166837145422,-141.732));
#8565 = ( GEOMETRIC_REPRESENTATION_CONTEXT(2) 
PARAMETRIC_REPRESENTATION_CONTEXT() REPRESENTATION_CONTEXT('2D SPACE',''
  ) );
#8566 = ORIENTED_EDGE('',*,*,#8567,.T.);
#8567 = EDGE_CURVE('',#8548,#8568,#8570,.T.);
#8568 = VERTEX_POINT('',#8569);
#8569 = CARTESIAN_POINT('',(79.324510442931,-78.80551336223,
    30.000060960122));
#8570 = SURFACE_CURVE('',#8571,(#8574,#8580),.PCURVE_S1.);
#8571 = B_SPLINE_CURVE_WITH_KNOTS('',1,(#8572,#8573),.UNSPECIFIED.,.F.,
  .F.,(2,2),(0.,4.166837145422),.PIECEWISE_BEZIER_KNOTS.);
#8572 = CARTESIAN_POINT('',(79.376382666916,-78.71325867021,
    30.000060960122));
#8573 = CARTESIAN_POINT('',(79.324510442931,-78.80551336223,
    30.000060960122));
#8574 = PCURVE('',#2726,#8575);
#8575 = DEFINITIONAL_REPRESENTATION('',(#8576),#8579);
#8576 = B_SPLINE_CURVE_WITH_KNOTS('',1,(#8577,#8578),.UNSPECIFIED.,.F.,
  .F.,(2,2),(0.,4.166837145422),.PIECEWISE_BEZIER_KNOTS.);
#8577 = CARTESIAN_POINT('',(1.632547636504E+03,-1.550245085596E+03));
#8578 = CARTESIAN_POINT('',(1.636179703729E+03,-1.548202876138E+03));
#8579 = ( GEOMETRIC_REPRESENTATION_CONTEXT(2) 
PARAMETRIC_REPRESENTATION_CONTEXT() REPRESENTATION_CONTEXT('2D SPACE',''
  ) );
#8580 = PCURVE('',#7327,#8581);
#8581 = DEFINITIONAL_REPRESENTATION('',(#8582),#8585);
#8582 = B_SPLINE_CURVE_WITH_KNOTS('',1,(#8583,#8584),.UNSPECIFIED.,.F.,
  .F.,(2,2),(0.,4.166837145422),.PIECEWISE_BEZIER_KNOTS.);
#8583 = CARTESIAN_POINT('',(0.,-141.732));
#8584 = CARTESIAN_POINT('',(4.166837145422,-141.732));
#8585 = ( GEOMETRIC_REPRESENTATION_CONTEXT(2) 
PARAMETRIC_REPRESENTATION_CONTEXT() REPRESENTATION_CONTEXT('2D SPACE',''
  ) );
#8586 = ORIENTED_EDGE('',*,*,#8587,.T.);
#8587 = EDGE_CURVE('',#8568,#8588,#8590,.T.);
#8588 = VERTEX_POINT('',#8589);
#8589 = CARTESIAN_POINT('',(79.266463462245,-78.89401310151,
    30.000060960122));
#8590 = SURFACE_CURVE('',#8591,(#8594,#8600),.PCURVE_S1.);
#8591 = B_SPLINE_CURVE_WITH_KNOTS('',1,(#8592,#8593),.UNSPECIFIED.,.F.,
  .F.,(2,2),(0.,4.166837145422),.PIECEWISE_BEZIER_KNOTS.);
#8592 = CARTESIAN_POINT('',(79.324510442931,-78.80551336223,
    30.000060960122));
#8593 = CARTESIAN_POINT('',(79.266463462245,-78.89401310151,
    30.000060960122));
#8594 = PCURVE('',#2726,#8595);
#8595 = DEFINITIONAL_REPRESENTATION('',(#8596),#8599);
#8596 = B_SPLINE_CURVE_WITH_KNOTS('',1,(#8597,#8598),.UNSPECIFIED.,.F.,
  .F.,(2,2),(0.,4.166837145422),.PIECEWISE_BEZIER_KNOTS.);
#8597 = CARTESIAN_POINT('',(1.636179703729E+03,-1.548202876138E+03));
#8598 = CARTESIAN_POINT('',(1.639663938465E+03,-1.545917566509E+03));
#8599 = ( GEOMETRIC_REPRESENTATION_CONTEXT(2) 
PARAMETRIC_REPRESENTATION_CONTEXT() REPRESENTATION_CONTEXT('2D SPACE',''
  ) );
#8600 = PCURVE('',#7352,#8601);
#8601 = DEFINITIONAL_REPRESENTATION('',(#8602),#8605);
#8602 = B_SPLINE_CURVE_WITH_KNOTS('',1,(#8603,#8604),.UNSPECIFIED.,.F.,
  .F.,(2,2),(0.,4.166837145422),.PIECEWISE_BEZIER_KNOTS.);
#8603 = CARTESIAN_POINT('',(0.,-141.732));
#8604 = CARTESIAN_POINT('',(4.166837145422,-141.732));
#8605 = ( GEOMETRIC_REPRESENTATION_CONTEXT(2) 
PARAMETRIC_REPRESENTATION_CONTEXT() REPRESENTATION_CONTEXT('2D SPACE',''
  ) );
#8606 = ORIENTED_EDGE('',*,*,#8607,.T.);
#8607 = EDGE_CURVE('',#8588,#8608,#8610,.T.);
#8608 = VERTEX_POINT('',#8609);
#8609 = CARTESIAN_POINT('',(79.202512366678,-78.97834526143,
    30.000060960122));
#8610 = SURFACE_CURVE('',#8611,(#8614,#8620),.PCURVE_S1.);
#8611 = B_SPLINE_CURVE_WITH_KNOTS('',1,(#8612,#8613),.UNSPECIFIED.,.F.,
  .F.,(2,2),(0.,4.166837145422),.PIECEWISE_BEZIER_KNOTS.);
#8612 = CARTESIAN_POINT('',(79.266463462245,-78.89401310151,
    30.000060960122));
#8613 = CARTESIAN_POINT('',(79.202512366678,-78.97834526143,
    30.000060960122));
#8614 = PCURVE('',#2726,#8615);
#8615 = DEFINITIONAL_REPRESENTATION('',(#8616),#8619);
#8616 = B_SPLINE_CURVE_WITH_KNOTS('',1,(#8617,#8618),.UNSPECIFIED.,.F.,
  .F.,(2,2),(0.,4.166837145422),.PIECEWISE_BEZIER_KNOTS.);
#8617 = CARTESIAN_POINT('',(1.639663938465E+03,-1.545917566509E+03));
#8618 = CARTESIAN_POINT('',(1.642984095601E+03,-1.543399811876E+03));
#8619 = ( GEOMETRIC_REPRESENTATION_CONTEXT(2) 
PARAMETRIC_REPRESENTATION_CONTEXT() REPRESENTATION_CONTEXT('2D SPACE',''
  ) );
#8620 = PCURVE('',#7377,#8621);
#8621 = DEFINITIONAL_REPRESENTATION('',(#8622),#8625);
#8622 = B_SPLINE_CURVE_WITH_KNOTS('',1,(#8623,#8624),.UNSPECIFIED.,.F.,
  .F.,(2,2),(0.,4.166837145422),.PIECEWISE_BEZIER_KNOTS.);
#8623 = CARTESIAN_POINT('',(0.,-141.732));
#8624 = CARTESIAN_POINT('',(4.166837145422,-141.732));
#8625 = ( GEOMETRIC_REPRESENTATION_CONTEXT(2) 
PARAMETRIC_REPRESENTATION_CONTEXT() REPRESENTATION_CONTEXT('2D SPACE',''
  ) );
#8626 = ORIENTED_EDGE('',*,*,#8627,.T.);
#8627 = EDGE_CURVE('',#8608,#8628,#8630,.T.);
#8628 = VERTEX_POINT('',#8629);
#8629 = CARTESIAN_POINT('',(79.132955325759,-79.05811664652,
    30.000060960122));
#8630 = SURFACE_CURVE('',#8631,(#8634,#8640),.PCURVE_S1.);
#8631 = B_SPLINE_CURVE_WITH_KNOTS('',1,(#8632,#8633),.UNSPECIFIED.,.F.,
  .F.,(2,2),(0.,4.166837145422),.PIECEWISE_BEZIER_KNOTS.);
#8632 = CARTESIAN_POINT('',(79.202512366678,-78.97834526143,
    30.000060960122));
#8633 = CARTESIAN_POINT('',(79.132955325759,-79.05811664652,
    30.000060960122));
#8634 = PCURVE('',#2726,#8635);
#8635 = DEFINITIONAL_REPRESENTATION('',(#8636),#8639);
#8636 = B_SPLINE_CURVE_WITH_KNOTS('',1,(#8637,#8638),.UNSPECIFIED.,.F.,
  .F.,(2,2),(0.,4.166837145422),.PIECEWISE_BEZIER_KNOTS.);
#8637 = CARTESIAN_POINT('',(1.642984095601E+03,-1.543399811876E+03));
#8638 = CARTESIAN_POINT('',(1.646124695031E+03,-1.540661351175E+03));
#8639 = ( GEOMETRIC_REPRESENTATION_CONTEXT(2) 
PARAMETRIC_REPRESENTATION_CONTEXT() REPRESENTATION_CONTEXT('2D SPACE',''
  ) );
#8640 = PCURVE('',#7402,#8641);
#8641 = DEFINITIONAL_REPRESENTATION('',(#8642),#8645);
#8642 = B_SPLINE_CURVE_WITH_KNOTS('',1,(#8643,#8644),.UNSPECIFIED.,.F.,
  .F.,(2,2),(0.,4.166837145422),.PIECEWISE_BEZIER_KNOTS.);
#8643 = CARTESIAN_POINT('',(0.,-141.732));
#8644 = CARTESIAN_POINT('',(4.166837145422,-141.732));
#8645 = ( GEOMETRIC_REPRESENTATION_CONTEXT(2) 
PARAMETRIC_REPRESENTATION_CONTEXT() REPRESENTATION_CONTEXT('2D SPACE',''
  ) );
#8646 = ORIENTED_EDGE('',*,*,#8647,.T.);
#8647 = EDGE_CURVE('',#8628,#8648,#8650,.T.);
#8648 = VERTEX_POINT('',#8649);
#8649 = CARTESIAN_POINT('',(79.05811664652,-79.13295532575,
    30.000060960122));
#8650 = SURFACE_CURVE('',#8651,(#8654,#8660),.PCURVE_S1.);
#8651 = B_SPLINE_CURVE_WITH_KNOTS('',1,(#8652,#8653),.UNSPECIFIED.,.F.,
  .F.,(2,2),(0.,4.166837145422),.PIECEWISE_BEZIER_KNOTS.);
#8652 = CARTESIAN_POINT('',(79.132955325759,-79.05811664652,
    30.000060960122));
#8653 = CARTESIAN_POINT('',(79.05811664652,-79.13295532575,
    30.000060960122));
#8654 = PCURVE('',#2726,#8655);
#8655 = DEFINITIONAL_REPRESENTATION('',(#8656),#8659);
#8656 = B_SPLINE_CURVE_WITH_KNOTS('',1,(#8657,#8658),.UNSPECIFIED.,.F.,
  .F.,(2,2),(0.,4.166837145422),.PIECEWISE_BEZIER_KNOTS.);
#8657 = CARTESIAN_POINT('',(1.646124695031E+03,-1.540661351175E+03));
#8658 = CARTESIAN_POINT('',(1.649071093833E+03,-1.537714952373E+03));
#8659 = ( GEOMETRIC_REPRESENTATION_CONTEXT(2) 
PARAMETRIC_REPRESENTATION_CONTEXT() REPRESENTATION_CONTEXT('2D SPACE',''
  ) );
#8660 = PCURVE('',#7427,#8661);
#8661 = DEFINITIONAL_REPRESENTATION('',(#8662),#8665);
#8662 = B_SPLINE_CURVE_WITH_KNOTS('',1,(#8663,#8664),.UNSPECIFIED.,.F.,
  .F.,(2,2),(0.,4.166837145422),.PIECEWISE_BEZIER_KNOTS.);
#8663 = CARTESIAN_POINT('',(0.,-141.732));
#8664 = CARTESIAN_POINT('',(4.166837145422,-141.732));
#8665 = ( GEOMETRIC_REPRESENTATION_CONTEXT(2) 
PARAMETRIC_REPRESENTATION_CONTEXT() REPRESENTATION_CONTEXT('2D SPACE',''
  ) );
#8666 = ORIENTED_EDGE('',*,*,#8667,.T.);
#8667 = EDGE_CURVE('',#8648,#8668,#8670,.T.);
#8668 = VERTEX_POINT('',#8669);
#8669 = CARTESIAN_POINT('',(78.978345261432,-79.20251236667,
    30.000060960122));
#8670 = SURFACE_CURVE('',#8671,(#8674,#8680),.PCURVE_S1.);
#8671 = B_SPLINE_CURVE_WITH_KNOTS('',1,(#8672,#8673),.UNSPECIFIED.,.F.,
  .F.,(2,2),(0.,4.166837145422),.PIECEWISE_BEZIER_KNOTS.);
#8672 = CARTESIAN_POINT('',(79.05811664652,-79.13295532575,
    30.000060960122));
#8673 = CARTESIAN_POINT('',(78.978345261432,-79.20251236667,
    30.000060960122));
#8674 = PCURVE('',#2726,#8675);
#8675 = DEFINITIONAL_REPRESENTATION('',(#8676),#8679);
#8676 = B_SPLINE_CURVE_WITH_KNOTS('',1,(#8677,#8678),.UNSPECIFIED.,.F.,
  .F.,(2,2),(0.,4.166837145422),.PIECEWISE_BEZIER_KNOTS.);
#8677 = CARTESIAN_POINT('',(1.649071093833E+03,-1.537714952373E+03));
#8678 = CARTESIAN_POINT('',(1.651809554534E+03,-1.534574352943E+03));
#8679 = ( GEOMETRIC_REPRESENTATION_CONTEXT(2) 
PARAMETRIC_REPRESENTATION_CONTEXT() REPRESENTATION_CONTEXT('2D SPACE',''
  ) );
#8680 = PCURVE('',#7452,#8681);
#8681 = DEFINITIONAL_REPRESENTATION('',(#8682),#8685);
#8682 = B_SPLINE_CURVE_WITH_KNOTS('',1,(#8683,#8684),.UNSPECIFIED.,.F.,
  .F.,(2,2),(0.,4.166837145422),.PIECEWISE_BEZIER_KNOTS.);
#8683 = CARTESIAN_POINT('',(0.,-141.732));
#8684 = CARTESIAN_POINT('',(4.166837145422,-141.732));
#8685 = ( GEOMETRIC_REPRESENTATION_CONTEXT(2) 
PARAMETRIC_REPRESENTATION_CONTEXT() REPRESENTATION_CONTEXT('2D SPACE',''
  ) );
#8686 = ORIENTED_EDGE('',*,*,#8687,.T.);
#8687 = EDGE_CURVE('',#8668,#8688,#8690,.T.);
#8688 = VERTEX_POINT('',#8689);
#8689 = CARTESIAN_POINT('',(78.894013101515,-79.26646346224,
    30.000060960122));
#8690 = SURFACE_CURVE('',#8691,(#8694,#8700),.PCURVE_S1.);
#8691 = B_SPLINE_CURVE_WITH_KNOTS('',1,(#8692,#8693),.UNSPECIFIED.,.F.,
  .F.,(2,2),(0.,4.166837145422),.PIECEWISE_BEZIER_KNOTS.);
#8692 = CARTESIAN_POINT('',(78.978345261432,-79.20251236667,
    30.000060960122));
#8693 = CARTESIAN_POINT('',(78.894013101515,-79.26646346224,
    30.000060960122));
#8694 = PCURVE('',#2726,#8695);
#8695 = DEFINITIONAL_REPRESENTATION('',(#8696),#8699);
#8696 = B_SPLINE_CURVE_WITH_KNOTS('',1,(#8697,#8698),.UNSPECIFIED.,.F.,
  .F.,(2,2),(0.,4.166837145422),.PIECEWISE_BEZIER_KNOTS.);
#8697 = CARTESIAN_POINT('',(1.651809554534E+03,-1.534574352943E+03));
#8698 = CARTESIAN_POINT('',(1.654327309167E+03,-1.531254195807E+03));
#8699 = ( GEOMETRIC_REPRESENTATION_CONTEXT(2) 
PARAMETRIC_REPRESENTATION_CONTEXT() REPRESENTATION_CONTEXT('2D SPACE',''
  ) );
#8700 = PCURVE('',#7477,#8701);
#8701 = DEFINITIONAL_REPRESENTATION('',(#8702),#8705);
#8702 = B_SPLINE_CURVE_WITH_KNOTS('',1,(#8703,#8704),.UNSPECIFIED.,.F.,
  .F.,(2,2),(0.,4.166837145422),.PIECEWISE_BEZIER_KNOTS.);
#8703 = CARTESIAN_POINT('',(0.,-141.732));
#8704 = CARTESIAN_POINT('',(4.166837145422,-141.732));
#8705 = ( GEOMETRIC_REPRESENTATION_CONTEXT(2) 
PARAMETRIC_REPRESENTATION_CONTEXT() REPRESENTATION_CONTEXT('2D SPACE',''
  ) );
#8706 = ORIENTED_EDGE('',*,*,#8707,.T.);
#8707 = EDGE_CURVE('',#8688,#8708,#8710,.T.);
#8708 = VERTEX_POINT('',#8709);
#8709 = CARTESIAN_POINT('',(78.805513362229,-79.32451044293,
    30.000060960122));
#8710 = SURFACE_CURVE('',#8711,(#8714,#8720),.PCURVE_S1.);
#8711 = B_SPLINE_CURVE_WITH_KNOTS('',1,(#8712,#8713),.UNSPECIFIED.,.F.,
  .F.,(2,2),(0.,4.166837145421),.PIECEWISE_BEZIER_KNOTS.);
#8712 = CARTESIAN_POINT('',(78.894013101515,-79.26646346224,
    30.000060960122));
#8713 = CARTESIAN_POINT('',(78.805513362229,-79.32451044293,
    30.000060960122));
#8714 = PCURVE('',#2726,#8715);
#8715 = DEFINITIONAL_REPRESENTATION('',(#8716),#8719);
#8716 = B_SPLINE_CURVE_WITH_KNOTS('',1,(#8717,#8718),.UNSPECIFIED.,.F.,
  .F.,(2,2),(0.,4.166837145421),.PIECEWISE_BEZIER_KNOTS.);
#8717 = CARTESIAN_POINT('',(1.654327309167E+03,-1.531254195807E+03));
#8718 = CARTESIAN_POINT('',(1.656612618796E+03,-1.527769961071E+03));
#8719 = ( GEOMETRIC_REPRESENTATION_CONTEXT(2) 
PARAMETRIC_REPRESENTATION_CONTEXT() REPRESENTATION_CONTEXT('2D SPACE',''
  ) );
#8720 = PCURVE('',#7502,#8721);
#8721 = DEFINITIONAL_REPRESENTATION('',(#8722),#8725);
#8722 = B_SPLINE_CURVE_WITH_KNOTS('',1,(#8723,#8724),.UNSPECIFIED.,.F.,
  .F.,(2,2),(0.,4.166837145421),.PIECEWISE_BEZIER_KNOTS.);
#8723 = CARTESIAN_POINT('',(0.,-141.732));
#8724 = CARTESIAN_POINT('',(4.166837145421,-141.732));
#8725 = ( GEOMETRIC_REPRESENTATION_CONTEXT(2) 
PARAMETRIC_REPRESENTATION_CONTEXT() REPRESENTATION_CONTEXT('2D SPACE',''
  ) );
#8726 = ORIENTED_EDGE('',*,*,#8727,.T.);
#8727 = EDGE_CURVE('',#8708,#8728,#8730,.T.);
#8728 = VERTEX_POINT('',#8729);
#8729 = CARTESIAN_POINT('',(78.713258670212,-79.37638266691,
    30.000060960122));
#8730 = SURFACE_CURVE('',#8731,(#8734,#8740),.PCURVE_S1.);
#8731 = B_SPLINE_CURVE_WITH_KNOTS('',1,(#8732,#8733),.UNSPECIFIED.,.F.,
  .F.,(2,2),(0.,4.166837145422),.PIECEWISE_BEZIER_KNOTS.);
#8732 = CARTESIAN_POINT('',(78.805513362229,-79.32451044293,
    30.000060960122));
#8733 = CARTESIAN_POINT('',(78.713258670212,-79.37638266691,
    30.000060960122));
#8734 = PCURVE('',#2726,#8735);
#8735 = DEFINITIONAL_REPRESENTATION('',(#8736),#8739);
#8736 = B_SPLINE_CURVE_WITH_KNOTS('',1,(#8737,#8738),.UNSPECIFIED.,.F.,
  .F.,(2,2),(0.,4.166837145422),.PIECEWISE_BEZIER_KNOTS.);
#8737 = CARTESIAN_POINT('',(1.656612618796E+03,-1.527769961071E+03));
#8738 = CARTESIAN_POINT('',(1.658654828254E+03,-1.524137893846E+03));
#8739 = ( GEOMETRIC_REPRESENTATION_CONTEXT(2) 
PARAMETRIC_REPRESENTATION_CONTEXT() REPRESENTATION_CONTEXT('2D SPACE',''
  ) );
#8740 = PCURVE('',#7527,#8741);
#8741 = DEFINITIONAL_REPRESENTATION('',(#8742),#8745);
#8742 = B_SPLINE_CURVE_WITH_KNOTS('',1,(#8743,#8744),.UNSPECIFIED.,.F.,
  .F.,(2,2),(0.,4.166837145422),.PIECEWISE_BEZIER_KNOTS.);
#8743 = CARTESIAN_POINT('',(0.,-141.732));
#8744 = CARTESIAN_POINT('',(4.166837145422,-141.732));
#8745 = ( GEOMETRIC_REPRESENTATION_CONTEXT(2) 
PARAMETRIC_REPRESENTATION_CONTEXT() REPRESENTATION_CONTEXT('2D SPACE',''
  ) );
#8746 = ORIENTED_EDGE('',*,*,#8747,.T.);
#8747 = EDGE_CURVE('',#8728,#8748,#8750,.T.);
#8748 = VERTEX_POINT('',#8749);
#8749 = CARTESIAN_POINT('',(78.617679159424,-79.42183828194,
    30.000060960122));
#8750 = SURFACE_CURVE('',#8751,(#8754,#8760),.PCURVE_S1.);
#8751 = B_SPLINE_CURVE_WITH_KNOTS('',1,(#8752,#8753),.UNSPECIFIED.,.F.,
  .F.,(2,2),(0.,4.166837145423),.PIECEWISE_BEZIER_KNOTS.);
#8752 = CARTESIAN_POINT('',(78.713258670212,-79.37638266691,
    30.000060960122));
#8753 = CARTESIAN_POINT('',(78.617679159424,-79.42183828194,
    30.000060960122));
#8754 = PCURVE('',#2726,#8755);
#8755 = DEFINITIONAL_REPRESENTATION('',(#8756),#8759);
#8756 = B_SPLINE_CURVE_WITH_KNOTS('',1,(#8757,#8758),.UNSPECIFIED.,.F.,
  .F.,(2,2),(0.,4.166837145423),.PIECEWISE_BEZIER_KNOTS.);
#8757 = CARTESIAN_POINT('',(1.658654828254E+03,-1.524137893846E+03));
#8758 = CARTESIAN_POINT('',(1.660444415818E+03,-1.520374928506E+03));
#8759 = ( GEOMETRIC_REPRESENTATION_CONTEXT(2) 
PARAMETRIC_REPRESENTATION_CONTEXT() REPRESENTATION_CONTEXT('2D SPACE',''
  ) );
#8760 = PCURVE('',#7552,#8761);
#8761 = DEFINITIONAL_REPRESENTATION('',(#8762),#8765);
#8762 = B_SPLINE_CURVE_WITH_KNOTS('',1,(#8763,#8764),.UNSPECIFIED.,.F.,
  .F.,(2,2),(0.,4.166837145423),.PIECEWISE_BEZIER_KNOTS.);
#8763 = CARTESIAN_POINT('',(0.,-141.732));
#8764 = CARTESIAN_POINT('',(4.166837145423,-141.732));
#8765 = ( GEOMETRIC_REPRESENTATION_CONTEXT(2) 
PARAMETRIC_REPRESENTATION_CONTEXT() REPRESENTATION_CONTEXT('2D SPACE',''
  ) );
#8766 = ORIENTED_EDGE('',*,*,#8767,.T.);
#8767 = EDGE_CURVE('',#8748,#8768,#8770,.T.);
#8768 = VERTEX_POINT('',#8769);
#8769 = CARTESIAN_POINT('',(78.519220465665,-79.46066535296,
    30.000060960122));
#8770 = SURFACE_CURVE('',#8771,(#8774,#8780),.PCURVE_S1.);
#8771 = B_SPLINE_CURVE_WITH_KNOTS('',1,(#8772,#8773),.UNSPECIFIED.,.F.,
  .F.,(2,2),(0.,4.166837145421),.PIECEWISE_BEZIER_KNOTS.);
#8772 = CARTESIAN_POINT('',(78.617679159424,-79.42183828194,
    30.000060960122));
#8773 = CARTESIAN_POINT('',(78.519220465665,-79.46066535296,
    30.000060960122));
#8774 = PCURVE('',#2726,#8775);
#8775 = DEFINITIONAL_REPRESENTATION('',(#8776),#8779);
#8776 = B_SPLINE_CURVE_WITH_KNOTS('',1,(#8777,#8778),.UNSPECIFIED.,.F.,
  .F.,(2,2),(0.,4.166837145421),.PIECEWISE_BEZIER_KNOTS.);
#8777 = CARTESIAN_POINT('',(1.660444415818E+03,-1.520374928506E+03));
#8778 = CARTESIAN_POINT('',(1.661973037604E+03,-1.516498609733E+03));
#8779 = ( GEOMETRIC_REPRESENTATION_CONTEXT(2) 
PARAMETRIC_REPRESENTATION_CONTEXT() REPRESENTATION_CONTEXT('2D SPACE',''
  ) );
#8780 = PCURVE('',#7577,#8781);
#8781 = DEFINITIONAL_REPRESENTATION('',(#8782),#8785);
#8782 = B_SPLINE_CURVE_WITH_KNOTS('',1,(#8783,#8784),.UNSPECIFIED.,.F.,
  .F.,(2,2),(0.,4.166837145421),.PIECEWISE_BEZIER_KNOTS.);
#8783 = CARTESIAN_POINT('',(0.,-141.732));
#8784 = CARTESIAN_POINT('',(4.166837145422,-141.732));
#8785 = ( GEOMETRIC_REPRESENTATION_CONTEXT(2) 
PARAMETRIC_REPRESENTATION_CONTEXT() REPRESENTATION_CONTEXT('2D SPACE',''
  ) );
#8786 = ORIENTED_EDGE('',*,*,#8787,.T.);
#8787 = EDGE_CURVE('',#8768,#8788,#8790,.T.);
#8788 = VERTEX_POINT('',#8789);
#8789 = CARTESIAN_POINT('',(78.418341648816,-79.49268285023,
    30.000060960122));
#8790 = SURFACE_CURVE('',#8791,(#8794,#8800),.PCURVE_S1.);
#8791 = B_SPLINE_CURVE_WITH_KNOTS('',1,(#8792,#8793),.UNSPECIFIED.,.F.,
  .F.,(2,2),(0.,4.166837145422),.PIECEWISE_BEZIER_KNOTS.);
#8792 = CARTESIAN_POINT('',(78.519220465665,-79.46066535296,
    30.000060960122));
#8793 = CARTESIAN_POINT('',(78.418341648816,-79.49268285023,
    30.000060960122));
#8794 = PCURVE('',#2726,#8795);
#8795 = DEFINITIONAL_REPRESENTATION('',(#8796),#8799);
#8796 = B_SPLINE_CURVE_WITH_KNOTS('',1,(#8797,#8798),.UNSPECIFIED.,.F.,
  .F.,(2,2),(0.,4.166837145422),.PIECEWISE_BEZIER_KNOTS.);
#8797 = CARTESIAN_POINT('',(1.661973037604E+03,-1.516498609733E+03));
#8798 = CARTESIAN_POINT('',(1.663233566472E+03,-1.512527010714E+03));
#8799 = ( GEOMETRIC_REPRESENTATION_CONTEXT(2) 
PARAMETRIC_REPRESENTATION_CONTEXT() REPRESENTATION_CONTEXT('2D SPACE',''
  ) );
#8800 = PCURVE('',#7602,#8801);
#8801 = DEFINITIONAL_REPRESENTATION('',(#8802),#8805);
#8802 = B_SPLINE_CURVE_WITH_KNOTS('',1,(#8803,#8804),.UNSPECIFIED.,.F.,
  .F.,(2,2),(0.,4.166837145422),.PIECEWISE_BEZIER_KNOTS.);
#8803 = CARTESIAN_POINT('',(0.,-141.732));
#8804 = CARTESIAN_POINT('',(4.166837145422,-141.732));
#8805 = ( GEOMETRIC_REPRESENTATION_CONTEXT(2) 
PARAMETRIC_REPRESENTATION_CONTEXT() REPRESENTATION_CONTEXT('2D SPACE',''
  ) );
#8806 = ORIENTED_EDGE('',*,*,#8807,.T.);
#8807 = EDGE_CURVE('',#8788,#8808,#8810,.T.);
#8808 = VERTEX_POINT('',#8809);
#8809 = CARTESIAN_POINT('',(78.31551305249,-79.51774149341,
    30.000060960122));
#8810 = SURFACE_CURVE('',#8811,(#8814,#8820),.PCURVE_S1.);
#8811 = B_SPLINE_CURVE_WITH_KNOTS('',1,(#8812,#8813),.UNSPECIFIED.,.F.,
  .F.,(2,2),(0.,4.166837145422),.PIECEWISE_BEZIER_KNOTS.);
#8812 = CARTESIAN_POINT('',(78.418341648816,-79.49268285023,
    30.000060960122));
#8813 = CARTESIAN_POINT('',(78.31551305249,-79.51774149341,
    30.000060960122));
#8814 = PCURVE('',#2726,#8815);
#8815 = DEFINITIONAL_REPRESENTATION('',(#8816),#8819);
#8816 = B_SPLINE_CURVE_WITH_KNOTS('',1,(#8817,#8818),.UNSPECIFIED.,.F.,
  .F.,(2,2),(0.,4.166837145422),.PIECEWISE_BEZIER_KNOTS.);
#8817 = CARTESIAN_POINT('',(1.663233566472E+03,-1.512527010714E+03));
#8818 = CARTESIAN_POINT('',(1.664220125254E+03,-1.508478648877E+03));
#8819 = ( GEOMETRIC_REPRESENTATION_CONTEXT(2) 
PARAMETRIC_REPRESENTATION_CONTEXT() REPRESENTATION_CONTEXT('2D SPACE',''
  ) );
#8820 = PCURVE('',#7627,#8821);
#8821 = DEFINITIONAL_REPRESENTATION('',(#8822),#8825);
#8822 = B_SPLINE_CURVE_WITH_KNOTS('',1,(#8823,#8824),.UNSPECIFIED.,.F.,
  .F.,(2,2),(0.,4.166837145422),.PIECEWISE_BEZIER_KNOTS.);
#8823 = CARTESIAN_POINT('',(0.,-141.732));
#8824 = CARTESIAN_POINT('',(4.166837145422,-141.732));
#8825 = ( GEOMETRIC_REPRESENTATION_CONTEXT(2) 
PARAMETRIC_REPRESENTATION_CONTEXT() REPRESENTATION_CONTEXT('2D SPACE',''
  ) );
#8826 = ORIENTED_EDGE('',*,*,#8827,.T.);
#8827 = EDGE_CURVE('',#8808,#8828,#8830,.T.);
#8828 = VERTEX_POINT('',#8829);
#8829 = CARTESIAN_POINT('',(78.211214111069,-79.53572444753,
    30.000060960122));
#8830 = SURFACE_CURVE('',#8831,(#8834,#8840),.PCURVE_S1.);
#8831 = B_SPLINE_CURVE_WITH_KNOTS('',1,(#8832,#8833),.UNSPECIFIED.,.F.,
  .F.,(2,2),(0.,4.166837145422),.PIECEWISE_BEZIER_KNOTS.);
#8832 = CARTESIAN_POINT('',(78.31551305249,-79.51774149341,
    30.000060960122));
#8833 = CARTESIAN_POINT('',(78.211214111069,-79.53572444753,
    30.000060960122));
#8834 = PCURVE('',#2726,#8835);
#8835 = DEFINITIONAL_REPRESENTATION('',(#8836),#8839);
#8836 = B_SPLINE_CURVE_WITH_KNOTS('',1,(#8837,#8838),.UNSPECIFIED.,.F.,
  .F.,(2,2),(0.,4.166837145422),.PIECEWISE_BEZIER_KNOTS.);
#8837 = CARTESIAN_POINT('',(1.664220125254E+03,-1.508478648877E+03));
#8838 = CARTESIAN_POINT('',(1.664928114157E+03,-1.504372399553E+03));
#8839 = ( GEOMETRIC_REPRESENTATION_CONTEXT(2) 
PARAMETRIC_REPRESENTATION_CONTEXT() REPRESENTATION_CONTEXT('2D SPACE',''
  ) );
#8840 = PCURVE('',#7652,#8841);
#8841 = DEFINITIONAL_REPRESENTATION('',(#8842),#8845);
#8842 = B_SPLINE_CURVE_WITH_KNOTS('',1,(#8843,#8844),.UNSPECIFIED.,.F.,
  .F.,(2,2),(0.,4.166837145422),.PIECEWISE_BEZIER_KNOTS.);
#8843 = CARTESIAN_POINT('',(0.,-141.732));
#8844 = CARTESIAN_POINT('',(4.166837145422,-141.732));
#8845 = ( GEOMETRIC_REPRESENTATION_CONTEXT(2) 
PARAMETRIC_REPRESENTATION_CONTEXT() REPRESENTATION_CONTEXT('2D SPACE',''
  ) );
#8846 = ORIENTED_EDGE('',*,*,#8847,.T.);
#8847 = EDGE_CURVE('',#8828,#8848,#8850,.T.);
#8848 = VERTEX_POINT('',#8849);
#8849 = CARTESIAN_POINT('',(78.105931114365,-79.54654786776,
    30.000060960122));
#8850 = SURFACE_CURVE('',#8851,(#8854,#8860),.PCURVE_S1.);
#8851 = B_SPLINE_CURVE_WITH_KNOTS('',1,(#8852,#8853),.UNSPECIFIED.,.F.,
  .F.,(2,2),(0.,4.166837145422),.PIECEWISE_BEZIER_KNOTS.);
#8852 = CARTESIAN_POINT('',(78.211214111069,-79.53572444753,
    30.000060960122));
#8853 = CARTESIAN_POINT('',(78.105931114365,-79.54654786776,
    30.000060960122));
#8854 = PCURVE('',#2726,#8855);
#8855 = DEFINITIONAL_REPRESENTATION('',(#8856),#8859);
#8856 = B_SPLINE_CURVE_WITH_KNOTS('',1,(#8857,#8858),.UNSPECIFIED.,.F.,
  .F.,(2,2),(0.,4.166837145422),.PIECEWISE_BEZIER_KNOTS.);
#8857 = CARTESIAN_POINT('',(1.664928114157E+03,-1.504372399553E+03));
#8858 = CARTESIAN_POINT('',(1.665354232212E+03,-1.500227407973E+03));
#8859 = ( GEOMETRIC_REPRESENTATION_CONTEXT(2) 
PARAMETRIC_REPRESENTATION_CONTEXT() REPRESENTATION_CONTEXT('2D SPACE',''
  ) );
#8860 = PCURVE('',#7677,#8861);
#8861 = DEFINITIONAL_REPRESENTATION('',(#8862),#8865);
#8862 = B_SPLINE_CURVE_WITH_KNOTS('',1,(#8863,#8864),.UNSPECIFIED.,.F.,
  .F.,(2,2),(0.,4.166837145422),.PIECEWISE_BEZIER_KNOTS.);
#8863 = CARTESIAN_POINT('',(0.,-141.732));
#8864 = CARTESIAN_POINT('',(4.166837145423,-141.732));
#8865 = ( GEOMETRIC_REPRESENTATION_CONTEXT(2) 
PARAMETRIC_REPRESENTATION_CONTEXT() REPRESENTATION_CONTEXT('2D SPACE',''
  ) );
#8866 = ORIENTED_EDGE('',*,*,#8867,.T.);
#8867 = EDGE_CURVE('',#8848,#8868,#8870,.T.);
#8868 = VERTEX_POINT('',#8869);
#8869 = CARTESIAN_POINT('',(78.00015494031,-79.55016129032,
    30.000060960122));
#8870 = SURFACE_CURVE('',#8871,(#8874,#8880),.PCURVE_S1.);
#8871 = B_SPLINE_CURVE_WITH_KNOTS('',1,(#8872,#8873),.UNSPECIFIED.,.F.,
  .F.,(2,2),(0.,4.166837145422),.PIECEWISE_BEZIER_KNOTS.);
#8872 = CARTESIAN_POINT('',(78.105931114365,-79.54654786776,
    30.000060960122));
#8873 = CARTESIAN_POINT('',(78.00015494031,-79.55016129032,
    30.000060960122));
#8874 = PCURVE('',#2726,#8875);
#8875 = DEFINITIONAL_REPRESENTATION('',(#8876),#8879);
#8876 = B_SPLINE_CURVE_WITH_KNOTS('',1,(#8877,#8878),.UNSPECIFIED.,.F.,
  .F.,(2,2),(0.,4.166837145422),.PIECEWISE_BEZIER_KNOTS.);
#8877 = CARTESIAN_POINT('',(1.665354232212E+03,-1.500227407973E+03));
#8878 = CARTESIAN_POINT('',(1.665496492658E+03,-1.496063E+03));
#8879 = ( GEOMETRIC_REPRESENTATION_CONTEXT(2) 
PARAMETRIC_REPRESENTATION_CONTEXT() REPRESENTATION_CONTEXT('2D SPACE',''
  ) );
#8880 = PCURVE('',#7702,#8881);
#8881 = DEFINITIONAL_REPRESENTATION('',(#8882),#8885);
#8882 = B_SPLINE_CURVE_WITH_KNOTS('',1,(#8883,#8884),.UNSPECIFIED.,.F.,
  .F.,(2,2),(0.,4.166837145422),.PIECEWISE_BEZIER_KNOTS.);
#8883 = CARTESIAN_POINT('',(0.,-141.732));
#8884 = CARTESIAN_POINT('',(4.166837145422,-141.732));
#8885 = ( GEOMETRIC_REPRESENTATION_CONTEXT(2) 
PARAMETRIC_REPRESENTATION_CONTEXT() REPRESENTATION_CONTEXT('2D SPACE',''
  ) );
#8886 = ORIENTED_EDGE('',*,*,#8887,.T.);
#8887 = EDGE_CURVE('',#8868,#8888,#8890,.T.);
#8888 = VERTEX_POINT('',#8889);
#8889 = CARTESIAN_POINT('',(2.000002540005,-79.55016129032,
    30.000060960122));
#8890 = SURFACE_CURVE('',#8891,(#8894,#8900),.PCURVE_S1.);
#8891 = B_SPLINE_CURVE_WITH_KNOTS('',1,(#8892,#8893),.UNSPECIFIED.,.F.,
  .F.,(2,2),(0.,2.992126E+03),.PIECEWISE_BEZIER_KNOTS.);
#8892 = CARTESIAN_POINT('',(78.00015494031,-79.55016129032,
    30.000060960122));
#8893 = CARTESIAN_POINT('',(2.000002540005,-79.55016129032,
    30.000060960122));
#8894 = PCURVE('',#2726,#8895);
#8895 = DEFINITIONAL_REPRESENTATION('',(#8896),#8899);
#8896 = B_SPLINE_CURVE_WITH_KNOTS('',1,(#8897,#8898),.UNSPECIFIED.,.F.,
  .F.,(2,2),(0.,2.992126E+03),.PIECEWISE_BEZIER_KNOTS.);
#8897 = CARTESIAN_POINT('',(1.665496492658E+03,-1.496063E+03));
#8898 = CARTESIAN_POINT('',(1.665496492658E+03,1.496063E+03));
#8899 = ( GEOMETRIC_REPRESENTATION_CONTEXT(2) 
PARAMETRIC_REPRESENTATION_CONTEXT() REPRESENTATION_CONTEXT('2D SPACE',''
  ) );
#8900 = PCURVE('',#7727,#8901);
#8901 = DEFINITIONAL_REPRESENTATION('',(#8902),#8905);
#8902 = B_SPLINE_CURVE_WITH_KNOTS('',1,(#8903,#8904),.UNSPECIFIED.,.F.,
  .F.,(2,2),(0.,2.992126E+03),.PIECEWISE_BEZIER_KNOTS.);
#8903 = CARTESIAN_POINT('',(0.,-141.732));
#8904 = CARTESIAN_POINT('',(2.992126E+03,-141.732));
#8905 = ( GEOMETRIC_REPRESENTATION_CONTEXT(2) 
PARAMETRIC_REPRESENTATION_CONTEXT() REPRESENTATION_CONTEXT('2D SPACE',''
  ) );
#8906 = ORIENTED_EDGE('',*,*,#8907,.T.);
#8907 = EDGE_CURVE('',#8888,#8908,#8910,.T.);
#8908 = VERTEX_POINT('',#8909);
#8909 = CARTESIAN_POINT('',(1.89422636595,-79.54654786776,
    30.000060960122));
#8910 = SURFACE_CURVE('',#8911,(#8914,#8920),.PCURVE_S1.);
#8911 = B_SPLINE_CURVE_WITH_KNOTS('',1,(#8912,#8913),.UNSPECIFIED.,.F.,
  .F.,(2,2),(0.,4.166837145422),.PIECEWISE_BEZIER_KNOTS.);
#8912 = CARTESIAN_POINT('',(2.000002540005,-79.55016129032,
    30.000060960122));
#8913 = CARTESIAN_POINT('',(1.89422636595,-79.54654786776,
    30.000060960122));
#8914 = PCURVE('',#2726,#8915);
#8915 = DEFINITIONAL_REPRESENTATION('',(#8916),#8919);
#8916 = B_SPLINE_CURVE_WITH_KNOTS('',1,(#8917,#8918),.UNSPECIFIED.,.F.,
  .F.,(2,2),(0.,4.166837145422),.PIECEWISE_BEZIER_KNOTS.);
#8917 = CARTESIAN_POINT('',(1.665496492658E+03,1.496063E+03));
#8918 = CARTESIAN_POINT('',(1.665354232212E+03,1.500227407973E+03));
#8919 = ( GEOMETRIC_REPRESENTATION_CONTEXT(2) 
PARAMETRIC_REPRESENTATION_CONTEXT() REPRESENTATION_CONTEXT('2D SPACE',''
  ) );
#8920 = PCURVE('',#7752,#8921);
#8921 = DEFINITIONAL_REPRESENTATION('',(#8922),#8925);
#8922 = B_SPLINE_CURVE_WITH_KNOTS('',1,(#8923,#8924),.UNSPECIFIED.,.F.,
  .F.,(2,2),(0.,4.166837145422),.PIECEWISE_BEZIER_KNOTS.);
#8923 = CARTESIAN_POINT('',(0.,-141.732));
#8924 = CARTESIAN_POINT('',(4.166837145423,-141.732));
#8925 = ( GEOMETRIC_REPRESENTATION_CONTEXT(2) 
PARAMETRIC_REPRESENTATION_CONTEXT() REPRESENTATION_CONTEXT('2D SPACE',''
  ) );
#8926 = ORIENTED_EDGE('',*,*,#8927,.T.);
#8927 = EDGE_CURVE('',#8908,#8928,#8930,.T.);
#8928 = VERTEX_POINT('',#8929);
#8929 = CARTESIAN_POINT('',(1.788943369246,-79.53572444753,
    30.000060960122));
#8930 = SURFACE_CURVE('',#8931,(#8934,#8940),.PCURVE_S1.);
#8931 = B_SPLINE_CURVE_WITH_KNOTS('',1,(#8932,#8933),.UNSPECIFIED.,.F.,
  .F.,(2,2),(0.,4.166837145422),.PIECEWISE_BEZIER_KNOTS.);
#8932 = CARTESIAN_POINT('',(1.89422636595,-79.54654786776,
    30.000060960122));
#8933 = CARTESIAN_POINT('',(1.788943369246,-79.53572444753,
    30.000060960122));
#8934 = PCURVE('',#2726,#8935);
#8935 = DEFINITIONAL_REPRESENTATION('',(#8936),#8939);
#8936 = B_SPLINE_CURVE_WITH_KNOTS('',1,(#8937,#8938),.UNSPECIFIED.,.F.,
  .F.,(2,2),(0.,4.166837145422),.PIECEWISE_BEZIER_KNOTS.);
#8937 = CARTESIAN_POINT('',(1.665354232212E+03,1.500227407973E+03));
#8938 = CARTESIAN_POINT('',(1.664928114157E+03,1.504372399553E+03));
#8939 = ( GEOMETRIC_REPRESENTATION_CONTEXT(2) 
PARAMETRIC_REPRESENTATION_CONTEXT() REPRESENTATION_CONTEXT('2D SPACE',''
  ) );
#8940 = PCURVE('',#7777,#8941);
#8941 = DEFINITIONAL_REPRESENTATION('',(#8942),#8945);
#8942 = B_SPLINE_CURVE_WITH_KNOTS('',1,(#8943,#8944),.UNSPECIFIED.,.F.,
  .F.,(2,2),(0.,4.166837145422),.PIECEWISE_BEZIER_KNOTS.);
#8943 = CARTESIAN_POINT('',(0.,-141.732));
#8944 = CARTESIAN_POINT('',(4.166837145422,-141.732));
#8945 = ( GEOMETRIC_REPRESENTATION_CONTEXT(2) 
PARAMETRIC_REPRESENTATION_CONTEXT() REPRESENTATION_CONTEXT('2D SPACE',''
  ) );
#8946 = ORIENTED_EDGE('',*,*,#8947,.T.);
#8947 = EDGE_CURVE('',#8928,#8948,#8950,.T.);
#8948 = VERTEX_POINT('',#8949);
#8949 = CARTESIAN_POINT('',(1.684644427825,-79.51774149341,
    30.000060960122));
#8950 = SURFACE_CURVE('',#8951,(#8954,#8960),.PCURVE_S1.);
#8951 = B_SPLINE_CURVE_WITH_KNOTS('',1,(#8952,#8953),.UNSPECIFIED.,.F.,
  .F.,(2,2),(0.,4.166837145422),.PIECEWISE_BEZIER_KNOTS.);
#8952 = CARTESIAN_POINT('',(1.788943369246,-79.53572444753,
    30.000060960122));
#8953 = CARTESIAN_POINT('',(1.684644427825,-79.51774149341,
    30.000060960122));
#8954 = PCURVE('',#2726,#8955);
#8955 = DEFINITIONAL_REPRESENTATION('',(#8956),#8959);
#8956 = B_SPLINE_CURVE_WITH_KNOTS('',1,(#8957,#8958),.UNSPECIFIED.,.F.,
  .F.,(2,2),(0.,4.166837145422),.PIECEWISE_BEZIER_KNOTS.);
#8957 = CARTESIAN_POINT('',(1.664928114157E+03,1.504372399553E+03));
#8958 = CARTESIAN_POINT('',(1.664220125254E+03,1.508478648877E+03));
#8959 = ( GEOMETRIC_REPRESENTATION_CONTEXT(2) 
PARAMETRIC_REPRESENTATION_CONTEXT() REPRESENTATION_CONTEXT('2D SPACE',''
  ) );
#8960 = PCURVE('',#7802,#8961);
#8961 = DEFINITIONAL_REPRESENTATION('',(#8962),#8965);
#8962 = B_SPLINE_CURVE_WITH_KNOTS('',1,(#8963,#8964),.UNSPECIFIED.,.F.,
  .F.,(2,2),(0.,4.166837145422),.PIECEWISE_BEZIER_KNOTS.);
#8963 = CARTESIAN_POINT('',(0.,-141.732));
#8964 = CARTESIAN_POINT('',(4.166837145422,-141.732));
#8965 = ( GEOMETRIC_REPRESENTATION_CONTEXT(2) 
PARAMETRIC_REPRESENTATION_CONTEXT() REPRESENTATION_CONTEXT('2D SPACE',''
  ) );
#8966 = ORIENTED_EDGE('',*,*,#8967,.T.);
#8967 = EDGE_CURVE('',#8948,#8968,#8970,.T.);
#8968 = VERTEX_POINT('',#8969);
#8969 = CARTESIAN_POINT('',(1.581815831499,-79.49268285023,
    30.000060960122));
#8970 = SURFACE_CURVE('',#8971,(#8974,#8980),.PCURVE_S1.);
#8971 = B_SPLINE_CURVE_WITH_KNOTS('',1,(#8972,#8973),.UNSPECIFIED.,.F.,
  .F.,(2,2),(0.,4.166837145422),.PIECEWISE_BEZIER_KNOTS.);
#8972 = CARTESIAN_POINT('',(1.684644427825,-79.51774149341,
    30.000060960122));
#8973 = CARTESIAN_POINT('',(1.581815831499,-79.49268285023,
    30.000060960122));
#8974 = PCURVE('',#2726,#8975);
#8975 = DEFINITIONAL_REPRESENTATION('',(#8976),#8979);
#8976 = B_SPLINE_CURVE_WITH_KNOTS('',1,(#8977,#8978),.UNSPECIFIED.,.F.,
  .F.,(2,2),(0.,4.166837145422),.PIECEWISE_BEZIER_KNOTS.);
#8977 = CARTESIAN_POINT('',(1.664220125254E+03,1.508478648877E+03));
#8978 = CARTESIAN_POINT('',(1.663233566472E+03,1.512527010714E+03));
#8979 = ( GEOMETRIC_REPRESENTATION_CONTEXT(2) 
PARAMETRIC_REPRESENTATION_CONTEXT() REPRESENTATION_CONTEXT('2D SPACE',''
  ) );
#8980 = PCURVE('',#7827,#8981);
#8981 = DEFINITIONAL_REPRESENTATION('',(#8982),#8985);
#8982 = B_SPLINE_CURVE_WITH_KNOTS('',1,(#8983,#8984),.UNSPECIFIED.,.F.,
  .F.,(2,2),(0.,4.166837145422),.PIECEWISE_BEZIER_KNOTS.);
#8983 = CARTESIAN_POINT('',(0.,-141.732));
#8984 = CARTESIAN_POINT('',(4.166837145422,-141.732));
#8985 = ( GEOMETRIC_REPRESENTATION_CONTEXT(2) 
PARAMETRIC_REPRESENTATION_CONTEXT() REPRESENTATION_CONTEXT('2D SPACE',''
  ) );
#8986 = ORIENTED_EDGE('',*,*,#8987,.T.);
#8987 = EDGE_CURVE('',#8968,#8988,#8990,.T.);
#8988 = VERTEX_POINT('',#8989);
#8989 = CARTESIAN_POINT('',(1.48093701465,-79.46066535296,
    30.000060960122));
#8990 = SURFACE_CURVE('',#8991,(#8994,#9000),.PCURVE_S1.);
#8991 = B_SPLINE_CURVE_WITH_KNOTS('',1,(#8992,#8993),.UNSPECIFIED.,.F.,
  .F.,(2,2),(0.,4.166837145422),.PIECEWISE_BEZIER_KNOTS.);
#8992 = CARTESIAN_POINT('',(1.581815831499,-79.49268285023,
    30.000060960122));
#8993 = CARTESIAN_POINT('',(1.48093701465,-79.46066535296,
    30.000060960122));
#8994 = PCURVE('',#2726,#8995);
#8995 = DEFINITIONAL_REPRESENTATION('',(#8996),#8999);
#8996 = B_SPLINE_CURVE_WITH_KNOTS('',1,(#8997,#8998),.UNSPECIFIED.,.F.,
  .F.,(2,2),(0.,4.166837145422),.PIECEWISE_BEZIER_KNOTS.);
#8997 = CARTESIAN_POINT('',(1.663233566472E+03,1.512527010714E+03));
#8998 = CARTESIAN_POINT('',(1.661973037604E+03,1.516498609733E+03));
#8999 = ( GEOMETRIC_REPRESENTATION_CONTEXT(2) 
PARAMETRIC_REPRESENTATION_CONTEXT() REPRESENTATION_CONTEXT('2D SPACE',''
  ) );
#9000 = PCURVE('',#7852,#9001);
#9001 = DEFINITIONAL_REPRESENTATION('',(#9002),#9005);
#9002 = B_SPLINE_CURVE_WITH_KNOTS('',1,(#9003,#9004),.UNSPECIFIED.,.F.,
  .F.,(2,2),(0.,4.166837145422),.PIECEWISE_BEZIER_KNOTS.);
#9003 = CARTESIAN_POINT('',(0.,-141.732));
#9004 = CARTESIAN_POINT('',(4.166837145422,-141.732));
#9005 = ( GEOMETRIC_REPRESENTATION_CONTEXT(2) 
PARAMETRIC_REPRESENTATION_CONTEXT() REPRESENTATION_CONTEXT('2D SPACE',''
  ) );
#9006 = ORIENTED_EDGE('',*,*,#9007,.T.);
#9007 = EDGE_CURVE('',#8988,#9008,#9010,.T.);
#9008 = VERTEX_POINT('',#9009);
#9009 = CARTESIAN_POINT('',(1.382478320891,-79.42183828194,
    30.000060960122));
#9010 = SURFACE_CURVE('',#9011,(#9014,#9020),.PCURVE_S1.);
#9011 = B_SPLINE_CURVE_WITH_KNOTS('',1,(#9012,#9013),.UNSPECIFIED.,.F.,
  .F.,(2,2),(0.,4.166837145422),.PIECEWISE_BEZIER_KNOTS.);
#9012 = CARTESIAN_POINT('',(1.48093701465,-79.46066535296,
    30.000060960122));
#9013 = CARTESIAN_POINT('',(1.382478320891,-79.42183828194,
    30.000060960122));
#9014 = PCURVE('',#2726,#9015);
#9015 = DEFINITIONAL_REPRESENTATION('',(#9016),#9019);
#9016 = B_SPLINE_CURVE_WITH_KNOTS('',1,(#9017,#9018),.UNSPECIFIED.,.F.,
  .F.,(2,2),(0.,4.166837145422),.PIECEWISE_BEZIER_KNOTS.);
#9017 = CARTESIAN_POINT('',(1.661973037604E+03,1.516498609733E+03));
#9018 = CARTESIAN_POINT('',(1.660444415818E+03,1.520374928507E+03));
#9019 = ( GEOMETRIC_REPRESENTATION_CONTEXT(2) 
PARAMETRIC_REPRESENTATION_CONTEXT() REPRESENTATION_CONTEXT('2D SPACE',''
  ) );
#9020 = PCURVE('',#7877,#9021);
#9021 = DEFINITIONAL_REPRESENTATION('',(#9022),#9025);
#9022 = B_SPLINE_CURVE_WITH_KNOTS('',1,(#9023,#9024),.UNSPECIFIED.,.F.,
  .F.,(2,2),(0.,4.166837145422),.PIECEWISE_BEZIER_KNOTS.);
#9023 = CARTESIAN_POINT('',(0.,-141.732));
#9024 = CARTESIAN_POINT('',(4.166837145422,-141.732));
#9025 = ( GEOMETRIC_REPRESENTATION_CONTEXT(2) 
PARAMETRIC_REPRESENTATION_CONTEXT() REPRESENTATION_CONTEXT('2D SPACE',''
  ) );
#9026 = ORIENTED_EDGE('',*,*,#9027,.T.);
#9027 = EDGE_CURVE('',#9008,#9028,#9030,.T.);
#9028 = VERTEX_POINT('',#9029);
#9029 = CARTESIAN_POINT('',(1.286898810103,-79.37638266691,
    30.000060960122));
#9030 = SURFACE_CURVE('',#9031,(#9034,#9040),.PCURVE_S1.);
#9031 = B_SPLINE_CURVE_WITH_KNOTS('',1,(#9032,#9033),.UNSPECIFIED.,.F.,
  .F.,(2,2),(0.,4.166837145422),.PIECEWISE_BEZIER_KNOTS.);
#9032 = CARTESIAN_POINT('',(1.382478320891,-79.42183828194,
    30.000060960122));
#9033 = CARTESIAN_POINT('',(1.286898810103,-79.37638266691,
    30.000060960122));
#9034 = PCURVE('',#2726,#9035);
#9035 = DEFINITIONAL_REPRESENTATION('',(#9036),#9039);
#9036 = B_SPLINE_CURVE_WITH_KNOTS('',1,(#9037,#9038),.UNSPECIFIED.,.F.,
  .F.,(2,2),(0.,4.166837145422),.PIECEWISE_BEZIER_KNOTS.);
#9037 = CARTESIAN_POINT('',(1.660444415818E+03,1.520374928507E+03));
#9038 = CARTESIAN_POINT('',(1.658654828254E+03,1.524137893846E+03));
#9039 = ( GEOMETRIC_REPRESENTATION_CONTEXT(2) 
PARAMETRIC_REPRESENTATION_CONTEXT() REPRESENTATION_CONTEXT('2D SPACE',''
  ) );
#9040 = PCURVE('',#7902,#9041);
#9041 = DEFINITIONAL_REPRESENTATION('',(#9042),#9045);
#9042 = B_SPLINE_CURVE_WITH_KNOTS('',1,(#9043,#9044),.UNSPECIFIED.,.F.,
  .F.,(2,2),(0.,4.166837145422),.PIECEWISE_BEZIER_KNOTS.);
#9043 = CARTESIAN_POINT('',(0.,-141.732));
#9044 = CARTESIAN_POINT('',(4.166837145422,-141.732));
#9045 = ( GEOMETRIC_REPRESENTATION_CONTEXT(2) 
PARAMETRIC_REPRESENTATION_CONTEXT() REPRESENTATION_CONTEXT('2D SPACE',''
  ) );
#9046 = ORIENTED_EDGE('',*,*,#9047,.T.);
#9047 = EDGE_CURVE('',#9028,#9048,#9050,.T.);
#9048 = VERTEX_POINT('',#9049);
#9049 = CARTESIAN_POINT('',(1.194644118085,-79.32451044293,
    30.000060960122));
#9050 = SURFACE_CURVE('',#9051,(#9054,#9060),.PCURVE_S1.);
#9051 = B_SPLINE_CURVE_WITH_KNOTS('',1,(#9052,#9053),.UNSPECIFIED.,.F.,
  .F.,(2,2),(0.,4.166837145422),.PIECEWISE_BEZIER_KNOTS.);
#9052 = CARTESIAN_POINT('',(1.286898810103,-79.37638266691,
    30.000060960122));
#9053 = CARTESIAN_POINT('',(1.194644118085,-79.32451044293,
    30.000060960122));
#9054 = PCURVE('',#2726,#9055);
#9055 = DEFINITIONAL_REPRESENTATION('',(#9056),#9059);
#9056 = B_SPLINE_CURVE_WITH_KNOTS('',1,(#9057,#9058),.UNSPECIFIED.,.F.,
  .F.,(2,2),(0.,4.166837145422),.PIECEWISE_BEZIER_KNOTS.);
#9057 = CARTESIAN_POINT('',(1.658654828254E+03,1.524137893846E+03));
#9058 = CARTESIAN_POINT('',(1.656612618796E+03,1.527769961071E+03));
#9059 = ( GEOMETRIC_REPRESENTATION_CONTEXT(2) 
PARAMETRIC_REPRESENTATION_CONTEXT() REPRESENTATION_CONTEXT('2D SPACE',''
  ) );
#9060 = PCURVE('',#7927,#9061);
#9061 = DEFINITIONAL_REPRESENTATION('',(#9062),#9065);
#9062 = B_SPLINE_CURVE_WITH_KNOTS('',1,(#9063,#9064),.UNSPECIFIED.,.F.,
  .F.,(2,2),(0.,4.166837145422),.PIECEWISE_BEZIER_KNOTS.);
#9063 = CARTESIAN_POINT('',(0.,-141.732));
#9064 = CARTESIAN_POINT('',(4.166837145422,-141.732));
#9065 = ( GEOMETRIC_REPRESENTATION_CONTEXT(2) 
PARAMETRIC_REPRESENTATION_CONTEXT() REPRESENTATION_CONTEXT('2D SPACE',''
  ) );
#9066 = ORIENTED_EDGE('',*,*,#9067,.T.);
#9067 = EDGE_CURVE('',#9048,#9068,#9070,.T.);
#9068 = VERTEX_POINT('',#9069);
#9069 = CARTESIAN_POINT('',(1.1061443788,-79.26646346224,30.000060960122
    ));
#9070 = SURFACE_CURVE('',#9071,(#9074,#9080),.PCURVE_S1.);
#9071 = B_SPLINE_CURVE_WITH_KNOTS('',1,(#9072,#9073),.UNSPECIFIED.,.F.,
  .F.,(2,2),(0.,4.166837145422),.PIECEWISE_BEZIER_KNOTS.);
#9072 = CARTESIAN_POINT('',(1.194644118085,-79.32451044293,
    30.000060960122));
#9073 = CARTESIAN_POINT('',(1.1061443788,-79.26646346224,30.000060960122
    ));
#9074 = PCURVE('',#2726,#9075);
#9075 = DEFINITIONAL_REPRESENTATION('',(#9076),#9079);
#9076 = B_SPLINE_CURVE_WITH_KNOTS('',1,(#9077,#9078),.UNSPECIFIED.,.F.,
  .F.,(2,2),(0.,4.166837145422),.PIECEWISE_BEZIER_KNOTS.);
#9077 = CARTESIAN_POINT('',(1.656612618796E+03,1.527769961071E+03));
#9078 = CARTESIAN_POINT('',(1.654327309167E+03,1.531254195807E+03));
#9079 = ( GEOMETRIC_REPRESENTATION_CONTEXT(2) 
PARAMETRIC_REPRESENTATION_CONTEXT() REPRESENTATION_CONTEXT('2D SPACE',''
  ) );
#9080 = PCURVE('',#7952,#9081);
#9081 = DEFINITIONAL_REPRESENTATION('',(#9082),#9085);
#9082 = B_SPLINE_CURVE_WITH_KNOTS('',1,(#9083,#9084),.UNSPECIFIED.,.F.,
  .F.,(2,2),(0.,4.166837145422),.PIECEWISE_BEZIER_KNOTS.);
#9083 = CARTESIAN_POINT('',(0.,-141.732));
#9084 = CARTESIAN_POINT('',(4.166837145422,-141.732));
#9085 = ( GEOMETRIC_REPRESENTATION_CONTEXT(2) 
PARAMETRIC_REPRESENTATION_CONTEXT() REPRESENTATION_CONTEXT('2D SPACE',''
  ) );
#9086 = ORIENTED_EDGE('',*,*,#9087,.T.);
#9087 = EDGE_CURVE('',#9068,#9088,#9090,.T.);
#9088 = VERTEX_POINT('',#9089);
#9089 = CARTESIAN_POINT('',(1.021812218883,-79.20251236667,
    30.000060960122));
#9090 = SURFACE_CURVE('',#9091,(#9094,#9100),.PCURVE_S1.);
#9091 = B_SPLINE_CURVE_WITH_KNOTS('',1,(#9092,#9093),.UNSPECIFIED.,.F.,
  .F.,(2,2),(0.,4.166837145422),.PIECEWISE_BEZIER_KNOTS.);
#9092 = CARTESIAN_POINT('',(1.1061443788,-79.26646346224,30.000060960122
    ));
#9093 = CARTESIAN_POINT('',(1.021812218883,-79.20251236667,
    30.000060960122));
#9094 = PCURVE('',#2726,#9095);
#9095 = DEFINITIONAL_REPRESENTATION('',(#9096),#9099);
#9096 = B_SPLINE_CURVE_WITH_KNOTS('',1,(#9097,#9098),.UNSPECIFIED.,.F.,
  .F.,(2,2),(0.,4.166837145422),.PIECEWISE_BEZIER_KNOTS.);
#9097 = CARTESIAN_POINT('',(1.654327309167E+03,1.531254195807E+03));
#9098 = CARTESIAN_POINT('',(1.651809554534E+03,1.534574352943E+03));
#9099 = ( GEOMETRIC_REPRESENTATION_CONTEXT(2) 
PARAMETRIC_REPRESENTATION_CONTEXT() REPRESENTATION_CONTEXT('2D SPACE',''
  ) );
#9100 = PCURVE('',#7977,#9101);
#9101 = DEFINITIONAL_REPRESENTATION('',(#9102),#9105);
#9102 = B_SPLINE_CURVE_WITH_KNOTS('',1,(#9103,#9104),.UNSPECIFIED.,.F.,
  .F.,(2,2),(0.,4.166837145422),.PIECEWISE_BEZIER_KNOTS.);
#9103 = CARTESIAN_POINT('',(0.,-141.732));
#9104 = CARTESIAN_POINT('',(4.166837145422,-141.732));
#9105 = ( GEOMETRIC_REPRESENTATION_CONTEXT(2) 
PARAMETRIC_REPRESENTATION_CONTEXT() REPRESENTATION_CONTEXT('2D SPACE',''
  ) );
#9106 = ORIENTED_EDGE('',*,*,#9107,.T.);
#9107 = EDGE_CURVE('',#9088,#9108,#9110,.T.);
#9108 = VERTEX_POINT('',#9109);
#9109 = CARTESIAN_POINT('',(0.942040833795,-79.13295532575,
    30.000060960122));
#9110 = SURFACE_CURVE('',#9111,(#9114,#9120),.PCURVE_S1.);
#9111 = B_SPLINE_CURVE_WITH_KNOTS('',1,(#9112,#9113),.UNSPECIFIED.,.F.,
  .F.,(2,2),(0.,4.166837145422),.PIECEWISE_BEZIER_KNOTS.);
#9112 = CARTESIAN_POINT('',(1.021812218883,-79.20251236667,
    30.000060960122));
#9113 = CARTESIAN_POINT('',(0.942040833795,-79.13295532575,
    30.000060960122));
#9114 = PCURVE('',#2726,#9115);
#9115 = DEFINITIONAL_REPRESENTATION('',(#9116),#9119);
#9116 = B_SPLINE_CURVE_WITH_KNOTS('',1,(#9117,#9118),.UNSPECIFIED.,.F.,
  .F.,(2,2),(0.,4.166837145422),.PIECEWISE_BEZIER_KNOTS.);
#9117 = CARTESIAN_POINT('',(1.651809554534E+03,1.534574352943E+03));
#9118 = CARTESIAN_POINT('',(1.649071093833E+03,1.537714952373E+03));
#9119 = ( GEOMETRIC_REPRESENTATION_CONTEXT(2) 
PARAMETRIC_REPRESENTATION_CONTEXT() REPRESENTATION_CONTEXT('2D SPACE',''
  ) );
#9120 = PCURVE('',#8002,#9121);
#9121 = DEFINITIONAL_REPRESENTATION('',(#9122),#9125);
#9122 = B_SPLINE_CURVE_WITH_KNOTS('',1,(#9123,#9124),.UNSPECIFIED.,.F.,
  .F.,(2,2),(0.,4.166837145422),.PIECEWISE_BEZIER_KNOTS.);
#9123 = CARTESIAN_POINT('',(0.,-141.732));
#9124 = CARTESIAN_POINT('',(4.166837145422,-141.732));
#9125 = ( GEOMETRIC_REPRESENTATION_CONTEXT(2) 
PARAMETRIC_REPRESENTATION_CONTEXT() REPRESENTATION_CONTEXT('2D SPACE',''
  ) );
#9126 = ORIENTED_EDGE('',*,*,#9127,.T.);
#9127 = EDGE_CURVE('',#9108,#9128,#9130,.T.);
#9128 = VERTEX_POINT('',#9129);
#9129 = CARTESIAN_POINT('',(0.867202154556,-79.05811664652,
    30.000060960122));
#9130 = SURFACE_CURVE('',#9131,(#9134,#9140),.PCURVE_S1.);
#9131 = B_SPLINE_CURVE_WITH_KNOTS('',1,(#9132,#9133),.UNSPECIFIED.,.F.,
  .F.,(2,2),(0.,4.166837145422),.PIECEWISE_BEZIER_KNOTS.);
#9132 = CARTESIAN_POINT('',(0.942040833795,-79.13295532575,
    30.000060960122));
#9133 = CARTESIAN_POINT('',(0.867202154556,-79.05811664652,
    30.000060960122));
#9134 = PCURVE('',#2726,#9135);
#9135 = DEFINITIONAL_REPRESENTATION('',(#9136),#9139);
#9136 = B_SPLINE_CURVE_WITH_KNOTS('',1,(#9137,#9138),.UNSPECIFIED.,.F.,
  .F.,(2,2),(0.,4.166837145422),.PIECEWISE_BEZIER_KNOTS.);
#9137 = CARTESIAN_POINT('',(1.649071093833E+03,1.537714952373E+03));
#9138 = CARTESIAN_POINT('',(1.646124695031E+03,1.540661351175E+03));
#9139 = ( GEOMETRIC_REPRESENTATION_CONTEXT(2) 
PARAMETRIC_REPRESENTATION_CONTEXT() REPRESENTATION_CONTEXT('2D SPACE',''
  ) );
#9140 = PCURVE('',#8027,#9141);
#9141 = DEFINITIONAL_REPRESENTATION('',(#9142),#9145);
#9142 = B_SPLINE_CURVE_WITH_KNOTS('',1,(#9143,#9144),.UNSPECIFIED.,.F.,
  .F.,(2,2),(0.,4.166837145422),.PIECEWISE_BEZIER_KNOTS.);
#9143 = CARTESIAN_POINT('',(0.,-141.732));
#9144 = CARTESIAN_POINT('',(4.166837145422,-141.732));
#9145 = ( GEOMETRIC_REPRESENTATION_CONTEXT(2) 
PARAMETRIC_REPRESENTATION_CONTEXT() REPRESENTATION_CONTEXT('2D SPACE',''
  ) );
#9146 = ORIENTED_EDGE('',*,*,#9147,.T.);
#9147 = EDGE_CURVE('',#9128,#9148,#9150,.T.);
#9148 = VERTEX_POINT('',#9149);
#9149 = CARTESIAN_POINT('',(0.797645113637,-78.97834526143,
    30.000060960122));
#9150 = SURFACE_CURVE('',#9151,(#9154,#9160),.PCURVE_S1.);
#9151 = B_SPLINE_CURVE_WITH_KNOTS('',1,(#9152,#9153),.UNSPECIFIED.,.F.,
  .F.,(2,2),(0.,4.166837145422),.PIECEWISE_BEZIER_KNOTS.);
#9152 = CARTESIAN_POINT('',(0.867202154556,-79.05811664652,
    30.000060960122));
#9153 = CARTESIAN_POINT('',(0.797645113637,-78.97834526143,
    30.000060960122));
#9154 = PCURVE('',#2726,#9155);
#9155 = DEFINITIONAL_REPRESENTATION('',(#9156),#9159);
#9156 = B_SPLINE_CURVE_WITH_KNOTS('',1,(#9157,#9158),.UNSPECIFIED.,.F.,
  .F.,(2,2),(0.,4.166837145422),.PIECEWISE_BEZIER_KNOTS.);
#9157 = CARTESIAN_POINT('',(1.646124695031E+03,1.540661351175E+03));
#9158 = CARTESIAN_POINT('',(1.642984095601E+03,1.543399811876E+03));
#9159 = ( GEOMETRIC_REPRESENTATION_CONTEXT(2) 
PARAMETRIC_REPRESENTATION_CONTEXT() REPRESENTATION_CONTEXT('2D SPACE',''
  ) );
#9160 = PCURVE('',#8052,#9161);
#9161 = DEFINITIONAL_REPRESENTATION('',(#9162),#9165);
#9162 = B_SPLINE_CURVE_WITH_KNOTS('',1,(#9163,#9164),.UNSPECIFIED.,.F.,
  .F.,(2,2),(0.,4.166837145422),.PIECEWISE_BEZIER_KNOTS.);
#9163 = CARTESIAN_POINT('',(0.,-141.732));
#9164 = CARTESIAN_POINT('',(4.166837145422,-141.732));
#9165 = ( GEOMETRIC_REPRESENTATION_CONTEXT(2) 
PARAMETRIC_REPRESENTATION_CONTEXT() REPRESENTATION_CONTEXT('2D SPACE',''
  ) );
#9166 = ORIENTED_EDGE('',*,*,#9167,.T.);
#9167 = EDGE_CURVE('',#9148,#9168,#9170,.T.);
#9168 = VERTEX_POINT('',#9169);
#9169 = CARTESIAN_POINT('',(0.73369401807,-78.89401310151,
    30.000060960122));
#9170 = SURFACE_CURVE('',#9171,(#9174,#9180),.PCURVE_S1.);
#9171 = B_SPLINE_CURVE_WITH_KNOTS('',1,(#9172,#9173),.UNSPECIFIED.,.F.,
  .F.,(2,2),(0.,4.166837145422),.PIECEWISE_BEZIER_KNOTS.);
#9172 = CARTESIAN_POINT('',(0.797645113637,-78.97834526143,
    30.000060960122));
#9173 = CARTESIAN_POINT('',(0.73369401807,-78.89401310151,
    30.000060960122));
#9174 = PCURVE('',#2726,#9175);
#9175 = DEFINITIONAL_REPRESENTATION('',(#9176),#9179);
#9176 = B_SPLINE_CURVE_WITH_KNOTS('',1,(#9177,#9178),.UNSPECIFIED.,.F.,
  .F.,(2,2),(0.,4.166837145422),.PIECEWISE_BEZIER_KNOTS.);
#9177 = CARTESIAN_POINT('',(1.642984095601E+03,1.543399811876E+03));
#9178 = CARTESIAN_POINT('',(1.639663938465E+03,1.545917566509E+03));
#9179 = ( GEOMETRIC_REPRESENTATION_CONTEXT(2) 
PARAMETRIC_REPRESENTATION_CONTEXT() REPRESENTATION_CONTEXT('2D SPACE',''
  ) );
#9180 = PCURVE('',#8077,#9181);
#9181 = DEFINITIONAL_REPRESENTATION('',(#9182),#9185);
#9182 = B_SPLINE_CURVE_WITH_KNOTS('',1,(#9183,#9184),.UNSPECIFIED.,.F.,
  .F.,(2,2),(0.,4.166837145422),.PIECEWISE_BEZIER_KNOTS.);
#9183 = CARTESIAN_POINT('',(0.,-141.732));
#9184 = CARTESIAN_POINT('',(4.166837145422,-141.732));
#9185 = ( GEOMETRIC_REPRESENTATION_CONTEXT(2) 
PARAMETRIC_REPRESENTATION_CONTEXT() REPRESENTATION_CONTEXT('2D SPACE',''
  ) );
#9186 = ORIENTED_EDGE('',*,*,#9187,.T.);
#9187 = EDGE_CURVE('',#9168,#9188,#9190,.T.);
#9188 = VERTEX_POINT('',#9189);
#9189 = CARTESIAN_POINT('',(0.675647037384,-78.80551336222,
    30.000060960122));
#9190 = SURFACE_CURVE('',#9191,(#9194,#9200),.PCURVE_S1.);
#9191 = B_SPLINE_CURVE_WITH_KNOTS('',1,(#9192,#9193),.UNSPECIFIED.,.F.,
  .F.,(2,2),(0.,4.166837145422),.PIECEWISE_BEZIER_KNOTS.);
#9192 = CARTESIAN_POINT('',(0.73369401807,-78.89401310151,
    30.000060960122));
#9193 = CARTESIAN_POINT('',(0.675647037384,-78.80551336222,
    30.000060960122));
#9194 = PCURVE('',#2726,#9195);
#9195 = DEFINITIONAL_REPRESENTATION('',(#9196),#9199);
#9196 = B_SPLINE_CURVE_WITH_KNOTS('',1,(#9197,#9198),.UNSPECIFIED.,.F.,
  .F.,(2,2),(0.,4.166837145422),.PIECEWISE_BEZIER_KNOTS.);
#9197 = CARTESIAN_POINT('',(1.639663938465E+03,1.545917566509E+03));
#9198 = CARTESIAN_POINT('',(1.636179703729E+03,1.548202876138E+03));
#9199 = ( GEOMETRIC_REPRESENTATION_CONTEXT(2) 
PARAMETRIC_REPRESENTATION_CONTEXT() REPRESENTATION_CONTEXT('2D SPACE',''
  ) );
#9200 = PCURVE('',#8102,#9201);
#9201 = DEFINITIONAL_REPRESENTATION('',(#9202),#9205);
#9202 = B_SPLINE_CURVE_WITH_KNOTS('',1,(#9203,#9204),.UNSPECIFIED.,.F.,
  .F.,(2,2),(0.,4.166837145422),.PIECEWISE_BEZIER_KNOTS.);
#9203 = CARTESIAN_POINT('',(0.,-141.732));
#9204 = CARTESIAN_POINT('',(4.166837145422,-141.732));
#9205 = ( GEOMETRIC_REPRESENTATION_CONTEXT(2) 
PARAMETRIC_REPRESENTATION_CONTEXT() REPRESENTATION_CONTEXT('2D SPACE',''
  ) );
#9206 = ORIENTED_EDGE('',*,*,#9207,.T.);
#9207 = EDGE_CURVE('',#9188,#9208,#9210,.T.);
#9208 = VERTEX_POINT('',#9209);
#9209 = CARTESIAN_POINT('',(0.623774813399,-78.71325867021,
    30.000060960122));
#9210 = SURFACE_CURVE('',#9211,(#9214,#9220),.PCURVE_S1.);
#9211 = B_SPLINE_CURVE_WITH_KNOTS('',1,(#9212,#9213),.UNSPECIFIED.,.F.,
  .F.,(2,2),(0.,4.166837145422),.PIECEWISE_BEZIER_KNOTS.);
#9212 = CARTESIAN_POINT('',(0.675647037384,-78.80551336222,
    30.000060960122));
#9213 = CARTESIAN_POINT('',(0.623774813399,-78.71325867021,
    30.000060960122));
#9214 = PCURVE('',#2726,#9215);
#9215 = DEFINITIONAL_REPRESENTATION('',(#9216),#9219);
#9216 = B_SPLINE_CURVE_WITH_KNOTS('',1,(#9217,#9218),.UNSPECIFIED.,.F.,
  .F.,(2,2),(0.,4.166837145422),.PIECEWISE_BEZIER_KNOTS.);
#9217 = CARTESIAN_POINT('',(1.636179703729E+03,1.548202876138E+03));
#9218 = CARTESIAN_POINT('',(1.632547636504E+03,1.550245085596E+03));
#9219 = ( GEOMETRIC_REPRESENTATION_CONTEXT(2) 
PARAMETRIC_REPRESENTATION_CONTEXT() REPRESENTATION_CONTEXT('2D SPACE',''
  ) );
#9220 = PCURVE('',#8127,#9221);
#9221 = DEFINITIONAL_REPRESENTATION('',(#9222),#9225);
#9222 = B_SPLINE_CURVE_WITH_KNOTS('',1,(#9223,#9224),.UNSPECIFIED.,.F.,
  .F.,(2,2),(0.,4.166837145422),.PIECEWISE_BEZIER_KNOTS.);
#9223 = CARTESIAN_POINT('',(0.,-141.732));
#9224 = CARTESIAN_POINT('',(4.166837145422,-141.732));
#9225 = ( GEOMETRIC_REPRESENTATION_CONTEXT(2) 
PARAMETRIC_REPRESENTATION_CONTEXT() REPRESENTATION_CONTEXT('2D SPACE',''
  ) );
#9226 = ORIENTED_EDGE('',*,*,#9227,.T.);
#9227 = EDGE_CURVE('',#9208,#9228,#9230,.T.);
#9228 = VERTEX_POINT('',#9229);
#9229 = CARTESIAN_POINT('',(0.578319198368,-78.61767915942,
    30.000060960122));
#9230 = SURFACE_CURVE('',#9231,(#9234,#9240),.PCURVE_S1.);
#9231 = B_SPLINE_CURVE_WITH_KNOTS('',1,(#9232,#9233),.UNSPECIFIED.,.F.,
  .F.,(2,2),(0.,4.166837145422),.PIECEWISE_BEZIER_KNOTS.);
#9232 = CARTESIAN_POINT('',(0.623774813399,-78.71325867021,
    30.000060960122));
#9233 = CARTESIAN_POINT('',(0.578319198368,-78.61767915942,
    30.000060960122));
#9234 = PCURVE('',#2726,#9235);
#9235 = DEFINITIONAL_REPRESENTATION('',(#9236),#9239);
#9236 = B_SPLINE_CURVE_WITH_KNOTS('',1,(#9237,#9238),.UNSPECIFIED.,.F.,
  .F.,(2,2),(0.,4.166837145422),.PIECEWISE_BEZIER_KNOTS.);
#9237 = CARTESIAN_POINT('',(1.632547636504E+03,1.550245085596E+03));
#9238 = CARTESIAN_POINT('',(1.628784671164E+03,1.55203467316E+03));
#9239 = ( GEOMETRIC_REPRESENTATION_CONTEXT(2) 
PARAMETRIC_REPRESENTATION_CONTEXT() REPRESENTATION_CONTEXT('2D SPACE',''
  ) );
#9240 = PCURVE('',#8152,#9241);
#9241 = DEFINITIONAL_REPRESENTATION('',(#9242),#9245);
#9242 = B_SPLINE_CURVE_WITH_KNOTS('',1,(#9243,#9244),.UNSPECIFIED.,.F.,
  .F.,(2,2),(0.,4.166837145422),.PIECEWISE_BEZIER_KNOTS.);
#9243 = CARTESIAN_POINT('',(0.,-141.732));
#9244 = CARTESIAN_POINT('',(4.166837145422,-141.732));
#9245 = ( GEOMETRIC_REPRESENTATION_CONTEXT(2) 
PARAMETRIC_REPRESENTATION_CONTEXT() REPRESENTATION_CONTEXT('2D SPACE',''
  ) );
#9246 = ORIENTED_EDGE('',*,*,#9247,.T.);
#9247 = EDGE_CURVE('',#9228,#9248,#9250,.T.);
#9248 = VERTEX_POINT('',#9249);
#9249 = CARTESIAN_POINT('',(0.539492127352,-78.51922046566,
    30.000060960122));
#9250 = SURFACE_CURVE('',#9251,(#9254,#9260),.PCURVE_S1.);
#9251 = B_SPLINE_CURVE_WITH_KNOTS('',1,(#9252,#9253),.UNSPECIFIED.,.F.,
  .F.,(2,2),(0.,4.166837145422),.PIECEWISE_BEZIER_KNOTS.);
#9252 = CARTESIAN_POINT('',(0.578319198368,-78.61767915942,
    30.000060960122));
#9253 = CARTESIAN_POINT('',(0.539492127352,-78.51922046566,
    30.000060960122));
#9254 = PCURVE('',#2726,#9255);
#9255 = DEFINITIONAL_REPRESENTATION('',(#9256),#9259);
#9256 = B_SPLINE_CURVE_WITH_KNOTS('',1,(#9257,#9258),.UNSPECIFIED.,.F.,
  .F.,(2,2),(0.,4.166837145422),.PIECEWISE_BEZIER_KNOTS.);
#9257 = CARTESIAN_POINT('',(1.628784671164E+03,1.55203467316E+03));
#9258 = CARTESIAN_POINT('',(1.624908352391E+03,1.553563294946E+03));
#9259 = ( GEOMETRIC_REPRESENTATION_CONTEXT(2) 
PARAMETRIC_REPRESENTATION_CONTEXT() REPRESENTATION_CONTEXT('2D SPACE',''
  ) );
#9260 = PCURVE('',#8177,#9261);
#9261 = DEFINITIONAL_REPRESENTATION('',(#9262),#9265);
#9262 = B_SPLINE_CURVE_WITH_KNOTS('',1,(#9263,#9264),.UNSPECIFIED.,.F.,
  .F.,(2,2),(0.,4.166837145422),.PIECEWISE_BEZIER_KNOTS.);
#9263 = CARTESIAN_POINT('',(0.,-141.732));
#9264 = CARTESIAN_POINT('',(4.166837145422,-141.732));
#9265 = ( GEOMETRIC_REPRESENTATION_CONTEXT(2) 
PARAMETRIC_REPRESENTATION_CONTEXT() REPRESENTATION_CONTEXT('2D SPACE',''
  ) );
#9266 = ORIENTED_EDGE('',*,*,#9267,.T.);
#9267 = EDGE_CURVE('',#9248,#9268,#9270,.T.);
#9268 = VERTEX_POINT('',#9269);
#9269 = CARTESIAN_POINT('',(0.507474630079,-78.41834164881,
    30.000060960122));
#9270 = SURFACE_CURVE('',#9271,(#9274,#9280),.PCURVE_S1.);
#9271 = B_SPLINE_CURVE_WITH_KNOTS('',1,(#9272,#9273),.UNSPECIFIED.,.F.,
  .F.,(2,2),(0.,4.166837145422),.PIECEWISE_BEZIER_KNOTS.);
#9272 = CARTESIAN_POINT('',(0.539492127352,-78.51922046566,
    30.000060960122));
#9273 = CARTESIAN_POINT('',(0.507474630079,-78.41834164881,
    30.000060960122));
#9274 = PCURVE('',#2726,#9275);
#9275 = DEFINITIONAL_REPRESENTATION('',(#9276),#9279);
#9276 = B_SPLINE_CURVE_WITH_KNOTS('',1,(#9277,#9278),.UNSPECIFIED.,.F.,
  .F.,(2,2),(0.,4.166837145422),.PIECEWISE_BEZIER_KNOTS.);
#9277 = CARTESIAN_POINT('',(1.624908352391E+03,1.553563294946E+03));
#9278 = CARTESIAN_POINT('',(1.620936753372E+03,1.554823823814E+03));
#9279 = ( GEOMETRIC_REPRESENTATION_CONTEXT(2) 
PARAMETRIC_REPRESENTATION_CONTEXT() REPRESENTATION_CONTEXT('2D SPACE',''
  ) );
#9280 = PCURVE('',#8202,#9281);
#9281 = DEFINITIONAL_REPRESENTATION('',(#9282),#9285);
#9282 = B_SPLINE_CURVE_WITH_KNOTS('',1,(#9283,#9284),.UNSPECIFIED.,.F.,
  .F.,(2,2),(0.,4.166837145422),.PIECEWISE_BEZIER_KNOTS.);
#9283 = CARTESIAN_POINT('',(0.,-141.732));
#9284 = CARTESIAN_POINT('',(4.166837145422,-141.732));
#9285 = ( GEOMETRIC_REPRESENTATION_CONTEXT(2) 
PARAMETRIC_REPRESENTATION_CONTEXT() REPRESENTATION_CONTEXT('2D SPACE',''
  ) );
#9286 = ORIENTED_EDGE('',*,*,#9287,.T.);
#9287 = EDGE_CURVE('',#9268,#9288,#9290,.T.);
#9288 = VERTEX_POINT('',#9289);
#9289 = CARTESIAN_POINT('',(0.482415986901,-78.31551305249,
    30.000060960122));
#9290 = SURFACE_CURVE('',#9291,(#9294,#9300),.PCURVE_S1.);
#9291 = B_SPLINE_CURVE_WITH_KNOTS('',1,(#9292,#9293),.UNSPECIFIED.,.F.,
  .F.,(2,2),(0.,4.166837145422),.PIECEWISE_BEZIER_KNOTS.);
#9292 = CARTESIAN_POINT('',(0.507474630079,-78.41834164881,
    30.000060960122));
#9293 = CARTESIAN_POINT('',(0.482415986901,-78.31551305249,
    30.000060960122));
#9294 = PCURVE('',#2726,#9295);
#9295 = DEFINITIONAL_REPRESENTATION('',(#9296),#9299);
#9296 = B_SPLINE_CURVE_WITH_KNOTS('',1,(#9297,#9298),.UNSPECIFIED.,.F.,
  .F.,(2,2),(0.,4.166837145422),.PIECEWISE_BEZIER_KNOTS.);
#9297 = CARTESIAN_POINT('',(1.620936753372E+03,1.554823823814E+03));
#9298 = CARTESIAN_POINT('',(1.616888391534E+03,1.555810382596E+03));
#9299 = ( GEOMETRIC_REPRESENTATION_CONTEXT(2) 
PARAMETRIC_REPRESENTATION_CONTEXT() REPRESENTATION_CONTEXT('2D SPACE',''
  ) );
#9300 = PCURVE('',#8227,#9301);
#9301 = DEFINITIONAL_REPRESENTATION('',(#9302),#9305);
#9302 = B_SPLINE_CURVE_WITH_KNOTS('',1,(#9303,#9304),.UNSPECIFIED.,.F.,
  .F.,(2,2),(0.,4.166837145422),.PIECEWISE_BEZIER_KNOTS.);
#9303 = CARTESIAN_POINT('',(0.,-141.732));
#9304 = CARTESIAN_POINT('',(4.166837145422,-141.732));
#9305 = ( GEOMETRIC_REPRESENTATION_CONTEXT(2) 
PARAMETRIC_REPRESENTATION_CONTEXT() REPRESENTATION_CONTEXT('2D SPACE',''
  ) );
#9306 = ORIENTED_EDGE('',*,*,#9307,.T.);
#9307 = EDGE_CURVE('',#9288,#9308,#9310,.T.);
#9308 = VERTEX_POINT('',#9309);
#9309 = CARTESIAN_POINT('',(0.46443303278,-78.21121411106,
    30.000060960122));
#9310 = SURFACE_CURVE('',#9311,(#9314,#9320),.PCURVE_S1.);
#9311 = B_SPLINE_CURVE_WITH_KNOTS('',1,(#9312,#9313),.UNSPECIFIED.,.F.,
  .F.,(2,2),(0.,4.166837145422),.PIECEWISE_BEZIER_KNOTS.);
#9312 = CARTESIAN_POINT('',(0.482415986901,-78.31551305249,
    30.000060960122));
#9313 = CARTESIAN_POINT('',(0.46443303278,-78.21121411106,
    30.000060960122));
#9314 = PCURVE('',#2726,#9315);
#9315 = DEFINITIONAL_REPRESENTATION('',(#9316),#9319);
#9316 = B_SPLINE_CURVE_WITH_KNOTS('',1,(#9317,#9318),.UNSPECIFIED.,.F.,
  .F.,(2,2),(0.,4.166837145422),.PIECEWISE_BEZIER_KNOTS.);
#9317 = CARTESIAN_POINT('',(1.616888391534E+03,1.555810382596E+03));
#9318 = CARTESIAN_POINT('',(1.612782142211E+03,1.556518371499E+03));
#9319 = ( GEOMETRIC_REPRESENTATION_CONTEXT(2) 
PARAMETRIC_REPRESENTATION_CONTEXT() REPRESENTATION_CONTEXT('2D SPACE',''
  ) );
#9320 = PCURVE('',#8252,#9321);
#9321 = DEFINITIONAL_REPRESENTATION('',(#9322),#9325);
#9322 = B_SPLINE_CURVE_WITH_KNOTS('',1,(#9323,#9324),.UNSPECIFIED.,.F.,
  .F.,(2,2),(0.,4.166837145422),.PIECEWISE_BEZIER_KNOTS.);
#9323 = CARTESIAN_POINT('',(0.,-141.732));
#9324 = CARTESIAN_POINT('',(4.166837145422,-141.732));
#9325 = ( GEOMETRIC_REPRESENTATION_CONTEXT(2) 
PARAMETRIC_REPRESENTATION_CONTEXT() REPRESENTATION_CONTEXT('2D SPACE',''
  ) );
#9326 = ORIENTED_EDGE('',*,*,#9327,.T.);
#9327 = EDGE_CURVE('',#9308,#9328,#9330,.T.);
#9328 = VERTEX_POINT('',#9329);
#9329 = CARTESIAN_POINT('',(0.45360961255,-78.10593111436,
    30.000060960122));
#9330 = SURFACE_CURVE('',#9331,(#9334,#9340),.PCURVE_S1.);
#9331 = B_SPLINE_CURVE_WITH_KNOTS('',1,(#9332,#9333),.UNSPECIFIED.,.F.,
  .F.,(2,2),(0.,4.166837145422),.PIECEWISE_BEZIER_KNOTS.);
#9332 = CARTESIAN_POINT('',(0.46443303278,-78.21121411106,
    30.000060960122));
#9333 = CARTESIAN_POINT('',(0.45360961255,-78.10593111436,
    30.000060960122));
#9334 = PCURVE('',#2726,#9335);
#9335 = DEFINITIONAL_REPRESENTATION('',(#9336),#9339);
#9336 = B_SPLINE_CURVE_WITH_KNOTS('',1,(#9337,#9338),.UNSPECIFIED.,.F.,
  .F.,(2,2),(0.,4.166837145422),.PIECEWISE_BEZIER_KNOTS.);
#9337 = CARTESIAN_POINT('',(1.612782142211E+03,1.556518371499E+03));
#9338 = CARTESIAN_POINT('',(1.608637150631E+03,1.556944489554E+03));
#9339 = ( GEOMETRIC_REPRESENTATION_CONTEXT(2) 
PARAMETRIC_REPRESENTATION_CONTEXT() REPRESENTATION_CONTEXT('2D SPACE',''
  ) );
#9340 = PCURVE('',#8277,#9341);
#9341 = DEFINITIONAL_REPRESENTATION('',(#9342),#9345);
#9342 = B_SPLINE_CURVE_WITH_KNOTS('',1,(#9343,#9344),.UNSPECIFIED.,.F.,
  .F.,(2,2),(0.,4.166837145422),.PIECEWISE_BEZIER_KNOTS.);
#9343 = CARTESIAN_POINT('',(0.,-141.732));
#9344 = CARTESIAN_POINT('',(4.166837145422,-141.732));
#9345 = ( GEOMETRIC_REPRESENTATION_CONTEXT(2) 
PARAMETRIC_REPRESENTATION_CONTEXT() REPRESENTATION_CONTEXT('2D SPACE',''
  ) );
#9346 = ORIENTED_EDGE('',*,*,#9347,.T.);
#9347 = EDGE_CURVE('',#9328,#9348,#9350,.T.);
#9348 = VERTEX_POINT('',#9349);
#9349 = CARTESIAN_POINT('',(0.449996189992,-78.00015494031,
    30.000060960122));
#9350 = SURFACE_CURVE('',#9351,(#9354,#9360),.PCURVE_S1.);
#9351 = B_SPLINE_CURVE_WITH_KNOTS('',1,(#9352,#9353),.UNSPECIFIED.,.F.,
  .F.,(2,2),(0.,4.166837145422),.PIECEWISE_BEZIER_KNOTS.);
#9352 = CARTESIAN_POINT('',(0.45360961255,-78.10593111436,
    30.000060960122));
#9353 = CARTESIAN_POINT('',(0.449996189992,-78.00015494031,
    30.000060960122));
#9354 = PCURVE('',#2726,#9355);
#9355 = DEFINITIONAL_REPRESENTATION('',(#9356),#9359);
#9356 = B_SPLINE_CURVE_WITH_KNOTS('',1,(#9357,#9358),.UNSPECIFIED.,.F.,
  .F.,(2,2),(0.,4.166837145422),.PIECEWISE_BEZIER_KNOTS.);
#9357 = CARTESIAN_POINT('',(1.608637150631E+03,1.556944489554E+03));
#9358 = CARTESIAN_POINT('',(1.604472742658E+03,1.55708675E+03));
#9359 = ( GEOMETRIC_REPRESENTATION_CONTEXT(2) 
PARAMETRIC_REPRESENTATION_CONTEXT() REPRESENTATION_CONTEXT('2D SPACE',''
  ) );
#9360 = PCURVE('',#8302,#9361);
#9361 = DEFINITIONAL_REPRESENTATION('',(#9362),#9365);
#9362 = B_SPLINE_CURVE_WITH_KNOTS('',1,(#9363,#9364),.UNSPECIFIED.,.F.,
  .F.,(2,2),(0.,4.166837145422),.PIECEWISE_BEZIER_KNOTS.);
#9363 = CARTESIAN_POINT('',(0.,-141.732));
#9364 = CARTESIAN_POINT('',(4.166837145422,-141.732));
#9365 = ( GEOMETRIC_REPRESENTATION_CONTEXT(2) 
PARAMETRIC_REPRESENTATION_CONTEXT() REPRESENTATION_CONTEXT('2D SPACE',''
  ) );
#9366 = ORIENTED_EDGE('',*,*,#9367,.T.);
#9367 = EDGE_CURVE('',#9348,#6847,#9368,.T.);
#9368 = SURFACE_CURVE('',#9369,(#9372,#9378),.PCURVE_S1.);
#9369 = B_SPLINE_CURVE_WITH_KNOTS('',1,(#9370,#9371),.UNSPECIFIED.,.F.,
  .F.,(2,2),(0.,2.996063E+03),.PIECEWISE_BEZIER_KNOTS.);
#9370 = CARTESIAN_POINT('',(0.449996189992,-78.00015494031,
    30.000060960122));
#9371 = CARTESIAN_POINT('',(0.449996189992,-1.900002540005,
    30.000060960122));
#9372 = PCURVE('',#2726,#9373);
#9373 = DEFINITIONAL_REPRESENTATION('',(#9374),#9377);
#9374 = B_SPLINE_CURVE_WITH_KNOTS('',1,(#9375,#9376),.UNSPECIFIED.,.F.,
  .F.,(2,2),(0.,2.996063E+03),.PIECEWISE_BEZIER_KNOTS.);
#9375 = CARTESIAN_POINT('',(1.604472742658E+03,1.55708675E+03));
#9376 = CARTESIAN_POINT('',(-1.391590257342E+03,1.55708675E+03));
#9377 = ( GEOMETRIC_REPRESENTATION_CONTEXT(2) 
PARAMETRIC_REPRESENTATION_CONTEXT() REPRESENTATION_CONTEXT('2D SPACE',''
  ) );
#9378 = PCURVE('',#6860,#9379);
#9379 = DEFINITIONAL_REPRESENTATION('',(#9380),#9383);
#9380 = B_SPLINE_CURVE_WITH_KNOTS('',1,(#9381,#9382),.UNSPECIFIED.,.F.,
  .F.,(2,2),(0.,2.996063E+03),.PIECEWISE_BEZIER_KNOTS.);
#9381 = CARTESIAN_POINT('',(0.,-141.732));
#9382 = CARTESIAN_POINT('',(2.996063E+03,-141.732));
#9383 = ( GEOMETRIC_REPRESENTATION_CONTEXT(2) 
PARAMETRIC_REPRESENTATION_CONTEXT() REPRESENTATION_CONTEXT('2D SPACE',''
  ) );
#9384 = FACE_BOUND('',#9385,.F.);
#9385 = EDGE_LOOP('',(#9386,#9387,#9388,#9389));
#9386 = ORIENTED_EDGE('',*,*,#6916,.F.);
#9387 = ORIENTED_EDGE('',*,*,#7045,.F.);
#9388 = ORIENTED_EDGE('',*,*,#7002,.F.);
#9389 = ORIENTED_EDGE('',*,*,#6959,.F.);
#9390 = ADVANCED_FACE('',(#9391),#6860,.T.);
#9391 = FACE_BOUND('',#9392,.T.);
#9392 = EDGE_LOOP('',(#9393,#9394,#9412,#9413));
#9393 = ORIENTED_EDGE('',*,*,#8313,.F.);
#9394 = ORIENTED_EDGE('',*,*,#9395,.T.);
#9395 = EDGE_CURVE('',#8289,#9348,#9396,.T.);
#9396 = SURFACE_CURVE('',#9397,(#9400,#9406),.PCURVE_S1.);
#9397 = B_SPLINE_CURVE_WITH_KNOTS('',1,(#9398,#9399),.UNSPECIFIED.,.F.,
  .F.,(2,2),(78.74,141.732),.PIECEWISE_BEZIER_KNOTS.);
#9398 = CARTESIAN_POINT('',(0.449996189992,-78.00015494031,
    28.400060960122));
#9399 = CARTESIAN_POINT('',(0.449996189992,-78.00015494031,
    30.000060960122));
#9400 = PCURVE('',#6860,#9401);
#9401 = DEFINITIONAL_REPRESENTATION('',(#9402),#9405);
#9402 = B_SPLINE_CURVE_WITH_KNOTS('',1,(#9403,#9404),.UNSPECIFIED.,.F.,
  .F.,(2,2),(78.74,141.732),.PIECEWISE_BEZIER_KNOTS.);
#9403 = CARTESIAN_POINT('',(0.,-78.74));
#9404 = CARTESIAN_POINT('',(0.,-141.732));
#9405 = ( GEOMETRIC_REPRESENTATION_CONTEXT(2) 
PARAMETRIC_REPRESENTATION_CONTEXT() REPRESENTATION_CONTEXT('2D SPACE',''
  ) );
#9406 = PCURVE('',#8302,#9407);
#9407 = DEFINITIONAL_REPRESENTATION('',(#9408),#9411);
#9408 = B_SPLINE_CURVE_WITH_KNOTS('',1,(#9409,#9410),.UNSPECIFIED.,.F.,
  .F.,(2,2),(78.74,141.732),.PIECEWISE_BEZIER_KNOTS.);
#9409 = CARTESIAN_POINT('',(4.166837145422,-78.74));
#9410 = CARTESIAN_POINT('',(4.166837145422,-141.732));
#9411 = ( GEOMETRIC_REPRESENTATION_CONTEXT(2) 
PARAMETRIC_REPRESENTATION_CONTEXT() REPRESENTATION_CONTEXT('2D SPACE',''
  ) );
#9412 = ORIENTED_EDGE('',*,*,#9367,.T.);
#9413 = ORIENTED_EDGE('',*,*,#6846,.F.);
#9414 = ADVANCED_FACE('',(#9415),#8302,.T.);
#9415 = FACE_BOUND('',#9416,.T.);
#9416 = EDGE_LOOP('',(#9417,#9418,#9436,#9437));
#9417 = ORIENTED_EDGE('',*,*,#8288,.F.);
#9418 = ORIENTED_EDGE('',*,*,#9419,.T.);
#9419 = EDGE_CURVE('',#8264,#9328,#9420,.T.);
#9420 = SURFACE_CURVE('',#9421,(#9424,#9430),.PCURVE_S1.);
#9421 = B_SPLINE_CURVE_WITH_KNOTS('',1,(#9422,#9423),.UNSPECIFIED.,.F.,
  .F.,(2,2),(78.74,141.732),.PIECEWISE_BEZIER_KNOTS.);
#9422 = CARTESIAN_POINT('',(0.45360961255,-78.10593111436,
    28.400060960122));
#9423 = CARTESIAN_POINT('',(0.45360961255,-78.10593111436,
    30.000060960122));
#9424 = PCURVE('',#8302,#9425);
#9425 = DEFINITIONAL_REPRESENTATION('',(#9426),#9429);
#9426 = B_SPLINE_CURVE_WITH_KNOTS('',1,(#9427,#9428),.UNSPECIFIED.,.F.,
  .F.,(2,2),(78.74,141.732),.PIECEWISE_BEZIER_KNOTS.);
#9427 = CARTESIAN_POINT('',(0.,-78.74));
#9428 = CARTESIAN_POINT('',(0.,-141.732));
#9429 = ( GEOMETRIC_REPRESENTATION_CONTEXT(2) 
PARAMETRIC_REPRESENTATION_CONTEXT() REPRESENTATION_CONTEXT('2D SPACE',''
  ) );
#9430 = PCURVE('',#8277,#9431);
#9431 = DEFINITIONAL_REPRESENTATION('',(#9432),#9435);
#9432 = B_SPLINE_CURVE_WITH_KNOTS('',1,(#9433,#9434),.UNSPECIFIED.,.F.,
  .F.,(2,2),(78.74,141.732),.PIECEWISE_BEZIER_KNOTS.);
#9433 = CARTESIAN_POINT('',(4.166837145422,-78.74));
#9434 = CARTESIAN_POINT('',(4.166837145422,-141.732));
#9435 = ( GEOMETRIC_REPRESENTATION_CONTEXT(2) 
PARAMETRIC_REPRESENTATION_CONTEXT() REPRESENTATION_CONTEXT('2D SPACE',''
  ) );
#9436 = ORIENTED_EDGE('',*,*,#9347,.T.);
#9437 = ORIENTED_EDGE('',*,*,#9395,.F.);
#9438 = ADVANCED_FACE('',(#9439),#8277,.T.);
#9439 = FACE_BOUND('',#9440,.T.);
#9440 = EDGE_LOOP('',(#9441,#9442,#9460,#9461));
#9441 = ORIENTED_EDGE('',*,*,#8263,.F.);
#9442 = ORIENTED_EDGE('',*,*,#9443,.T.);
#9443 = EDGE_CURVE('',#8239,#9308,#9444,.T.);
#9444 = SURFACE_CURVE('',#9445,(#9448,#9454),.PCURVE_S1.);
#9445 = B_SPLINE_CURVE_WITH_KNOTS('',1,(#9446,#9447),.UNSPECIFIED.,.F.,
  .F.,(2,2),(78.74,141.732),.PIECEWISE_BEZIER_KNOTS.);
#9446 = CARTESIAN_POINT('',(0.46443303278,-78.21121411106,
    28.400060960122));
#9447 = CARTESIAN_POINT('',(0.46443303278,-78.21121411106,
    30.000060960122));
#9448 = PCURVE('',#8277,#9449);
#9449 = DEFINITIONAL_REPRESENTATION('',(#9450),#9453);
#9450 = B_SPLINE_CURVE_WITH_KNOTS('',1,(#9451,#9452),.UNSPECIFIED.,.F.,
  .F.,(2,2),(78.74,141.732),.PIECEWISE_BEZIER_KNOTS.);
#9451 = CARTESIAN_POINT('',(0.,-78.74));
#9452 = CARTESIAN_POINT('',(0.,-141.732));
#9453 = ( GEOMETRIC_REPRESENTATION_CONTEXT(2) 
PARAMETRIC_REPRESENTATION_CONTEXT() REPRESENTATION_CONTEXT('2D SPACE',''
  ) );
#9454 = PCURVE('',#8252,#9455);
#9455 = DEFINITIONAL_REPRESENTATION('',(#9456),#9459);
#9456 = B_SPLINE_CURVE_WITH_KNOTS('',1,(#9457,#9458),.UNSPECIFIED.,.F.,
  .F.,(2,2),(78.74,141.732),.PIECEWISE_BEZIER_KNOTS.);
#9457 = CARTESIAN_POINT('',(4.166837145422,-78.74));
#9458 = CARTESIAN_POINT('',(4.166837145422,-141.732));
#9459 = ( GEOMETRIC_REPRESENTATION_CONTEXT(2) 
PARAMETRIC_REPRESENTATION_CONTEXT() REPRESENTATION_CONTEXT('2D SPACE',''
  ) );
#9460 = ORIENTED_EDGE('',*,*,#9327,.T.);
#9461 = ORIENTED_EDGE('',*,*,#9419,.F.);
#9462 = ADVANCED_FACE('',(#9463),#8252,.T.);
#9463 = FACE_BOUND('',#9464,.T.);
#9464 = EDGE_LOOP('',(#9465,#9466,#9484,#9485));
#9465 = ORIENTED_EDGE('',*,*,#8238,.F.);
#9466 = ORIENTED_EDGE('',*,*,#9467,.T.);
#9467 = EDGE_CURVE('',#8214,#9288,#9468,.T.);
#9468 = SURFACE_CURVE('',#9469,(#9472,#9478),.PCURVE_S1.);
#9469 = B_SPLINE_CURVE_WITH_KNOTS('',1,(#9470,#9471),.UNSPECIFIED.,.F.,
  .F.,(2,2),(78.74,141.732),.PIECEWISE_BEZIER_KNOTS.);
#9470 = CARTESIAN_POINT('',(0.482415986901,-78.31551305249,
    28.400060960122));
#9471 = CARTESIAN_POINT('',(0.482415986901,-78.31551305249,
    30.000060960122));
#9472 = PCURVE('',#8252,#9473);
#9473 = DEFINITIONAL_REPRESENTATION('',(#9474),#9477);
#9474 = B_SPLINE_CURVE_WITH_KNOTS('',1,(#9475,#9476),.UNSPECIFIED.,.F.,
  .F.,(2,2),(78.74,141.732),.PIECEWISE_BEZIER_KNOTS.);
#9475 = CARTESIAN_POINT('',(0.,-78.74));
#9476 = CARTESIAN_POINT('',(0.,-141.732));
#9477 = ( GEOMETRIC_REPRESENTATION_CONTEXT(2) 
PARAMETRIC_REPRESENTATION_CONTEXT() REPRESENTATION_CONTEXT('2D SPACE',''
  ) );
#9478 = PCURVE('',#8227,#9479);
#9479 = DEFINITIONAL_REPRESENTATION('',(#9480),#9483);
#9480 = B_SPLINE_CURVE_WITH_KNOTS('',1,(#9481,#9482),.UNSPECIFIED.,.F.,
  .F.,(2,2),(78.74,141.732),.PIECEWISE_BEZIER_KNOTS.);
#9481 = CARTESIAN_POINT('',(4.166837145422,-78.74));
#9482 = CARTESIAN_POINT('',(4.166837145422,-141.732));
#9483 = ( GEOMETRIC_REPRESENTATION_CONTEXT(2) 
PARAMETRIC_REPRESENTATION_CONTEXT() REPRESENTATION_CONTEXT('2D SPACE',''
  ) );
#9484 = ORIENTED_EDGE('',*,*,#9307,.T.);
#9485 = ORIENTED_EDGE('',*,*,#9443,.F.);
#9486 = ADVANCED_FACE('',(#9487),#8227,.T.);
#9487 = FACE_BOUND('',#9488,.T.);
#9488 = EDGE_LOOP('',(#9489,#9490,#9508,#9509));
#9489 = ORIENTED_EDGE('',*,*,#8213,.F.);
#9490 = ORIENTED_EDGE('',*,*,#9491,.T.);
#9491 = EDGE_CURVE('',#8189,#9268,#9492,.T.);
#9492 = SURFACE_CURVE('',#9493,(#9496,#9502),.PCURVE_S1.);
#9493 = B_SPLINE_CURVE_WITH_KNOTS('',1,(#9494,#9495),.UNSPECIFIED.,.F.,
  .F.,(2,2),(78.74,141.732),.PIECEWISE_BEZIER_KNOTS.);
#9494 = CARTESIAN_POINT('',(0.507474630079,-78.41834164881,
    28.400060960122));
#9495 = CARTESIAN_POINT('',(0.507474630079,-78.41834164881,
    30.000060960122));
#9496 = PCURVE('',#8227,#9497);
#9497 = DEFINITIONAL_REPRESENTATION('',(#9498),#9501);
#9498 = B_SPLINE_CURVE_WITH_KNOTS('',1,(#9499,#9500),.UNSPECIFIED.,.F.,
  .F.,(2,2),(78.74,141.732),.PIECEWISE_BEZIER_KNOTS.);
#9499 = CARTESIAN_POINT('',(0.,-78.74));
#9500 = CARTESIAN_POINT('',(0.,-141.732));
#9501 = ( GEOMETRIC_REPRESENTATION_CONTEXT(2) 
PARAMETRIC_REPRESENTATION_CONTEXT() REPRESENTATION_CONTEXT('2D SPACE',''
  ) );
#9502 = PCURVE('',#8202,#9503);
#9503 = DEFINITIONAL_REPRESENTATION('',(#9504),#9507);
#9504 = B_SPLINE_CURVE_WITH_KNOTS('',1,(#9505,#9506),.UNSPECIFIED.,.F.,
  .F.,(2,2),(78.74,141.732),.PIECEWISE_BEZIER_KNOTS.);
#9505 = CARTESIAN_POINT('',(4.166837145422,-78.74));
#9506 = CARTESIAN_POINT('',(4.166837145422,-141.732));
#9507 = ( GEOMETRIC_REPRESENTATION_CONTEXT(2) 
PARAMETRIC_REPRESENTATION_CONTEXT() REPRESENTATION_CONTEXT('2D SPACE',''
  ) );
#9508 = ORIENTED_EDGE('',*,*,#9287,.T.);
#9509 = ORIENTED_EDGE('',*,*,#9467,.F.);
#9510 = ADVANCED_FACE('',(#9511),#8202,.T.);
#9511 = FACE_BOUND('',#9512,.T.);
#9512 = EDGE_LOOP('',(#9513,#9514,#9532,#9533));
#9513 = ORIENTED_EDGE('',*,*,#8188,.F.);
#9514 = ORIENTED_EDGE('',*,*,#9515,.T.);
#9515 = EDGE_CURVE('',#8164,#9248,#9516,.T.);
#9516 = SURFACE_CURVE('',#9517,(#9520,#9526),.PCURVE_S1.);
#9517 = B_SPLINE_CURVE_WITH_KNOTS('',1,(#9518,#9519),.UNSPECIFIED.,.F.,
  .F.,(2,2),(78.74,141.732),.PIECEWISE_BEZIER_KNOTS.);
#9518 = CARTESIAN_POINT('',(0.539492127352,-78.51922046566,
    28.400060960122));
#9519 = CARTESIAN_POINT('',(0.539492127352,-78.51922046566,
    30.000060960122));
#9520 = PCURVE('',#8202,#9521);
#9521 = DEFINITIONAL_REPRESENTATION('',(#9522),#9525);
#9522 = B_SPLINE_CURVE_WITH_KNOTS('',1,(#9523,#9524),.UNSPECIFIED.,.F.,
  .F.,(2,2),(78.74,141.732),.PIECEWISE_BEZIER_KNOTS.);
#9523 = CARTESIAN_POINT('',(0.,-78.74));
#9524 = CARTESIAN_POINT('',(0.,-141.732));
#9525 = ( GEOMETRIC_REPRESENTATION_CONTEXT(2) 
PARAMETRIC_REPRESENTATION_CONTEXT() REPRESENTATION_CONTEXT('2D SPACE',''
  ) );
#9526 = PCURVE('',#8177,#9527);
#9527 = DEFINITIONAL_REPRESENTATION('',(#9528),#9531);
#9528 = B_SPLINE_CURVE_WITH_KNOTS('',1,(#9529,#9530),.UNSPECIFIED.,.F.,
  .F.,(2,2),(78.74,141.732),.PIECEWISE_BEZIER_KNOTS.);
#9529 = CARTESIAN_POINT('',(4.166837145422,-78.74));
#9530 = CARTESIAN_POINT('',(4.166837145422,-141.732));
#9531 = ( GEOMETRIC_REPRESENTATION_CONTEXT(2) 
PARAMETRIC_REPRESENTATION_CONTEXT() REPRESENTATION_CONTEXT('2D SPACE',''
  ) );
#9532 = ORIENTED_EDGE('',*,*,#9267,.T.);
#9533 = ORIENTED_EDGE('',*,*,#9491,.F.);
#9534 = ADVANCED_FACE('',(#9535),#8177,.T.);
#9535 = FACE_BOUND('',#9536,.T.);
#9536 = EDGE_LOOP('',(#9537,#9538,#9556,#9557));
#9537 = ORIENTED_EDGE('',*,*,#8163,.F.);
#9538 = ORIENTED_EDGE('',*,*,#9539,.T.);
#9539 = EDGE_CURVE('',#8139,#9228,#9540,.T.);
#9540 = SURFACE_CURVE('',#9541,(#9544,#9550),.PCURVE_S1.);
#9541 = B_SPLINE_CURVE_WITH_KNOTS('',1,(#9542,#9543),.UNSPECIFIED.,.F.,
  .F.,(2,2),(78.74,141.732),.PIECEWISE_BEZIER_KNOTS.);
#9542 = CARTESIAN_POINT('',(0.578319198368,-78.61767915942,
    28.400060960122));
#9543 = CARTESIAN_POINT('',(0.578319198368,-78.61767915942,
    30.000060960122));
#9544 = PCURVE('',#8177,#9545);
#9545 = DEFINITIONAL_REPRESENTATION('',(#9546),#9549);
#9546 = B_SPLINE_CURVE_WITH_KNOTS('',1,(#9547,#9548),.UNSPECIFIED.,.F.,
  .F.,(2,2),(78.74,141.732),.PIECEWISE_BEZIER_KNOTS.);
#9547 = CARTESIAN_POINT('',(0.,-78.74));
#9548 = CARTESIAN_POINT('',(0.,-141.732));
#9549 = ( GEOMETRIC_REPRESENTATION_CONTEXT(2) 
PARAMETRIC_REPRESENTATION_CONTEXT() REPRESENTATION_CONTEXT('2D SPACE',''
  ) );
#9550 = PCURVE('',#8152,#9551);
#9551 = DEFINITIONAL_REPRESENTATION('',(#9552),#9555);
#9552 = B_SPLINE_CURVE_WITH_KNOTS('',1,(#9553,#9554),.UNSPECIFIED.,.F.,
  .F.,(2,2),(78.74,141.732),.PIECEWISE_BEZIER_KNOTS.);
#9553 = CARTESIAN_POINT('',(4.166837145422,-78.74));
#9554 = CARTESIAN_POINT('',(4.166837145422,-141.732));
#9555 = ( GEOMETRIC_REPRESENTATION_CONTEXT(2) 
PARAMETRIC_REPRESENTATION_CONTEXT() REPRESENTATION_CONTEXT('2D SPACE',''
  ) );
#9556 = ORIENTED_EDGE('',*,*,#9247,.T.);
#9557 = ORIENTED_EDGE('',*,*,#9515,.F.);
#9558 = ADVANCED_FACE('',(#9559),#8152,.T.);
#9559 = FACE_BOUND('',#9560,.T.);
#9560 = EDGE_LOOP('',(#9561,#9562,#9580,#9581));
#9561 = ORIENTED_EDGE('',*,*,#8138,.F.);
#9562 = ORIENTED_EDGE('',*,*,#9563,.T.);
#9563 = EDGE_CURVE('',#8114,#9208,#9564,.T.);
#9564 = SURFACE_CURVE('',#9565,(#9568,#9574),.PCURVE_S1.);
#9565 = B_SPLINE_CURVE_WITH_KNOTS('',1,(#9566,#9567),.UNSPECIFIED.,.F.,
  .F.,(2,2),(78.74,141.732),.PIECEWISE_BEZIER_KNOTS.);
#9566 = CARTESIAN_POINT('',(0.623774813399,-78.71325867021,
    28.400060960122));
#9567 = CARTESIAN_POINT('',(0.623774813399,-78.71325867021,
    30.000060960122));
#9568 = PCURVE('',#8152,#9569);
#9569 = DEFINITIONAL_REPRESENTATION('',(#9570),#9573);
#9570 = B_SPLINE_CURVE_WITH_KNOTS('',1,(#9571,#9572),.UNSPECIFIED.,.F.,
  .F.,(2,2),(78.74,141.732),.PIECEWISE_BEZIER_KNOTS.);
#9571 = CARTESIAN_POINT('',(0.,-78.74));
#9572 = CARTESIAN_POINT('',(0.,-141.732));
#9573 = ( GEOMETRIC_REPRESENTATION_CONTEXT(2) 
PARAMETRIC_REPRESENTATION_CONTEXT() REPRESENTATION_CONTEXT('2D SPACE',''
  ) );
#9574 = PCURVE('',#8127,#9575);
#9575 = DEFINITIONAL_REPRESENTATION('',(#9576),#9579);
#9576 = B_SPLINE_CURVE_WITH_KNOTS('',1,(#9577,#9578),.UNSPECIFIED.,.F.,
  .F.,(2,2),(78.74,141.732),.PIECEWISE_BEZIER_KNOTS.);
#9577 = CARTESIAN_POINT('',(4.166837145422,-78.74));
#9578 = CARTESIAN_POINT('',(4.166837145422,-141.732));
#9579 = ( GEOMETRIC_REPRESENTATION_CONTEXT(2) 
PARAMETRIC_REPRESENTATION_CONTEXT() REPRESENTATION_CONTEXT('2D SPACE',''
  ) );
#9580 = ORIENTED_EDGE('',*,*,#9227,.T.);
#9581 = ORIENTED_EDGE('',*,*,#9539,.F.);
#9582 = ADVANCED_FACE('',(#9583),#8127,.T.);
#9583 = FACE_BOUND('',#9584,.T.);
#9584 = EDGE_LOOP('',(#9585,#9586,#9604,#9605));
#9585 = ORIENTED_EDGE('',*,*,#8113,.F.);
#9586 = ORIENTED_EDGE('',*,*,#9587,.T.);
#9587 = EDGE_CURVE('',#8089,#9188,#9588,.T.);
#9588 = SURFACE_CURVE('',#9589,(#9592,#9598),.PCURVE_S1.);
#9589 = B_SPLINE_CURVE_WITH_KNOTS('',1,(#9590,#9591),.UNSPECIFIED.,.F.,
  .F.,(2,2),(78.74,141.732),.PIECEWISE_BEZIER_KNOTS.);
#9590 = CARTESIAN_POINT('',(0.675647037384,-78.80551336222,
    28.400060960122));
#9591 = CARTESIAN_POINT('',(0.675647037384,-78.80551336222,
    30.000060960122));
#9592 = PCURVE('',#8127,#9593);
#9593 = DEFINITIONAL_REPRESENTATION('',(#9594),#9597);
#9594 = B_SPLINE_CURVE_WITH_KNOTS('',1,(#9595,#9596),.UNSPECIFIED.,.F.,
  .F.,(2,2),(78.74,141.732),.PIECEWISE_BEZIER_KNOTS.);
#9595 = CARTESIAN_POINT('',(0.,-78.74));
#9596 = CARTESIAN_POINT('',(0.,-141.732));
#9597 = ( GEOMETRIC_REPRESENTATION_CONTEXT(2) 
PARAMETRIC_REPRESENTATION_CONTEXT() REPRESENTATION_CONTEXT('2D SPACE',''
  ) );
#9598 = PCURVE('',#8102,#9599);
#9599 = DEFINITIONAL_REPRESENTATION('',(#9600),#9603);
#9600 = B_SPLINE_CURVE_WITH_KNOTS('',1,(#9601,#9602),.UNSPECIFIED.,.F.,
  .F.,(2,2),(78.74,141.732),.PIECEWISE_BEZIER_KNOTS.);
#9601 = CARTESIAN_POINT('',(4.166837145422,-78.74));
#9602 = CARTESIAN_POINT('',(4.166837145422,-141.732));
#9603 = ( GEOMETRIC_REPRESENTATION_CONTEXT(2) 
PARAMETRIC_REPRESENTATION_CONTEXT() REPRESENTATION_CONTEXT('2D SPACE',''
  ) );
#9604 = ORIENTED_EDGE('',*,*,#9207,.T.);
#9605 = ORIENTED_EDGE('',*,*,#9563,.F.);
#9606 = ADVANCED_FACE('',(#9607),#8102,.T.);
#9607 = FACE_BOUND('',#9608,.T.);
#9608 = EDGE_LOOP('',(#9609,#9610,#9628,#9629));
#9609 = ORIENTED_EDGE('',*,*,#8088,.F.);
#9610 = ORIENTED_EDGE('',*,*,#9611,.T.);
#9611 = EDGE_CURVE('',#8064,#9168,#9612,.T.);
#9612 = SURFACE_CURVE('',#9613,(#9616,#9622),.PCURVE_S1.);
#9613 = B_SPLINE_CURVE_WITH_KNOTS('',1,(#9614,#9615),.UNSPECIFIED.,.F.,
  .F.,(2,2),(78.74,141.732),.PIECEWISE_BEZIER_KNOTS.);
#9614 = CARTESIAN_POINT('',(0.73369401807,-78.89401310151,
    28.400060960122));
#9615 = CARTESIAN_POINT('',(0.73369401807,-78.89401310151,
    30.000060960122));
#9616 = PCURVE('',#8102,#9617);
#9617 = DEFINITIONAL_REPRESENTATION('',(#9618),#9621);
#9618 = B_SPLINE_CURVE_WITH_KNOTS('',1,(#9619,#9620),.UNSPECIFIED.,.F.,
  .F.,(2,2),(78.74,141.732),.PIECEWISE_BEZIER_KNOTS.);
#9619 = CARTESIAN_POINT('',(0.,-78.74));
#9620 = CARTESIAN_POINT('',(0.,-141.732));
#9621 = ( GEOMETRIC_REPRESENTATION_CONTEXT(2) 
PARAMETRIC_REPRESENTATION_CONTEXT() REPRESENTATION_CONTEXT('2D SPACE',''
  ) );
#9622 = PCURVE('',#8077,#9623);
#9623 = DEFINITIONAL_REPRESENTATION('',(#9624),#9627);
#9624 = B_SPLINE_CURVE_WITH_KNOTS('',1,(#9625,#9626),.UNSPECIFIED.,.F.,
  .F.,(2,2),(78.74,141.732),.PIECEWISE_BEZIER_KNOTS.);
#9625 = CARTESIAN_POINT('',(4.166837145422,-78.74));
#9626 = CARTESIAN_POINT('',(4.166837145422,-141.732));
#9627 = ( GEOMETRIC_REPRESENTATION_CONTEXT(2) 
PARAMETRIC_REPRESENTATION_CONTEXT() REPRESENTATION_CONTEXT('2D SPACE',''
  ) );
#9628 = ORIENTED_EDGE('',*,*,#9187,.T.);
#9629 = ORIENTED_EDGE('',*,*,#9587,.F.);
#9630 = ADVANCED_FACE('',(#9631),#8077,.T.);
#9631 = FACE_BOUND('',#9632,.T.);
#9632 = EDGE_LOOP('',(#9633,#9634,#9652,#9653));
#9633 = ORIENTED_EDGE('',*,*,#8063,.F.);
#9634 = ORIENTED_EDGE('',*,*,#9635,.T.);
#9635 = EDGE_CURVE('',#8039,#9148,#9636,.T.);
#9636 = SURFACE_CURVE('',#9637,(#9640,#9646),.PCURVE_S1.);
#9637 = B_SPLINE_CURVE_WITH_KNOTS('',1,(#9638,#9639),.UNSPECIFIED.,.F.,
  .F.,(2,2),(78.74,141.732),.PIECEWISE_BEZIER_KNOTS.);
#9638 = CARTESIAN_POINT('',(0.797645113637,-78.97834526143,
    28.400060960122));
#9639 = CARTESIAN_POINT('',(0.797645113637,-78.97834526143,
    30.000060960122));
#9640 = PCURVE('',#8077,#9641);
#9641 = DEFINITIONAL_REPRESENTATION('',(#9642),#9645);
#9642 = B_SPLINE_CURVE_WITH_KNOTS('',1,(#9643,#9644),.UNSPECIFIED.,.F.,
  .F.,(2,2),(78.74,141.732),.PIECEWISE_BEZIER_KNOTS.);
#9643 = CARTESIAN_POINT('',(0.,-78.74));
#9644 = CARTESIAN_POINT('',(0.,-141.732));
#9645 = ( GEOMETRIC_REPRESENTATION_CONTEXT(2) 
PARAMETRIC_REPRESENTATION_CONTEXT() REPRESENTATION_CONTEXT('2D SPACE',''
  ) );
#9646 = PCURVE('',#8052,#9647);
#9647 = DEFINITIONAL_REPRESENTATION('',(#9648),#9651);
#9648 = B_SPLINE_CURVE_WITH_KNOTS('',1,(#9649,#9650),.UNSPECIFIED.,.F.,
  .F.,(2,2),(78.74,141.732),.PIECEWISE_BEZIER_KNOTS.);
#9649 = CARTESIAN_POINT('',(4.166837145422,-78.74));
#9650 = CARTESIAN_POINT('',(4.166837145422,-141.732));
#9651 = ( GEOMETRIC_REPRESENTATION_CONTEXT(2) 
PARAMETRIC_REPRESENTATION_CONTEXT() REPRESENTATION_CONTEXT('2D SPACE',''
  ) );
#9652 = ORIENTED_EDGE('',*,*,#9167,.T.);
#9653 = ORIENTED_EDGE('',*,*,#9611,.F.);
#9654 = ADVANCED_FACE('',(#9655),#8052,.T.);
#9655 = FACE_BOUND('',#9656,.T.);
#9656 = EDGE_LOOP('',(#9657,#9658,#9676,#9677));
#9657 = ORIENTED_EDGE('',*,*,#8038,.F.);
#9658 = ORIENTED_EDGE('',*,*,#9659,.T.);
#9659 = EDGE_CURVE('',#8014,#9128,#9660,.T.);
#9660 = SURFACE_CURVE('',#9661,(#9664,#9670),.PCURVE_S1.);
#9661 = B_SPLINE_CURVE_WITH_KNOTS('',1,(#9662,#9663),.UNSPECIFIED.,.F.,
  .F.,(2,2),(78.74,141.732),.PIECEWISE_BEZIER_KNOTS.);
#9662 = CARTESIAN_POINT('',(0.867202154556,-79.05811664652,
    28.400060960122));
#9663 = CARTESIAN_POINT('',(0.867202154556,-79.05811664652,
    30.000060960122));
#9664 = PCURVE('',#8052,#9665);
#9665 = DEFINITIONAL_REPRESENTATION('',(#9666),#9669);
#9666 = B_SPLINE_CURVE_WITH_KNOTS('',1,(#9667,#9668),.UNSPECIFIED.,.F.,
  .F.,(2,2),(78.74,141.732),.PIECEWISE_BEZIER_KNOTS.);
#9667 = CARTESIAN_POINT('',(0.,-78.74));
#9668 = CARTESIAN_POINT('',(0.,-141.732));
#9669 = ( GEOMETRIC_REPRESENTATION_CONTEXT(2) 
PARAMETRIC_REPRESENTATION_CONTEXT() REPRESENTATION_CONTEXT('2D SPACE',''
  ) );
#9670 = PCURVE('',#8027,#9671);
#9671 = DEFINITIONAL_REPRESENTATION('',(#9672),#9675);
#9672 = B_SPLINE_CURVE_WITH_KNOTS('',1,(#9673,#9674),.UNSPECIFIED.,.F.,
  .F.,(2,2),(78.74,141.732),.PIECEWISE_BEZIER_KNOTS.);
#9673 = CARTESIAN_POINT('',(4.166837145422,-78.74));
#9674 = CARTESIAN_POINT('',(4.166837145422,-141.732));
#9675 = ( GEOMETRIC_REPRESENTATION_CONTEXT(2) 
PARAMETRIC_REPRESENTATION_CONTEXT() REPRESENTATION_CONTEXT('2D SPACE',''
  ) );
#9676 = ORIENTED_EDGE('',*,*,#9147,.T.);
#9677 = ORIENTED_EDGE('',*,*,#9635,.F.);
#9678 = ADVANCED_FACE('',(#9679),#8027,.T.);
#9679 = FACE_BOUND('',#9680,.T.);
#9680 = EDGE_LOOP('',(#9681,#9682,#9700,#9701));
#9681 = ORIENTED_EDGE('',*,*,#8013,.F.);
#9682 = ORIENTED_EDGE('',*,*,#9683,.T.);
#9683 = EDGE_CURVE('',#7989,#9108,#9684,.T.);
#9684 = SURFACE_CURVE('',#9685,(#9688,#9694),.PCURVE_S1.);
#9685 = B_SPLINE_CURVE_WITH_KNOTS('',1,(#9686,#9687),.UNSPECIFIED.,.F.,
  .F.,(2,2),(78.74,141.732),.PIECEWISE_BEZIER_KNOTS.);
#9686 = CARTESIAN_POINT('',(0.942040833795,-79.13295532575,
    28.400060960122));
#9687 = CARTESIAN_POINT('',(0.942040833795,-79.13295532575,
    30.000060960122));
#9688 = PCURVE('',#8027,#9689);
#9689 = DEFINITIONAL_REPRESENTATION('',(#9690),#9693);
#9690 = B_SPLINE_CURVE_WITH_KNOTS('',1,(#9691,#9692),.UNSPECIFIED.,.F.,
  .F.,(2,2),(78.74,141.732),.PIECEWISE_BEZIER_KNOTS.);
#9691 = CARTESIAN_POINT('',(0.,-78.74));
#9692 = CARTESIAN_POINT('',(0.,-141.732));
#9693 = ( GEOMETRIC_REPRESENTATION_CONTEXT(2) 
PARAMETRIC_REPRESENTATION_CONTEXT() REPRESENTATION_CONTEXT('2D SPACE',''
  ) );
#9694 = PCURVE('',#8002,#9695);
#9695 = DEFINITIONAL_REPRESENTATION('',(#9696),#9699);
#9696 = B_SPLINE_CURVE_WITH_KNOTS('',1,(#9697,#9698),.UNSPECIFIED.,.F.,
  .F.,(2,2),(78.74,141.732),.PIECEWISE_BEZIER_KNOTS.);
#9697 = CARTESIAN_POINT('',(4.166837145422,-78.74));
#9698 = CARTESIAN_POINT('',(4.166837145422,-141.732));
#9699 = ( GEOMETRIC_REPRESENTATION_CONTEXT(2) 
PARAMETRIC_REPRESENTATION_CONTEXT() REPRESENTATION_CONTEXT('2D SPACE',''
  ) );
#9700 = ORIENTED_EDGE('',*,*,#9127,.T.);
#9701 = ORIENTED_EDGE('',*,*,#9659,.F.);
#9702 = ADVANCED_FACE('',(#9703),#8002,.T.);
#9703 = FACE_BOUND('',#9704,.T.);
#9704 = EDGE_LOOP('',(#9705,#9706,#9724,#9725));
#9705 = ORIENTED_EDGE('',*,*,#7988,.F.);
#9706 = ORIENTED_EDGE('',*,*,#9707,.T.);
#9707 = EDGE_CURVE('',#7964,#9088,#9708,.T.);
#9708 = SURFACE_CURVE('',#9709,(#9712,#9718),.PCURVE_S1.);
#9709 = B_SPLINE_CURVE_WITH_KNOTS('',1,(#9710,#9711),.UNSPECIFIED.,.F.,
  .F.,(2,2),(78.74,141.732),.PIECEWISE_BEZIER_KNOTS.);
#9710 = CARTESIAN_POINT('',(1.021812218883,-79.20251236667,
    28.400060960122));
#9711 = CARTESIAN_POINT('',(1.021812218883,-79.20251236667,
    30.000060960122));
#9712 = PCURVE('',#8002,#9713);
#9713 = DEFINITIONAL_REPRESENTATION('',(#9714),#9717);
#9714 = B_SPLINE_CURVE_WITH_KNOTS('',1,(#9715,#9716),.UNSPECIFIED.,.F.,
  .F.,(2,2),(78.74,141.732),.PIECEWISE_BEZIER_KNOTS.);
#9715 = CARTESIAN_POINT('',(0.,-78.74));
#9716 = CARTESIAN_POINT('',(0.,-141.732));
#9717 = ( GEOMETRIC_REPRESENTATION_CONTEXT(2) 
PARAMETRIC_REPRESENTATION_CONTEXT() REPRESENTATION_CONTEXT('2D SPACE',''
  ) );
#9718 = PCURVE('',#7977,#9719);
#9719 = DEFINITIONAL_REPRESENTATION('',(#9720),#9723);
#9720 = B_SPLINE_CURVE_WITH_KNOTS('',1,(#9721,#9722),.UNSPECIFIED.,.F.,
  .F.,(2,2),(78.74,141.732),.PIECEWISE_BEZIER_KNOTS.);
#9721 = CARTESIAN_POINT('',(4.166837145422,-78.74));
#9722 = CARTESIAN_POINT('',(4.166837145422,-141.732));
#9723 = ( GEOMETRIC_REPRESENTATION_CONTEXT(2) 
PARAMETRIC_REPRESENTATION_CONTEXT() REPRESENTATION_CONTEXT('2D SPACE',''
  ) );
#9724 = ORIENTED_EDGE('',*,*,#9107,.T.);
#9725 = ORIENTED_EDGE('',*,*,#9683,.F.);
#9726 = ADVANCED_FACE('',(#9727),#7977,.T.);
#9727 = FACE_BOUND('',#9728,.T.);
#9728 = EDGE_LOOP('',(#9729,#9730,#9748,#9749));
#9729 = ORIENTED_EDGE('',*,*,#7963,.F.);
#9730 = ORIENTED_EDGE('',*,*,#9731,.T.);
#9731 = EDGE_CURVE('',#7939,#9068,#9732,.T.);
#9732 = SURFACE_CURVE('',#9733,(#9736,#9742),.PCURVE_S1.);
#9733 = B_SPLINE_CURVE_WITH_KNOTS('',1,(#9734,#9735),.UNSPECIFIED.,.F.,
  .F.,(2,2),(78.74,141.732),.PIECEWISE_BEZIER_KNOTS.);
#9734 = CARTESIAN_POINT('',(1.1061443788,-79.26646346224,28.400060960122
    ));
#9735 = CARTESIAN_POINT('',(1.1061443788,-79.26646346224,30.000060960122
    ));
#9736 = PCURVE('',#7977,#9737);
#9737 = DEFINITIONAL_REPRESENTATION('',(#9738),#9741);
#9738 = B_SPLINE_CURVE_WITH_KNOTS('',1,(#9739,#9740),.UNSPECIFIED.,.F.,
  .F.,(2,2),(78.74,141.732),.PIECEWISE_BEZIER_KNOTS.);
#9739 = CARTESIAN_POINT('',(0.,-78.74));
#9740 = CARTESIAN_POINT('',(0.,-141.732));
#9741 = ( GEOMETRIC_REPRESENTATION_CONTEXT(2) 
PARAMETRIC_REPRESENTATION_CONTEXT() REPRESENTATION_CONTEXT('2D SPACE',''
  ) );
#9742 = PCURVE('',#7952,#9743);
#9743 = DEFINITIONAL_REPRESENTATION('',(#9744),#9747);
#9744 = B_SPLINE_CURVE_WITH_KNOTS('',1,(#9745,#9746),.UNSPECIFIED.,.F.,
  .F.,(2,2),(78.74,141.732),.PIECEWISE_BEZIER_KNOTS.);
#9745 = CARTESIAN_POINT('',(4.166837145422,-78.74));
#9746 = CARTESIAN_POINT('',(4.166837145422,-141.732));
#9747 = ( GEOMETRIC_REPRESENTATION_CONTEXT(2) 
PARAMETRIC_REPRESENTATION_CONTEXT() REPRESENTATION_CONTEXT('2D SPACE',''
  ) );
#9748 = ORIENTED_EDGE('',*,*,#9087,.T.);
#9749 = ORIENTED_EDGE('',*,*,#9707,.F.);
#9750 = ADVANCED_FACE('',(#9751),#7952,.T.);
#9751 = FACE_BOUND('',#9752,.T.);
#9752 = EDGE_LOOP('',(#9753,#9754,#9772,#9773));
#9753 = ORIENTED_EDGE('',*,*,#7938,.F.);
#9754 = ORIENTED_EDGE('',*,*,#9755,.T.);
#9755 = EDGE_CURVE('',#7914,#9048,#9756,.T.);
#9756 = SURFACE_CURVE('',#9757,(#9760,#9766),.PCURVE_S1.);
#9757 = B_SPLINE_CURVE_WITH_KNOTS('',1,(#9758,#9759),.UNSPECIFIED.,.F.,
  .F.,(2,2),(78.74,141.732),.PIECEWISE_BEZIER_KNOTS.);
#9758 = CARTESIAN_POINT('',(1.194644118085,-79.32451044293,
    28.400060960122));
#9759 = CARTESIAN_POINT('',(1.194644118085,-79.32451044293,
    30.000060960122));
#9760 = PCURVE('',#7952,#9761);
#9761 = DEFINITIONAL_REPRESENTATION('',(#9762),#9765);
#9762 = B_SPLINE_CURVE_WITH_KNOTS('',1,(#9763,#9764),.UNSPECIFIED.,.F.,
  .F.,(2,2),(78.74,141.732),.PIECEWISE_BEZIER_KNOTS.);
#9763 = CARTESIAN_POINT('',(0.,-78.74));
#9764 = CARTESIAN_POINT('',(0.,-141.732));
#9765 = ( GEOMETRIC_REPRESENTATION_CONTEXT(2) 
PARAMETRIC_REPRESENTATION_CONTEXT() REPRESENTATION_CONTEXT('2D SPACE',''
  ) );
#9766 = PCURVE('',#7927,#9767);
#9767 = DEFINITIONAL_REPRESENTATION('',(#9768),#9771);
#9768 = B_SPLINE_CURVE_WITH_KNOTS('',1,(#9769,#9770),.UNSPECIFIED.,.F.,
  .F.,(2,2),(78.74,141.732),.PIECEWISE_BEZIER_KNOTS.);
#9769 = CARTESIAN_POINT('',(4.166837145422,-78.74));
#9770 = CARTESIAN_POINT('',(4.166837145422,-141.732));
#9771 = ( GEOMETRIC_REPRESENTATION_CONTEXT(2) 
PARAMETRIC_REPRESENTATION_CONTEXT() REPRESENTATION_CONTEXT('2D SPACE',''
  ) );
#9772 = ORIENTED_EDGE('',*,*,#9067,.T.);
#9773 = ORIENTED_EDGE('',*,*,#9731,.F.);
#9774 = ADVANCED_FACE('',(#9775),#7927,.T.);
#9775 = FACE_BOUND('',#9776,.T.);
#9776 = EDGE_LOOP('',(#9777,#9778,#9796,#9797));
#9777 = ORIENTED_EDGE('',*,*,#7913,.F.);
#9778 = ORIENTED_EDGE('',*,*,#9779,.T.);
#9779 = EDGE_CURVE('',#7889,#9028,#9780,.T.);
#9780 = SURFACE_CURVE('',#9781,(#9784,#9790),.PCURVE_S1.);
#9781 = B_SPLINE_CURVE_WITH_KNOTS('',1,(#9782,#9783),.UNSPECIFIED.,.F.,
  .F.,(2,2),(78.74,141.732),.PIECEWISE_BEZIER_KNOTS.);
#9782 = CARTESIAN_POINT('',(1.286898810103,-79.37638266691,
    28.400060960122));
#9783 = CARTESIAN_POINT('',(1.286898810103,-79.37638266691,
    30.000060960122));
#9784 = PCURVE('',#7927,#9785);
#9785 = DEFINITIONAL_REPRESENTATION('',(#9786),#9789);
#9786 = B_SPLINE_CURVE_WITH_KNOTS('',1,(#9787,#9788),.UNSPECIFIED.,.F.,
  .F.,(2,2),(78.74,141.732),.PIECEWISE_BEZIER_KNOTS.);
#9787 = CARTESIAN_POINT('',(0.,-78.74));
#9788 = CARTESIAN_POINT('',(0.,-141.732));
#9789 = ( GEOMETRIC_REPRESENTATION_CONTEXT(2) 
PARAMETRIC_REPRESENTATION_CONTEXT() REPRESENTATION_CONTEXT('2D SPACE',''
  ) );
#9790 = PCURVE('',#7902,#9791);
#9791 = DEFINITIONAL_REPRESENTATION('',(#9792),#9795);
#9792 = B_SPLINE_CURVE_WITH_KNOTS('',1,(#9793,#9794),.UNSPECIFIED.,.F.,
  .F.,(2,2),(78.74,141.732),.PIECEWISE_BEZIER_KNOTS.);
#9793 = CARTESIAN_POINT('',(4.166837145422,-78.74));
#9794 = CARTESIAN_POINT('',(4.166837145422,-141.732));
#9795 = ( GEOMETRIC_REPRESENTATION_CONTEXT(2) 
PARAMETRIC_REPRESENTATION_CONTEXT() REPRESENTATION_CONTEXT('2D SPACE',''
  ) );
#9796 = ORIENTED_EDGE('',*,*,#9047,.T.);
#9797 = ORIENTED_EDGE('',*,*,#9755,.F.);
#9798 = ADVANCED_FACE('',(#9799),#7902,.T.);
#9799 = FACE_BOUND('',#9800,.T.);
#9800 = EDGE_LOOP('',(#9801,#9802,#9820,#9821));
#9801 = ORIENTED_EDGE('',*,*,#7888,.F.);
#9802 = ORIENTED_EDGE('',*,*,#9803,.T.);
#9803 = EDGE_CURVE('',#7864,#9008,#9804,.T.);
#9804 = SURFACE_CURVE('',#9805,(#9808,#9814),.PCURVE_S1.);
#9805 = B_SPLINE_CURVE_WITH_KNOTS('',1,(#9806,#9807),.UNSPECIFIED.,.F.,
  .F.,(2,2),(78.74,141.732),.PIECEWISE_BEZIER_KNOTS.);
#9806 = CARTESIAN_POINT('',(1.382478320891,-79.42183828194,
    28.400060960122));
#9807 = CARTESIAN_POINT('',(1.382478320891,-79.42183828194,
    30.000060960122));
#9808 = PCURVE('',#7902,#9809);
#9809 = DEFINITIONAL_REPRESENTATION('',(#9810),#9813);
#9810 = B_SPLINE_CURVE_WITH_KNOTS('',1,(#9811,#9812),.UNSPECIFIED.,.F.,
  .F.,(2,2),(78.74,141.732),.PIECEWISE_BEZIER_KNOTS.);
#9811 = CARTESIAN_POINT('',(0.,-78.74));
#9812 = CARTESIAN_POINT('',(0.,-141.732));
#9813 = ( GEOMETRIC_REPRESENTATION_CONTEXT(2) 
PARAMETRIC_REPRESENTATION_CONTEXT() REPRESENTATION_CONTEXT('2D SPACE',''
  ) );
#9814 = PCURVE('',#7877,#9815);
#9815 = DEFINITIONAL_REPRESENTATION('',(#9816),#9819);
#9816 = B_SPLINE_CURVE_WITH_KNOTS('',1,(#9817,#9818),.UNSPECIFIED.,.F.,
  .F.,(2,2),(78.74,141.732),.PIECEWISE_BEZIER_KNOTS.);
#9817 = CARTESIAN_POINT('',(4.166837145422,-78.74));
#9818 = CARTESIAN_POINT('',(4.166837145422,-141.732));
#9819 = ( GEOMETRIC_REPRESENTATION_CONTEXT(2) 
PARAMETRIC_REPRESENTATION_CONTEXT() REPRESENTATION_CONTEXT('2D SPACE',''
  ) );
#9820 = ORIENTED_EDGE('',*,*,#9027,.T.);
#9821 = ORIENTED_EDGE('',*,*,#9779,.F.);
#9822 = ADVANCED_FACE('',(#9823),#7877,.T.);
#9823 = FACE_BOUND('',#9824,.T.);
#9824 = EDGE_LOOP('',(#9825,#9826,#9844,#9845));
#9825 = ORIENTED_EDGE('',*,*,#7863,.F.);
#9826 = ORIENTED_EDGE('',*,*,#9827,.T.);
#9827 = EDGE_CURVE('',#7839,#8988,#9828,.T.);
#9828 = SURFACE_CURVE('',#9829,(#9832,#9838),.PCURVE_S1.);
#9829 = B_SPLINE_CURVE_WITH_KNOTS('',1,(#9830,#9831),.UNSPECIFIED.,.F.,
  .F.,(2,2),(78.74,141.732),.PIECEWISE_BEZIER_KNOTS.);
#9830 = CARTESIAN_POINT('',(1.48093701465,-79.46066535296,
    28.400060960122));
#9831 = CARTESIAN_POINT('',(1.48093701465,-79.46066535296,
    30.000060960122));
#9832 = PCURVE('',#7877,#9833);
#9833 = DEFINITIONAL_REPRESENTATION('',(#9834),#9837);
#9834 = B_SPLINE_CURVE_WITH_KNOTS('',1,(#9835,#9836),.UNSPECIFIED.,.F.,
  .F.,(2,2),(78.74,141.732),.PIECEWISE_BEZIER_KNOTS.);
#9835 = CARTESIAN_POINT('',(0.,-78.74));
#9836 = CARTESIAN_POINT('',(0.,-141.732));
#9837 = ( GEOMETRIC_REPRESENTATION_CONTEXT(2) 
PARAMETRIC_REPRESENTATION_CONTEXT() REPRESENTATION_CONTEXT('2D SPACE',''
  ) );
#9838 = PCURVE('',#7852,#9839);
#9839 = DEFINITIONAL_REPRESENTATION('',(#9840),#9843);
#9840 = B_SPLINE_CURVE_WITH_KNOTS('',1,(#9841,#9842),.UNSPECIFIED.,.F.,
  .F.,(2,2),(78.74,141.732),.PIECEWISE_BEZIER_KNOTS.);
#9841 = CARTESIAN_POINT('',(4.166837145422,-78.74));
#9842 = CARTESIAN_POINT('',(4.166837145422,-141.732));
#9843 = ( GEOMETRIC_REPRESENTATION_CONTEXT(2) 
PARAMETRIC_REPRESENTATION_CONTEXT() REPRESENTATION_CONTEXT('2D SPACE',''
  ) );
#9844 = ORIENTED_EDGE('',*,*,#9007,.T.);
#9845 = ORIENTED_EDGE('',*,*,#9803,.F.);
#9846 = ADVANCED_FACE('',(#9847),#7852,.T.);
#9847 = FACE_BOUND('',#9848,.T.);
#9848 = EDGE_LOOP('',(#9849,#9850,#9868,#9869));
#9849 = ORIENTED_EDGE('',*,*,#7838,.F.);
#9850 = ORIENTED_EDGE('',*,*,#9851,.T.);
#9851 = EDGE_CURVE('',#7814,#8968,#9852,.T.);
#9852 = SURFACE_CURVE('',#9853,(#9856,#9862),.PCURVE_S1.);
#9853 = B_SPLINE_CURVE_WITH_KNOTS('',1,(#9854,#9855),.UNSPECIFIED.,.F.,
  .F.,(2,2),(78.74,141.732),.PIECEWISE_BEZIER_KNOTS.);
#9854 = CARTESIAN_POINT('',(1.581815831499,-79.49268285023,
    28.400060960122));
#9855 = CARTESIAN_POINT('',(1.581815831499,-79.49268285023,
    30.000060960122));
#9856 = PCURVE('',#7852,#9857);
#9857 = DEFINITIONAL_REPRESENTATION('',(#9858),#9861);
#9858 = B_SPLINE_CURVE_WITH_KNOTS('',1,(#9859,#9860),.UNSPECIFIED.,.F.,
  .F.,(2,2),(78.74,141.732),.PIECEWISE_BEZIER_KNOTS.);
#9859 = CARTESIAN_POINT('',(0.,-78.74));
#9860 = CARTESIAN_POINT('',(0.,-141.732));
#9861 = ( GEOMETRIC_REPRESENTATION_CONTEXT(2) 
PARAMETRIC_REPRESENTATION_CONTEXT() REPRESENTATION_CONTEXT('2D SPACE',''
  ) );
#9862 = PCURVE('',#7827,#9863);
#9863 = DEFINITIONAL_REPRESENTATION('',(#9864),#9867);
#9864 = B_SPLINE_CURVE_WITH_KNOTS('',1,(#9865,#9866),.UNSPECIFIED.,.F.,
  .F.,(2,2),(78.74,141.732),.PIECEWISE_BEZIER_KNOTS.);
#9865 = CARTESIAN_POINT('',(4.166837145422,-78.74));
#9866 = CARTESIAN_POINT('',(4.166837145422,-141.732));
#9867 = ( GEOMETRIC_REPRESENTATION_CONTEXT(2) 
PARAMETRIC_REPRESENTATION_CONTEXT() REPRESENTATION_CONTEXT('2D SPACE',''
  ) );
#9868 = ORIENTED_EDGE('',*,*,#8987,.T.);
#9869 = ORIENTED_EDGE('',*,*,#9827,.F.);
#9870 = ADVANCED_FACE('',(#9871),#7827,.T.);
#9871 = FACE_BOUND('',#9872,.T.);
#9872 = EDGE_LOOP('',(#9873,#9874,#9892,#9893));
#9873 = ORIENTED_EDGE('',*,*,#7813,.F.);
#9874 = ORIENTED_EDGE('',*,*,#9875,.T.);
#9875 = EDGE_CURVE('',#7789,#8948,#9876,.T.);
#9876 = SURFACE_CURVE('',#9877,(#9880,#9886),.PCURVE_S1.);
#9877 = B_SPLINE_CURVE_WITH_KNOTS('',1,(#9878,#9879),.UNSPECIFIED.,.F.,
  .F.,(2,2),(78.74,141.732),.PIECEWISE_BEZIER_KNOTS.);
#9878 = CARTESIAN_POINT('',(1.684644427825,-79.51774149341,
    28.400060960122));
#9879 = CARTESIAN_POINT('',(1.684644427825,-79.51774149341,
    30.000060960122));
#9880 = PCURVE('',#7827,#9881);
#9881 = DEFINITIONAL_REPRESENTATION('',(#9882),#9885);
#9882 = B_SPLINE_CURVE_WITH_KNOTS('',1,(#9883,#9884),.UNSPECIFIED.,.F.,
  .F.,(2,2),(78.74,141.732),.PIECEWISE_BEZIER_KNOTS.);
#9883 = CARTESIAN_POINT('',(0.,-78.74));
#9884 = CARTESIAN_POINT('',(0.,-141.732));
#9885 = ( GEOMETRIC_REPRESENTATION_CONTEXT(2) 
PARAMETRIC_REPRESENTATION_CONTEXT() REPRESENTATION_CONTEXT('2D SPACE',''
  ) );
#9886 = PCURVE('',#7802,#9887);
#9887 = DEFINITIONAL_REPRESENTATION('',(#9888),#9891);
#9888 = B_SPLINE_CURVE_WITH_KNOTS('',1,(#9889,#9890),.UNSPECIFIED.,.F.,
  .F.,(2,2),(78.74,141.732),.PIECEWISE_BEZIER_KNOTS.);
#9889 = CARTESIAN_POINT('',(4.166837145422,-78.74));
#9890 = CARTESIAN_POINT('',(4.166837145422,-141.732));
#9891 = ( GEOMETRIC_REPRESENTATION_CONTEXT(2) 
PARAMETRIC_REPRESENTATION_CONTEXT() REPRESENTATION_CONTEXT('2D SPACE',''
  ) );
#9892 = ORIENTED_EDGE('',*,*,#8967,.T.);
#9893 = ORIENTED_EDGE('',*,*,#9851,.F.);
#9894 = ADVANCED_FACE('',(#9895),#7802,.T.);
#9895 = FACE_BOUND('',#9896,.T.);
#9896 = EDGE_LOOP('',(#9897,#9898,#9916,#9917));
#9897 = ORIENTED_EDGE('',*,*,#7788,.F.);
#9898 = ORIENTED_EDGE('',*,*,#9899,.T.);
#9899 = EDGE_CURVE('',#7764,#8928,#9900,.T.);
#9900 = SURFACE_CURVE('',#9901,(#9904,#9910),.PCURVE_S1.);
#9901 = B_SPLINE_CURVE_WITH_KNOTS('',1,(#9902,#9903),.UNSPECIFIED.,.F.,
  .F.,(2,2),(78.74,141.732),.PIECEWISE_BEZIER_KNOTS.);
#9902 = CARTESIAN_POINT('',(1.788943369246,-79.53572444753,
    28.400060960122));
#9903 = CARTESIAN_POINT('',(1.788943369246,-79.53572444753,
    30.000060960122));
#9904 = PCURVE('',#7802,#9905);
#9905 = DEFINITIONAL_REPRESENTATION('',(#9906),#9909);
#9906 = B_SPLINE_CURVE_WITH_KNOTS('',1,(#9907,#9908),.UNSPECIFIED.,.F.,
  .F.,(2,2),(78.74,141.732),.PIECEWISE_BEZIER_KNOTS.);
#9907 = CARTESIAN_POINT('',(0.,-78.74));
#9908 = CARTESIAN_POINT('',(0.,-141.732));
#9909 = ( GEOMETRIC_REPRESENTATION_CONTEXT(2) 
PARAMETRIC_REPRESENTATION_CONTEXT() REPRESENTATION_CONTEXT('2D SPACE',''
  ) );
#9910 = PCURVE('',#7777,#9911);
#9911 = DEFINITIONAL_REPRESENTATION('',(#9912),#9915);
#9912 = B_SPLINE_CURVE_WITH_KNOTS('',1,(#9913,#9914),.UNSPECIFIED.,.F.,
  .F.,(2,2),(78.74,141.732),.PIECEWISE_BEZIER_KNOTS.);
#9913 = CARTESIAN_POINT('',(4.166837145422,-78.74));
#9914 = CARTESIAN_POINT('',(4.166837145422,-141.732));
#9915 = ( GEOMETRIC_REPRESENTATION_CONTEXT(2) 
PARAMETRIC_REPRESENTATION_CONTEXT() REPRESENTATION_CONTEXT('2D SPACE',''
  ) );
#9916 = ORIENTED_EDGE('',*,*,#8947,.T.);
#9917 = ORIENTED_EDGE('',*,*,#9875,.F.);
#9918 = ADVANCED_FACE('',(#9919),#7777,.T.);
#9919 = FACE_BOUND('',#9920,.T.);
#9920 = EDGE_LOOP('',(#9921,#9922,#9940,#9941));
#9921 = ORIENTED_EDGE('',*,*,#7763,.F.);
#9922 = ORIENTED_EDGE('',*,*,#9923,.T.);
#9923 = EDGE_CURVE('',#7739,#8908,#9924,.T.);
#9924 = SURFACE_CURVE('',#9925,(#9928,#9934),.PCURVE_S1.);
#9925 = B_SPLINE_CURVE_WITH_KNOTS('',1,(#9926,#9927),.UNSPECIFIED.,.F.,
  .F.,(2,2),(78.74,141.732),.PIECEWISE_BEZIER_KNOTS.);
#9926 = CARTESIAN_POINT('',(1.89422636595,-79.54654786776,
    28.400060960122));
#9927 = CARTESIAN_POINT('',(1.89422636595,-79.54654786776,
    30.000060960122));
#9928 = PCURVE('',#7777,#9929);
#9929 = DEFINITIONAL_REPRESENTATION('',(#9930),#9933);
#9930 = B_SPLINE_CURVE_WITH_KNOTS('',1,(#9931,#9932),.UNSPECIFIED.,.F.,
  .F.,(2,2),(78.74,141.732),.PIECEWISE_BEZIER_KNOTS.);
#9931 = CARTESIAN_POINT('',(0.,-78.74));
#9932 = CARTESIAN_POINT('',(0.,-141.732));
#9933 = ( GEOMETRIC_REPRESENTATION_CONTEXT(2) 
PARAMETRIC_REPRESENTATION_CONTEXT() REPRESENTATION_CONTEXT('2D SPACE',''
  ) );
#9934 = PCURVE('',#7752,#9935);
#9935 = DEFINITIONAL_REPRESENTATION('',(#9936),#9939);
#9936 = B_SPLINE_CURVE_WITH_KNOTS('',1,(#9937,#9938),.UNSPECIFIED.,.F.,
  .F.,(2,2),(78.74,141.732),.PIECEWISE_BEZIER_KNOTS.);
#9937 = CARTESIAN_POINT('',(4.166837145423,-78.74));
#9938 = CARTESIAN_POINT('',(4.166837145423,-141.732));
#9939 = ( GEOMETRIC_REPRESENTATION_CONTEXT(2) 
PARAMETRIC_REPRESENTATION_CONTEXT() REPRESENTATION_CONTEXT('2D SPACE',''
  ) );
#9940 = ORIENTED_EDGE('',*,*,#8927,.T.);
#9941 = ORIENTED_EDGE('',*,*,#9899,.F.);
#9942 = ADVANCED_FACE('',(#9943),#7752,.T.);
#9943 = FACE_BOUND('',#9944,.T.);
#9944 = EDGE_LOOP('',(#9945,#9946,#9964,#9965));
#9945 = ORIENTED_EDGE('',*,*,#7738,.F.);
#9946 = ORIENTED_EDGE('',*,*,#9947,.T.);
#9947 = EDGE_CURVE('',#7714,#8888,#9948,.T.);
#9948 = SURFACE_CURVE('',#9949,(#9952,#9958),.PCURVE_S1.);
#9949 = B_SPLINE_CURVE_WITH_KNOTS('',1,(#9950,#9951),.UNSPECIFIED.,.F.,
  .F.,(2,2),(78.74,141.732),.PIECEWISE_BEZIER_KNOTS.);
#9950 = CARTESIAN_POINT('',(2.000002540005,-79.55016129032,
    28.400060960122));
#9951 = CARTESIAN_POINT('',(2.000002540005,-79.55016129032,
    30.000060960122));
#9952 = PCURVE('',#7752,#9953);
#9953 = DEFINITIONAL_REPRESENTATION('',(#9954),#9957);
#9954 = B_SPLINE_CURVE_WITH_KNOTS('',1,(#9955,#9956),.UNSPECIFIED.,.F.,
  .F.,(2,2),(78.74,141.732),.PIECEWISE_BEZIER_KNOTS.);
#9955 = CARTESIAN_POINT('',(0.,-78.74));
#9956 = CARTESIAN_POINT('',(0.,-141.732));
#9957 = ( GEOMETRIC_REPRESENTATION_CONTEXT(2) 
PARAMETRIC_REPRESENTATION_CONTEXT() REPRESENTATION_CONTEXT('2D SPACE',''
  ) );
#9958 = PCURVE('',#7727,#9959);
#9959 = DEFINITIONAL_REPRESENTATION('',(#9960),#9963);
#9960 = B_SPLINE_CURVE_WITH_KNOTS('',1,(#9961,#9962),.UNSPECIFIED.,.F.,
  .F.,(2,2),(78.74,141.732),.PIECEWISE_BEZIER_KNOTS.);
#9961 = CARTESIAN_POINT('',(2.992126E+03,-78.74));
#9962 = CARTESIAN_POINT('',(2.992126E+03,-141.732));
#9963 = ( GEOMETRIC_REPRESENTATION_CONTEXT(2) 
PARAMETRIC_REPRESENTATION_CONTEXT() REPRESENTATION_CONTEXT('2D SPACE',''
  ) );
#9964 = ORIENTED_EDGE('',*,*,#8907,.T.);
#9965 = ORIENTED_EDGE('',*,*,#9923,.F.);
#9966 = ADVANCED_FACE('',(#9967),#7727,.T.);
#9967 = FACE_BOUND('',#9968,.T.);
#9968 = EDGE_LOOP('',(#9969,#9970,#9988,#9989));
#9969 = ORIENTED_EDGE('',*,*,#7713,.F.);
#9970 = ORIENTED_EDGE('',*,*,#9971,.T.);
#9971 = EDGE_CURVE('',#7689,#8868,#9972,.T.);
#9972 = SURFACE_CURVE('',#9973,(#9976,#9982),.PCURVE_S1.);
#9973 = B_SPLINE_CURVE_WITH_KNOTS('',1,(#9974,#9975),.UNSPECIFIED.,.F.,
  .F.,(2,2),(78.74,141.732),.PIECEWISE_BEZIER_KNOTS.);
#9974 = CARTESIAN_POINT('',(78.00015494031,-79.55016129032,
    28.400060960122));
#9975 = CARTESIAN_POINT('',(78.00015494031,-79.55016129032,
    30.000060960122));
#9976 = PCURVE('',#7727,#9977);
#9977 = DEFINITIONAL_REPRESENTATION('',(#9978),#9981);
#9978 = B_SPLINE_CURVE_WITH_KNOTS('',1,(#9979,#9980),.UNSPECIFIED.,.F.,
  .F.,(2,2),(78.74,141.732),.PIECEWISE_BEZIER_KNOTS.);
#9979 = CARTESIAN_POINT('',(0.,-78.74));
#9980 = CARTESIAN_POINT('',(0.,-141.732));
#9981 = ( GEOMETRIC_REPRESENTATION_CONTEXT(2) 
PARAMETRIC_REPRESENTATION_CONTEXT() REPRESENTATION_CONTEXT('2D SPACE',''
  ) );
#9982 = PCURVE('',#7702,#9983);
#9983 = DEFINITIONAL_REPRESENTATION('',(#9984),#9987);
#9984 = B_SPLINE_CURVE_WITH_KNOTS('',1,(#9985,#9986),.UNSPECIFIED.,.F.,
  .F.,(2,2),(78.74,141.732),.PIECEWISE_BEZIER_KNOTS.);
#9985 = CARTESIAN_POINT('',(4.166837145422,-78.74));
#9986 = CARTESIAN_POINT('',(4.166837145422,-141.732));
#9987 = ( GEOMETRIC_REPRESENTATION_CONTEXT(2) 
PARAMETRIC_REPRESENTATION_CONTEXT() REPRESENTATION_CONTEXT('2D SPACE',''
  ) );
#9988 = ORIENTED_EDGE('',*,*,#8887,.T.);
#9989 = ORIENTED_EDGE('',*,*,#9947,.F.);
#9990 = ADVANCED_FACE('',(#9991),#7702,.T.);
#9991 = FACE_BOUND('',#9992,.T.);
#9992 = EDGE_LOOP('',(#9993,#9994,#10012,#10013));
#9993 = ORIENTED_EDGE('',*,*,#7688,.F.);
#9994 = ORIENTED_EDGE('',*,*,#9995,.T.);
#9995 = EDGE_CURVE('',#7664,#8848,#9996,.T.);
#9996 = SURFACE_CURVE('',#9997,(#10000,#10006),.PCURVE_S1.);
#9997 = B_SPLINE_CURVE_WITH_KNOTS('',1,(#9998,#9999),.UNSPECIFIED.,.F.,
  .F.,(2,2),(78.74,141.732),.PIECEWISE_BEZIER_KNOTS.);
#9998 = CARTESIAN_POINT('',(78.105931114365,-79.54654786776,
    28.400060960122));
#9999 = CARTESIAN_POINT('',(78.105931114365,-79.54654786776,
    30.000060960122));
#10000 = PCURVE('',#7702,#10001);
#10001 = DEFINITIONAL_REPRESENTATION('',(#10002),#10005);
#10002 = B_SPLINE_CURVE_WITH_KNOTS('',1,(#10003,#10004),.UNSPECIFIED.,
  .F.,.F.,(2,2),(78.74,141.732),.PIECEWISE_BEZIER_KNOTS.);
#10003 = CARTESIAN_POINT('',(0.,-78.74));
#10004 = CARTESIAN_POINT('',(0.,-141.732));
#10005 = ( GEOMETRIC_REPRESENTATION_CONTEXT(2) 
PARAMETRIC_REPRESENTATION_CONTEXT() REPRESENTATION_CONTEXT('2D SPACE',''
  ) );
#10006 = PCURVE('',#7677,#10007);
#10007 = DEFINITIONAL_REPRESENTATION('',(#10008),#10011);
#10008 = B_SPLINE_CURVE_WITH_KNOTS('',1,(#10009,#10010),.UNSPECIFIED.,
  .F.,.F.,(2,2),(78.74,141.732),.PIECEWISE_BEZIER_KNOTS.);
#10009 = CARTESIAN_POINT('',(4.166837145423,-78.74));
#10010 = CARTESIAN_POINT('',(4.166837145423,-141.732));
#10011 = ( GEOMETRIC_REPRESENTATION_CONTEXT(2) 
PARAMETRIC_REPRESENTATION_CONTEXT() REPRESENTATION_CONTEXT('2D SPACE',''
  ) );
#10012 = ORIENTED_EDGE('',*,*,#8867,.T.);
#10013 = ORIENTED_EDGE('',*,*,#9971,.F.);
#10014 = ADVANCED_FACE('',(#10015),#7677,.T.);
#10015 = FACE_BOUND('',#10016,.T.);
#10016 = EDGE_LOOP('',(#10017,#10018,#10036,#10037));
#10017 = ORIENTED_EDGE('',*,*,#7663,.F.);
#10018 = ORIENTED_EDGE('',*,*,#10019,.T.);
#10019 = EDGE_CURVE('',#7639,#8828,#10020,.T.);
#10020 = SURFACE_CURVE('',#10021,(#10024,#10030),.PCURVE_S1.);
#10021 = B_SPLINE_CURVE_WITH_KNOTS('',1,(#10022,#10023),.UNSPECIFIED.,
  .F.,.F.,(2,2),(78.74,141.732),.PIECEWISE_BEZIER_KNOTS.);
#10022 = CARTESIAN_POINT('',(78.211214111069,-79.53572444753,
    28.400060960122));
#10023 = CARTESIAN_POINT('',(78.211214111069,-79.53572444753,
    30.000060960122));
#10024 = PCURVE('',#7677,#10025);
#10025 = DEFINITIONAL_REPRESENTATION('',(#10026),#10029);
#10026 = B_SPLINE_CURVE_WITH_KNOTS('',1,(#10027,#10028),.UNSPECIFIED.,
  .F.,.F.,(2,2),(78.74,141.732),.PIECEWISE_BEZIER_KNOTS.);
#10027 = CARTESIAN_POINT('',(0.,-78.74));
#10028 = CARTESIAN_POINT('',(0.,-141.732));
#10029 = ( GEOMETRIC_REPRESENTATION_CONTEXT(2) 
PARAMETRIC_REPRESENTATION_CONTEXT() REPRESENTATION_CONTEXT('2D SPACE',''
  ) );
#10030 = PCURVE('',#7652,#10031);
#10031 = DEFINITIONAL_REPRESENTATION('',(#10032),#10035);
#10032 = B_SPLINE_CURVE_WITH_KNOTS('',1,(#10033,#10034),.UNSPECIFIED.,
  .F.,.F.,(2,2),(78.74,141.732),.PIECEWISE_BEZIER_KNOTS.);
#10033 = CARTESIAN_POINT('',(4.166837145422,-78.74));
#10034 = CARTESIAN_POINT('',(4.166837145422,-141.732));
#10035 = ( GEOMETRIC_REPRESENTATION_CONTEXT(2) 
PARAMETRIC_REPRESENTATION_CONTEXT() REPRESENTATION_CONTEXT('2D SPACE',''
  ) );
#10036 = ORIENTED_EDGE('',*,*,#8847,.T.);
#10037 = ORIENTED_EDGE('',*,*,#9995,.F.);
#10038 = ADVANCED_FACE('',(#10039),#7652,.T.);
#10039 = FACE_BOUND('',#10040,.T.);
#10040 = EDGE_LOOP('',(#10041,#10042,#10060,#10061));
#10041 = ORIENTED_EDGE('',*,*,#7638,.F.);
#10042 = ORIENTED_EDGE('',*,*,#10043,.T.);
#10043 = EDGE_CURVE('',#7614,#8808,#10044,.T.);
#10044 = SURFACE_CURVE('',#10045,(#10048,#10054),.PCURVE_S1.);
#10045 = B_SPLINE_CURVE_WITH_KNOTS('',1,(#10046,#10047),.UNSPECIFIED.,
  .F.,.F.,(2,2),(78.74,141.732),.PIECEWISE_BEZIER_KNOTS.);
#10046 = CARTESIAN_POINT('',(78.31551305249,-79.51774149341,
    28.400060960122));
#10047 = CARTESIAN_POINT('',(78.31551305249,-79.51774149341,
    30.000060960122));
#10048 = PCURVE('',#7652,#10049);
#10049 = DEFINITIONAL_REPRESENTATION('',(#10050),#10053);
#10050 = B_SPLINE_CURVE_WITH_KNOTS('',1,(#10051,#10052),.UNSPECIFIED.,
  .F.,.F.,(2,2),(78.74,141.732),.PIECEWISE_BEZIER_KNOTS.);
#10051 = CARTESIAN_POINT('',(0.,-78.74));
#10052 = CARTESIAN_POINT('',(0.,-141.732));
#10053 = ( GEOMETRIC_REPRESENTATION_CONTEXT(2) 
PARAMETRIC_REPRESENTATION_CONTEXT() REPRESENTATION_CONTEXT('2D SPACE',''
  ) );
#10054 = PCURVE('',#7627,#10055);
#10055 = DEFINITIONAL_REPRESENTATION('',(#10056),#10059);
#10056 = B_SPLINE_CURVE_WITH_KNOTS('',1,(#10057,#10058),.UNSPECIFIED.,
  .F.,.F.,(2,2),(78.74,141.732),.PIECEWISE_BEZIER_KNOTS.);
#10057 = CARTESIAN_POINT('',(4.166837145422,-78.74));
#10058 = CARTESIAN_POINT('',(4.166837145422,-141.732));
#10059 = ( GEOMETRIC_REPRESENTATION_CONTEXT(2) 
PARAMETRIC_REPRESENTATION_CONTEXT() REPRESENTATION_CONTEXT('2D SPACE',''
  ) );
#10060 = ORIENTED_EDGE('',*,*,#8827,.T.);
#10061 = ORIENTED_EDGE('',*,*,#10019,.F.);
#10062 = ADVANCED_FACE('',(#10063),#7627,.T.);
#10063 = FACE_BOUND('',#10064,.T.);
#10064 = EDGE_LOOP('',(#10065,#10066,#10084,#10085));
#10065 = ORIENTED_EDGE('',*,*,#7613,.F.);
#10066 = ORIENTED_EDGE('',*,*,#10067,.T.);
#10067 = EDGE_CURVE('',#7589,#8788,#10068,.T.);
#10068 = SURFACE_CURVE('',#10069,(#10072,#10078),.PCURVE_S1.);
#10069 = B_SPLINE_CURVE_WITH_KNOTS('',1,(#10070,#10071),.UNSPECIFIED.,
  .F.,.F.,(2,2),(78.74,141.732),.PIECEWISE_BEZIER_KNOTS.);
#10070 = CARTESIAN_POINT('',(78.418341648816,-79.49268285023,
    28.400060960122));
#10071 = CARTESIAN_POINT('',(78.418341648816,-79.49268285023,
    30.000060960122));
#10072 = PCURVE('',#7627,#10073);
#10073 = DEFINITIONAL_REPRESENTATION('',(#10074),#10077);
#10074 = B_SPLINE_CURVE_WITH_KNOTS('',1,(#10075,#10076),.UNSPECIFIED.,
  .F.,.F.,(2,2),(78.74,141.732),.PIECEWISE_BEZIER_KNOTS.);
#10075 = CARTESIAN_POINT('',(0.,-78.74));
#10076 = CARTESIAN_POINT('',(0.,-141.732));
#10077 = ( GEOMETRIC_REPRESENTATION_CONTEXT(2) 
PARAMETRIC_REPRESENTATION_CONTEXT() REPRESENTATION_CONTEXT('2D SPACE',''
  ) );
#10078 = PCURVE('',#7602,#10079);
#10079 = DEFINITIONAL_REPRESENTATION('',(#10080),#10083);
#10080 = B_SPLINE_CURVE_WITH_KNOTS('',1,(#10081,#10082),.UNSPECIFIED.,
  .F.,.F.,(2,2),(78.74,141.732),.PIECEWISE_BEZIER_KNOTS.);
#10081 = CARTESIAN_POINT('',(4.166837145422,-78.74));
#10082 = CARTESIAN_POINT('',(4.166837145422,-141.732));
#10083 = ( GEOMETRIC_REPRESENTATION_CONTEXT(2) 
PARAMETRIC_REPRESENTATION_CONTEXT() REPRESENTATION_CONTEXT('2D SPACE',''
  ) );
#10084 = ORIENTED_EDGE('',*,*,#8807,.T.);
#10085 = ORIENTED_EDGE('',*,*,#10043,.F.);
#10086 = ADVANCED_FACE('',(#10087),#7602,.T.);
#10087 = FACE_BOUND('',#10088,.T.);
#10088 = EDGE_LOOP('',(#10089,#10090,#10108,#10109));
#10089 = ORIENTED_EDGE('',*,*,#7588,.F.);
#10090 = ORIENTED_EDGE('',*,*,#10091,.T.);
#10091 = EDGE_CURVE('',#7564,#8768,#10092,.T.);
#10092 = SURFACE_CURVE('',#10093,(#10096,#10102),.PCURVE_S1.);
#10093 = B_SPLINE_CURVE_WITH_KNOTS('',1,(#10094,#10095),.UNSPECIFIED.,
  .F.,.F.,(2,2),(78.74,141.732),.PIECEWISE_BEZIER_KNOTS.);
#10094 = CARTESIAN_POINT('',(78.519220465665,-79.46066535296,
    28.400060960122));
#10095 = CARTESIAN_POINT('',(78.519220465665,-79.46066535296,
    30.000060960122));
#10096 = PCURVE('',#7602,#10097);
#10097 = DEFINITIONAL_REPRESENTATION('',(#10098),#10101);
#10098 = B_SPLINE_CURVE_WITH_KNOTS('',1,(#10099,#10100),.UNSPECIFIED.,
  .F.,.F.,(2,2),(78.74,141.732),.PIECEWISE_BEZIER_KNOTS.);
#10099 = CARTESIAN_POINT('',(0.,-78.74));
#10100 = CARTESIAN_POINT('',(0.,-141.732));
#10101 = ( GEOMETRIC_REPRESENTATION_CONTEXT(2) 
PARAMETRIC_REPRESENTATION_CONTEXT() REPRESENTATION_CONTEXT('2D SPACE',''
  ) );
#10102 = PCURVE('',#7577,#10103);
#10103 = DEFINITIONAL_REPRESENTATION('',(#10104),#10107);
#10104 = B_SPLINE_CURVE_WITH_KNOTS('',1,(#10105,#10106),.UNSPECIFIED.,
  .F.,.F.,(2,2),(78.74,141.732),.PIECEWISE_BEZIER_KNOTS.);
#10105 = CARTESIAN_POINT('',(4.166837145422,-78.74));
#10106 = CARTESIAN_POINT('',(4.166837145422,-141.732));
#10107 = ( GEOMETRIC_REPRESENTATION_CONTEXT(2) 
PARAMETRIC_REPRESENTATION_CONTEXT() REPRESENTATION_CONTEXT('2D SPACE',''
  ) );
#10108 = ORIENTED_EDGE('',*,*,#8787,.T.);
#10109 = ORIENTED_EDGE('',*,*,#10067,.F.);
#10110 = ADVANCED_FACE('',(#10111),#7577,.T.);
#10111 = FACE_BOUND('',#10112,.T.);
#10112 = EDGE_LOOP('',(#10113,#10114,#10132,#10133));
#10113 = ORIENTED_EDGE('',*,*,#7563,.F.);
#10114 = ORIENTED_EDGE('',*,*,#10115,.T.);
#10115 = EDGE_CURVE('',#7539,#8748,#10116,.T.);
#10116 = SURFACE_CURVE('',#10117,(#10120,#10126),.PCURVE_S1.);
#10117 = B_SPLINE_CURVE_WITH_KNOTS('',1,(#10118,#10119),.UNSPECIFIED.,
  .F.,.F.,(2,2),(78.74,141.732),.PIECEWISE_BEZIER_KNOTS.);
#10118 = CARTESIAN_POINT('',(78.617679159424,-79.42183828194,
    28.400060960122));
#10119 = CARTESIAN_POINT('',(78.617679159424,-79.42183828194,
    30.000060960122));
#10120 = PCURVE('',#7577,#10121);
#10121 = DEFINITIONAL_REPRESENTATION('',(#10122),#10125);
#10122 = B_SPLINE_CURVE_WITH_KNOTS('',1,(#10123,#10124),.UNSPECIFIED.,
  .F.,.F.,(2,2),(78.74,141.732),.PIECEWISE_BEZIER_KNOTS.);
#10123 = CARTESIAN_POINT('',(0.,-78.74));
#10124 = CARTESIAN_POINT('',(0.,-141.732));
#10125 = ( GEOMETRIC_REPRESENTATION_CONTEXT(2) 
PARAMETRIC_REPRESENTATION_CONTEXT() REPRESENTATION_CONTEXT('2D SPACE',''
  ) );
#10126 = PCURVE('',#7552,#10127);
#10127 = DEFINITIONAL_REPRESENTATION('',(#10128),#10131);
#10128 = B_SPLINE_CURVE_WITH_KNOTS('',1,(#10129,#10130),.UNSPECIFIED.,
  .F.,.F.,(2,2),(78.74,141.732),.PIECEWISE_BEZIER_KNOTS.);
#10129 = CARTESIAN_POINT('',(4.166837145423,-78.74));
#10130 = CARTESIAN_POINT('',(4.166837145423,-141.732));
#10131 = ( GEOMETRIC_REPRESENTATION_CONTEXT(2) 
PARAMETRIC_REPRESENTATION_CONTEXT() REPRESENTATION_CONTEXT('2D SPACE',''
  ) );
#10132 = ORIENTED_EDGE('',*,*,#8767,.T.);
#10133 = ORIENTED_EDGE('',*,*,#10091,.F.);
#10134 = ADVANCED_FACE('',(#10135),#7552,.T.);
#10135 = FACE_BOUND('',#10136,.T.);
#10136 = EDGE_LOOP('',(#10137,#10138,#10156,#10157));
#10137 = ORIENTED_EDGE('',*,*,#7538,.F.);
#10138 = ORIENTED_EDGE('',*,*,#10139,.T.);
#10139 = EDGE_CURVE('',#7514,#8728,#10140,.T.);
#10140 = SURFACE_CURVE('',#10141,(#10144,#10150),.PCURVE_S1.);
#10141 = B_SPLINE_CURVE_WITH_KNOTS('',1,(#10142,#10143),.UNSPECIFIED.,
  .F.,.F.,(2,2),(78.74,141.732),.PIECEWISE_BEZIER_KNOTS.);
#10142 = CARTESIAN_POINT('',(78.713258670212,-79.37638266691,
    28.400060960122));
#10143 = CARTESIAN_POINT('',(78.713258670212,-79.37638266691,
    30.000060960122));
#10144 = PCURVE('',#7552,#10145);
#10145 = DEFINITIONAL_REPRESENTATION('',(#10146),#10149);
#10146 = B_SPLINE_CURVE_WITH_KNOTS('',1,(#10147,#10148),.UNSPECIFIED.,
  .F.,.F.,(2,2),(78.74,141.732),.PIECEWISE_BEZIER_KNOTS.);
#10147 = CARTESIAN_POINT('',(0.,-78.74));
#10148 = CARTESIAN_POINT('',(0.,-141.732));
#10149 = ( GEOMETRIC_REPRESENTATION_CONTEXT(2) 
PARAMETRIC_REPRESENTATION_CONTEXT() REPRESENTATION_CONTEXT('2D SPACE',''
  ) );
#10150 = PCURVE('',#7527,#10151);
#10151 = DEFINITIONAL_REPRESENTATION('',(#10152),#10155);
#10152 = B_SPLINE_CURVE_WITH_KNOTS('',1,(#10153,#10154),.UNSPECIFIED.,
  .F.,.F.,(2,2),(78.74,141.732),.PIECEWISE_BEZIER_KNOTS.);
#10153 = CARTESIAN_POINT('',(4.166837145422,-78.74));
#10154 = CARTESIAN_POINT('',(4.166837145422,-141.732));
#10155 = ( GEOMETRIC_REPRESENTATION_CONTEXT(2) 
PARAMETRIC_REPRESENTATION_CONTEXT() REPRESENTATION_CONTEXT('2D SPACE',''
  ) );
#10156 = ORIENTED_EDGE('',*,*,#8747,.T.);
#10157 = ORIENTED_EDGE('',*,*,#10115,.F.);
#10158 = ADVANCED_FACE('',(#10159),#7527,.T.);
#10159 = FACE_BOUND('',#10160,.T.);
#10160 = EDGE_LOOP('',(#10161,#10162,#10180,#10181));
#10161 = ORIENTED_EDGE('',*,*,#7513,.F.);
#10162 = ORIENTED_EDGE('',*,*,#10163,.T.);
#10163 = EDGE_CURVE('',#7489,#8708,#10164,.T.);
#10164 = SURFACE_CURVE('',#10165,(#10168,#10174),.PCURVE_S1.);
#10165 = B_SPLINE_CURVE_WITH_KNOTS('',1,(#10166,#10167),.UNSPECIFIED.,
  .F.,.F.,(2,2),(78.74,141.732),.PIECEWISE_BEZIER_KNOTS.);
#10166 = CARTESIAN_POINT('',(78.805513362229,-79.32451044293,
    28.400060960122));
#10167 = CARTESIAN_POINT('',(78.805513362229,-79.32451044293,
    30.000060960122));
#10168 = PCURVE('',#7527,#10169);
#10169 = DEFINITIONAL_REPRESENTATION('',(#10170),#10173);
#10170 = B_SPLINE_CURVE_WITH_KNOTS('',1,(#10171,#10172),.UNSPECIFIED.,
  .F.,.F.,(2,2),(78.74,141.732),.PIECEWISE_BEZIER_KNOTS.);
#10171 = CARTESIAN_POINT('',(0.,-78.74));
#10172 = CARTESIAN_POINT('',(0.,-141.732));
#10173 = ( GEOMETRIC_REPRESENTATION_CONTEXT(2) 
PARAMETRIC_REPRESENTATION_CONTEXT() REPRESENTATION_CONTEXT('2D SPACE',''
  ) );
#10174 = PCURVE('',#7502,#10175);
#10175 = DEFINITIONAL_REPRESENTATION('',(#10176),#10179);
#10176 = B_SPLINE_CURVE_WITH_KNOTS('',1,(#10177,#10178),.UNSPECIFIED.,
  .F.,.F.,(2,2),(78.74,141.732),.PIECEWISE_BEZIER_KNOTS.);
#10177 = CARTESIAN_POINT('',(4.166837145421,-78.74));
#10178 = CARTESIAN_POINT('',(4.166837145421,-141.732));
#10179 = ( GEOMETRIC_REPRESENTATION_CONTEXT(2) 
PARAMETRIC_REPRESENTATION_CONTEXT() REPRESENTATION_CONTEXT('2D SPACE',''
  ) );
#10180 = ORIENTED_EDGE('',*,*,#8727,.T.);
#10181 = ORIENTED_EDGE('',*,*,#10139,.F.);
#10182 = ADVANCED_FACE('',(#10183),#7502,.T.);
#10183 = FACE_BOUND('',#10184,.T.);
#10184 = EDGE_LOOP('',(#10185,#10186,#10204,#10205));
#10185 = ORIENTED_EDGE('',*,*,#7488,.F.);
#10186 = ORIENTED_EDGE('',*,*,#10187,.T.);
#10187 = EDGE_CURVE('',#7464,#8688,#10188,.T.);
#10188 = SURFACE_CURVE('',#10189,(#10192,#10198),.PCURVE_S1.);
#10189 = B_SPLINE_CURVE_WITH_KNOTS('',1,(#10190,#10191),.UNSPECIFIED.,
  .F.,.F.,(2,2),(78.74,141.732),.PIECEWISE_BEZIER_KNOTS.);
#10190 = CARTESIAN_POINT('',(78.894013101515,-79.26646346224,
    28.400060960122));
#10191 = CARTESIAN_POINT('',(78.894013101515,-79.26646346224,
    30.000060960122));
#10192 = PCURVE('',#7502,#10193);
#10193 = DEFINITIONAL_REPRESENTATION('',(#10194),#10197);
#10194 = B_SPLINE_CURVE_WITH_KNOTS('',1,(#10195,#10196),.UNSPECIFIED.,
  .F.,.F.,(2,2),(78.74,141.732),.PIECEWISE_BEZIER_KNOTS.);
#10195 = CARTESIAN_POINT('',(0.,-78.74));
#10196 = CARTESIAN_POINT('',(0.,-141.732));
#10197 = ( GEOMETRIC_REPRESENTATION_CONTEXT(2) 
PARAMETRIC_REPRESENTATION_CONTEXT() REPRESENTATION_CONTEXT('2D SPACE',''
  ) );
#10198 = PCURVE('',#7477,#10199);
#10199 = DEFINITIONAL_REPRESENTATION('',(#10200),#10203);
#10200 = B_SPLINE_CURVE_WITH_KNOTS('',1,(#10201,#10202),.UNSPECIFIED.,
  .F.,.F.,(2,2),(78.74,141.732),.PIECEWISE_BEZIER_KNOTS.);
#10201 = CARTESIAN_POINT('',(4.166837145422,-78.74));
#10202 = CARTESIAN_POINT('',(4.166837145422,-141.732));
#10203 = ( GEOMETRIC_REPRESENTATION_CONTEXT(2) 
PARAMETRIC_REPRESENTATION_CONTEXT() REPRESENTATION_CONTEXT('2D SPACE',''
  ) );
#10204 = ORIENTED_EDGE('',*,*,#8707,.T.);
#10205 = ORIENTED_EDGE('',*,*,#10163,.F.);
#10206 = ADVANCED_FACE('',(#10207),#7477,.T.);
#10207 = FACE_BOUND('',#10208,.T.);
#10208 = EDGE_LOOP('',(#10209,#10210,#10228,#10229));
#10209 = ORIENTED_EDGE('',*,*,#7463,.F.);
#10210 = ORIENTED_EDGE('',*,*,#10211,.T.);
#10211 = EDGE_CURVE('',#7439,#8668,#10212,.T.);
#10212 = SURFACE_CURVE('',#10213,(#10216,#10222),.PCURVE_S1.);
#10213 = B_SPLINE_CURVE_WITH_KNOTS('',1,(#10214,#10215),.UNSPECIFIED.,
  .F.,.F.,(2,2),(78.74,141.732),.PIECEWISE_BEZIER_KNOTS.);
#10214 = CARTESIAN_POINT('',(78.978345261432,-79.20251236667,
    28.400060960122));
#10215 = CARTESIAN_POINT('',(78.978345261432,-79.20251236667,
    30.000060960122));
#10216 = PCURVE('',#7477,#10217);
#10217 = DEFINITIONAL_REPRESENTATION('',(#10218),#10221);
#10218 = B_SPLINE_CURVE_WITH_KNOTS('',1,(#10219,#10220),.UNSPECIFIED.,
  .F.,.F.,(2,2),(78.74,141.732),.PIECEWISE_BEZIER_KNOTS.);
#10219 = CARTESIAN_POINT('',(0.,-78.74));
#10220 = CARTESIAN_POINT('',(0.,-141.732));
#10221 = ( GEOMETRIC_REPRESENTATION_CONTEXT(2) 
PARAMETRIC_REPRESENTATION_CONTEXT() REPRESENTATION_CONTEXT('2D SPACE',''
  ) );
#10222 = PCURVE('',#7452,#10223);
#10223 = DEFINITIONAL_REPRESENTATION('',(#10224),#10227);
#10224 = B_SPLINE_CURVE_WITH_KNOTS('',1,(#10225,#10226),.UNSPECIFIED.,
  .F.,.F.,(2,2),(78.74,141.732),.PIECEWISE_BEZIER_KNOTS.);
#10225 = CARTESIAN_POINT('',(4.166837145422,-78.74));
#10226 = CARTESIAN_POINT('',(4.166837145422,-141.732));
#10227 = ( GEOMETRIC_REPRESENTATION_CONTEXT(2) 
PARAMETRIC_REPRESENTATION_CONTEXT() REPRESENTATION_CONTEXT('2D SPACE',''
  ) );
#10228 = ORIENTED_EDGE('',*,*,#8687,.T.);
#10229 = ORIENTED_EDGE('',*,*,#10187,.F.);
#10230 = ADVANCED_FACE('',(#10231),#7452,.T.);
#10231 = FACE_BOUND('',#10232,.T.);
#10232 = EDGE_LOOP('',(#10233,#10234,#10252,#10253));
#10233 = ORIENTED_EDGE('',*,*,#7438,.F.);
#10234 = ORIENTED_EDGE('',*,*,#10235,.T.);
#10235 = EDGE_CURVE('',#7414,#8648,#10236,.T.);
#10236 = SURFACE_CURVE('',#10237,(#10240,#10246),.PCURVE_S1.);
#10237 = B_SPLINE_CURVE_WITH_KNOTS('',1,(#10238,#10239),.UNSPECIFIED.,
  .F.,.F.,(2,2),(78.74,141.732),.PIECEWISE_BEZIER_KNOTS.);
#10238 = CARTESIAN_POINT('',(79.05811664652,-79.13295532575,
    28.400060960122));
#10239 = CARTESIAN_POINT('',(79.05811664652,-79.13295532575,
    30.000060960122));
#10240 = PCURVE('',#7452,#10241);
#10241 = DEFINITIONAL_REPRESENTATION('',(#10242),#10245);
#10242 = B_SPLINE_CURVE_WITH_KNOTS('',1,(#10243,#10244),.UNSPECIFIED.,
  .F.,.F.,(2,2),(78.74,141.732),.PIECEWISE_BEZIER_KNOTS.);
#10243 = CARTESIAN_POINT('',(0.,-78.74));
#10244 = CARTESIAN_POINT('',(0.,-141.732));
#10245 = ( GEOMETRIC_REPRESENTATION_CONTEXT(2) 
PARAMETRIC_REPRESENTATION_CONTEXT() REPRESENTATION_CONTEXT('2D SPACE',''
  ) );
#10246 = PCURVE('',#7427,#10247);
#10247 = DEFINITIONAL_REPRESENTATION('',(#10248),#10251);
#10248 = B_SPLINE_CURVE_WITH_KNOTS('',1,(#10249,#10250),.UNSPECIFIED.,
  .F.,.F.,(2,2),(78.74,141.732),.PIECEWISE_BEZIER_KNOTS.);
#10249 = CARTESIAN_POINT('',(4.166837145422,-78.74));
#10250 = CARTESIAN_POINT('',(4.166837145422,-141.732));
#10251 = ( GEOMETRIC_REPRESENTATION_CONTEXT(2) 
PARAMETRIC_REPRESENTATION_CONTEXT() REPRESENTATION_CONTEXT('2D SPACE',''
  ) );
#10252 = ORIENTED_EDGE('',*,*,#8667,.T.);
#10253 = ORIENTED_EDGE('',*,*,#10211,.F.);
#10254 = ADVANCED_FACE('',(#10255),#7427,.T.);
#10255 = FACE_BOUND('',#10256,.T.);
#10256 = EDGE_LOOP('',(#10257,#10258,#10276,#10277));
#10257 = ORIENTED_EDGE('',*,*,#7413,.F.);
#10258 = ORIENTED_EDGE('',*,*,#10259,.T.);
#10259 = EDGE_CURVE('',#7389,#8628,#10260,.T.);
#10260 = SURFACE_CURVE('',#10261,(#10264,#10270),.PCURVE_S1.);
#10261 = B_SPLINE_CURVE_WITH_KNOTS('',1,(#10262,#10263),.UNSPECIFIED.,
  .F.,.F.,(2,2),(78.74,141.732),.PIECEWISE_BEZIER_KNOTS.);
#10262 = CARTESIAN_POINT('',(79.132955325759,-79.05811664652,
    28.400060960122));
#10263 = CARTESIAN_POINT('',(79.132955325759,-79.05811664652,
    30.000060960122));
#10264 = PCURVE('',#7427,#10265);
#10265 = DEFINITIONAL_REPRESENTATION('',(#10266),#10269);
#10266 = B_SPLINE_CURVE_WITH_KNOTS('',1,(#10267,#10268),.UNSPECIFIED.,
  .F.,.F.,(2,2),(78.74,141.732),.PIECEWISE_BEZIER_KNOTS.);
#10267 = CARTESIAN_POINT('',(0.,-78.74));
#10268 = CARTESIAN_POINT('',(0.,-141.732));
#10269 = ( GEOMETRIC_REPRESENTATION_CONTEXT(2) 
PARAMETRIC_REPRESENTATION_CONTEXT() REPRESENTATION_CONTEXT('2D SPACE',''
  ) );
#10270 = PCURVE('',#7402,#10271);
#10271 = DEFINITIONAL_REPRESENTATION('',(#10272),#10275);
#10272 = B_SPLINE_CURVE_WITH_KNOTS('',1,(#10273,#10274),.UNSPECIFIED.,
  .F.,.F.,(2,2),(78.74,141.732),.PIECEWISE_BEZIER_KNOTS.);
#10273 = CARTESIAN_POINT('',(4.166837145422,-78.74));
#10274 = CARTESIAN_POINT('',(4.166837145422,-141.732));
#10275 = ( GEOMETRIC_REPRESENTATION_CONTEXT(2) 
PARAMETRIC_REPRESENTATION_CONTEXT() REPRESENTATION_CONTEXT('2D SPACE',''
  ) );
#10276 = ORIENTED_EDGE('',*,*,#8647,.T.);
#10277 = ORIENTED_EDGE('',*,*,#10235,.F.);
#10278 = ADVANCED_FACE('',(#10279),#7402,.T.);
#10279 = FACE_BOUND('',#10280,.T.);
#10280 = EDGE_LOOP('',(#10281,#10282,#10300,#10301));
#10281 = ORIENTED_EDGE('',*,*,#7388,.F.);
#10282 = ORIENTED_EDGE('',*,*,#10283,.T.);
#10283 = EDGE_CURVE('',#7364,#8608,#10284,.T.);
#10284 = SURFACE_CURVE('',#10285,(#10288,#10294),.PCURVE_S1.);
#10285 = B_SPLINE_CURVE_WITH_KNOTS('',1,(#10286,#10287),.UNSPECIFIED.,
  .F.,.F.,(2,2),(78.74,141.732),.PIECEWISE_BEZIER_KNOTS.);
#10286 = CARTESIAN_POINT('',(79.202512366678,-78.97834526143,
    28.400060960122));
#10287 = CARTESIAN_POINT('',(79.202512366678,-78.97834526143,
    30.000060960122));
#10288 = PCURVE('',#7402,#10289);
#10289 = DEFINITIONAL_REPRESENTATION('',(#10290),#10293);
#10290 = B_SPLINE_CURVE_WITH_KNOTS('',1,(#10291,#10292),.UNSPECIFIED.,
  .F.,.F.,(2,2),(78.74,141.732),.PIECEWISE_BEZIER_KNOTS.);
#10291 = CARTESIAN_POINT('',(0.,-78.74));
#10292 = CARTESIAN_POINT('',(0.,-141.732));
#10293 = ( GEOMETRIC_REPRESENTATION_CONTEXT(2) 
PARAMETRIC_REPRESENTATION_CONTEXT() REPRESENTATION_CONTEXT('2D SPACE',''
  ) );
#10294 = PCURVE('',#7377,#10295);
#10295 = DEFINITIONAL_REPRESENTATION('',(#10296),#10299);
#10296 = B_SPLINE_CURVE_WITH_KNOTS('',1,(#10297,#10298),.UNSPECIFIED.,
  .F.,.F.,(2,2),(78.74,141.732),.PIECEWISE_BEZIER_KNOTS.);
#10297 = CARTESIAN_POINT('',(4.166837145422,-78.74));
#10298 = CARTESIAN_POINT('',(4.166837145422,-141.732));
#10299 = ( GEOMETRIC_REPRESENTATION_CONTEXT(2) 
PARAMETRIC_REPRESENTATION_CONTEXT() REPRESENTATION_CONTEXT('2D SPACE',''
  ) );
#10300 = ORIENTED_EDGE('',*,*,#8627,.T.);
#10301 = ORIENTED_EDGE('',*,*,#10259,.F.);
#10302 = ADVANCED_FACE('',(#10303),#7377,.T.);
#10303 = FACE_BOUND('',#10304,.T.);
#10304 = EDGE_LOOP('',(#10305,#10306,#10324,#10325));
#10305 = ORIENTED_EDGE('',*,*,#7363,.F.);
#10306 = ORIENTED_EDGE('',*,*,#10307,.T.);
#10307 = EDGE_CURVE('',#7339,#8588,#10308,.T.);
#10308 = SURFACE_CURVE('',#10309,(#10312,#10318),.PCURVE_S1.);
#10309 = B_SPLINE_CURVE_WITH_KNOTS('',1,(#10310,#10311),.UNSPECIFIED.,
  .F.,.F.,(2,2),(78.74,141.732),.PIECEWISE_BEZIER_KNOTS.);
#10310 = CARTESIAN_POINT('',(79.266463462245,-78.89401310151,
    28.400060960122));
#10311 = CARTESIAN_POINT('',(79.266463462245,-78.89401310151,
    30.000060960122));
#10312 = PCURVE('',#7377,#10313);
#10313 = DEFINITIONAL_REPRESENTATION('',(#10314),#10317);
#10314 = B_SPLINE_CURVE_WITH_KNOTS('',1,(#10315,#10316),.UNSPECIFIED.,
  .F.,.F.,(2,2),(78.74,141.732),.PIECEWISE_BEZIER_KNOTS.);
#10315 = CARTESIAN_POINT('',(0.,-78.74));
#10316 = CARTESIAN_POINT('',(0.,-141.732));
#10317 = ( GEOMETRIC_REPRESENTATION_CONTEXT(2) 
PARAMETRIC_REPRESENTATION_CONTEXT() REPRESENTATION_CONTEXT('2D SPACE',''
  ) );
#10318 = PCURVE('',#7352,#10319);
#10319 = DEFINITIONAL_REPRESENTATION('',(#10320),#10323);
#10320 = B_SPLINE_CURVE_WITH_KNOTS('',1,(#10321,#10322),.UNSPECIFIED.,
  .F.,.F.,(2,2),(78.74,141.732),.PIECEWISE_BEZIER_KNOTS.);
#10321 = CARTESIAN_POINT('',(4.166837145422,-78.74));
#10322 = CARTESIAN_POINT('',(4.166837145422,-141.732));
#10323 = ( GEOMETRIC_REPRESENTATION_CONTEXT(2) 
PARAMETRIC_REPRESENTATION_CONTEXT() REPRESENTATION_CONTEXT('2D SPACE',''
  ) );
#10324 = ORIENTED_EDGE('',*,*,#8607,.T.);
#10325 = ORIENTED_EDGE('',*,*,#10283,.F.);
#10326 = ADVANCED_FACE('',(#10327),#7352,.T.);
#10327 = FACE_BOUND('',#10328,.T.);
#10328 = EDGE_LOOP('',(#10329,#10330,#10348,#10349));
#10329 = ORIENTED_EDGE('',*,*,#7338,.F.);
#10330 = ORIENTED_EDGE('',*,*,#10331,.T.);
#10331 = EDGE_CURVE('',#7314,#8568,#10332,.T.);
#10332 = SURFACE_CURVE('',#10333,(#10336,#10342),.PCURVE_S1.);
#10333 = B_SPLINE_CURVE_WITH_KNOTS('',1,(#10334,#10335),.UNSPECIFIED.,
  .F.,.F.,(2,2),(78.74,141.732),.PIECEWISE_BEZIER_KNOTS.);
#10334 = CARTESIAN_POINT('',(79.324510442931,-78.80551336223,
    28.400060960122));
#10335 = CARTESIAN_POINT('',(79.324510442931,-78.80551336223,
    30.000060960122));
#10336 = PCURVE('',#7352,#10337);
#10337 = DEFINITIONAL_REPRESENTATION('',(#10338),#10341);
#10338 = B_SPLINE_CURVE_WITH_KNOTS('',1,(#10339,#10340),.UNSPECIFIED.,
  .F.,.F.,(2,2),(78.74,141.732),.PIECEWISE_BEZIER_KNOTS.);
#10339 = CARTESIAN_POINT('',(0.,-78.74));
#10340 = CARTESIAN_POINT('',(0.,-141.732));
#10341 = ( GEOMETRIC_REPRESENTATION_CONTEXT(2) 
PARAMETRIC_REPRESENTATION_CONTEXT() REPRESENTATION_CONTEXT('2D SPACE',''
  ) );
#10342 = PCURVE('',#7327,#10343);
#10343 = DEFINITIONAL_REPRESENTATION('',(#10344),#10347);
#10344 = B_SPLINE_CURVE_WITH_KNOTS('',1,(#10345,#10346),.UNSPECIFIED.,
  .F.,.F.,(2,2),(78.74,141.732),.PIECEWISE_BEZIER_KNOTS.);
#10345 = CARTESIAN_POINT('',(4.166837145422,-78.74));
#10346 = CARTESIAN_POINT('',(4.166837145422,-141.732));
#10347 = ( GEOMETRIC_REPRESENTATION_CONTEXT(2) 
PARAMETRIC_REPRESENTATION_CONTEXT() REPRESENTATION_CONTEXT('2D SPACE',''
  ) );
#10348 = ORIENTED_EDGE('',*,*,#8587,.T.);
#10349 = ORIENTED_EDGE('',*,*,#10307,.F.);
#10350 = ADVANCED_FACE('',(#10351),#7327,.T.);
#10351 = FACE_BOUND('',#10352,.T.);
#10352 = EDGE_LOOP('',(#10353,#10354,#10372,#10373));
#10353 = ORIENTED_EDGE('',*,*,#7313,.F.);
#10354 = ORIENTED_EDGE('',*,*,#10355,.T.);
#10355 = EDGE_CURVE('',#7289,#8548,#10356,.T.);
#10356 = SURFACE_CURVE('',#10357,(#10360,#10366),.PCURVE_S1.);
#10357 = B_SPLINE_CURVE_WITH_KNOTS('',1,(#10358,#10359),.UNSPECIFIED.,
  .F.,.F.,(2,2),(78.74,141.732),.PIECEWISE_BEZIER_KNOTS.);
#10358 = CARTESIAN_POINT('',(79.376382666916,-78.71325867021,
    28.400060960122));
#10359 = CARTESIAN_POINT('',(79.376382666916,-78.71325867021,
    30.000060960122));
#10360 = PCURVE('',#7327,#10361);
#10361 = DEFINITIONAL_REPRESENTATION('',(#10362),#10365);
#10362 = B_SPLINE_CURVE_WITH_KNOTS('',1,(#10363,#10364),.UNSPECIFIED.,
  .F.,.F.,(2,2),(78.74,141.732),.PIECEWISE_BEZIER_KNOTS.);
#10363 = CARTESIAN_POINT('',(0.,-78.74));
#10364 = CARTESIAN_POINT('',(0.,-141.732));
#10365 = ( GEOMETRIC_REPRESENTATION_CONTEXT(2) 
PARAMETRIC_REPRESENTATION_CONTEXT() REPRESENTATION_CONTEXT('2D SPACE',''
  ) );
#10366 = PCURVE('',#7302,#10367);
#10367 = DEFINITIONAL_REPRESENTATION('',(#10368),#10371);
#10368 = B_SPLINE_CURVE_WITH_KNOTS('',1,(#10369,#10370),.UNSPECIFIED.,
  .F.,.F.,(2,2),(78.74,141.732),.PIECEWISE_BEZIER_KNOTS.);
#10369 = CARTESIAN_POINT('',(4.166837145422,-78.74));
#10370 = CARTESIAN_POINT('',(4.166837145422,-141.732));
#10371 = ( GEOMETRIC_REPRESENTATION_CONTEXT(2) 
PARAMETRIC_REPRESENTATION_CONTEXT() REPRESENTATION_CONTEXT('2D SPACE',''
  ) );
#10372 = ORIENTED_EDGE('',*,*,#8567,.T.);
#10373 = ORIENTED_EDGE('',*,*,#10331,.F.);
#10374 = ADVANCED_FACE('',(#10375),#7302,.T.);
#10375 = FACE_BOUND('',#10376,.T.);
#10376 = EDGE_LOOP('',(#10377,#10378,#10396,#10397));
#10377 = ORIENTED_EDGE('',*,*,#7288,.F.);
#10378 = ORIENTED_EDGE('',*,*,#10379,.T.);
#10379 = EDGE_CURVE('',#7264,#8528,#10380,.T.);
#10380 = SURFACE_CURVE('',#10381,(#10384,#10390),.PCURVE_S1.);
#10381 = B_SPLINE_CURVE_WITH_KNOTS('',1,(#10382,#10383),.UNSPECIFIED.,
  .F.,.F.,(2,2),(78.74,141.732),.PIECEWISE_BEZIER_KNOTS.);
#10382 = CARTESIAN_POINT('',(79.421838281947,-78.61767915942,
    28.400060960122));
#10383 = CARTESIAN_POINT('',(79.421838281947,-78.61767915942,
    30.000060960122));
#10384 = PCURVE('',#7302,#10385);
#10385 = DEFINITIONAL_REPRESENTATION('',(#10386),#10389);
#10386 = B_SPLINE_CURVE_WITH_KNOTS('',1,(#10387,#10388),.UNSPECIFIED.,
  .F.,.F.,(2,2),(78.74,141.732),.PIECEWISE_BEZIER_KNOTS.);
#10387 = CARTESIAN_POINT('',(0.,-78.74));
#10388 = CARTESIAN_POINT('',(0.,-141.732));
#10389 = ( GEOMETRIC_REPRESENTATION_CONTEXT(2) 
PARAMETRIC_REPRESENTATION_CONTEXT() REPRESENTATION_CONTEXT('2D SPACE',''
  ) );
#10390 = PCURVE('',#7277,#10391);
#10391 = DEFINITIONAL_REPRESENTATION('',(#10392),#10395);
#10392 = B_SPLINE_CURVE_WITH_KNOTS('',1,(#10393,#10394),.UNSPECIFIED.,
  .F.,.F.,(2,2),(78.74,141.732),.PIECEWISE_BEZIER_KNOTS.);
#10393 = CARTESIAN_POINT('',(4.166837145422,-78.74));
#10394 = CARTESIAN_POINT('',(4.166837145422,-141.732));
#10395 = ( GEOMETRIC_REPRESENTATION_CONTEXT(2) 
PARAMETRIC_REPRESENTATION_CONTEXT() REPRESENTATION_CONTEXT('2D SPACE',''
  ) );
#10396 = ORIENTED_EDGE('',*,*,#8547,.T.);
#10397 = ORIENTED_EDGE('',*,*,#10355,.F.);
#10398 = ADVANCED_FACE('',(#10399),#7277,.T.);
#10399 = FACE_BOUND('',#10400,.T.);
#10400 = EDGE_LOOP('',(#10401,#10402,#10420,#10421));
#10401 = ORIENTED_EDGE('',*,*,#7263,.F.);
#10402 = ORIENTED_EDGE('',*,*,#10403,.T.);
#10403 = EDGE_CURVE('',#7239,#8508,#10404,.T.);
#10404 = SURFACE_CURVE('',#10405,(#10408,#10414),.PCURVE_S1.);
#10405 = B_SPLINE_CURVE_WITH_KNOTS('',1,(#10406,#10407),.UNSPECIFIED.,
  .F.,.F.,(2,2),(78.74,141.732),.PIECEWISE_BEZIER_KNOTS.);
#10406 = CARTESIAN_POINT('',(79.460665352963,-78.51922046566,
    28.400060960122));
#10407 = CARTESIAN_POINT('',(79.460665352963,-78.51922046566,
    30.000060960122));
#10408 = PCURVE('',#7277,#10409);
#10409 = DEFINITIONAL_REPRESENTATION('',(#10410),#10413);
#10410 = B_SPLINE_CURVE_WITH_KNOTS('',1,(#10411,#10412),.UNSPECIFIED.,
  .F.,.F.,(2,2),(78.74,141.732),.PIECEWISE_BEZIER_KNOTS.);
#10411 = CARTESIAN_POINT('',(0.,-78.74));
#10412 = CARTESIAN_POINT('',(0.,-141.732));
#10413 = ( GEOMETRIC_REPRESENTATION_CONTEXT(2) 
PARAMETRIC_REPRESENTATION_CONTEXT() REPRESENTATION_CONTEXT('2D SPACE',''
  ) );
#10414 = PCURVE('',#7252,#10415);
#10415 = DEFINITIONAL_REPRESENTATION('',(#10416),#10419);
#10416 = B_SPLINE_CURVE_WITH_KNOTS('',1,(#10417,#10418),.UNSPECIFIED.,
  .F.,.F.,(2,2),(78.74,141.732),.PIECEWISE_BEZIER_KNOTS.);
#10417 = CARTESIAN_POINT('',(4.166837145422,-78.74));
#10418 = CARTESIAN_POINT('',(4.166837145422,-141.732));
#10419 = ( GEOMETRIC_REPRESENTATION_CONTEXT(2) 
PARAMETRIC_REPRESENTATION_CONTEXT() REPRESENTATION_CONTEXT('2D SPACE',''
  ) );
#10420 = ORIENTED_EDGE('',*,*,#8527,.T.);
#10421 = ORIENTED_EDGE('',*,*,#10379,.F.);
#10422 = ADVANCED_FACE('',(#10423),#7252,.T.);
#10423 = FACE_BOUND('',#10424,.T.);
#10424 = EDGE_LOOP('',(#10425,#10426,#10444,#10445));
#10425 = ORIENTED_EDGE('',*,*,#7238,.F.);
#10426 = ORIENTED_EDGE('',*,*,#10427,.T.);
#10427 = EDGE_CURVE('',#7214,#8488,#10428,.T.);
#10428 = SURFACE_CURVE('',#10429,(#10432,#10438),.PCURVE_S1.);
#10429 = B_SPLINE_CURVE_WITH_KNOTS('',1,(#10430,#10431),.UNSPECIFIED.,
  .F.,.F.,(2,2),(78.74,141.732),.PIECEWISE_BEZIER_KNOTS.);
#10430 = CARTESIAN_POINT('',(79.492682850236,-78.41834164881,
    28.400060960122));
#10431 = CARTESIAN_POINT('',(79.492682850236,-78.41834164881,
    30.000060960122));
#10432 = PCURVE('',#7252,#10433);
#10433 = DEFINITIONAL_REPRESENTATION('',(#10434),#10437);
#10434 = B_SPLINE_CURVE_WITH_KNOTS('',1,(#10435,#10436),.UNSPECIFIED.,
  .F.,.F.,(2,2),(78.74,141.732),.PIECEWISE_BEZIER_KNOTS.);
#10435 = CARTESIAN_POINT('',(0.,-78.74));
#10436 = CARTESIAN_POINT('',(0.,-141.732));
#10437 = ( GEOMETRIC_REPRESENTATION_CONTEXT(2) 
PARAMETRIC_REPRESENTATION_CONTEXT() REPRESENTATION_CONTEXT('2D SPACE',''
  ) );
#10438 = PCURVE('',#7227,#10439);
#10439 = DEFINITIONAL_REPRESENTATION('',(#10440),#10443);
#10440 = B_SPLINE_CURVE_WITH_KNOTS('',1,(#10441,#10442),.UNSPECIFIED.,
  .F.,.F.,(2,2),(78.74,141.732),.PIECEWISE_BEZIER_KNOTS.);
#10441 = CARTESIAN_POINT('',(4.166837145422,-78.74));
#10442 = CARTESIAN_POINT('',(4.166837145422,-141.732));
#10443 = ( GEOMETRIC_REPRESENTATION_CONTEXT(2) 
PARAMETRIC_REPRESENTATION_CONTEXT() REPRESENTATION_CONTEXT('2D SPACE',''
  ) );
#10444 = ORIENTED_EDGE('',*,*,#8507,.T.);
#10445 = ORIENTED_EDGE('',*,*,#10403,.F.);
#10446 = ADVANCED_FACE('',(#10447),#7227,.T.);
#10447 = FACE_BOUND('',#10448,.T.);
#10448 = EDGE_LOOP('',(#10449,#10450,#10468,#10469));
#10449 = ORIENTED_EDGE('',*,*,#7213,.F.);
#10450 = ORIENTED_EDGE('',*,*,#10451,.T.);
#10451 = EDGE_CURVE('',#7189,#8468,#10452,.T.);
#10452 = SURFACE_CURVE('',#10453,(#10456,#10462),.PCURVE_S1.);
#10453 = B_SPLINE_CURVE_WITH_KNOTS('',1,(#10454,#10455),.UNSPECIFIED.,
  .F.,.F.,(2,2),(78.74,141.732),.PIECEWISE_BEZIER_KNOTS.);
#10454 = CARTESIAN_POINT('',(79.517741493414,-78.31551305249,
    28.400060960122));
#10455 = CARTESIAN_POINT('',(79.517741493414,-78.31551305249,
    30.000060960122));
#10456 = PCURVE('',#7227,#10457);
#10457 = DEFINITIONAL_REPRESENTATION('',(#10458),#10461);
#10458 = B_SPLINE_CURVE_WITH_KNOTS('',1,(#10459,#10460),.UNSPECIFIED.,
  .F.,.F.,(2,2),(78.74,141.732),.PIECEWISE_BEZIER_KNOTS.);
#10459 = CARTESIAN_POINT('',(0.,-78.74));
#10460 = CARTESIAN_POINT('',(0.,-141.732));
#10461 = ( GEOMETRIC_REPRESENTATION_CONTEXT(2) 
PARAMETRIC_REPRESENTATION_CONTEXT() REPRESENTATION_CONTEXT('2D SPACE',''
  ) );
#10462 = PCURVE('',#7202,#10463);
#10463 = DEFINITIONAL_REPRESENTATION('',(#10464),#10467);
#10464 = B_SPLINE_CURVE_WITH_KNOTS('',1,(#10465,#10466),.UNSPECIFIED.,
  .F.,.F.,(2,2),(78.74,141.732),.PIECEWISE_BEZIER_KNOTS.);
#10465 = CARTESIAN_POINT('',(4.166837145422,-78.74));
#10466 = CARTESIAN_POINT('',(4.166837145422,-141.732));
#10467 = ( GEOMETRIC_REPRESENTATION_CONTEXT(2) 
PARAMETRIC_REPRESENTATION_CONTEXT() REPRESENTATION_CONTEXT('2D SPACE',''
  ) );
#10468 = ORIENTED_EDGE('',*,*,#8487,.T.);
#10469 = ORIENTED_EDGE('',*,*,#10427,.F.);
#10470 = ADVANCED_FACE('',(#10471),#7202,.T.);
#10471 = FACE_BOUND('',#10472,.T.);
#10472 = EDGE_LOOP('',(#10473,#10474,#10492,#10493));
#10473 = ORIENTED_EDGE('',*,*,#7188,.F.);
#10474 = ORIENTED_EDGE('',*,*,#10475,.T.);
#10475 = EDGE_CURVE('',#7164,#8448,#10476,.T.);
#10476 = SURFACE_CURVE('',#10477,(#10480,#10486),.PCURVE_S1.);
#10477 = B_SPLINE_CURVE_WITH_KNOTS('',1,(#10478,#10479),.UNSPECIFIED.,
  .F.,.F.,(2,2),(78.74,141.732),.PIECEWISE_BEZIER_KNOTS.);
#10478 = CARTESIAN_POINT('',(79.535724447535,-78.21121411106,
    28.400060960122));
#10479 = CARTESIAN_POINT('',(79.535724447535,-78.21121411106,
    30.000060960122));
#10480 = PCURVE('',#7202,#10481);
#10481 = DEFINITIONAL_REPRESENTATION('',(#10482),#10485);
#10482 = B_SPLINE_CURVE_WITH_KNOTS('',1,(#10483,#10484),.UNSPECIFIED.,
  .F.,.F.,(2,2),(78.74,141.732),.PIECEWISE_BEZIER_KNOTS.);
#10483 = CARTESIAN_POINT('',(0.,-78.74));
#10484 = CARTESIAN_POINT('',(0.,-141.732));
#10485 = ( GEOMETRIC_REPRESENTATION_CONTEXT(2) 
PARAMETRIC_REPRESENTATION_CONTEXT() REPRESENTATION_CONTEXT('2D SPACE',''
  ) );
#10486 = PCURVE('',#7177,#10487);
#10487 = DEFINITIONAL_REPRESENTATION('',(#10488),#10491);
#10488 = B_SPLINE_CURVE_WITH_KNOTS('',1,(#10489,#10490),.UNSPECIFIED.,
  .F.,.F.,(2,2),(78.74,141.732),.PIECEWISE_BEZIER_KNOTS.);
#10489 = CARTESIAN_POINT('',(4.166837145422,-78.74));
#10490 = CARTESIAN_POINT('',(4.166837145422,-141.732));
#10491 = ( GEOMETRIC_REPRESENTATION_CONTEXT(2) 
PARAMETRIC_REPRESENTATION_CONTEXT() REPRESENTATION_CONTEXT('2D SPACE',''
  ) );
#10492 = ORIENTED_EDGE('',*,*,#8467,.T.);
#10493 = ORIENTED_EDGE('',*,*,#10451,.F.);
#10494 = ADVANCED_FACE('',(#10495),#7177,.T.);
#10495 = FACE_BOUND('',#10496,.T.);
#10496 = EDGE_LOOP('',(#10497,#10498,#10516,#10517));
#10497 = ORIENTED_EDGE('',*,*,#7163,.F.);
#10498 = ORIENTED_EDGE('',*,*,#10499,.T.);
#10499 = EDGE_CURVE('',#7139,#8428,#10500,.T.);
#10500 = SURFACE_CURVE('',#10501,(#10504,#10510),.PCURVE_S1.);
#10501 = B_SPLINE_CURVE_WITH_KNOTS('',1,(#10502,#10503),.UNSPECIFIED.,
  .F.,.F.,(2,2),(78.74,141.732),.PIECEWISE_BEZIER_KNOTS.);
#10502 = CARTESIAN_POINT('',(79.546547867765,-78.10593111436,
    28.400060960122));
#10503 = CARTESIAN_POINT('',(79.546547867765,-78.10593111436,
    30.000060960122));
#10504 = PCURVE('',#7177,#10505);
#10505 = DEFINITIONAL_REPRESENTATION('',(#10506),#10509);
#10506 = B_SPLINE_CURVE_WITH_KNOTS('',1,(#10507,#10508),.UNSPECIFIED.,
  .F.,.F.,(2,2),(78.74,141.732),.PIECEWISE_BEZIER_KNOTS.);
#10507 = CARTESIAN_POINT('',(0.,-78.74));
#10508 = CARTESIAN_POINT('',(0.,-141.732));
#10509 = ( GEOMETRIC_REPRESENTATION_CONTEXT(2) 
PARAMETRIC_REPRESENTATION_CONTEXT() REPRESENTATION_CONTEXT('2D SPACE',''
  ) );
#10510 = PCURVE('',#7152,#10511);
#10511 = DEFINITIONAL_REPRESENTATION('',(#10512),#10515);
#10512 = B_SPLINE_CURVE_WITH_KNOTS('',1,(#10513,#10514),.UNSPECIFIED.,
  .F.,.F.,(2,2),(78.74,141.732),.PIECEWISE_BEZIER_KNOTS.);
#10513 = CARTESIAN_POINT('',(4.166837145422,-78.74));
#10514 = CARTESIAN_POINT('',(4.166837145422,-141.732));
#10515 = ( GEOMETRIC_REPRESENTATION_CONTEXT(2) 
PARAMETRIC_REPRESENTATION_CONTEXT() REPRESENTATION_CONTEXT('2D SPACE',''
  ) );
#10516 = ORIENTED_EDGE('',*,*,#8447,.T.);
#10517 = ORIENTED_EDGE('',*,*,#10475,.F.);
#10518 = ADVANCED_FACE('',(#10519),#7152,.T.);
#10519 = FACE_BOUND('',#10520,.T.);
#10520 = EDGE_LOOP('',(#10521,#10522,#10523,#10524));
#10521 = ORIENTED_EDGE('',*,*,#7138,.F.);
#10522 = ORIENTED_EDGE('',*,*,#8356,.T.);
#10523 = ORIENTED_EDGE('',*,*,#8427,.T.);
#10524 = ORIENTED_EDGE('',*,*,#10499,.F.);
#10525 = ( GEOMETRIC_REPRESENTATION_CONTEXT(3) 
GLOBAL_UNCERTAINTY_ASSIGNED_CONTEXT((#10529)) 
GLOBAL_UNIT_ASSIGNED_CONTEXT((#10526,#10527,#10528)) 
REPRESENTATION_CONTEXT('Context #1',
  '3D Context with UNIT and UNCERTAINTY') );
#10526 = ( LENGTH_UNIT() NAMED_UNIT(*) SI_UNIT(.MILLI.,.METRE.) );
#10527 = ( NAMED_UNIT(*) PLANE_ANGLE_UNIT() SI_UNIT($,.RADIAN.) );
#10528 = ( NAMED_UNIT(*) SI_UNIT($,.STERADIAN.) SOLID_ANGLE_UNIT() );
#10529 = UNCERTAINTY_MEASURE_WITH_UNIT(LENGTH_MEASURE(2.E-05),#10526,
  'distance_accuracy_value','confusion accuracy');
#10530 = PRODUCT_RELATED_PRODUCT_CATEGORY('part',$,(#7));
ENDSEC;
END-ISO-10303-21;
