ISO-10303-21;
HEADER;
FILE_DESCRIPTION (( 'STEP AP203' ),
    '1' );
FILE_NAME ('3dshell_control_pcb_top.STEP',
    '2026-02-27T03:53:39',
    ( '' ),
    ( '' ),
    'SwSTEP 2.0',
    'SolidWorks 2024',
    '' );
FILE_SCHEMA (( 'CONFIG_CONTROL_DESIGN' ));
ENDSEC;

DATA;
#1 = CARTESIAN_POINT ( 'NONE',  ( 78.55335230006940606, -81.10006750632193473, 26.38006096012194135 ) ) ;
#2 = CARTESIAN_POINT ( 'NONE',  ( 1.808692575501642086, -81.12903379616214750, 26.78806096012199234 ) ) ;
#3 = CARTESIAN_POINT ( 'NONE',  ( 80.44205462582331734, 2.078758377835551396, 30.00006096012200629 ) ) ;
#4 = CARTESIAN_POINT ( 'NONE',  ( 82.37784950062358291, -0.1562394849472318048, 30.03606096012204674 ) ) ;
#5 = CARTESIAN_POINT ( 'NONE',  ( -1.958834609916534797, 0.4581742638717755667, 27.09846096012201855 ) ) ;
#6 = CARTESIAN_POINT ( 'NONE',  ( -0.2618770706896241807, -80.19379984505216896, 26.38006096012198043 ) ) ;
#7 = CARTESIAN_POINT ( 'NONE',  ( 81.01610639702091987, -78.80763564652605169, 26.78806096012199234 ) ) ;
#8 = CARTESIAN_POINT ( 'NONE',  ( -1.150003810007999894, -78.00015494030999719, 27.06672762678866917 ) ) ;
#9 = CARTESIAN_POINT ( 'NONE',  ( -1.122623288617685677, -78.41435095507630137, 28.40006096012200487 ) ) ;
#10 = CARTESIAN_POINT ( 'NONE',  ( 80.25594134946192071, -80.12352816711441506, 27.60406096012201260 ) ) ;
#11 = CARTESIAN_POINT ( 'NONE',  ( 0.4756342186692282814, -80.75499855627812451, 28.40006096012201553 ) ) ;
#12 = CARTESIAN_POINT ( 'NONE',  ( 81.09622430178362151, 1.477562383559738901, 29.30166096012202814 ) ) ;
#13 = CARTESIAN_POINT ( 'NONE',  ( -1.130616823598781240, -78.21556415820504071, 26.78806096012198168 ) ) ;
#14 = CARTESIAN_POINT ( 'NONE',  ( -0.2726664682106207938, 2.171888559979441524, 30.03606096012205029 ) ) ;
#15 = CARTESIAN_POINT ( 'NONE',  ( 77.91113366088441694, 2.754090970043303166, 26.36406096012199285 ) ) ;
#16 = CARTESIAN_POINT ( 'NONE',  ( 79.23945225332724362, 2.592977842366005259, 26.40006096012199421 ) ) ;
#17 = CARTESIAN_POINT ( 'NONE',  ( 78.95901729819969717, -80.98030389908281279, 26.78806096012196747 ) ) ;
#18 = CARTESIAN_POINT ( 'NONE',  ( 1.808759105382953258, -81.12896726625446320, 28.01206096012199964 ) ) ;
#19 = CARTESIAN_POINT ( 'NONE',  ( 82.32903054903245277, -0.03566117042121488140, 30.00006096012201340 ) ) ;
#20 = CARTESIAN_POINT ( 'NONE',  ( 82.44916019923331874, -0.4986948494254118680, 29.30166096012204591 ) ) ;
#21 = EDGE_CURVE ( 'NONE', #2814, #1840, #3211, .T. ) ;
#22 = CARTESIAN_POINT ( 'NONE',  ( -1.932736132627900005, 0.4315204385102696660, 28.56726096012202021 ) ) ;
#23 = CARTESIAN_POINT ( 'NONE',  ( 80.02144257925540671, -80.41534126897816748, 28.40006096012202619 ) ) ;
#24 = CARTESIAN_POINT ( 'NONE',  ( -0.2937345483850045125, -80.08207729528680829, 27.19606096012198648 ) ) ;
#25 = CARTESIAN_POINT ( 'NONE',  ( 81.10065049500003909, -78.41141931141986277, 27.60406096012202326 ) ) ;
#26 = CARTESIAN_POINT ( 'NONE',  ( 78.04922625843771300, -81.14818586815729873, 28.40006096012198356 ) ) ;
#27 = APPLICATION_CONTEXT ( 'configuration controlled 3d designs of mechanical parts and assemblies' ) ;
#28 = DIRECTION ( 'NONE',  ( -1.000000000000000000, 0.000000000000000000, 0.000000000000000000 ) ) ;
#29 = CARTESIAN_POINT ( 'NONE',  ( -1.082095122035518386, -78.65650515997231196, 28.40006096012200487 ) ) ;
#30 = CARTESIAN_POINT ( 'NONE',  ( 80.03895259040830013, -80.40201839526592664, 26.38006096012195911 ) ) ;
#31 = AXIS2_PLACEMENT_3D ( 'NONE', #303, #3356, #1673 ) ;
#32 = CARTESIAN_POINT ( 'NONE',  ( 80.83936455600446891, 1.629802507090797548, 27.83286096012201583 ) ) ;
#33 = CARTESIAN_POINT ( 'NONE',  ( -0.8523843444004691738, -79.33293403369187047, 28.40006096012199421 ) ) ;
#34 = CARTESIAN_POINT ( 'NONE',  ( -1.102941770562742008, -78.39466943706268864, 27.19606096012198648 ) ) ;
#35 = CARTESIAN_POINT ( 'NONE',  ( 0.2404289027364404363, 2.296305758150900544, 27.83286096012201583 ) ) ;
#36 = CARTESIAN_POINT ( 'NONE',  ( 77.99331064713696549, 2.751536989701691027, 27.83286096012201583 ) ) ;
#37 = CARTESIAN_POINT ( 'NONE',  ( 79.98393143898975666, 2.312198652913254104, 26.40006096012199421 ) ) ;
#38 = CARTESIAN_POINT ( 'NONE',  ( 79.37275238052855286, -80.83503633646209607, 26.38006096012195911 ) ) ;
#39 = CARTESIAN_POINT ( 'NONE',  ( 0.5086414358825207538, -80.72199133905392898, 27.60406096012199129 ) ) ;
#40 = PLANE ( 'NONE',  #1132 ) ;
#41 = CARTESIAN_POINT ( 'NONE',  ( 82.37785013189085248, -0.1562388402495286099, 26.36406096012198219 ) ) ;
#42 = CARTESIAN_POINT ( 'NONE',  ( -2.090951349809808679, 0.4153144098154586406, 30.03606096012202897 ) ) ;
#43 = CARTESIAN_POINT ( 'NONE',  ( 80.64456710091565128, -79.70896134649187559, 28.40006096012202264 ) ) ;
#44 = CARTESIAN_POINT ( 'NONE',  ( -0.4816143198958739990, -79.94160463229493985, 28.42006096012199734 ) ) ;
#45 = CARTESIAN_POINT ( 'NONE',  ( 81.14784880494026709, -78.04896534963948795, 28.42006096012206839 ) ) ;
#46 = CARTESIAN_POINT ( 'NONE',  ( 80.11869793645327320, -80.33051266626578979, 26.40006096012198356 ) ) ;
#47 = CARTESIAN_POINT ( 'NONE',  ( -2.753226564566344958, -1.934167650972777430, 28.56726096012202021 ) ) ;
#48 = DIRECTION ( 'NONE',  ( -0.000000000000000000, 1.000000000000000000, 0.000000000000000000 ) ) ;
#49 = CARTESIAN_POINT ( 'NONE',  ( 80.13133521981674789, -80.27135994133728047, 28.01206096012203872 ) ) ;
#50 = CARTESIAN_POINT ( 'NONE',  ( 0.2911961338151813350, -80.64456710091263858, 28.40006096012201198 ) ) ;
#51 = EDGE_CURVE ( 'NONE', #2635, #371, #804, .T. ) ;
#52 = VERTEX_POINT ( 'NONE', #2925 ) ;
#53 = CARTESIAN_POINT ( 'NONE',  ( 80.81262910766582763, 1.829294605115650008, 26.36406096012198930 ) ) ;
#54 = CARTESIAN_POINT ( 'NONE',  ( -1.145263482753862139, -78.16071759025885513, 28.42006096012199734 ) ) ;
#55 = CARTESIAN_POINT ( 'NONE',  ( -0.1769935022330426933, 2.074179774928126108, 27.83286096012202648 ) ) ;
#56 = CARTESIAN_POINT ( 'NONE',  ( 81.14997025329198266, -77.99996390327906681, 26.40006096012199421 ) ) ;
#57 = DIRECTION ( 'NONE',  ( 1.000000000000000000, 0.000000000000000000, 0.000000000000000000 ) ) ;
#58 = CARTESIAN_POINT ( 'NONE',  ( 79.57907579596061964, -80.69110133117790440, 28.01206096012202451 ) ) ;
#59 = CARTESIAN_POINT ( 'NONE',  ( 0.8968722742431461947, -80.90462340775042094, 27.19606096012199004 ) ) ;
#60 = CARTESIAN_POINT ( 'NONE',  ( -2.599384253682245571, -0.8250946793432947235, 26.40006096012200132 ) ) ;
#61 = ORIENTED_EDGE ( 'NONE', *, *, #2348, .F. ) ;
#62 = CARTESIAN_POINT ( 'NONE',  ( 82.67607832627881237, -1.164684157049932445, 26.36406096012199285 ) ) ;
#63 = CARTESIAN_POINT ( 'NONE',  ( -1.338811216199395915, 1.380031597449761005, 26.36406096012199285 ) ) ;
#64 = CARTESIAN_POINT ( 'NONE',  ( 80.34801364398208534, -80.09856598300416408, 28.40006096012202619 ) ) ;
#65 = CARTESIAN_POINT ( 'NONE',  ( -0.5696298293981130190, -79.82530339596867464, 28.42006096012197958 ) ) ;
#66 = CARTESIAN_POINT ( 'NONE',  ( -1.369729774520774157, 1.345319724388509774, 30.00006096012200274 ) ) ;
#67 = CARTESIAN_POINT ( 'NONE',  ( 36.00007239014500016, -20.00004064007999816, 26.40006096012200132 ) ) ;
#68 = CARTESIAN_POINT ( 'NONE',  ( -2.747709475007686919, -1.883330956021269209, 26.36406096012199285 ) ) ;
#69 = CARTESIAN_POINT ( 'NONE',  ( 82.74291824128971484, -1.793811783715570929, 26.40006096012199777 ) ) ;
#70 = CARTESIAN_POINT ( 'NONE',  ( 80.32545175308914054, -80.07600409215812931, 26.78806096012198878 ) ) ;
#71 = ORIENTED_EDGE ( 'NONE', *, *, #3358, .F. ) ;
#72 = CARTESIAN_POINT ( 'NONE',  ( 80.87119919770856313, 1.662314556111373243, 29.30166096012202814 ) ) ;
#73 = CARTESIAN_POINT ( 'NONE',  ( -1.123320276572995047, -78.41504794303152437, 28.42006096012199734 ) ) ;
#74 = CARTESIAN_POINT ( 'NONE',  ( 0.01368111992576764857, 2.314797727534796845, 26.36406096012199285 ) ) ;
#75 = CARTESIAN_POINT ( 'NONE',  ( 77.99213769174349409, 2.750339075236255315, 30.03606096012203963 ) ) ;
#76 = CARTESIAN_POINT ( 'NONE',  ( 79.55016129032298977, -1.900002540005000018, 30.00006096012200274 ) ) ;
#77 = CARTESIAN_POINT ( 'NONE',  ( 79.11986880836020930, -80.92152398278845737, 26.78806096012197102 ) ) ;
#78 = CARTESIAN_POINT ( 'NONE',  ( 0.6273905231571084151, -80.83505091309432089, 28.42006096012201866 ) ) ;
#79 = CARTESIAN_POINT ( 'NONE',  ( -2.269753938413563876, 0.07439778852355877214, 26.40006096012200132 ) ) ;
#80 = CARTESIAN_POINT ( 'NONE',  ( 82.48289778538536154, -0.7057217085633937792, 27.83286096012200872 ) ) ;
#81 = CARTESIAN_POINT ( 'NONE',  ( -0.5118299072249427040, -79.84851116961579010, 26.78806096012198168 ) ) ;
#82 = CARTESIAN_POINT ( 'NONE',  ( -2.509757312204230928, -0.5181360334266764678, 30.00006096012200629 ) ) ;
#83 = CARTESIAN_POINT ( 'NONE',  ( 79.33293403369776797, -80.85254182471220474, 28.40006096012201908 ) ) ;
#84 = CARTESIAN_POINT ( 'NONE',  ( 79.55016129032298977, -1.900002540005000018, 28.40006096012200132 ) ) ;
#85 = CARTESIAN_POINT ( 'NONE',  ( -2.739536362986924267, -1.835206800879043199, 27.83286096012202648 ) ) ;
#86 = CARTESIAN_POINT ( 'NONE',  ( 82.74484695654275868, -1.829262205778914741, 26.40006096012199777 ) ) ;
#87 = CARTESIAN_POINT ( 'NONE',  ( 80.43676511407085172, -79.91430112812471975, 27.60406096012200905 ) ) ;
#88 = ORIENTED_EDGE ( 'NONE', *, *, #3295, .F. ) ;
#89 = CARTESIAN_POINT ( 'NONE',  ( 80.61184881170174776, 1.804502868295861706, 27.83286096012201583 ) ) ;
#90 = CARTESIAN_POINT ( 'NONE',  ( -1.149792592473429131, -77.99994372295243750, 26.40006096012199777 ) ) ;
#91 = CARTESIAN_POINT ( 'NONE',  ( -0.1655553958434790585, 2.237006257410362853, 30.03606096012205029 ) ) ;
#92 = VECTOR ( 'NONE', #2593, 1000.000000000000000 ) ;
#93 = CARTESIAN_POINT ( 'NONE',  ( 78.14306544462731097, 2.731519199656183616, 28.56726096012200955 ) ) ;
#94 = AXIS2_PLACEMENT_3D ( 'NONE', #3000, #771, #1085 ) ;
#95 = CARTESIAN_POINT ( 'NONE',  ( 79.56175934552892670, -80.70243074443524733, 26.78806096012197457 ) ) ;
#96 = CARTESIAN_POINT ( 'NONE',  ( -2.026447837938198937, 0.5272262295529557274, 26.40006096012200132 ) ) ;
#97 = ADVANCED_FACE ( 'NONE', ( #2943 ), #1839, .F. ) ;
#98 = CARTESIAN_POINT ( 'NONE',  ( 82.51673632142995984, -0.8311568991571308684, 28.56726096012201666 ) ) ;
#99 = DIRECTION ( 'NONE',  ( 1.000000000000000000, 0.000000000000000000, 0.000000000000000000 ) ) ;
#100 = CARTESIAN_POINT ( 'NONE',  ( -0.4577729274210743382, -79.91776323981532926, 28.01206096012198543 ) ) ;
#101 = CARTESIAN_POINT ( 'NONE',  ( 81.15185622020078426, -77.93884974318999070, 26.38006096012200175 ) ) ;
#102 = CARTESIAN_POINT ( 'NONE',  ( 79.50714199022135631, -80.76497438022491338, 28.40006096012201908 ) ) ;
#103 = LINE ( 'NONE', #1174, #92 ) ;
#104 = CARTESIAN_POINT ( 'NONE',  ( -2.652732116249752359, -1.334136744812975728, 27.83286096012201583 ) ) ;
#105 = CARTESIAN_POINT ( 'NONE',  ( 80.51856971124171025, -79.83759603863892096, 26.78806096012198168 ) ) ;
#106 = ORIENTED_EDGE ( 'NONE', *, *, #2134, .T. ) ;
#107 = CARTESIAN_POINT ( 'NONE',  ( 81.66861973799150576, 0.8801938457915248204, 27.09846096012199723 ) ) ;
#108 = CARTESIAN_POINT ( 'NONE',  ( -1.148026097520639999, -78.04922371151468496, 26.40006096012201198 ) ) ;
#109 = CARTESIAN_POINT ( 'NONE',  ( 1.713877431400767648, 2.719816879889988659, 28.56726096012201310 ) ) ;
#110 = CARTESIAN_POINT ( 'NONE',  ( 79.52429264235284734, 2.395687558096508685, 27.83286096012202648 ) ) ;
#111 = CARTESIAN_POINT ( 'NONE',  ( 82.37552985773992020, -0.1586084873714722898, 26.40006096012199421 ) ) ;
#112 = CARTESIAN_POINT ( 'NONE',  ( -0.8348787145383588237, -79.37275223891083442, 28.42006096012198668 ) ) ;
#113 = CARTESIAN_POINT ( 'NONE',  ( 79.25885322045020587, -80.89158475094946255, 26.38006096012194135 ) ) ;
#114 = CARTESIAN_POINT ( 'NONE',  ( -1.520560931907887436, 1.184246016118842615, 26.40006096012200132 ) ) ;
#115 = CARTESIAN_POINT ( 'NONE',  ( 82.64398983623527783, -1.197455456074248747, 27.09846096012201144 ) ) ;
#116 = CARTESIAN_POINT ( 'NONE',  ( 81.12970892077539986, -78.34358462473997520, 28.40006096012202264 ) ) ;
#117 = CARTESIAN_POINT ( 'NONE',  ( -0.5696297816971366279, -79.82530334826651597, 26.38006096012198043 ) ) ;
#118 = CARTESIAN_POINT ( 'NONE',  ( -1.916445653795935566, 0.6822851007042030069, 30.00006096012200629 ) ) ;
#119 = CARTESIAN_POINT ( 'NONE',  ( 77.99994372295299172, -81.14995007278615446, 26.40006096012199066 ) ) ;
#120 = B_SPLINE_CURVE_WITH_KNOTS ( 'NONE', 3,
 ( #3263, #1012, #3520, #1051 ),
 .UNSPECIFIED., .F., .F.,
 ( 4, 4 ),
 ( 0.000000000000000000, 1.000000000000000000 ),
 .UNSPECIFIED. ) ;
#121 = CARTESIAN_POINT ( 'NONE',  ( -2.698215456738326967, -1.287685567235601125, 30.03606096012201832 ) ) ;
#122 = CARTESIAN_POINT ( 'NONE',  ( 80.62204227343850960, -79.74600054576427510, 28.42006096012205418 ) ) ;
#123 = ORIENTED_EDGE ( 'NONE', *, *, #773, .F. ) ;
#124 = CARTESIAN_POINT ( 'NONE',  ( 81.85126915071484177, 0.7958218300826014335, 30.03606096012204674 ) ) ;
#125 = CARTESIAN_POINT ( 'NONE',  ( -1.147289686575827972, -78.07390514283349603, 26.40006096012201553 ) ) ;
#126 = CARTESIAN_POINT ( 'NONE',  ( 1.171332869283733702, 2.675990857926207056, 30.03606096012201832 ) ) ;
#127 = CARTESIAN_POINT ( 'NONE',  ( 78.31222139107096325, 2.746310226347782546, 26.36406096012198574 ) ) ;
#128 = CARTESIAN_POINT ( 'NONE',  ( -0.6114996362473641422, -79.67340183032968071, 27.60406096012197708 ) ) ;
#129 = CARTESIAN_POINT ( 'NONE',  ( -1.462030256011922491, 1.033201018793547421, 27.83286096012200517 ) ) ;
#130 = CARTESIAN_POINT ( 'NONE',  ( 79.76637361812984750, -80.54956387349615454, 27.19606096012199714 ) ) ;
#131 = CARTESIAN_POINT ( 'NONE',  ( 1.872707409689383873, 2.745089748721867728, 26.40006096012200132 ) ) ;
#132 = CARTESIAN_POINT ( 'NONE',  ( 82.72094144376569602, -1.681399020842379910, 29.30166096012204235 ) ) ;
#133 = PLANE ( 'NONE',  #3165 ) ;
#134 = CARTESIAN_POINT ( 'NONE',  ( 78.22754159006302643, -81.14275173573453515, 26.38006096012192359 ) ) ;
#135 = CARTESIAN_POINT ( 'NONE',  ( 81.14948374942210307, -78.05060029407881927, 26.78806096012201010 ) ) ;
#136 = CARTESIAN_POINT ( 'NONE',  ( 81.14444268503980595, -78.21951193678022207, 26.40006096012201908 ) ) ;
#137 = CARTESIAN_POINT ( 'NONE',  ( -2.692415656704627569, -1.247560576961597167, 30.03606096012202187 ) ) ;
#138 = CARTESIAN_POINT ( 'NONE',  ( 80.55799322341687230, -79.77948552328022913, 28.01206096012202806 ) ) ;
#139 = ORIENTED_EDGE ( 'NONE', *, *, #2392, .F. ) ;
#140 = ORIENTED_EDGE ( 'NONE', *, *, #3118, .T. ) ;
#141 = CARTESIAN_POINT ( 'NONE',  ( 81.70834292205481120, 0.8301152335648428471, 29.30166096012204946 ) ) ;
#142 = EDGE_CURVE ( 'NONE', #3212, #407, #2054, .T. ) ;
#143 = CARTESIAN_POINT ( 'NONE',  ( -1.151307462310220409, -78.01457852057789921, 26.78806096012198168 ) ) ;
#144 = CARTESIAN_POINT ( 'NONE',  ( 1.488106816795817355, 2.720942501801572266, 30.03606096012201832 ) ) ;
#145 = CARTESIAN_POINT ( 'NONE',  ( 78.64685502678484852, 2.711965032854660951, 26.36406096012198574 ) ) ;
#146 = CARTESIAN_POINT ( 'NONE',  ( -0.8029845279022079785, -79.34085805228377808, 27.60406096012197352 ) ) ;
#147 = AXIS2_PLACEMENT_3D ( 'NONE', #1392, #3253, #776 ) ;
#148 = CARTESIAN_POINT ( 'NONE',  ( -1.729935278639097795, 0.9429749473844828422, 30.03606096012201832 ) ) ;
#149 = CARTESIAN_POINT ( 'NONE',  ( 79.84851116629344858, -80.51198738428533375, 26.78806096012198168 ) ) ;
#150 = CARTESIAN_POINT ( 'NONE',  ( -0.5992670352816209522, 1.972075146815958524, 26.40006096012200132 ) ) ;
#151 = CARTESIAN_POINT ( 'NONE',  ( 82.71894000295981186, -1.683443050238327521, 27.83286096012201583 ) ) ;
#152 = DIRECTION ( 'NONE',  ( 0.000000000000000000, 0.000000000000000000, 1.000000000000000000 ) ) ;
#153 = CARTESIAN_POINT ( 'NONE',  ( 78.30124390774143706, -81.13447204925178369, 26.38006096012192003 ) ) ;
#154 = CARTESIAN_POINT ( 'NONE',  ( -0.5992670352815068213, 1.972075146815840174, 30.00006096012203116 ) ) ;
#155 = CARTESIAN_POINT ( 'NONE',  ( 81.14829833432948192, -78.04290594055352415, 26.40006096012202264 ) ) ;
#156 = CARTESIAN_POINT ( 'NONE',  ( -2.707321545325362955, -1.371362017910218167, 30.03606096012202187 ) ) ;
#157 = CARTESIAN_POINT ( 'NONE',  ( 0.07296722911207675910, -80.44965423719547459, 26.78806096012198168 ) ) ;
#158 = CARTESIAN_POINT ( 'NONE',  ( 80.64558654093464440, -79.70998078650941920, 26.38006096012198398 ) ) ;
#159 = ORIENTED_EDGE ( 'NONE', *, *, #551, .T. ) ;
#160 = B_SPLINE_CURVE_WITH_KNOTS ( 'NONE', 5,
 ( #2434, #2166, #1564, #215, #1033, #2669 ),
 .UNSPECIFIED., .F., .F.,
 ( 6, 6 ),
 ( 0.000000000000000000, 1.000000000000000000 ),
 .UNSPECIFIED. ) ;
#161 = ORIENTED_EDGE ( 'NONE', *, *, #2763, .T. ) ;
#162 = CARTESIAN_POINT ( 'NONE',  ( -0.3723802904484881382, -80.07016661377384992, 28.40006096012200487 ) ) ;
#163 = CARTESIAN_POINT ( 'NONE',  ( -1.153259592998964855, -77.94041059636131763, 27.19606096012198648 ) ) ;
#164 = CARTESIAN_POINT ( 'NONE',  ( 1.552037110728829994, 2.727136612244688063, 26.36406096012199285 ) ) ;
#165 = EDGE_CURVE ( 'NONE', #2533, #1804, #160, .T. ) ;
#166 = CARTESIAN_POINT ( 'NONE',  ( 78.82882559964706104, 2.675991867574675442, 26.36406096012198574 ) ) ;
#167 = CARTESIAN_POINT ( 'NONE',  ( -0.7325960808731784013, -79.47492117643973586, 27.19606096012196872 ) ) ;
#168 = CARTESIAN_POINT ( 'NONE',  ( -1.453199605174202880, 1.273008508142266404, 26.36406096012199285 ) ) ;
#169 = CARTESIAN_POINT ( 'NONE',  ( 79.68713872348489247, -80.62539400976621096, 26.78806096012197813 ) ) ;
#170 = CC_DESIGN_PERSON_AND_ORGANIZATION_ASSIGNMENT ( #808, #499, ( #1364 ) ) ;
#171 = CARTESIAN_POINT ( 'NONE',  ( 1.553235741150757798, 2.725912476237988269, 26.40006096012200132 ) ) ;
#172 = CARTESIAN_POINT ( 'NONE',  ( 82.72323896709141877, -1.495171132053625396, 30.03606096012203608 ) ) ;
#173 = CARTESIAN_POINT ( 'NONE',  ( 78.05067654761434426, -81.14950294214786197, 26.78806096012194615 ) ) ;
#174 = CARTESIAN_POINT ( 'NONE',  ( -0.7105444999016689023, 1.905459527178736012, 30.00006096012203116 ) ) ;
#175 = CARTESIAN_POINT ( 'NONE',  ( 80.69257057332522720, -79.63882029657987971, 26.40006096012200842 ) ) ;
#176 = CARTESIAN_POINT ( 'NONE',  ( -2.502059530981246560, -0.6859913899790793801, 27.09846096012201855 ) ) ;
#177 = CARTESIAN_POINT ( 'NONE',  ( 0.3953651985767365762, -80.65854255848705634, 27.19606096012198648 ) ) ;
#178 = CARTESIAN_POINT ( 'NONE',  ( 80.72200167806099103, -79.49152638345945832, 27.19606096012201135 ) ) ;
#179 = CARTESIAN_POINT ( 'NONE',  ( 78.00015494030999719, -81.15016129031999981, 27.73339429345533347 ) ) ;
#180 = ORIENTED_EDGE ( 'NONE', *, *, #2214, .F. ) ;
#181 = CARTESIAN_POINT ( 'NONE',  ( -0.4488483467943703564, -79.98197289647751518, 26.40006096012201553 ) ) ;
#182 = CARTESIAN_POINT ( 'NONE',  ( 2.006900343026398303, 2.751482341458164171, 27.83286096012200517 ) ) ;
#183 = CARTESIAN_POINT ( 'NONE',  ( 78.27390820825628737, 2.707181779761435703, 27.09846096012199723 ) ) ;
#184 = CARTESIAN_POINT ( 'NONE',  ( 82.02660448145579153, 0.5272253749493895914, 26.40006096012199777 ) ) ;
#185 = CARTESIAN_POINT ( 'NONE',  ( -0.7436524974470284377, -79.45604295934379024, 27.19606096012196872 ) ) ;
#186 = CARTESIAN_POINT ( 'NONE',  ( -1.204632564560049968, 1.380240714778121269, 29.30166096012202459 ) ) ;
#187 = CARTESIAN_POINT ( 'NONE',  ( 79.68532249901106468, -80.66240395913249017, 26.38006096012195911 ) ) ;
#188 = PLANE ( 'NONE',  #781 ) ;
#189 = CARTESIAN_POINT ( 'NONE',  ( 82.75306561229542979, -1.934492859229915540, 27.09846096012200434 ) ) ;
#190 = CARTESIAN_POINT ( 'NONE',  ( 78.33967320554539526, -81.11050218318908378, 27.19606096012197227 ) ) ;
#191 = CARTESIAN_POINT ( 'NONE',  ( 2.006116499099716677, -81.14998594739394377, 27.60406096012200194 ) ) ;
#192 = CARTESIAN_POINT ( 'NONE',  ( 78.06366781360543428, 2.747442559547391028, 30.00006096012200985 ) ) ;
#193 = CARTESIAN_POINT ( 'NONE',  ( -2.651697837502811073, -1.036026363886335844, 30.03606096012202187 ) ) ;
#194 = CARTESIAN_POINT ( 'NONE',  ( 0.08585010153048500126, -80.43677136477595013, 27.19606096012198648 ) ) ;
#195 = CARTESIAN_POINT ( 'NONE',  ( 80.86919591745098046, -79.20872291482663741, 27.19606096012200425 ) ) ;
#196 = ORIENTED_EDGE ( 'NONE', *, *, #1007, .F. ) ;
#197 = ORIENTED_EDGE ( 'NONE', *, *, #51, .F. ) ;
#198 = CARTESIAN_POINT ( 'NONE',  ( 1.486248453470393471, -81.10624709791525788, 26.40006096012202264 ) ) ;
#199 = PERSON_AND_ORGANIZATION_ROLE ( 'creator' ) ;
#200 = CARTESIAN_POINT ( 'NONE',  ( 79.98647753702614693, 2.314798929210427403, 30.03606096012203963 ) ) ;
#201 = CARTESIAN_POINT ( 'NONE',  ( -1.083002107156619154, -78.65741214509338874, 28.42006096012199734 ) ) ;
#202 = CARTESIAN_POINT ( 'NONE',  ( -1.016151549234727502, 1.674362769836916787, 26.36406096012199285 ) ) ;
#203 = CARTESIAN_POINT ( 'NONE',  ( 79.78904890497733504, -80.53353281877598135, 27.19606096012199359 ) ) ;
#204 = PLANE ( 'NONE',  #2339 ) ;
#205 = CARTESIAN_POINT ( 'NONE',  ( 82.71709245170610814, -1.454520335500956829, 26.36406096012199285 ) ) ;
#206 = CARTESIAN_POINT ( 'NONE',  ( 78.22753576032206979, -81.14274590599650594, 28.42006096012202576 ) ) ;
#207 = CARTESIAN_POINT ( 'NONE',  ( 1.949604741646823847, -81.14943619394693997, 28.01206096012199964 ) ) ;
#208 = VECTOR ( 'NONE', #2822, 1000.000000000000000 ) ;
#209 = EDGE_CURVE ( 'NONE', #1743, #2265, #120, .T. ) ;
#210 = CARTESIAN_POINT ( 'NONE',  ( 80.47282712618010692, -79.95036314019573354, 26.40006096012197645 ) ) ;
#211 = CARTESIAN_POINT ( 'NONE',  ( 81.50361333300307365, 1.075508108160713183, 29.30166096012204591 ) ) ;
#212 = CARTESIAN_POINT ( 'NONE',  ( -2.470671995685586264, -0.5580530439811096644, 27.09846096012201855 ) ) ;
#213 = CARTESIAN_POINT ( 'NONE',  ( 0.06094807977181632141, -80.43937354435966824, 26.78806096012198168 ) ) ;
#214 = CARTESIAN_POINT ( 'NONE',  ( 80.82092563844096844, -79.30131784744911272, 27.60406096012202326 ) ) ;
#215 = CARTESIAN_POINT ( 'NONE',  ( 2.000823360788460903, -81.14934046956186364, 27.60006096012201127 ) ) ;
#216 = ORIENTED_EDGE ( 'NONE', *, *, #3407, .F. ) ;
#217 = CARTESIAN_POINT ( 'NONE',  ( 0.1397960209387381081, -80.54133513200399364, 26.40006096012202264 ) ) ;
#218 = CARTESIAN_POINT ( 'NONE',  ( 80.54850154067148083, 2.009682472161839595, 26.36406096012199285 ) ) ;
#219 = AXIS2_PLACEMENT_3D ( 'NONE', #1134, #2736, #1944 ) ;
#220 = CARTESIAN_POINT ( 'NONE',  ( -0.9936070714019555883, -78.91846214202990950, 28.01206096012198543 ) ) ;
#221 = CARTESIAN_POINT ( 'NONE',  ( -0.9115202355942308987, 1.567505012797589803, 28.56726096012202376 ) ) ;
#222 = DIRECTION ( 'NONE',  ( 0.000000000000000000, -1.000000000000000000, 0.000000000000000000 ) ) ;
#223 = FACE_OUTER_BOUND ( 'NONE', #2614, .T. ) ;
#224 = CARTESIAN_POINT ( 'NONE',  ( 79.03586964720429364, -80.94734053485994707, 26.78806096012196392 ) ) ;
#225 = PLANE ( 'NONE',  #3206 ) ;
#226 = CARTESIAN_POINT ( 'NONE',  ( 82.74684056449498826, -1.864644883308405943, 30.00006096012200629 ) ) ;
#227 = CARTESIAN_POINT ( 'NONE',  ( 81.89682651605887997, 0.5724737700828648190, 27.09846096012200789 ) ) ;
#228 = CARTESIAN_POINT ( 'NONE',  ( -2.584993051699624012, -0.7612869066990588518, 26.36406096012199285 ) ) ;
#229 = CARTESIAN_POINT ( 'NONE',  ( -0.2597194162110713633, -80.11985217683125882, 27.60406096012198418 ) ) ;
#230 = CARTESIAN_POINT ( 'NONE',  ( 80.73619499340314576, -79.50571969878600953, 26.78806096012199589 ) ) ;
#231 = CARTESIAN_POINT ( 'NONE',  ( 81.15016129032299830, -1.900002540005000018, 26.40006096012200132 ) ) ;
#232 = ORIENTED_EDGE ( 'NONE', *, *, #2195, .F. ) ;
#233 = CARTESIAN_POINT ( 'NONE',  ( -0.3441682714577336544, -80.10264924808727471, 28.40006096012200487 ) ) ;
#234 = CARTESIAN_POINT ( 'NONE',  ( -0.5335365999188566022, -79.87021786228818598, 26.40006096012201553 ) ) ;
#235 = PERSON_AND_ORGANIZATION ( #902, #3379 ) ;
#236 = CARTESIAN_POINT ( 'NONE',  ( 79.53856296884389110, 2.410261541937213536, 27.09846096012200078 ) ) ;
#237 = CARTESIAN_POINT ( 'NONE',  ( -1.013709893917595917, -78.83256928912605588, 26.78806096012196392 ) ) ;
#238 = CARTESIAN_POINT ( 'NONE',  ( -0.5018166848938312441, 1.872551156483515333, 27.83286096012203004 ) ) ;
#239 = LINE ( 'NONE', #1933, #2453 ) ;
#240 = CARTESIAN_POINT ( 'NONE',  ( 78.90450891460511684, -80.97981132429426054, 27.60406096012199129 ) ) ;
#241 = CARTESIAN_POINT ( 'NONE',  ( 1.194614749556780264, -81.01401346233276968, 27.60406096012200194 ) ) ;
#242 = CARTESIAN_POINT ( 'NONE',  ( 81.36988753850424416, 1.345320013783517732, 30.00006096012200985 ) ) ;
#243 = CARTESIAN_POINT ( 'NONE',  ( 82.37354823728396980, -0.4103250705044100832, 28.56726096012202731 ) ) ;
#244 = CARTESIAN_POINT ( 'NONE',  ( -2.330137035193240891, -0.2048063897146421564, 29.30166096012202814 ) ) ;
#245 = CARTESIAN_POINT ( 'NONE',  ( -0.1631631808886072621, -80.21637402659308691, 27.60406096012198418 ) ) ;
#246 = CARTESIAN_POINT ( 'NONE',  ( 81.05579220982166078, -78.64111148252152361, 27.60406096012202326 ) ) ;
#247 = VERTEX_POINT ( 'NONE', #1893 ) ;
#248 = ORIENTED_EDGE ( 'NONE', *, *, #2610, .T. ) ;
#249 = CARTESIAN_POINT ( 'NONE',  ( -0.4007056449518198171, -80.03779731497292005, 26.40006096012201553 ) ) ;
#250 = DATE_AND_TIME ( #3014, #3499 ) ;
#251 = EDGE_CURVE ( 'NONE', #444, #1840, #2416, .T. ) ;
#252 = CARTESIAN_POINT ( 'NONE',  ( 79.98647804915466963, 2.314799452231912635, 26.36406096012198219 ) ) ;
#253 = CARTESIAN_POINT ( 'NONE',  ( -0.9406164236134743062, -79.02930301631296572, 27.19606096012196872 ) ) ;
#254 = CARTESIAN_POINT ( 'NONE',  ( -0.5483419252130434796, 2.009680291595967727, 30.03606096012205029 ) ) ;
#255 = CARTESIAN_POINT ( 'NONE',  ( -2.749066338877999893, -1.900002540005000018, 29.30887168873084647 ) ) ;
#256 = CARTESIAN_POINT ( 'NONE',  ( 78.85427210790035701, -81.03557019300274078, 28.42006096012203287 ) ) ;
#257 = CARTESIAN_POINT ( 'NONE',  ( 1.588738168158554620, -81.10065049571996099, 27.60406096012200550 ) ) ;
#258 = CARTESIAN_POINT ( 'NONE',  ( 82.37552985773753278, -0.1586084873739582457, 30.00006096012201340 ) ) ;
#259 = CARTESIAN_POINT ( 'NONE',  ( 82.31998821644837960, -0.2994341084845495438, 27.83286096012201583 ) ) ;
#260 = CARTESIAN_POINT ( 'NONE',  ( -2.123045350577339896, 0.3599173261058344897, 30.03606096012202897 ) ) ;
#261 = CARTESIAN_POINT ( 'NONE',  ( -0.2373099489017993502, -80.16923272325597338, 28.01206096012198543 ) ) ;
#262 = VECTOR ( 'NONE', #3004, 1000.000000000000000 ) ;
#263 = CARTESIAN_POINT ( 'NONE',  ( 80.96892938918968241, -78.92225421855539480, 27.19606096012201490 ) ) ;
#264 = ORIENTED_EDGE ( 'NONE', *, *, #3495, .T. ) ;
#265 = DIRECTION ( 'NONE',  ( -1.000000000000000000, 0.000000000000000000, 0.000000000000000000 ) ) ;
#266 = CARTESIAN_POINT ( 'NONE',  ( 2.089028081140626991, 2.754086617653769054, 26.36406096012199285 ) ) ;
#267 = CARTESIAN_POINT ( 'NONE',  ( 80.21437631110252653, -80.24068278442254609, 28.42006096012206129 ) ) ;
#268 = CARTESIAN_POINT ( 'NONE',  ( 0.6673162805315292490, -80.85244899079786762, 28.40006096012202619 ) ) ;
#269 = CARTESIAN_POINT ( 'NONE',  ( 80.07104668291214011, 2.140325668238797885, 27.83286096012201938 ) ) ;
#270 = CARTESIAN_POINT ( 'NONE',  ( -0.6148683454880281563, -79.75430305502679573, 28.40006096012199421 ) ) ;
#271 = CARTESIAN_POINT ( 'NONE',  ( -1.054307382719637864, -78.76717110250103815, 28.42006096012199379 ) ) ;
#272 = CARTESIAN_POINT ( 'NONE',  ( -0.8639115085010667938, 1.791182008888853705, 30.03606096012205029 ) ) ;
#273 = CARTESIAN_POINT ( 'NONE',  ( 65.66321310642669573, -47.55396240792504869, 26.40006096012200132 ) ) ;
#274 = CC_DESIGN_DATE_AND_TIME_ASSIGNMENT ( #250, #2452, ( #378 ) ) ;
#275 = CARTESIAN_POINT ( 'NONE',  ( 78.42113051094706577, -81.09865142133250515, 27.19606096012197227 ) ) ;
#276 = CARTESIAN_POINT ( 'NONE',  ( 1.665862226243728816, -81.12041955009931371, 26.78806096012199234 ) ) ;
#277 = CARTESIAN_POINT ( 'NONE',  ( 82.55321063412054627, -0.6339126769945953033, 30.00006096012200985 ) ) ;
#278 = CARTESIAN_POINT ( 'NONE',  ( 82.03516723048693393, 0.3581824322871864918, 29.30166096012204591 ) ) ;
#279 = CARTESIAN_POINT ( 'NONE',  ( -2.029549906069806120, 0.2644323977903214606, 27.83286096012202648 ) ) ;
#280 = CARTESIAN_POINT ( 'NONE',  ( -0.1614625557831681768, -80.29403322934501830, 28.42006096012199734 ) ) ;
#281 = CARTESIAN_POINT ( 'NONE',  ( 81.10681228281313793, -78.51447421173553209, 26.38006096012200530 ) ) ;
#282 = CARTESIAN_POINT ( 'NONE',  ( 1.656575700253574812, -81.12970607608603757, 26.40006096012202264 ) ) ;
#283 = CARTESIAN_POINT ( 'NONE',  ( 80.11985533981481922, -80.25988006138096864, 27.19606096012199359 ) ) ;
#284 = CARTESIAN_POINT ( 'NONE',  ( 80.99679519498326385, 1.492474463679105856, 28.56726096012202376 ) ) ;
#285 = CARTESIAN_POINT ( 'NONE',  ( -1.108941479335347147, -78.40066914579591639, 28.01206096012198543 ) ) ;
#286 = CARTESIAN_POINT ( 'NONE',  ( -0.04467962838137523596, 2.288066361644309321, 30.03606096012205029 ) ) ;
#287 = CYLINDRICAL_SURFACE ( 'NONE', #2115, 1.500000000000001332 ) ;
#288 = CARTESIAN_POINT ( 'NONE',  ( 81.09841619553134251, 1.596257851200038713, 26.40006096012199421 ) ) ;
#289 = CARTESIAN_POINT ( 'NONE',  ( 78.82615712334870750, -81.00745520846191994, 27.60406096012200194 ) ) ;
#290 = CARTESIAN_POINT ( 'NONE',  ( 1.791001931004578385, -81.14672444065215018, 26.38006096012198398 ) ) ;
#291 = CARTESIAN_POINT ( 'NONE',  ( 80.94029853850273071, 1.732884257496373648, 30.00006096012200985 ) ) ;
#292 = CARTESIAN_POINT ( 'NONE',  ( 82.33028363524987014, -0.2048175014476479039, 27.09846096012199723 ) ) ;
#293 = CARTESIAN_POINT ( 'NONE',  ( -2.243949379520588039, 0.1343781049871667910, 26.36406096012199285 ) ) ;
#294 = CARTESIAN_POINT ( 'NONE',  ( 80.73393346206442800, -79.56203866299745187, 28.40006096012202619 ) ) ;
#295 = CARTESIAN_POINT ( 'NONE',  ( -0.3315722635389897199, -80.11991501041939046, 28.42006096012199734 ) ) ;
#296 = CARTESIAN_POINT ( 'NONE',  ( 81.14634917931526559, -78.10452723487136950, 28.42006096012206839 ) ) ;
#297 = CARTESIAN_POINT ( 'NONE',  ( 16.00003302006599881, -20.00004064007999816, 26.40006096012200132 ) ) ;
#298 = DIRECTION ( 'NONE',  ( -1.000000000000000000, 0.000000000000000000, 0.000000000000000000 ) ) ;
#299 = CARTESIAN_POINT ( 'NONE',  ( 80.16923722844300926, -80.23747194168679187, 26.78806096012198523 ) ) ;
#300 = CARTESIAN_POINT ( 'NONE',  ( 81.20356647796988625, 1.516234076070924530, 26.36406096012198574 ) ) ;
#301 = CARTESIAN_POINT ( 'NONE',  ( -1.134335798983518995, -78.30126513777076980, 28.42006096012199734 ) ) ;
#302 = CARTESIAN_POINT ( 'NONE',  ( 0.4758594173796577009, 2.395693093862300227, 28.56726096012202021 ) ) ;
#303 = CARTESIAN_POINT ( 'NONE',  ( 56.00011176022400150, -28.00005588010999702, 30.00006096012200274 ) ) ;
#304 = CARTESIAN_POINT ( 'NONE',  ( 81.15016129032299830, -39.95007874015750104, 28.40006096012200132 ) ) ;
#305 = CARTESIAN_POINT ( 'NONE',  ( 79.10606362887155285, -80.90771880327925203, 27.60406096012200550 ) ) ;
#306 = CARTESIAN_POINT ( 'NONE',  ( 1.241206546043819081, -81.04567587543506590, 26.78806096012199234 ) ) ;
#307 = CARTESIAN_POINT ( 'NONE',  ( -2.583184309119441302, -0.7631341374013450585, 26.40006096012200132 ) ) ;
#308 = CARTESIAN_POINT ( 'NONE',  ( 82.49171203584415935, -0.4552375548497777924, 26.36406096012198219 ) ) ;
#309 = CARTESIAN_POINT ( 'NONE',  ( -2.330138153875379814, -0.2048052471556107146, 27.09846096012201855 ) ) ;
#310 = CARTESIAN_POINT ( 'NONE',  ( -0.6464953644846216374, -79.70839755856006548, 28.42006096012198668 ) ) ;
#311 = EDGE_CURVE ( 'NONE', #2398, #2132, #1875, .T. ) ;
#312 = CARTESIAN_POINT ( 'NONE',  ( 81.14019888632522282, -78.09837694197449309, 27.19606096012201490 ) ) ;
#313 = CARTESIAN_POINT ( 'NONE',  ( -2.756583932005369775, -1.987210024330333002, 27.09846096012201855 ) ) ;
#314 = CARTESIAN_POINT ( 'NONE',  ( 82.70621118720816867, -1.372656834595033626, 26.40006096012200132 ) ) ;
#315 = CARTESIAN_POINT ( 'NONE',  ( 80.08207441620750444, -80.29388914605796401, 27.60406096012200905 ) ) ;
#316 = CARTESIAN_POINT ( 'NONE',  ( 1.486235552741454580, -81.10625999864417679, 28.40006096012202974 ) ) ;
#317 = VECTOR ( 'NONE', #1703, 1000.000000000000000 ) ;
#318 = CARTESIAN_POINT ( 'NONE',  ( 80.86406775083138143, 1.791180744551520210, 30.03606096012204674 ) ) ;
#319 = CARTESIAN_POINT ( 'NONE',  ( -1.088611028409949277, -78.54205330245476091, 26.78806096012197457 ) ) ;
#320 = CARTESIAN_POINT ( 'NONE',  ( 0.009312184144764840132, 2.232925660715087357, 27.09846096012201855 ) ) ;
#321 = DIRECTION ( 'NONE',  ( -1.000000000000000000, 0.000000000000000000, -0.000000000000000000 ) ) ;
#322 = DIRECTION ( 'NONE',  ( 0.000000000000000000, 1.000000000000000000, 0.000000000000000000 ) ) ;
#323 = CARTESIAN_POINT ( 'NONE',  ( 79.51205064397051103, -80.71130253845609559, 27.19606096012199004 ) ) ;
#324 = CARTESIAN_POINT ( 'NONE',  ( 0.6462244357061233124, -80.81621700055478641, 26.78806096012198878 ) ) ;
#325 = LINE ( 'NONE', #592, #208 ) ;
#326 = ORIENTED_EDGE ( 'NONE', *, *, #1593, .F. ) ;
#327 = CARTESIAN_POINT ( 'NONE',  ( 82.62391162360324870, -1.217960911840399785, 27.83286096012200872 ) ) ;
#328 = CARTESIAN_POINT ( 'NONE',  ( -2.272244639548589795, 0.07694148913299310444, 26.36406096012199285 ) ) ;
#329 = CARTESIAN_POINT ( 'NONE',  ( -0.4239459195635477129, -79.95707046926841599, 26.78806096012198168 ) ) ;
#330 = CARTESIAN_POINT ( 'NONE',  ( 81.15400090162896163, -77.94099442454016469, 27.60406096012203037 ) ) ;
#331 = CARTESIAN_POINT ( 'NONE',  ( 79.82407703919582787, -80.56856095293089481, 26.40006096012197645 ) ) ;
#332 = CARTESIAN_POINT ( 'NONE',  ( -1.149792592473429131, -77.99994372295243750, 26.40006096012199777 ) ) ;
#333 = CARTESIAN_POINT ( 'NONE',  ( 82.69080882873237215, -1.249362427853530910, 26.40006096012200132 ) ) ;
#334 = CARTESIAN_POINT ( 'NONE',  ( 80.31140076961798968, -80.06195310869813397, 27.19606096012199359 ) ) ;
#335 = CARTESIAN_POINT ( 'NONE',  ( 80.91168066853441587, 1.567508044715778315, 28.56726096012202376 ) ) ;
#336 = CARTESIAN_POINT ( 'NONE',  ( -1.146598055413116768, -78.10499065206120406, 28.42006096012199734 ) ) ;
#337 = CARTESIAN_POINT ( 'NONE',  ( -0.04467920564211030898, 2.288065929904160800, 26.36406096012199285 ) ) ;
#338 = CARTESIAN_POINT ( 'NONE',  ( 78.05016129032298977, -78.05016129031999128, 28.40006096012200132 ) ) ;
#339 = DIRECTION ( 'NONE',  ( 1.000000000000000000, 0.000000000000000000, 0.000000000000000000 ) ) ;
#340 = CARTESIAN_POINT ( 'NONE',  ( 79.23442484648646200, -80.86715637702430115, 26.78806096012198168 ) ) ;
#341 = CARTESIAN_POINT ( 'NONE',  ( 0.5473120699331255334, -80.79922503566670855, 28.42006096012201866 ) ) ;
#342 = CARTESIAN_POINT ( 'NONE',  ( 65.66321310642669573, -54.35396240792304923, 26.02405757433622568 ) ) ;
#343 = ORIENTED_EDGE ( 'NONE', *, *, #1486, .T. ) ;
#344 = CARTESIAN_POINT ( 'NONE',  ( 82.59358110448850709, -1.095540590670073477, 27.83286096012201583 ) ) ;
#345 = CARTESIAN_POINT ( 'NONE',  ( -0.3780916186356538811, -80.01518328865040530, 28.01206096012198543 ) ) ;
#346 = CARTESIAN_POINT ( 'NONE',  ( -1.335706583967455563, 1.376860901943345539, 30.00006096012200274 ) ) ;
#347 = CARTESIAN_POINT ( 'NONE',  ( 78.44158409057530434, -81.11910500098272792, 28.40006096012199421 ) ) ;
#348 = CARTESIAN_POINT ( 'NONE',  ( 78.44164814418449794, -81.11916905459192151, 26.40006096012195869 ) ) ;
#349 = CARTESIAN_POINT ( 'NONE',  ( -2.740722877833907667, -1.747515432971656457, 30.03606096012201832 ) ) ;
#350 = DIRECTION ( 'NONE',  ( 0.000000000000000000, -1.000000000000000000, 0.000000000000000000 ) ) ;
#351 = CARTESIAN_POINT ( 'NONE',  ( 80.50578538235257042, -79.82481170975189855, 27.60406096012200550 ) ) ;
#352 = ORIENTED_EDGE ( 'NONE', *, *, #3231, .T. ) ;
#353 = CARTESIAN_POINT ( 'NONE',  ( 81.23390756338872620, 1.272734874521744608, 27.83286096012202293 ) ) ;
#354 = CARTESIAN_POINT ( 'NONE',  ( -1.122836799895369886, -78.25827587833276766, 27.19606096012198648 ) ) ;
#355 = CARTESIAN_POINT ( 'NONE',  ( 0.5863435773063813139, 2.526953835551042804, 30.03606096012201832 ) ) ;
#356 = EDGE_CURVE ( 'NONE', #3521, #696, #1615, .T. ) ;
#357 = CARTESIAN_POINT ( 'NONE',  ( 78.07157186734477250, 2.744983920247999087, 29.30166096012201749 ) ) ;
#358 = CARTESIAN_POINT ( 'NONE',  ( 78.32680224695921822, 2.742214262347257403, 26.40006096012199066 ) ) ;
#359 = CARTESIAN_POINT ( 'NONE',  ( 79.43294849729412022, -80.80797398622391370, 26.38006096012195911 ) ) ;
#360 = CARTESIAN_POINT ( 'NONE',  ( 0.9489235300079492674, -80.93611352222865207, 26.78806096012199234 ) ) ;
#361 = CARTESIAN_POINT ( 'NONE',  ( -2.241413185249084616, 0.1317879431957434400, 26.40006096012200132 ) ) ;
#362 = CARTESIAN_POINT ( 'NONE',  ( 82.58570409461755446, -0.9714059919314337321, 27.09846096012199723 ) ) ;
#363 = CARTESIAN_POINT ( 'NONE',  ( 1.949996189991999973, -78.05016129031999128, 30.00006096012200274 ) ) ;
#364 = CARTESIAN_POINT ( 'NONE',  ( -0.5333753435792391029, -79.78904891017265300, 27.19606096012197582 ) ) ;
#365 = CARTESIAN_POINT ( 'NONE',  ( 81.14526074113396703, -78.04637728592953749, 27.19606096012201490 ) ) ;
#366 = CARTESIAN_POINT ( 'NONE',  ( 79.43180843177493955, -80.80683392070692150, 28.40006096012201908 ) ) ;
#367 = CARTESIAN_POINT ( 'NONE',  ( 79.50714199021079764, -80.76497438021434050, 26.40006096012196579 ) ) ;
#368 = CARTESIAN_POINT ( 'NONE',  ( -2.718759742254468925, -1.683466315108595568, 27.83286096012202648 ) ) ;
#369 = CARTESIAN_POINT ( 'NONE',  ( 82.73968188261093815, -1.729688406994845939, 26.40006096012199777 ) ) ;
#370 = CARTESIAN_POINT ( 'NONE',  ( 80.34916681722245357, -80.09971915624204541, 26.38006096012196622 ) ) ;
#371 = VERTEX_POINT ( 'NONE', #231 ) ;
#372 = CARTESIAN_POINT ( 'NONE',  ( 81.65502692292041331, 1.048227704294707685, 26.36406096012198219 ) ) ;
#373 = LINE ( 'NONE', #2929, #2980 ) ;
#374 = CARTESIAN_POINT ( 'NONE',  ( 1.576768309592827100, 2.701879159796376939, 29.30166096012201393 ) ) ;
#375 = AXIS2_PLACEMENT_3D ( 'NONE', #2623, #1003, #3202 ) ;
#376 = CARTESIAN_POINT ( 'NONE',  ( 77.91190326356593232, 2.754876949100190764, 27.09846096012199368 ) ) ;
#377 = CARTESIAN_POINT ( 'NONE',  ( 82.18729301957814926, 0.2508633062454485585, 26.40006096012199066 ) ) ;
#378 = SECURITY_CLASSIFICATION ( '', '', #1603 ) ;
#379 = CARTESIAN_POINT ( 'NONE',  ( -0.7135529123908826987, -79.60168486097738594, 26.38006096012196977 ) ) ;
#380 = CARTESIAN_POINT ( 'NONE',  ( 79.45604391622161700, -80.74381093817262922, 27.60406096012200905 ) ) ;
#381 = DIRECTION ( 'NONE',  ( -1.000000000000000000, 0.000000000000000000, 0.000000000000000000 ) ) ;
#382 = CARTESIAN_POINT ( 'NONE',  ( 82.55580526338225411, -0.6312628367766922599, 26.36406096012198219 ) ) ;
#383 = CARTESIAN_POINT ( 'NONE',  ( 82.74885975230635893, -1.900002540005613749, 30.00006087742029592 ) ) ;
#384 = CARTESIAN_POINT ( 'NONE',  ( -0.4127615225546624189, -79.94588607226071986, 27.19606096012198648 ) ) ;
#385 = CARTESIAN_POINT ( 'NONE',  ( -2.746683263729204683, -1.864644980081805681, 30.00006096012200274 ) ) ;
#386 = CARTESIAN_POINT ( 'NONE',  ( 79.17522933505392757, -80.92108460504202583, 28.40006096012201908 ) ) ;
#387 = CARTESIAN_POINT ( 'NONE',  ( -1.149792165772264729, -77.99994329607412169, 28.40006096012199777 ) ) ;
#388 = CARTESIAN_POINT ( 'NONE',  ( -2.716933113218812590, -1.454522233209668780, 26.36406096012199285 ) ) ;
#389 = CARTESIAN_POINT ( 'NONE',  ( 80.50319468035149839, -79.86019100851680719, 26.78806096012197813 ) ) ;
#390 = VERTEX_POINT ( 'NONE', #1336 ) ;
#391 = CARTESIAN_POINT ( 'NONE',  ( 81.89683581237738963, 0.5724832641972184000, 29.30166096012205657 ) ) ;
#392 = CARTESIAN_POINT ( 'NONE',  ( -1.148065404765354014, -78.01133646312213443, 27.19606096012198648 ) ) ;
#393 = CARTESIAN_POINT ( 'NONE',  ( 1.231064814270449226, 2.614987880773471218, 27.83286096012200517 ) ) ;
#394 = CARTESIAN_POINT ( 'NONE',  ( 78.64685404292015392, 2.711964028060165344, 30.03606096012203608 ) ) ;
#395 = CARTESIAN_POINT ( 'NONE',  ( -0.6273164813203488954, -79.65039250150775274, 27.60406096012197708 ) ) ;
#396 = CARTESIAN_POINT ( 'NONE',  ( -1.204636391592007527, 1.380244623486831745, 27.09846096012199723 ) ) ;
#397 = CARTESIAN_POINT ( 'NONE',  ( 79.82530339613721537, -80.56978730987161441, 28.42006096012205774 ) ) ;
#398 = CARTESIAN_POINT ( 'NONE',  ( -0.04204820888122823980, 2.285378948327969617, 26.40006096012200132 ) ) ;
#399 = CARTESIAN_POINT ( 'NONE',  ( 82.56857642034989908, -0.9888981249947662588, 27.83286096012201583 ) ) ;
#400 = DIRECTION ( 'NONE',  ( 0.000000000000000000, 0.000000000000000000, 1.000000000000000000 ) ) ;
#401 = CARTESIAN_POINT ( 'NONE',  ( 78.04919642361568322, -81.14802281812966100, 26.38006096012192003 ) ) ;
#402 = CARTESIAN_POINT ( 'NONE',  ( -2.328873934232133180, -0.03566028648931360984, 30.00006096012200629 ) ) ;
#403 = CARTESIAN_POINT ( 'NONE',  ( 80.07016661667532276, -80.37253776823250462, 26.40006096012198356 ) ) ;
#404 = CARTESIAN_POINT ( 'NONE',  ( -2.707321531932116443, -1.371362031583450269, 26.36406096012199285 ) ) ;
#405 = CARTESIAN_POINT ( 'NONE',  ( 80.46296482390683025, -79.88023099501705815, 27.60406096012200905 ) ) ;
#406 = ORIENTED_EDGE ( 'NONE', *, *, #1797, .T. ) ;
#407 = VERTEX_POINT ( 'NONE', #1435 ) ;
#408 = CARTESIAN_POINT ( 'NONE',  ( 81.55087799821129124, 0.9418626010362911583, 27.83286096012202293 ) ) ;
#409 = CARTESIAN_POINT ( 'NONE',  ( -1.133902778808634215, -78.30083211759607309, 26.40006096012201553 ) ) ;
#410 = CARTESIAN_POINT ( 'NONE',  ( 1.726227166355113862, 2.707204355716076982, 27.09846096012199723 ) ) ;
#411 = CARTESIAN_POINT ( 'NONE',  ( 78.31222021547240786, 2.746309025739088749, 30.03606096012203608 ) ) ;
#412 = CARTESIAN_POINT ( 'NONE',  ( -0.7750447050403955762, -79.40017669817279966, 27.60406096012197352 ) ) ;
#413 = CARTESIAN_POINT ( 'NONE',  ( -1.769205510156883765, 0.8924337442749804561, 26.36406096012199285 ) ) ;
#414 = CARTESIAN_POINT ( 'NONE',  ( 79.70839755994138898, -80.64665284616789620, 26.38006096012195911 ) ) ;
#415 = CARTESIAN_POINT ( 'NONE',  ( 1.673353859374589137, 2.742215616022450231, 26.40006096012200132 ) ) ;
#416 = CARTESIAN_POINT ( 'NONE',  ( 82.69449349408581895, -1.477600174914575959, 27.09846096012201144 ) ) ;
#417 = CARTESIAN_POINT ( 'NONE',  ( 1.949996189991996864, -79.55016129032000549, 28.40006096012200132 ) ) ;
#418 = CARTESIAN_POINT ( 'NONE',  ( 78.28512578286847656, -81.11835392433860648, 27.19606096012196872 ) ) ;
#419 = CARTESIAN_POINT ( 'NONE',  ( 0.1544285272301901268, 2.384136130233987405, 30.00006096012200629 ) ) ;
#420 = CARTESIAN_POINT ( 'NONE',  ( 80.54133513200666528, -79.86036145936857622, 26.40006096012199421 ) ) ;
#421 = ADVANCED_FACE ( 'NONE', ( #597 ), #3329, .T. ) ;
#422 = CARTESIAN_POINT ( 'NONE',  ( -2.715276587797385677, -1.657015164051329759, 27.83286096012202648 ) ) ;
#423 = CARTESIAN_POINT ( 'NONE',  ( 0.1625614390190704972, -80.51856971393954154, 26.78806096012199234 ) ) ;
#424 = CARTESIAN_POINT ( 'NONE',  ( 80.93456860120286933, -79.04968901039427465, 27.60406096012203747 ) ) ;
#425 = VERTEX_POINT ( 'NONE', #1370 ) ;
#426 = ORIENTED_EDGE ( 'NONE', *, *, #2543, .T. ) ;
#427 = CARTESIAN_POINT ( 'NONE',  ( -1.082100793699385610, -78.65651083163616875, 26.40006096012199421 ) ) ;
#428 = CARTESIAN_POINT ( 'NONE',  ( 1.552035980196678988, 2.727137766827907761, 30.03606096012201832 ) ) ;
#429 = CARTESIAN_POINT ( 'NONE',  ( 78.73306388291774738, 2.653357996114908079, 27.09846096012200078 ) ) ;
#430 = CARTESIAN_POINT ( 'NONE',  ( -0.7237028825694845624, -79.58318896925563024, 28.42006096012198668 ) ) ;
#431 = VECTOR ( 'NONE', #813, 1000.000000000000000 ) ;
#432 = CARTESIAN_POINT ( 'NONE',  ( -1.668470429870228200, 0.8802021919530778060, 27.09846096012199723 ) ) ;
#433 = CARTESIAN_POINT ( 'NONE',  ( 79.94588606809227826, -80.41291899697347390, 27.19606096012199714 ) ) ;
#434 = CARTESIAN_POINT ( 'NONE',  ( -0.4418969584857861954, 2.078758186833237875, 26.40006096012200132 ) ) ;
#435 = CARTESIAN_POINT ( 'NONE',  ( 82.75335892468373800, -1.934193305401915808, 28.56726096012202731 ) ) ;
#436 = CARTESIAN_POINT ( 'NONE',  ( 56.00011176022400150, -28.00005588010999702, 28.20006096012200203 ) ) ;
#437 = CARTESIAN_POINT ( 'NONE',  ( 78.16071925453840663, -81.14542262733243660, 26.38006096012192359 ) ) ;
#438 = CARTESIAN_POINT ( 'NONE',  ( 1.999938560579107572, 2.750071690852608608, 30.00006095999699340 ) ) ;
#439 = CARTESIAN_POINT ( 'NONE',  ( 78.00021821680199707, 2.750070972962195714, 30.00006096012200274 ) ) ;
#440 = CARTESIAN_POINT ( 'NONE',  ( -2.593424618160069084, -1.095539575406761168, 27.83286096012202648 ) ) ;
#441 = CARTESIAN_POINT ( 'NONE',  ( 0.1753457667766420425, -80.50578538615704360, 27.60406096012199129 ) ) ;
#442 = CARTESIAN_POINT ( 'NONE',  ( 80.96589179260521973, -79.08101220177050550, 26.38006096012199819 ) ) ;
#443 = ORIENTED_EDGE ( 'NONE', *, *, #251, .T. ) ;
#444 = VERTEX_POINT ( 'NONE', #297 ) ;
#445 = CARTESIAN_POINT ( 'NONE',  ( 0.2551924306214698457, -80.62100677735574550, 28.40006096012201553 ) ) ;
#446 = CARTESIAN_POINT ( 'NONE',  ( 0.8668824899951157459, -80.93461319198624437, 26.40006096012201553 ) ) ;
#447 = CARTESIAN_POINT ( 'NONE',  ( 1.576745099753948498, 2.701902863399384458, 27.09846096012199723 ) ) ;
#448 = CARTESIAN_POINT ( 'NONE',  ( 79.60913227564319072, 2.482332488512065449, 30.03606096012203963 ) ) ;
#449 = CARTESIAN_POINT ( 'NONE',  ( -0.6645803638840229732, -79.62018434828735280, 26.78806096012197457 ) ) ;
#450 = CARTESIAN_POINT ( 'NONE',  ( -1.347632904026845546, 1.165195459687562884, 27.83286096012200517 ) ) ;
#451 = CARTESIAN_POINT ( 'NONE',  ( 79.82530334844437903, -80.56978726217666065, 26.38006096012195911 ) ) ;
#452 = CARTESIAN_POINT ( 'NONE',  ( 1.236015950658092111, 2.685096942047453528, 26.40006096012200132 ) ) ;
#453 = CARTESIAN_POINT ( 'NONE',  ( 82.70469511708812149, -1.591046102149383579, 29.30166096012204235 ) ) ;
#454 = CARTESIAN_POINT ( 'NONE',  ( 78.04632059812114164, -81.14514699256162089, 27.19606096012196161 ) ) ;
#455 = CARTESIAN_POINT ( 'NONE',  ( 1.936490206459055452, 2.747442579267085794, 30.00006096012200274 ) ) ;
#456 = LINE ( 'NONE', #3189, #2919 ) ;
#457 = CARTESIAN_POINT ( 'NONE',  ( -2.449001484868305489, -0.4986961096708009689, 27.09846096012201855 ) ) ;
#458 = CARTESIAN_POINT ( 'NONE',  ( 0.1173661729462450315, -80.52579497923058227, 28.42006096012200800 ) ) ;
#459 = CARTESIAN_POINT ( 'NONE',  ( 80.65853330646621089, -79.60478302975509735, 27.60406096012201260 ) ) ;
#460 = ORIENTED_EDGE ( 'NONE', *, *, #2017, .T. ) ;
#461 = ORIENTED_EDGE ( 'NONE', *, *, #2990, .F. ) ;
#462 = CARTESIAN_POINT ( 'NONE',  ( -0.3303551876611995897, -80.11869793454121691, 28.40006096012200487 ) ) ;
#463 = CARTESIAN_POINT ( 'NONE',  ( 0.9205780830138903248, -80.96445896921468943, 26.40006096012202264 ) ) ;
#464 = PERSON_AND_ORGANIZATION ( #902, #3379 ) ;
#465 = CARTESIAN_POINT ( 'NONE',  ( 79.38787024442861195, 2.500458123627842255, 27.09846096012200078 ) ) ;
#466 = CARTESIAN_POINT ( 'NONE',  ( -1.038087185810926627, -78.69897103899121760, 27.60406096012197352 ) ) ;
#467 = EDGE_CURVE ( 'NONE', #407, #641, #1906, .T. ) ;
#468 = CARTESIAN_POINT ( 'NONE',  ( -1.096061868644775839, 1.477557301027581982, 29.30166096012203525 ) ) ;
#469 = CARTESIAN_POINT ( 'NONE',  ( 79.70839755872584931, -80.64665284495447395, 28.42006096012205774 ) ) ;
#470 = FACE_OUTER_BOUND ( 'NONE', #2077, .T. ) ;
#471 = CARTESIAN_POINT ( 'NONE',  ( 82.69816124146282732, -1.520782485101696890, 29.30166096012204235 ) ) ;
#472 = CARTESIAN_POINT ( 'NONE',  ( 78.41511067398319312, -81.12354048782438554, 26.38006096012193780 ) ) ;
#473 = CARTESIAN_POINT ( 'NONE',  ( 2.061307737126801154, -81.15185622019707523, 26.38006096012198398 ) ) ;
#474 = CARTESIAN_POINT ( 'NONE',  ( 80.52469489272587566, -79.88169122085484730, 26.40006096012198711 ) ) ;
#475 = CARTESIAN_POINT ( 'NONE',  ( 81.55088421787063169, 0.9418689530239893193, 28.56726096012203442 ) ) ;
#476 = CARTESIAN_POINT ( 'NONE',  ( -2.436482221585986707, -0.5929703401750029412, 27.83286096012202648 ) ) ;
#477 = CARTESIAN_POINT ( 'NONE',  ( 0.07327736796339534564, -80.42704425616695119, 27.19606096012198648 ) ) ;
#478 = CARTESIAN_POINT ( 'NONE',  ( 80.92561303502580472, -79.12427482075038654, 26.78806096012200655 ) ) ;
#479 = CARTESIAN_POINT ( 'NONE',  ( 77.99994372295299172, -81.14995007278615446, 26.40006096012199066 ) ) ;
#480 = ORIENTED_EDGE ( 'NONE', *, *, #2881, .F. ) ;
#481 = CARTESIAN_POINT ( 'NONE',  ( -0.4151837903363707061, -80.02144257730380161, 26.40006096012201553 ) ) ;
#482 = APPROVAL_DATE_TIME ( #1356, #913 ) ;
#483 = CARTESIAN_POINT ( 'NONE',  ( 80.34656963399784502, 1.981241566832116385, 28.56726096012202731 ) ) ;
#484 = CARTESIAN_POINT ( 'NONE',  ( -0.9075613272676825716, -79.10606363318262879, 27.60406096012197352 ) ) ;
#485 = CARTESIAN_POINT ( 'NONE',  ( -0.5483416107673836359, 2.009679970450133801, 26.36406096012199285 ) ) ;
#486 = LINE ( 'NONE', #3545, #1587 ) ;
#487 = CARTESIAN_POINT ( 'NONE',  ( 82.71595366276851280, -1.656484513104359957, 27.09846096012201144 ) ) ;
#488 = CARTESIAN_POINT ( 'NONE',  ( 78.52959268729202336, -81.07630789353659395, 27.19606096012197938 ) ) ;
#489 = CARTESIAN_POINT ( 'NONE',  ( 1.236015947660108916, 2.685096945109228361, 30.00006096012200274 ) ) ;
#490 = VECTOR ( 'NONE', #3331, 1000.000000000000000 ) ;
#491 = CARTESIAN_POINT ( 'NONE',  ( 82.70621119001988575, -1.372656831723509496, 30.00006096012200629 ) ) ;
#492 = CARTESIAN_POINT ( 'NONE',  ( 81.37314951306514388, 1.348651399698916231, 26.36406096012198219 ) ) ;
#493 = CARTESIAN_POINT ( 'NONE',  ( -2.628060444504700222, -1.113840754287195756, 29.30166096012202814 ) ) ;
#494 = CARTESIAN_POINT ( 'NONE',  ( 0.04861147094259535284, -80.47400999534684729, 26.38006096012198043 ) ) ;
#495 = CARTESIAN_POINT ( 'NONE',  ( 80.79922422371993207, -79.45284459842893909, 26.38006096012198753 ) ) ;
#496 = DIRECTION ( 'NONE',  ( 1.000000000000000000, 0.000000000000000000, 0.000000000000000000 ) ) ;
#497 = ORIENTED_EDGE ( 'NONE', *, *, #1184, .T. ) ;
#498 = CARTESIAN_POINT ( 'NONE',  ( -0.4804559774610823730, -79.94044628985994905, 26.40006096012201553 ) ) ;
#499 = PERSON_AND_ORGANIZATION_ROLE ( 'creator' ) ;
#500 = CARTESIAN_POINT ( 'NONE',  ( 79.93426710258714252, 2.261477512204960849, 29.30166096012202814 ) ) ;
#501 = B_SPLINE_CURVE_WITH_KNOTS ( 'NONE', 5,
 ( #1074, #521, #2459, #537, #1042, #2694 ),
 .UNSPECIFIED., .F., .F.,
 ( 6, 6 ),
 ( 0.000000000000000000, 1.000000000000000000 ),
 .UNSPECIFIED. ) ;
#502 = CARTESIAN_POINT ( 'NONE',  ( -1.007296477087516129, -78.82615587231578047, 27.19606096012196872 ) ) ;
#503 = CARTESIAN_POINT ( 'NONE',  ( -0.6393797039858363229, 1.832780420008658817, 27.09846096012201855 ) ) ;
#504 = CARTESIAN_POINT ( 'NONE',  ( -1.150003810007999894, -39.95007874015750104, 28.40006096012200132 ) ) ;
#505 = CARTESIAN_POINT ( 'NONE',  ( 77.97817871069256057, -81.15312516022356704, 26.78806096012193549 ) ) ;
#506 = CARTESIAN_POINT ( 'NONE',  ( 79.13592149706965984, -80.93757667146596191, 28.42006096012205418 ) ) ;
#507 = CARTESIAN_POINT ( 'NONE',  ( 1.895624675138896986, -81.14635474960623185, 26.38006096012198398 ) ) ;
#508 = CARTESIAN_POINT ( 'NONE',  ( 80.59939729653534357, 1.972047348561890567, 30.00006096012200985 ) ) ;
#509 = CARTESIAN_POINT ( 'NONE',  ( 82.18420986281029172, -0.01312740560897408815, 28.56726096012202376 ) ) ;
#510 = CARTESIAN_POINT ( 'NONE',  ( -2.319838850145040432, -0.2994258217638819941, 27.83286096012202648 ) ) ;
#511 = CARTESIAN_POINT ( 'NONE',  ( -0.2405252984724303711, -80.21437631632780096, 28.42006096012199734 ) ) ;
#512 = EDGE_CURVE ( 'NONE', #994, #52, #1794, .T. ) ;
#513 = CARTESIAN_POINT ( 'NONE',  ( 80.99354973214887821, -78.94687456148831473, 26.78806096012201010 ) ) ;
#514 = DIRECTION ( 'NONE',  ( 0.000000000000000000, 0.000000000000000000, 1.000000000000000000 ) ) ;
#515 = ORIENTED_EDGE ( 'NONE', *, *, #2392, .T. ) ;
#516 = CARTESIAN_POINT ( 'NONE',  ( -0.7124551747610471386, -79.60058712334853226, 26.40006096012200487 ) ) ;
#517 = MECHANICAL_CONTEXT ( 'NONE', #2314, 'mechanical' ) ;
#518 = CARTESIAN_POINT ( 'NONE',  ( 80.27148350815065214, 2.082345585828695889, 27.09846096012200434 ) ) ;
#519 = CARTESIAN_POINT ( 'NONE',  ( -0.9213665050422072955, -79.11986881095997148, 26.78806096012196392 ) ) ;
#520 = CARTESIAN_POINT ( 'NONE',  ( -0.8015354025609976452, 1.727478605683873347, 27.09846096012201855 ) ) ;
#521 = CARTESIAN_POINT ( 'NONE',  ( 81.15148201407637885, -78.00147566402328891, 26.80006096012199635 ) ) ;
#522 = CARTESIAN_POINT ( 'NONE',  ( 78.76717154921006170, -81.05446530973323149, 26.38006096012194135 ) ) ;
#523 = CARTESIAN_POINT ( 'NONE',  ( 1.468515335822963008, -81.07427864532475326, 27.60406096012200550 ) ) ;
#524 = CARTESIAN_POINT ( 'NONE',  ( 81.01298698491224570, 1.670970051914752785, 30.00006096012200985 ) ) ;
#525 = CARTESIAN_POINT ( 'NONE',  ( 81.99663164689987127, 0.3188268523550509270, 28.56726096012203087 ) ) ;
#526 = CARTESIAN_POINT ( 'NONE',  ( -2.154646693524179035, 0.04317515263665168412, 27.83286096012202648 ) ) ;
#527 = CARTESIAN_POINT ( 'NONE',  ( -0.1614622691303818636, -80.29403294269064872, 26.38006096012198043 ) ) ;
#528 = CARTESIAN_POINT ( 'NONE',  ( 81.04564273157041043, -78.75891777781400549, 28.01206096012204583 ) ) ;
#529 = ORIENTED_EDGE ( 'NONE', *, *, #3522, .T. ) ;
#530 = EDGE_CURVE ( 'NONE', #1840, #714, #3420, .T. ) ;
#531 = FACE_OUTER_BOUND ( 'NONE', #2961, .T. ) ;
#532 = APPROVAL_ROLE ( '' ) ;
#533 = CARTESIAN_POINT ( 'NONE',  ( 80.04826596172699738, -80.35063711333961578, 26.78806096012197813 ) ) ;
#534 = CARTESIAN_POINT ( 'NONE',  ( 80.60232357853369933, 1.975035898732406148, 30.03606096012204318 ) ) ;
#535 = CARTESIAN_POINT ( 'NONE',  ( -1.081663446342491230, -78.56959966903599479, 28.01206096012198543 ) ) ;
#536 = CARTESIAN_POINT ( 'NONE',  ( -0.8015302861605135831, 1.727473380194081587, 29.30166096012204591 ) ) ;
#537 = CARTESIAN_POINT ( 'NONE',  ( 81.14934046945899127, -77.99933411937844596, 27.60006096012199350 ) ) ;
#538 = CARTESIAN_POINT ( 'NONE',  ( 78.47525246072287075, -81.08737051903828785, 27.19606096012197938 ) ) ;
#539 = CARTESIAN_POINT ( 'NONE',  ( 1.165016323547652055, -81.04361188834363361, 28.42006096012202576 ) ) ;
#540 = CARTESIAN_POINT ( 'NONE',  ( 81.76639212305877891, 0.8893996599608886555, 30.00006096012201340 ) ) ;
#541 = CARTESIAN_POINT ( 'NONE',  ( 82.24410738458243486, 0.1343786409040075847, 30.03606096012205029 ) ) ;
#542 = CARTESIAN_POINT ( 'NONE',  ( -1.820451128454582568, 0.5842479136365349435, 28.56726096012202021 ) ) ;
#543 = CARTESIAN_POINT ( 'NONE',  ( -0.2010816051982128316, -80.25429245090681718, 28.42006096012199734 ) ) ;
#544 = VECTOR ( 'NONE', #1847, 1000.000000000000000 ) ;
#545 = CARTESIAN_POINT ( 'NONE',  ( 81.07430593777873185, -78.53166943699797287, 27.19606096012202201 ) ) ;
#546 = ORIENTED_EDGE ( 'NONE', *, *, #3358, .T. ) ;
#547 = LOCAL_TIME ( 11, 53, 39.00000000000000000, #1305 ) ;
#548 = LINE ( 'NONE', #2219, #1308 ) ;
#549 = APPROVAL_DATE_TIME ( #3214, #847 ) ;
#550 = CARTESIAN_POINT ( 'NONE',  ( 80.01518328863994611, -80.37824909351836311, 28.01206096012202806 ) ) ;
#551 = EDGE_CURVE ( 'NONE', #1232, #1269, #2380, .T. ) ;
#552 = CARTESIAN_POINT ( 'NONE',  ( 80.70987172825415712, 1.724350657821062338, 28.56726096012202376 ) ) ;
#553 = CARTESIAN_POINT ( 'NONE',  ( -0.9366347996485357985, -79.13513710555533009, 28.40006096012199421 ) ) ;
#554 = CARTESIAN_POINT ( 'NONE',  ( -1.123383007456762561, -78.41511067391589052, 26.38006096012198043 ) ) ;
#555 = CARTESIAN_POINT ( 'NONE',  ( 0.01368068317244550136, 2.314798173586788188, 30.03606096012202897 ) ) ;
#556 = CIRCLE ( 'NONE', #673, 1.500000000000000000 ) ;
#557 = CARTESIAN_POINT ( 'NONE',  ( -2.749129670043211071, -1.900002540005000462, 29.65446648892437409 ) ) ;
#558 = CARTESIAN_POINT ( 'NONE',  ( 78.93278666813695565, -81.00808907781430435, 26.38006096012194845 ) ) ;
#559 = CARTESIAN_POINT ( 'NONE',  ( 1.192553447465011907, -81.01607476440327105, 28.01206096012199254 ) ) ;
#560 = CARTESIAN_POINT ( 'NONE',  ( 80.27006482563517409, 2.169070725879153727, 30.00006096012200985 ) ) ;
#561 = CARTESIAN_POINT ( 'NONE',  ( 82.39546921453657546, -0.3879376380323484863, 27.09846096012199723 ) ) ;
#562 = CARTESIAN_POINT ( 'NONE',  ( -2.123045266459359759, 0.3599172401906167162, 26.36406096012199285 ) ) ;
#563 = CARTESIAN_POINT ( 'NONE',  ( 80.54133513200659422, -79.86036145936866149, 28.40006096012202264 ) ) ;
#564 = CARTESIAN_POINT ( 'NONE',  ( -0.01031984184912176916, -80.38169917635134709, 28.01206096012198543 ) ) ;
#565 = CARTESIAN_POINT ( 'NONE',  ( 81.01401346483370958, -78.80554271435389069, 27.60406096012202326 ) ) ;
#566 = DIRECTION ( 'NONE',  ( 0.000000000000000000, -1.000000000000000000, 0.000000000000000000 ) ) ;
#567 = CARTESIAN_POINT ( 'NONE',  ( 80.07128681470395293, -80.37365796625832104, 26.38006096012196622 ) ) ;
#568 = CARTESIAN_POINT ( 'NONE',  ( 81.27519024956383475, 1.314896012392597902, 29.30166096012203525 ) ) ;
#569 = CARTESIAN_POINT ( 'NONE',  ( -1.118196445309416198, -78.28512578414543555, 27.19606096012198648 ) ) ;
#570 = CARTESIAN_POINT ( 'NONE',  ( 0.8896431489970217932, 2.578645349135929354, 27.09846096012199723 ) ) ;
#571 = DIRECTION ( 'NONE',  ( 0.000000000000000000, 0.000000000000000000, 1.000000000000000000 ) ) ;
#572 = LINE ( 'NONE', #304, #2796 ) ;
#573 = EDGE_CURVE ( 'NONE', #1894, #1547, #556, .T. ) ;
#574 = CARTESIAN_POINT ( 'NONE',  ( 79.51205132247130791, -80.71130321692677967, 27.60406096012201260 ) ) ;
#575 = CARTESIAN_POINT ( 'NONE',  ( 1.468488042327154686, -81.07430593881765901, 27.19606096012199359 ) ) ;
#576 = CARTESIAN_POINT ( 'NONE',  ( -0.9401413548641742723, 1.732884552338025186, 26.40006096012200132 ) ) ;
#577 = CARTESIAN_POINT ( 'NONE',  ( 82.22131373148074829, 0.02476599403845033964, 29.30166096012205301 ) ) ;
#578 = CARTESIAN_POINT ( 'NONE',  ( -2.331939607703232831, -0.03252937874247135985, 26.36406096012199285 ) ) ;
#579 = CARTESIAN_POINT ( 'NONE',  ( -0.2618772974358187788, -80.19380007179987047, 28.42006096012199734 ) ) ;
#580 = CARTESIAN_POINT ( 'NONE',  ( 81.12322950216211837, -78.43399831860432414, 28.42006096012205774 ) ) ;
#581 = CARTESIAN_POINT ( 'NONE',  ( 78.11718653722039107, -81.14630915011053958, 28.40006096012199421 ) ) ;
#582 = CARTESIAN_POINT ( 'NONE',  ( -1.150003810007999894, -39.95007874015750104, 26.40006096012200132 ) ) ;
#583 = CARTESIAN_POINT ( 'NONE',  ( -1.147292755687282728, -78.07390838300806024, 28.40006096012200842 ) ) ;
#584 = CARTESIAN_POINT ( 'NONE',  ( 80.15584108797776253, -80.22407580120699322, 27.60406096012201616 ) ) ;
#585 = CARTESIAN_POINT ( 'NONE',  ( 80.94790329276892749, 1.604501447916671708, 29.30166096012203525 ) ) ;
#586 = CARTESIAN_POINT ( 'NONE',  ( -1.135961512859245293, -78.17041710373270291, 28.01206096012198898 ) ) ;
#587 = CARTESIAN_POINT ( 'NONE',  ( 0.1510224261702544368, 2.387614709506190369, 26.36406096012199285 ) ) ;
#588 = DIRECTION ( 'NONE',  ( 0.000000000000000000, 0.000000000000000000, 1.000000000000000000 ) ) ;
#589 = CARTESIAN_POINT ( 'NONE',  ( 78.00021868777695033, 2.750071453957970036, 26.40006096024700710 ) ) ;
#590 = CARTESIAN_POINT ( 'NONE',  ( 79.50815170603044635, -80.76598409603374762, 28.42006096012205418 ) ) ;
#591 = CARTESIAN_POINT ( 'NONE',  ( 0.5733586570584456865, -80.77317844855157603, 26.78806096012198878 ) ) ;
#592 = CARTESIAN_POINT ( 'NONE',  ( -1.949478706875999778, -1.900002540005000018, 26.40006096012199777 ) ) ;
#593 = CARTESIAN_POINT ( 'NONE',  ( 82.65185548342653021, -1.036026194749358975, 30.03606096012203963 ) ) ;
#594 = CARTESIAN_POINT ( 'NONE',  ( -1.777201899949694130, 0.7203393380413273261, 29.30166096012202459 ) ) ;
#595 = CARTESIAN_POINT ( 'NONE',  ( -0.5346461893844919322, -79.87132745175398441, 28.42006096012198668 ) ) ;
#596 = CARTESIAN_POINT ( 'NONE',  ( -1.726942205314100809, 0.9399181846292030684, 30.00006096012200274 ) ) ;
#597 = FACE_OUTER_BOUND ( 'NONE', #3122, .T. ) ;
#598 = CARTESIAN_POINT ( 'NONE',  ( 78.85322310836269821, -81.03452119346421512, 26.40006096012196224 ) ) ;
#599 = CARTESIAN_POINT ( 'NONE',  ( 2.000193577036281756, -81.14997025328865732, 26.40006096012199066 ) ) ;
#600 = CARTESIAN_POINT ( 'NONE',  ( 82.62962387915325735, -0.9265516410172830453, 26.40006096012199421 ) ) ;
#601 = CARTESIAN_POINT ( 'NONE',  ( 80.03895273604103977, -80.40201854090059896, 28.42006096012206129 ) ) ;
#602 = APPROVAL_PERSON_ORGANIZATION ( #3283, #2138, #2982 ) ;
#603 = ORIENTED_EDGE ( 'NONE', *, *, #530, .F. ) ;
#604 = CARTESIAN_POINT ( 'NONE',  ( 81.27119397102022447, 1.448057653833742631, 30.03606096012203963 ) ) ;
#605 = CARTESIAN_POINT ( 'NONE',  ( -0.6877466892702528423, -79.64335067365411192, 28.40006096012199421 ) ) ;
#606 = CARTESIAN_POINT ( 'NONE',  ( -1.108801818500746217, -78.40052948494827945, 26.78806096012198168 ) ) ;
#607 = CARTESIAN_POINT ( 'NONE',  ( 0.8216679533349091624, 2.530717893953174702, 29.30166096012202459 ) ) ;
#608 = DIRECTION ( 'NONE',  ( -0.000000000000000000, 0.000000000000000000, -1.000000000000000000 ) ) ;
#609 = CARTESIAN_POINT ( 'NONE',  ( 80.32608806769893306, 2.138112072322660318, 26.40006096012199421 ) ) ;
#610 = CARTESIAN_POINT ( 'NONE',  ( 79.43294838068156594, -80.80797386961346263, 28.42006096012205418 ) ) ;
#611 = CARTESIAN_POINT ( 'NONE',  ( 0.9504537869198560474, -80.93458326532113745, 27.19606096012199004 ) ) ;
#612 = CARTESIAN_POINT ( 'NONE',  ( -1.726942205314065504, 0.9399181846291911890, 26.40006096012200132 ) ) ;
#613 = ORIENTED_EDGE ( 'NONE', *, *, #773, .T. ) ;
#614 = CARTESIAN_POINT ( 'NONE',  ( 82.60324472115776473, -1.139345361337886331, 28.56726096012202731 ) ) ;
#615 = CARTESIAN_POINT ( 'NONE',  ( 80.21325314351179259, -80.23955961683279270, 28.40006096012202619 ) ) ;
#616 = CARTESIAN_POINT ( 'NONE',  ( -0.4239435653408971660, -79.95706811501877098, 28.01206096012198543 ) ) ;
#617 = CARTESIAN_POINT ( 'NONE',  ( -1.098258367576438577, 1.596257471874308997, 30.00006096012201340 ) ) ;
#618 = CARTESIAN_POINT ( 'NONE',  ( 79.87021786229446718, -80.53369408023107212, 28.40006096012202619 ) ) ;
#619 = DIRECTION ( 'NONE',  ( 1.000000000000000000, 0.000000000000000000, 0.000000000000000000 ) ) ;
#620 = EDGE_CURVE ( 'NONE', #1052, #1803, #1468, .T. ) ;
#621 = CARTESIAN_POINT ( 'NONE',  ( -2.623751383714485019, -1.217963730256547583, 28.56726096012202021 ) ) ;
#622 = CARTESIAN_POINT ( 'NONE',  ( -1.148028387846735443, -78.04922625843535400, 28.40006096012200842 ) ) ;
#623 = CARTESIAN_POINT ( 'NONE',  ( 80.43936536644255852, -79.93920122265336659, 28.01206096012203517 ) ) ;
#624 = CARTESIAN_POINT ( 'NONE',  ( 80.61185486166637304, 1.804509046949228424, 28.56726096012202731 ) ) ;
#625 = CARTESIAN_POINT ( 'NONE',  ( -1.127652168731340332, -78.26309124710040521, 26.78806096012198168 ) ) ;
#626 = CARTESIAN_POINT ( 'NONE',  ( -0.09638854550734629600, 2.166367609848178777, 29.30166096012203525 ) ) ;
#627 = PLANE ( 'NONE',  #3436 ) ;
#628 = CARTESIAN_POINT ( 'NONE',  ( 81.72710025041605775, 0.9399187614342373598, 26.40006096012199421 ) ) ;
#629 = CARTESIAN_POINT ( 'NONE',  ( 79.54555234070670622, -80.74480423513504945, 26.38006096012194845 ) ) ;
#630 = CARTESIAN_POINT ( 'NONE',  ( 0.6844815831576274157, -80.83528368818180354, 26.78806096012198878 ) ) ;
#631 = DIRECTION ( 'NONE',  ( -0.000000000000000000, -1.000000000000000000, -0.000000000000000000 ) ) ;
#632 = CARTESIAN_POINT ( 'NONE',  ( 82.67607727539416373, -1.164685230292911600, 30.03606096012203963 ) ) ;
#633 = CARTESIAN_POINT ( 'NONE',  ( 82.74912986233402989, -1.900002540005001572, 27.41797630675912956 ) ) ;
#634 = CARTESIAN_POINT ( 'NONE',  ( -0.5443316000848303915, -79.80000516665262467, 28.01206096012198543 ) ) ;
#635 = CARTESIAN_POINT ( 'NONE',  ( 81.15388683432702521, -77.94088035740502107, 27.19606096012201490 ) ) ;
#636 = CARTESIAN_POINT ( 'NONE',  ( 79.05790247223990264, -80.96937335986604012, 28.40006096012200487 ) ) ;
#637 = CARTESIAN_POINT ( 'NONE',  ( 79.33293403276164213, -80.85254182377605048, 26.40006096012197645 ) ) ;
#638 = CARTESIAN_POINT ( 'NONE',  ( -2.643850485345869750, -1.197436940919645920, 27.09846096012201855 ) ) ;
#639 = FACE_BOUND ( 'NONE', #733, .T. ) ;
#640 = CARTESIAN_POINT ( 'NONE',  ( 80.40602063150258516, -80.03479877729181169, 26.38006096012196977 ) ) ;
#641 = VERTEX_POINT ( 'NONE', #2088 ) ;
#642 = CARTESIAN_POINT ( 'NONE',  ( 81.93288657800714248, 0.4315132539767796982, 27.83286096012202293 ) ) ;
#643 = CARTESIAN_POINT ( 'NONE',  ( -1.149357649348725863, -78.05068873515294570, 28.01206096012198898 ) ) ;
#644 = CARTESIAN_POINT ( 'NONE',  ( 1.403733393437725852, 2.660460976067501093, 28.56726096012202021 ) ) ;
#645 = CARTESIAN_POINT ( 'NONE',  ( 65.66321310642669573, -47.55396240792504869, 30.00006096012200274 ) ) ;
#646 = CARTESIAN_POINT ( 'NONE',  ( 80.16236329104718550, 2.233585396680901614, 26.40006096012199421 ) ) ;
#647 = CARTESIAN_POINT ( 'NONE',  ( -0.7658266136521837408, -79.50815170919631214, 28.42006096012198668 ) ) ;
#648 = CARTESIAN_POINT ( 'NONE',  ( 79.56748229940390615, -80.67950783464067399, 27.60406096012201260 ) ) ;
#649 = CARTESIAN_POINT ( 'NONE',  ( -1.369729774520773935, 1.345319724388496230, 26.40006096012200132 ) ) ;
#650 = CARTESIAN_POINT ( 'NONE',  ( 82.43663667921822480, -0.5929734272888964597, 28.56726096012202731 ) ) ;
#651 = FACE_OUTER_BOUND ( 'NONE', #2435, .T. ) ;
#652 = CARTESIAN_POINT ( 'NONE',  ( -0.4816142203592242987, -79.94160453275698330, 26.38006096012198043 ) ) ;
#653 = CARTESIAN_POINT ( 'NONE',  ( -1.766234063071634219, 0.8893990679539621746, 30.00006096012200274 ) ) ;
#654 = CARTESIAN_POINT ( 'NONE',  ( 79.80121384854147948, -80.58440410384477559, 28.40006096012202264 ) ) ;
#655 = CARTESIAN_POINT ( 'NONE',  ( 79.87021786229468034, -80.53369408023120002, 26.40006096012197645 ) ) ;
#656 = CARTESIAN_POINT ( 'NONE',  ( -2.705165945723998266, -1.590404423253549471, 27.83286096012202648 ) ) ;
#657 = CARTESIAN_POINT ( 'NONE',  ( 80.50579247409132222, -79.82481880150197640, 27.19606096012199714 ) ) ;
#658 = VERTEX_POINT ( 'NONE', #2900 ) ;
#659 = CARTESIAN_POINT ( 'NONE',  ( 81.66766339535267605, 0.7885700897324529057, 27.83286096012201938 ) ) ;
#660 = CARTESIAN_POINT ( 'NONE',  ( -1.153219134481341612, -77.94037013773299805, 27.60406096012198418 ) ) ;
#661 = CARTESIAN_POINT ( 'NONE',  ( 1.850712749711572291, 2.738034230026480387, 29.30166096012201393 ) ) ;
#662 = AXIS2_PLACEMENT_3D ( 'NONE', #2292, #860, #350 ) ;
#663 = CARTESIAN_POINT ( 'NONE',  ( 78.59640438767952730, 2.660440857720006935, 28.56726096012201666 ) ) ;
#664 = CARTESIAN_POINT ( 'NONE',  ( -0.6793499671677487584, -79.56748191577781881, 27.19606096012196872 ) ) ;
#665 = CARTESIAN_POINT ( 'NONE',  ( -1.708185132539562723, 0.8301149178793617578, 27.09846096012199723 ) ) ;
#666 = CARTESIAN_POINT ( 'NONE',  ( 79.71993127321357520, -80.58065404404155174, 27.19606096012199714 ) ) ;
#667 = CARTESIAN_POINT ( 'NONE',  ( -0.3259312703223276042, 2.138112769792900547, 26.40006096012200132 ) ) ;
#668 = CARTESIAN_POINT ( 'NONE',  ( 82.62390013795658206, -1.217972641901731601, 28.56726096012203087 ) ) ;
#669 = CARTESIAN_POINT ( 'NONE',  ( -1.150003810007999894, -1.900002540005000018, 28.40006096012200132 ) ) ;
#670 = CARTESIAN_POINT ( 'NONE',  ( -0.3213088113591846540, -80.07978978801030223, 26.78806096012198168 ) ) ;
#671 = CARTESIAN_POINT ( 'NONE',  ( -2.721869582999698167, -1.496408823858091486, 30.00006096012201340 ) ) ;
#672 = CARTESIAN_POINT ( 'NONE',  ( 78.58271855251393845, -81.09493981012488462, 26.40006096012196224 ) ) ;
#673 = AXIS2_PLACEMENT_3D ( 'NONE', #363, #152, #2286 ) ;
#674 = CARTESIAN_POINT ( 'NONE',  ( -2.723081483378561707, -1.495171135529366424, 30.03606096012202897 ) ) ;
#675 = CARTESIAN_POINT ( 'NONE',  ( 80.51856014944097240, -79.83758647682191167, 28.01206096012202451 ) ) ;
#676 = VERTEX_POINT ( 'NONE', #1539 ) ;
#677 = EDGE_LOOP ( 'NONE', ( #352, #2344, #406, #140 ) ) ;
#678 = CARTESIAN_POINT ( 'NONE',  ( 81.56631515524080100, 1.139544158624586245, 26.36406096012198219 ) ) ;
#679 = VECTOR ( 'NONE', #400, 1000.000000000000000 ) ;
#680 = CARTESIAN_POINT ( 'NONE',  ( -1.144644299209114813, -78.10303689583291487, 26.78806096012198168 ) ) ;
#681 = CARTESIAN_POINT ( 'NONE',  ( 2.008017398249130725, 2.750341516415204079, 30.03606096012201832 ) ) ;
#682 = CARTESIAN_POINT ( 'NONE',  ( 78.47105605957381158, 2.679075576313892260, 27.83286096012201938 ) ) ;
#683 = CARTESIAN_POINT ( 'NONE',  ( -0.7245102386568766928, -79.52541582977285373, 28.01206096012198543 ) ) ;
#684 = CARTESIAN_POINT ( 'NONE',  ( -1.305882182579001016, 1.280113523299960088, 29.30166096012202459 ) ) ;
#685 = CARTESIAN_POINT ( 'NONE',  ( 79.94588418953243547, -80.41291711838400147, 27.60406096012200550 ) ) ;
#686 = DIRECTION ( 'NONE',  ( 0.000000000000000000, 1.000000000000000000, 0.000000000000000000 ) ) ;
#687 = ADVANCED_FACE ( 'NONE', ( #651 ), #133, .T. ) ;
#688 = CARTESIAN_POINT ( 'NONE',  ( 82.71889669587672245, -1.683487278740254833, 28.56726096012202376 ) ) ;
#689 = CARTESIAN_POINT ( 'NONE',  ( 81.13403720067644542, -78.30072136240987390, 28.40006096012204040 ) ) ;
#690 = CARTESIAN_POINT ( 'NONE',  ( 78.16071759029041743, -81.14542096308748853, 28.42006096012202576 ) ) ;
#691 = CARTESIAN_POINT ( 'NONE',  ( 1.896659255628645013, -81.14532016912953338, 26.78806096012199234 ) ) ;
#692 = CARTESIAN_POINT ( 'NONE',  ( 80.64456710091398861, -79.70896134649018450, 26.40006096012200132 ) ) ;
#693 = CARTESIAN_POINT ( 'NONE',  ( -2.681206903506650363, -1.398032351618092584, 27.09846096012201855 ) ) ;
#694 = CARTESIAN_POINT ( 'NONE',  ( 0.2754151783335395121, -80.60078402962771804, 28.01206096012198898 ) ) ;
#695 = CARTESIAN_POINT ( 'NONE',  ( 80.46297138548652583, -79.88023755660969982, 27.19606096012199004 ) ) ;
#696 = VERTEX_POINT ( 'NONE', #669 ) ;
#697 = ORIENTED_EDGE ( 'NONE', *, *, #1184, .F. ) ;
#698 = CARTESIAN_POINT ( 'NONE',  ( -1.099355165703591597, -78.55279743975354734, 26.40006096012199066 ) ) ;
#699 = CARTESIAN_POINT ( 'NONE',  ( 1.071860390330690915, 2.585065362015819268, 28.56726096012202021 ) ) ;
#700 = CARTESIAN_POINT ( 'NONE',  ( 78.60063254136480282, 2.664758982142411359, 27.09846096012200078 ) ) ;
#701 = PRODUCT_DEFINITION_SHAPE ( 'NONE', 'NONE',  #2457 ) ;
#702 = CARTESIAN_POINT ( 'NONE',  ( -0.6273165434475775903, -79.65039256365055564, 27.19606096012198648 ) ) ;
#703 = CARTESIAN_POINT ( 'NONE',  ( -1.550727855953000223, 0.9418700952466114718, 27.83286096012200517 ) ) ;
#704 = CARTESIAN_POINT ( 'NONE',  ( 79.83493240521670486, -80.49840862318775692, 27.60406096012201260 ) ) ;
#705 = CARTESIAN_POINT ( 'NONE',  ( 79.55016129032298977, -39.95007874015750104, 28.40006096012200132 ) ) ;
#706 = CARTESIAN_POINT ( 'NONE',  ( 78.66321310642670994, -54.35396240792304923, 26.02405757433622568 ) ) ;
#707 = CARTESIAN_POINT ( 'NONE',  ( 81.14997362305882689, -77.99996727322253776, 28.40006096012200487 ) ) ;
#708 = CARTESIAN_POINT ( 'NONE',  ( 78.01236827256350637, -81.14925469458002283, 28.42006096012201866 ) ) ;
#709 = CARTESIAN_POINT ( 'NONE',  ( 1.901713999388902510, -81.14026542538339015, 27.60406096012200194 ) ) ;
#710 = CARTESIAN_POINT ( 'NONE',  ( 81.12970607609693730, -78.34358178006152684, 26.40006096012202619 ) ) ;
#711 = CARTESIAN_POINT ( 'NONE',  ( -2.585559736861351432, -0.9713925901251404538, 29.30166096012202814 ) ) ;
#712 = CARTESIAN_POINT ( 'NONE',  ( 0.3871179822393747694, -80.66678977479521961, 28.01206096012198898 ) ) ;
#713 = CARTESIAN_POINT ( 'NONE',  ( 80.90145939464898106, -79.24098639199424099, 28.42006096012207195 ) ) ;
#714 = VERTEX_POINT ( 'NONE', #1754 ) ;
#715 = ORIENTED_EDGE ( 'NONE', *, *, #1818, .T. ) ;
#716 = CARTESIAN_POINT ( 'NONE',  ( 0.1397960209386327202, -80.54133513200407890, 28.40006096012201198 ) ) ;
#717 = CARTESIAN_POINT ( 'NONE',  ( -1.150755690440601775, -77.97596672119021832, 27.60406096012199129 ) ) ;
#718 = CARTESIAN_POINT ( 'NONE',  ( 1.291001863797320626, 2.628940987050410794, 28.56726096012202021 ) ) ;
#719 = CARTESIAN_POINT ( 'NONE',  ( 79.52429725918813119, 2.395692273043934950, 28.56726096012203797 ) ) ;
#720 = CARTESIAN_POINT ( 'NONE',  ( -0.7135528665715088481, -79.60168481515893291, 28.42006096012198668 ) ) ;
#721 = AXIS2_PLACEMENT_3D ( 'NONE', #1572, #2935, #2407 ) ;
#722 = CARTESIAN_POINT ( 'NONE',  ( -1.233756350955189651, 1.272741276227471907, 27.83286096012200517 ) ) ;
#723 = CARTESIAN_POINT ( 'NONE',  ( 79.98520145864841879, -80.37910014840794304, 27.60406096012200905 ) ) ;
#724 = CARTESIAN_POINT ( 'NONE',  ( -0.5454426203874741530, 2.006719292635347873, 26.40006096012200132 ) ) ;
#725 = CARTESIAN_POINT ( 'NONE',  ( 82.73972067792709595, -1.835179395530787128, 27.83286096012201583 ) ) ;
#726 = CARTESIAN_POINT ( 'NONE',  ( 78.15369159081689077, -81.13839496362977854, 26.78806096012194260 ) ) ;
#727 = LINE ( 'NONE', #3461, #2861 ) ;
#728 = CARTESIAN_POINT ( 'NONE',  ( 78.12745052476624608, 2.745090074282723780, 30.00006096012200629 ) ) ;
#729 = CARTESIAN_POINT ( 'NONE',  ( -2.436481601252477258, -0.5929709738342577863, 28.56726096012202021 ) ) ;
#730 = CARTESIAN_POINT ( 'NONE',  ( 0.2754039573068119973, -80.60079525068476869, 26.78806096012197457 ) ) ;
#731 = CARTESIAN_POINT ( 'NONE',  ( 80.69388054866614368, -79.64013027191977301, 28.42006096012206484 ) ) ;
#732 = DIRECTION ( 'NONE',  ( 0.000000000000000000, 1.000000000000000000, 0.000000000000000000 ) ) ;
#733 = EDGE_LOOP ( 'NONE', ( #3176, #3193, #2653, #3229 ) ) ;
#734 = EDGE_CURVE ( 'NONE', #1856, #805, #930, .T. ) ;
#735 = CARTESIAN_POINT ( 'NONE',  ( 0.1184662594532955443, -80.52469489272279191, 26.40006096012201553 ) ) ;
#736 = CARTESIAN_POINT ( 'NONE',  ( 79.41381851478415399, 2.526958545459920380, 30.03606096012203963 ) ) ;
#737 = CARTESIAN_POINT ( 'NONE',  ( 82.08838403170985032, 0.4125316305777135817, 26.40006096012199421 ) ) ;
#738 = CARTESIAN_POINT ( 'NONE',  ( -0.9075591012087547149, -79.10606140713713330, 27.19606096012196872 ) ) ;
#739 = CARTESIAN_POINT ( 'NONE',  ( -1.129677272168587709, 1.440933401975369010, 27.09846096012199723 ) ) ;
#740 = CARTESIAN_POINT ( 'NONE',  ( 79.67340201956518797, -80.61165730585491929, 27.19606096012199359 ) ) ;
#741 = CARTESIAN_POINT ( 'NONE',  ( 65.66321310642669573, -47.55396240792504869, 30.00006096012200274 ) ) ;
#742 = CARTESIAN_POINT ( 'NONE',  ( 82.73198291622210832, -1.563177647582027818, 26.36406096012199285 ) ) ;
#743 = CARTESIAN_POINT ( 'NONE',  ( 78.39448045239792862, -81.10291026628607369, 27.60406096012198063 ) ) ;
#744 = CARTESIAN_POINT ( 'NONE',  ( -0.2699065824189785245, 2.169069946743671373, 30.00006096012203116 ) ) ;
#745 = CARTESIAN_POINT ( 'NONE',  ( 81.14603010618829160, -78.12948444793569536, 26.40006096012202264 ) ) ;
#746 = CARTESIAN_POINT ( 'NONE',  ( 81.76936401620861261, 0.8924347918419851533, 26.36406096012198219 ) ) ;
#747 = CARTESIAN_POINT ( 'NONE',  ( -2.534734334243675224, -0.8911202805769382618, 28.56726096012202021 ) ) ;
#748 = CARTESIAN_POINT ( 'NONE',  ( 0.1941689936478619705, -80.58449618681135007, 26.38006096012198043 ) ) ;
#749 = CARTESIAN_POINT ( 'NONE',  ( 80.73491214062774191, -79.56301734155961469, 26.38006096012198043 ) ) ;
#750 = ORIENTED_EDGE ( 'NONE', *, *, #530, .T. ) ;
#751 = EDGE_LOOP ( 'NONE', ( #480, #1782, #2755, #3503 ) ) ;
#752 = CARTESIAN_POINT ( 'NONE',  ( -0.4007056449518119345, -80.03779731497289163, 28.40006096012200487 ) ) ;
#753 = CARTESIAN_POINT ( 'NONE',  ( 0.6673162871491320480, -80.85244898418022785, 26.40006096012201553 ) ) ;
#754 = PERSON_AND_ORGANIZATION_ROLE ( 'design_owner' ) ;
#755 = CARTESIAN_POINT ( 'NONE',  ( 80.23234208396256406, 2.042371273658464048, 28.56726096012203087 ) ) ;
#756 = CARTESIAN_POINT ( 'NONE',  ( -0.9051177166285412357, -79.15941992695451290, 26.78806096012196392 ) ) ;
#757 = CARTESIAN_POINT ( 'NONE',  ( -0.4888184117764839409, 1.948890181033540170, 27.09846096012201855 ) ) ;
#758 = CARTESIAN_POINT ( 'NONE',  ( 80.11991482606750026, -80.33172955587723152, 26.38006096012196622 ) ) ;
#759 = DIRECTION ( 'NONE',  ( -1.000000000000000000, 0.000000000000000000, 0.000000000000000000 ) ) ;
#760 = CARTESIAN_POINT ( 'NONE',  ( 82.74675546829659822, -1.884466094424037230, 27.83286096012201583 ) ) ;
#761 = CARTESIAN_POINT ( 'NONE',  ( 79.02930490832309829, -80.94077579595972338, 27.60406096012199129 ) ) ;
#762 = DIRECTION ( 'NONE',  ( -0.000000000000000000, -1.000000000000000000, -0.000000000000000000 ) ) ;
#763 = CARTESIAN_POINT ( 'NONE',  ( 78.32680236228057424, 2.742214284498648791, 30.00006096012200629 ) ) ;
#764 = CARTESIAN_POINT ( 'NONE',  ( 81.45335676626788768, 1.273008181976090336, 26.36406096012198219 ) ) ;
#765 = CARTESIAN_POINT ( 'NONE',  ( -2.615840635751765841, -1.072646568785358800, 29.30166096012202814 ) ) ;
#766 = CARTESIAN_POINT ( 'NONE',  ( 0.3111116922836576482, -80.62465154242796928, 28.01206096012199254 ) ) ;
#767 = CARTESIAN_POINT ( 'NONE',  ( 80.81619926164317746, -79.35391530572111662, 28.01206096012205649 ) ) ;
#768 = ORIENTED_EDGE ( 'NONE', *, *, #1379, .F. ) ;
#769 = ORIENTED_EDGE ( 'NONE', *, *, #798, .T. ) ;
#770 = CARTESIAN_POINT ( 'NONE',  ( -0.9942537776772074620, -78.97312465712562357, 26.40006096012199421 ) ) ;
#771 = DIRECTION ( 'NONE',  ( 0.000000000000000000, 0.000000000000000000, 1.000000000000000000 ) ) ;
#772 = CARTESIAN_POINT ( 'NONE',  ( 79.60913286988089510, 2.482333095388629562, 26.36406096012198574 ) ) ;
#773 = EDGE_CURVE ( 'NONE', #1052, #2687, #2012, .T. ) ;
#774 = CARTESIAN_POINT ( 'NONE',  ( -1.013717872691642929, -78.83257726789669562, 28.01206096012198543 ) ) ;
#775 = CARTESIAN_POINT ( 'NONE',  ( -0.9436620855469463054, 1.736480200429195042, 26.36406096012199285 ) ) ;
#776 = DIRECTION ( 'NONE',  ( 0.000000000000000000, 1.000000000000000000, 0.000000000000000000 ) ) ;
#777 = CARTESIAN_POINT ( 'NONE',  ( 77.94132134452527794, -81.15432782155441771, 26.78806096012193549 ) ) ;
#778 = EDGE_CURVE ( 'NONE', #676, #1353, #2335, .T. ) ;
#779 = CARTESIAN_POINT ( 'NONE',  ( 78.71279097626427301, -81.05206460340905039, 26.78806096012196036 ) ) ;
#780 = CARTESIAN_POINT ( 'NONE',  ( 1.803815857779693888, -81.13391051390152597, 27.60406096012200194 ) ) ;
#781 = AXIS2_PLACEMENT_3D ( 'NONE', #1294, #2388, #686 ) ;
#782 = CARTESIAN_POINT ( 'NONE',  ( 81.19999194112020291, 1.512583476873660571, 30.00006096012200985 ) ) ;
#783 = CARTESIAN_POINT ( 'NONE',  ( 82.31999430110758453, -0.2994278943933015302, 28.56726096012202731 ) ) ;
#784 = CARTESIAN_POINT ( 'NONE',  ( -2.568423415756372119, -0.9888935539265157892, 27.83286096012202648 ) ) ;
#785 = CARTESIAN_POINT ( 'NONE',  ( -0.3076370588613274726, -80.06611803549031947, 27.60406096012198418 ) ) ;
#786 = CARTESIAN_POINT ( 'NONE',  ( 80.90461017579536929, -79.10327196153824048, 27.60406096012200905 ) ) ;
#787 = ORIENTED_EDGE ( 'NONE', *, *, #356, .F. ) ;
#788 = VERTEX_POINT ( 'NONE', #417 ) ;
#789 = CARTESIAN_POINT ( 'NONE',  ( -0.03346003113589988975, -80.40483936565161116, 28.40006096012200487 ) ) ;
#790 = CARTESIAN_POINT ( 'NONE',  ( 0.5485721428628096419, -80.79796496273615958, 26.40006096012201553 ) ) ;
#791 =( NAMED_UNIT ( * ) SI_UNIT ( $, .STERADIAN. ) SOLID_ANGLE_UNIT ( ) );
#792 = CARTESIAN_POINT ( 'NONE',  ( 80.27149263705653937, 2.082354908924488601, 29.30166096012203525 ) ) ;
#793 = CARTESIAN_POINT ( 'NONE',  ( -1.041293241082411836, -78.75415696086598416, 26.78806096012196392 ) ) ;
#794 = CARTESIAN_POINT ( 'NONE',  ( -0.4453987926484668236, 2.082334536315045614, 30.03606096012205029 ) ) ;
#795 = DIRECTION ( 'NONE',  ( 1.000000000000000000, 0.000000000000000000, 0.000000000000000000 ) ) ;
#796 = CARTESIAN_POINT ( 'NONE',  ( 78.49795897187962623, -81.11007703021151372, 28.42006096012202931 ) ) ;
#797 = CARTESIAN_POINT ( 'NONE',  ( 1.699007280588508806, -81.13446603797966361, 26.38006096012198398 ) ) ;
#798 = EDGE_CURVE ( 'NONE', #2363, #1430, #2036, .T. ) ;
#799 = CARTESIAN_POINT ( 'NONE',  ( 82.45112479074558109, -0.3310977702408486323, 30.00006096012201340 ) ) ;
#800 = CARTESIAN_POINT ( 'NONE',  ( 82.02970676238146552, 0.2644317604363106144, 28.56726096012202021 ) ) ;
#801 = CARTESIAN_POINT ( 'NONE',  ( -1.932737582418757150, 0.4315219192816504012, 27.83286096012202648 ) ) ;
#802 = CARTESIAN_POINT ( 'NONE',  ( -0.1421278029012859045, -80.31213006082496975, 28.42006096012199734 ) ) ;
#803 = CARTESIAN_POINT ( 'NONE',  ( 81.08362247276795642, -78.66894174546541763, 26.38006096012200885 ) ) ;
#804 = LINE ( 'NONE', #2960, #1543 ) ;
#805 = VERTEX_POINT ( 'NONE', #2279 ) ;
#806 = CARTESIAN_POINT ( 'NONE',  ( 0.2551924306236320605, -80.62100677735358545, 26.40006096012201908 ) ) ;
#807 = CARTESIAN_POINT ( 'NONE',  ( -1.109333076873270318, -78.49737249884510959, 28.40006096012200487 ) ) ;
#808 = PERSON_AND_ORGANIZATION ( #902, #3379 ) ;
#809 = CARTESIAN_POINT ( 'NONE',  ( 80.48895615704671513, 1.948870026087147878, 27.09846096012199368 ) ) ;
#810 = CARTESIAN_POINT ( 'NONE',  ( -0.6454605543447983207, -79.70736274842019498, 28.40006096012199421 ) ) ;
#811 = CARTESIAN_POINT ( 'NONE',  ( -0.9217388499387632050, -79.17604106025235922, 26.38006096012195911 ) ) ;
#812 = CARTESIAN_POINT ( 'NONE',  ( -0.8392138965983714227, 1.629809464945819020, 27.83286096012202648 ) ) ;
#813 = DIRECTION ( 'NONE',  ( 0.000000000000000000, 0.000000000000000000, 1.000000000000000000 ) ) ;
#814 = CARTESIAN_POINT ( 'NONE',  ( 78.52969740624477879, -81.07641261252763343, 27.60406096012198063 ) ) ;
#815 = CARTESIAN_POINT ( 'NONE',  ( 1.262900972784814169, -81.02398144869052032, 27.60406096012200194 ) ) ;
#816 = CARTESIAN_POINT ( 'NONE',  ( 82.59954240814730042, -0.8250939908480352525, 30.00006096012201340 ) ) ;
#817 = CARTESIAN_POINT ( 'NONE',  ( 82.19206419532950747, 0.08122802782297888768, 27.09846096012200078 ) ) ;
#818 = ADVANCED_FACE ( 'NONE', ( #2226 ), #3357, .F. ) ;
#819 = CARTESIAN_POINT ( 'NONE',  ( -1.777204206436102218, 0.7203416938127323865, 27.09846096012199723 ) ) ;
#820 = CARTESIAN_POINT ( 'NONE',  ( -0.0002181272659934341274, -80.43606860657999391, 26.38006096012198043 ) ) ;
#821 = CARTESIAN_POINT ( 'NONE',  ( 80.99808039931737369, -78.95140522865280275, 26.38006096012200175 ) ) ;
#822 = ORIENTED_EDGE ( 'NONE', *, *, #3451, .F. ) ;
#823 = DIRECTION ( 'NONE',  ( -0.000000000000000000, -0.000000000000000000, -1.000000000000000000 ) ) ;
#824 = CARTESIAN_POINT ( 'NONE',  ( 80.04826274297974464, -80.35063389455527272, 28.01206096012203517 ) ) ;
#825 = CARTESIAN_POINT ( 'NONE',  ( 79.60189572044565409, 2.348195150744451620, 28.56726096012203442 ) ) ;
#826 = CARTESIAN_POINT ( 'NONE',  ( -0.4804559774610706602, -79.94044628985992063, 28.40006096012200487 ) ) ;
#827 = CARTESIAN_POINT ( 'NONE',  ( -1.104856874936988032, -78.42749344483229379, 28.01206096012198543 ) ) ;
#828 = CARTESIAN_POINT ( 'NONE',  ( -0.5018124590030703658, 1.872546840533547252, 28.56726096012203087 ) ) ;
#829 = FACE_OUTER_BOUND ( 'NONE', #1302, .T. ) ;
#830 = CARTESIAN_POINT ( 'NONE',  ( 78.48596513859995127, -81.09808319690029066, 28.01206096012199609 ) ) ;
#831 = MANIFOLD_SOLID_BREP ( 'ÇÐ³ý-À­Éì1', #2467 ) ;
#832 = CARTESIAN_POINT ( 'NONE',  ( 1.053282903022131567, -80.99354972904423278, 26.78806096012199234 ) ) ;
#833 = CARTESIAN_POINT ( 'NONE',  ( 81.56326178624394174, 1.136425817177568964, 30.00006096012201340 ) ) ;
#834 = CARTESIAN_POINT ( 'NONE',  ( 81.99662483785253642, 0.3188198984516137369, 27.83286096012201938 ) ) ;
#835 = CARTESIAN_POINT ( 'NONE',  ( -1.749917128793542442, 0.6924739759185341015, 28.56726096012202021 ) ) ;
#836 = CARTESIAN_POINT ( 'NONE',  ( 80.10264925099870936, -80.34432574925260440, 28.40006096012203329 ) ) ;
#837 = CARTESIAN_POINT ( 'NONE',  ( -0.07584016966146187033, -80.32544531455690162, 28.01206096012198543 ) ) ;
#838 = AXIS2_PLACEMENT_3D ( 'NONE', #3237, #759, #3126 ) ;
#839 = CARTESIAN_POINT ( 'NONE',  ( 81.07427864429173781, -78.53164214345251537, 27.60406096012203037 ) ) ;
#840 = DIRECTION ( 'NONE',  ( 0.000000000000000000, -1.000000000000000000, 0.000000000000000000 ) ) ;
#841 = CARTESIAN_POINT ( 'NONE',  ( 80.26780190235925261, -80.13538872002226299, 26.78806096012198523 ) ) ;
#842 = EDGE_CURVE ( 'NONE', #1034, #1894, #1203, .T. ) ;
#843 = CARTESIAN_POINT ( 'NONE',  ( 80.94789535592516927, 1.604493342217698570, 27.09846096012200078 ) ) ;
#844 = CARTESIAN_POINT ( 'NONE',  ( -1.007229274311117528, -78.93208434493773495, 28.40006096012199421 ) ) ;
#845 = CARTESIAN_POINT ( 'NONE',  ( -1.134314568901410247, -78.30124390768962428, 26.38006096012198043 ) ) ;
#846 = CARTESIAN_POINT ( 'NONE',  ( 0.3498427907879317900, 2.397644423998781971, 29.30166096012202459 ) ) ;
#847 = APPROVAL ( #3559, 'æœª' ) ;
#848 = FACE_BOUND ( 'NONE', #677, .T. ) ;
#849 = CARTESIAN_POINT ( 'NONE',  ( 81.19999194112021712, 1.512583476873693655, 26.40006096012199421 ) ) ;
#850 = CARTESIAN_POINT ( 'NONE',  ( 79.46736713518282613, -80.75513415715633414, 26.78806096012197457 ) ) ;
#851 = B_SPLINE_CURVE_WITH_KNOTS ( 'NONE', 5,
 ( #1298, #192, #728, #1835, #763, #1870, #1560, #2393, #2973, #2665, #3498, #1851, #2955, #1507, #2609, #1365, #1610, #2750, #1643, #1331, #560, #1347, #3, #1108, #508, #1904, #2181, #2715, #291, #524, #2766, #1888, #1396, #782, #2731, #2161, #242, #1127, #2462, #833, #3257, #1594, #540, #3548, #2444, #1938, #1077, #3275, #2230, #3323, #2196, #2495, #19, #258, #2478, #799, #853, #3567, #277, #1093, #816, #3007, #1955, #2429, #2991, #1625, #3290, #491, #2698, #1920, #3022, #1382, #2212, #3306, #3038, #1661, #226, #3533 ),
 .UNSPECIFIED., .F., .F.,
 ( 6, 3, 3, 3, 3, 3, 3, 3, 3, 3, 3, 3, 3, 3, 3, 3, 3, 3, 3, 3, 3, 3, 3, 3, 3, 6 ),
 ( -0.007040230474309827277, -0.006778782890789683893, -0.006501870018660990160, -0.006210698791691822949, -0.005756119832351390582, -0.005265136677714170495, -0.004930701996688628339, -0.004589139486511854132, -0.004241999280728376079, -0.003890856826470132177, -0.003714593015573948789, -0.003439733848875379217, -0.003182950546899312658, -0.002829399454943866236, -0.002478257000685466643, -0.002131116794901904456, -0.001789554284725030503, -0.001455119603700491017, -0.001129330536716689759, -0.0008136656317585758830, -0.0005095574897223060021, -0.0003016387113486300800, -0.0001232602982724232896, 5.852660937567637223E-05, 0.0001747712070511563826, 0.0003197255345739587543 ),
 .UNSPECIFIED. ) ;
#852 = CARTESIAN_POINT ( 'NONE',  ( 1.656097769683315901, -81.13018400665612262, 26.38006096012198398 ) ) ;
#853 = CARTESIAN_POINT ( 'NONE',  ( 82.48963370761777014, -0.4573601076944799337, 30.00006096012201340 ) ) ;
#854 = CARTESIAN_POINT ( 'NONE',  ( 82.22130229286987912, 0.02475431206275723051, 27.09846096012199723 ) ) ;
#855 = CARTESIAN_POINT ( 'NONE',  ( -2.090951262120357868, 0.4153143202524118838, 26.36406096012199285 ) ) ;
#856 = CARTESIAN_POINT ( 'NONE',  ( 80.31085655078898355, -80.14101178041835283, 28.40006096012202619 ) ) ;
#857 = CARTESIAN_POINT ( 'NONE',  ( -0.3065063855943509497, -80.09484913249588089, 26.78806096012198168 ) ) ;
#858 = CARTESIAN_POINT ( 'NONE',  ( 81.08252060563881969, -78.49018253461434824, 27.19606096012201135 ) ) ;
#859 = CARTESIAN_POINT ( 'NONE',  ( -1.150003810007999894, -78.00015494030999719, 27.73339429345533347 ) ) ;
#860 = DIRECTION ( 'NONE',  ( -0.000000000000000000, -0.000000000000000000, -1.000000000000000000 ) ) ;
#861 = CARTESIAN_POINT ( 'NONE',  ( 80.15791391540015809, -80.29793863690082389, 28.42006096012206129 ) ) ;
#862 = CARTESIAN_POINT ( 'NONE',  ( 81.09785963233682082, 1.408277901039331592, 27.83286096012202293 ) ) ;
#863 = CARTESIAN_POINT ( 'NONE',  ( -1.125862641968496947, -78.29279198076010005, 28.01206096012198898 ) ) ;
#864 = CARTESIAN_POINT ( 'NONE',  ( 0.3133514407124612378, 2.434912271271731488, 30.03606096012202187 ) ) ;
#865 = PLANE ( 'NONE',  #1699 ) ;
#866 = CARTESIAN_POINT ( 'NONE',  ( 0.4499961899919999730, -78.05016129031999128, 30.00006096012200274 ) ) ;
#867 = CARTESIAN_POINT ( 'NONE',  ( 79.40941172834075701, -80.78443721731586891, 26.78806096012197457 ) ) ;
#868 = CARTESIAN_POINT ( 'NONE',  ( 0.7914477261039225553, -80.86918275054181038, 27.60406096012199484 ) ) ;
#869 = CARTESIAN_POINT ( 'NONE',  ( -0.8608744669446179998, 1.788080342304231740, 26.40006096012200132 ) ) ;
#870 = CARTESIAN_POINT ( 'NONE',  ( 82.48290064200057259, -0.7057187912084207371, 28.56726096012202021 ) ) ;
#871 = CARTESIAN_POINT ( 'NONE',  ( -2.035009350257201088, 0.3581820239460114519, 27.09846096012201855 ) ) ;
#872 = CARTESIAN_POINT ( 'NONE',  ( 80.49878475038784131, -79.91605092146014044, 28.40006096012202264 ) ) ;
#873 = CARTESIAN_POINT ( 'NONE',  ( -0.4628054461250507012, -79.88049440431628057, 27.19606096012198648 ) ) ;
#874 = CARTESIAN_POINT ( 'NONE',  ( 81.14981954151164700, -77.99387457535767965, 26.38006096012200175 ) ) ;
#875 = CARTESIAN_POINT ( 'NONE',  ( 78.07390514283771665, -81.14744716688662152, 26.40006096012194803 ) ) ;
#876 = CARTESIAN_POINT ( 'NONE',  ( -2.748537614401052487, -1.882485194772548276, 27.09846096012201855 ) ) ;
#877 = DIRECTION ( 'NONE',  ( 0.000000000000000000, 1.000000000000000000, 0.000000000000000000 ) ) ;
#878 = CARTESIAN_POINT ( 'NONE',  ( 80.28587345552686827, -80.11602868520499499, 26.78806096012198878 ) ) ;
#879 = ORIENTED_EDGE ( 'NONE', *, *, #2195, .T. ) ;
#880 = CARTESIAN_POINT ( 'NONE',  ( 80.93539476575716662, 1.546224431271471023, 27.83286096012201938 ) ) ;
#881 = CARTESIAN_POINT ( 'NONE',  ( -1.118769516023019550, -78.34809801863235634, 26.78806096012198168 ) ) ;
#882 = CARTESIAN_POINT ( 'NONE',  ( 0.2404334552011592741, 2.296301108720391060, 28.56726096012202021 ) ) ;
#883 = CARTESIAN_POINT ( 'NONE',  ( 78.06868121781313619, 2.742031760719223499, 27.83286096012201583 ) ) ;
#884 = CARTESIAN_POINT ( 'NONE',  ( 81.44972638936117448, 1.269300554503732803, 26.40006096012199421 ) ) ;
#885 = CARTESIAN_POINT ( 'NONE',  ( 79.48919437276013866, -80.77696139468619663, 26.38006096012195911 ) ) ;
#886 = CARTESIAN_POINT ( 'NONE',  ( 0.7872628725325383492, -80.87336760410438785, 28.01206096012199254 ) ) ;
#887 = CARTESIAN_POINT ( 'NONE',  ( -2.187136316835709415, 0.2508641003639108247, 26.40006096012200132 ) ) ;
#888 = ORIENTED_EDGE ( 'NONE', *, *, #3451, .T. ) ;
#889 = ADVANCED_FACE ( 'NONE', ( #1710 ), #2837, .T. ) ;
#890 = CARTESIAN_POINT ( 'NONE',  ( 82.66735725076001984, -1.412337541634119287, 27.83286096012201583 ) ) ;
#891 = CARTESIAN_POINT ( 'NONE',  ( -1.267713261869090280, 1.241132408671416831, 27.83286096012200517 ) ) ;
#892 = CARTESIAN_POINT ( 'NONE',  ( -0.4628039956743484895, -79.88049295384601578, 27.60406096012198418 ) ) ;
#893 = CARTESIAN_POINT ( 'NONE',  ( -1.199834906116496347, 1.512583915829716297, 30.00006096012200629 ) ) ;
#894 = CARTESIAN_POINT ( 'NONE',  ( 79.60058712113784907, -80.71261265634797155, 28.40006096012202264 ) ) ;
#895 = CARTESIAN_POINT ( 'NONE',  ( 79.64335067260401502, -80.68790417027086903, 26.40006096012197645 ) ) ;
#896 = VECTOR ( 'NONE', #619, 1000.000000000000000 ) ;
#897 = LINE ( 'NONE', #582, #3315 ) ;
#898 = CARTESIAN_POINT ( 'NONE',  ( 78.00021821680199707, 2.750070972962195714, 30.00006096012200274 ) ) ;
#899 = CARTESIAN_POINT ( 'NONE',  ( 80.36840519330363009, -79.99718333915068058, 27.19606096012200069 ) ) ;
#900 = CARTESIAN_POINT ( 'NONE',  ( 81.23391355042035400, 1.272740988931335027, 28.56726096012203442 ) ) ;
#901 = CARTESIAN_POINT ( 'NONE',  ( -0.7757440534264310461, -79.48813451530089935, 28.40006096012199421 ) ) ;
#902 = PERSON ( 'æœª', 'æœª', 'æœª', ('æœª'), ('æœª'), ('æœª') ) ;
#903 = CARTESIAN_POINT ( 'NONE',  ( -1.097925718052135124, -78.48596514002493052, 28.01206096012198543 ) ) ;
#904 = CARTESIAN_POINT ( 'NONE',  ( 0.8216545573677219716, 2.530731574961492036, 27.09846096012199723 ) ) ;
#905 = CARTESIAN_POINT ( 'NONE',  ( 77.91112895152932083, 2.754086160490862856, 30.03606096012203608 ) ) ;
#906 = CARTESIAN_POINT ( 'NONE',  ( 79.84572706830707034, 2.384134205351108982, 26.40006096012199421 ) ) ;
#907 = CARTESIAN_POINT ( 'NONE',  ( 79.30225668009046558, -80.82186447112204064, 27.60406096012200905 ) ) ;
#908 = CARTESIAN_POINT ( 'NONE',  ( 0.7591710837330073458, -80.90145939292325750, 28.42006096012202576 ) ) ;
#909 = CARTESIAN_POINT ( 'NONE',  ( -2.509757312204231816, -0.5181360334266769119, 26.40006096012200132 ) ) ;
#910 = CARTESIAN_POINT ( 'NONE',  ( 82.58572258460498006, -0.9713871085622749479, 29.30166096012204235 ) ) ;
#911 = CARTESIAN_POINT ( 'NONE',  ( 82.74908495111186824, -1.900002540004998686, 28.61797622065827085 ) ) ;
#912 = CARTESIAN_POINT ( 'NONE',  ( -0.4127596437346266467, -79.94588419341981478, 27.60406096012198418 ) ) ;
#913 = APPROVAL ( #2964, 'æœª' ) ;
#914 = CARTESIAN_POINT ( 'NONE',  ( -2.269753938413570094, 0.07439778852356723760, 30.00006096012201340 ) ) ;
#915 = CARTESIAN_POINT ( 'NONE',  ( 79.25767248987041569, -80.89040402037151978, 28.40006096012201198 ) ) ;
#916 = CARTESIAN_POINT ( 'NONE',  ( 78.76653295103974983, -81.05382671156395702, 26.40006096012196224 ) ) ;
#917 = CARTESIAN_POINT ( 'NONE',  ( -2.644575011443897949, -1.296419220261667782, 27.83286096012202648 ) ) ;
#918 = CARTESIAN_POINT ( 'NONE',  ( 82.69669563324818284, -1.289398562282278116, 26.40006096012200132 ) ) ;
#919 = CARTESIAN_POINT ( 'NONE',  ( 80.48908531660362087, -79.84608164478210313, 27.19606096012199359 ) ) ;
#920 = VERTEX_POINT ( 'NONE', #3052 ) ;
#921 = CARTESIAN_POINT ( 'NONE',  ( 81.01630924650579857, 1.674363007707010187, 30.03606096012203963 ) ) ;
#922 = CARTESIAN_POINT ( 'NONE',  ( -1.144656484018206966, -78.10304908067712404, 28.01206096012198898 ) ) ;
#923 = CARTESIAN_POINT ( 'NONE',  ( 0.9345930112747266039, 2.532739001530306400, 28.56726096012202021 ) ) ;
#924 = FACE_OUTER_BOUND ( 'NONE', #2721, .T. ) ;
#925 = CARTESIAN_POINT ( 'NONE',  ( 1.949996189991999973, -78.05016129031999128, 30.00006096012200274 ) ) ;
#926 = CARTESIAN_POINT ( 'NONE',  ( -0.8165732752692600460, -79.35444679964366799, 28.01206096012198543 ) ) ;
#927 = CARTESIAN_POINT ( 'NONE',  ( 79.30225500672013084, -80.82186279778002813, 27.19606096012199004 ) ) ;
#928 = CARTESIAN_POINT ( 'NONE',  ( -1.335706583967428474, 1.376860901943311344, 26.40006096012200132 ) ) ;
#929 = CARTESIAN_POINT ( 'NONE',  ( 82.62822088234342743, -1.113837733921972495, 29.30166096012203170 ) ) ;
#930 = LINE ( 'NONE', #1243, #2527 ) ;
#931 = CARTESIAN_POINT ( 'NONE',  ( -0.3789426746126615120, -79.98520146158128341, 27.60406096012198418 ) ) ;
#932 = CARTESIAN_POINT ( 'NONE',  ( -2.553054070947324394, -0.6339117403370183590, 30.00006096012200629 ) ) ;
#933 = CARTESIAN_POINT ( 'NONE',  ( 79.54457176197831814, -80.74382365640902037, 28.40006096012202264 ) ) ;
#934 = CARTESIAN_POINT ( 'NONE',  ( 79.13513710850607197, -80.93679228290193350, 26.40006096012196579 ) ) ;
#935 = CARTESIAN_POINT ( 'NONE',  ( -2.736152135121487472, -1.635695407415189484, 30.03606096012201832 ) ) ;
#936 = CARTESIAN_POINT ( 'NONE',  ( 80.40997632683978225, -79.97428332787377769, 26.78806096012198523 ) ) ;
#937 = ORIENTED_EDGE ( 'NONE', *, *, #3251, .T. ) ;
#938 = CARTESIAN_POINT ( 'NONE',  ( 81.75006853288687125, 0.6924677705263670990, 27.83286096012201938 ) ) ;
#939 = CARTESIAN_POINT ( 'NONE',  ( -1.144360369342479533, -78.17881596020804125, 26.40006096012201553 ) ) ;
#940 = CARTESIAN_POINT ( 'NONE',  ( 2.088256317433213827, 2.754874803698172947, 29.30166096012202459 ) ) ;
#941 = CARTESIAN_POINT ( 'NONE',  ( 78.48490406284486198, 2.693218250287404025, 29.30166096012201749 ) ) ;
#942 = CARTESIAN_POINT ( 'NONE',  ( -0.7245088637727266079, -79.52541445490604133, 26.78806096012196392 ) ) ;
#943 = CARTESIAN_POINT ( 'NONE',  ( 79.83493356089289250, -80.49840977889402893, 27.19606096012199004 ) ) ;
#944 = CARTESIAN_POINT ( 'NONE',  ( -2.730513609609709569, -1.564517388148777499, 26.40006096012200132 ) ) ;
#945 = CARTESIAN_POINT ( 'NONE',  ( 82.60128491680180218, -0.8233144034596692196, 26.36406096012198219 ) ) ;
#946 = CARTESIAN_POINT ( 'NONE',  ( 82.74929045323870014, -1.900002540004997353, 29.65453990835875331 ) ) ;
#947 = CARTESIAN_POINT ( 'NONE',  ( -0.3916127075891767118, -79.99787149457833380, 26.78806096012198168 ) ) ;
#948 = CARTESIAN_POINT ( 'NONE',  ( 81.14785076143292031, -78.04896730613552336, 26.38006096012200175 ) ) ;
#949 = CARTESIAN_POINT ( 'NONE',  ( 82.74886155272336907, -1.900002540005616858, 26.40006103992189779 ) ) ;
#950 = CARTESIAN_POINT ( 'NONE',  ( -2.705165832848612339, -1.590404538917203681, 28.56726096012202021 ) ) ;
#951 = CARTESIAN_POINT ( 'NONE',  ( 80.60079524818877417, -79.72475352054519249, 26.78806096012199234 ) ) ;
#952 = ORIENTED_EDGE ( 'NONE', *, *, #1205, .F. ) ;
#953 = ORIENTED_EDGE ( 'NONE', *, *, #467, .T. ) ;
#954 = CARTESIAN_POINT ( 'NONE',  ( 81.56631474619102562, 1.139543740871999944, 30.03606096012204674 ) ) ;
#955 = DIRECTION ( 'NONE',  ( -1.000000000000000000, 0.000000000000000000, 0.000000000000000000 ) ) ;
#956 = CARTESIAN_POINT ( 'NONE',  ( 1.931523666622120050, 2.741983348107408514, 27.83286096012200517 ) ) ;
#957 = VECTOR ( 'NONE', #3207, 1000.000000000000000 ) ;
#958 = EDGE_CURVE ( 'NONE', #641, #676, #572, .T. ) ;
#959 = CARTESIAN_POINT ( 'NONE',  ( 78.76909164816984799, 2.614986841042052035, 28.56726096012202021 ) ) ;
#960 = CARTESIAN_POINT ( 'NONE',  ( -0.6897596567078634333, -79.54924574341661980, 27.19606096012196872 ) ) ;
#961 = CARTESIAN_POINT ( 'NONE',  ( -1.578944749505292178, 0.9706874144015159578, 27.09846096012199723 ) ) ;
#962 = CARTESIAN_POINT ( 'NONE',  ( 79.60982215051296862, -80.65437564823834293, 27.19606096012199004 ) ) ;
#963 = CC_DESIGN_PERSON_AND_ORGANIZATION_ASSIGNMENT ( #464, #199, ( #2457 ) ) ;
#964 = DIRECTION ( 'NONE',  ( 1.000000000000000000, 0.000000000000000000, 0.000000000000000000 ) ) ;
#965 = CARTESIAN_POINT ( 'NONE',  ( 82.72919773834492219, -1.759446646614383880, 27.83286096012201583 ) ) ;
#966 = CARTESIAN_POINT ( 'NONE',  ( 82.74886155272336907, -1.900002540005616858, 26.40006103992189779 ) ) ;
#967 = CARTESIAN_POINT ( 'NONE',  ( 78.09894149693612064, -81.14070638068834285, 27.60406096012196642 ) ) ;
#968 = FACE_OUTER_BOUND ( 'NONE', #1600, .T. ) ;
#969 = CARTESIAN_POINT ( 'NONE',  ( 81.09890865953337880, -78.55627215870248392, 26.40006096012202974 ) ) ;
#970 = CARTESIAN_POINT ( 'NONE',  ( -2.736152128550806140, -1.635695414119116231, 26.36406096012199285 ) ) ;
#971 = CARTESIAN_POINT ( 'NONE',  ( 0.1625710011296651603, -80.51856015179787107, 28.01206096012199609 ) ) ;
#972 = CARTESIAN_POINT ( 'NONE',  ( 80.43606860673619963, -80.00037560772588563, 26.38006096012196977 ) ) ;
#973 = ORIENTED_EDGE ( 'NONE', *, *, #2348, .T. ) ;
#974 = ORIENTED_EDGE ( 'NONE', *, *, #467, .F. ) ;
#975 = VECTOR ( 'NONE', #3150, 1000.000000000000000 ) ;
#976 = CARTESIAN_POINT ( 'NONE',  ( -1.144989512470807824, -78.04632059832364632, 27.19606096012198648 ) ) ;
#977 = CARTESIAN_POINT ( 'NONE',  ( 1.588357952498643977, 2.690042901459143820, 28.56726096012201310 ) ) ;
#978 = CARTESIAN_POINT ( 'NONE',  ( 79.33492987983743205, 2.446391244172938961, 28.56726096012203797 ) ) ;
#979 = CARTESIAN_POINT ( 'NONE',  ( -0.7768038204033606009, -79.48919428227773665, 28.42006096012198668 ) ) ;
#980 = CARTESIAN_POINT ( 'NONE',  ( -1.165712060538036887, 1.340492023949334754, 27.83286096012200517 ) ) ;
#981 = B_SPLINE_CURVE_WITH_KNOTS ( 'NONE', 5,
 ( #119, #2253, #1998, #875, #1779, #1193, #2828, #3117, #3153, #3368, #2520, #1979, #348, #3389, #2290, #672, #2053, #3078, #916, #598, #1228, #2322, #2016, #934, #1721, #3423, #637, #1212, #1739, #2847, #367, #2538, #1702, #2270, #895, #1472, #2886, #3100, #3136, #331, #655, #1453, #2576, #2307, #1492, #3406, #403, #2809, #46, #1436, #2035, #1758, #2867, #1576, #1264, #2073, #2648, #2109, #2681, #2903, #210, #2338, #474, #420, #2939, #1028, #692, #175, #3224, #1282, #1246, #2411, #1817, #1798, #2126, #1524, #1315, #3515, #3442, #989, #969, #1046, #2358, #710, #2629, #136, #745, #2920, #155, #2146 ),
 .UNSPECIFIED., .F., .F.,
 ( 6, 3, 3, 3, 3, 3, 3, 3, 3, 3, 3, 3, 3, 3, 3, 3, 3, 3, 3, 3, 3, 3, 3, 3, 3, 3, 3, 3, 3, 6 ),
 ( -0.004733225324539295370, -0.004633397688914638046, -0.004558770065630113506, -0.004435093232322950135, -0.004313699657000507649, -0.004178225949188259930, -0.003974076945171249424, -0.003761931853361823522, -0.003542779792109588231, -0.003317642549498120604, -0.003200075389504688193, -0.003087569819263928476, -0.002935081456964985791, -0.002783063731698830114, -0.002616926727133982687, -0.002495831711943976867, -0.002378550720588030326, -0.002213879108878234747, -0.002066867931176661396, -0.001901241699490081004, -0.001813659893922217083, -0.001664534119924799757, -0.001430598607357875304, -0.001200525877130814191, -0.0009753886345107761618, -0.0006472829672168698562, -0.0003399424774347794068, -0.0001447413981005771233, 4.060163901312228291E-05, 0.0002150727732567452727 ),
 .UNSPECIFIED. ) ;
#982 = CARTESIAN_POINT ( 'NONE',  ( 79.80241498914064380, -80.58560524444102668, 26.38006096012196622 ) ) ;
#983 = CARTESIAN_POINT ( 'NONE',  ( 2.000190207092386263, -81.14997362305587103, 28.40006096012201198 ) ) ;
#984 = CARTESIAN_POINT ( 'NONE',  ( 82.69161992868390598, -1.527462990111051244, 27.83286096012201583 ) ) ;
#985 = B_SPLINE_CURVE_WITH_KNOTS ( 'NONE', 3,
 ( #1090, #1344, #1607, #2192, #1865, #1884, #3035, #255, #557, #3529 ),
 .UNSPECIFIED., .F., .F.,
 ( 4, 3, 3, 4 ),
 ( 0.000000000000000000, 0.001526432293321253447, 0.002563216006824592646, 0.003599999824728088767 ),
 .UNSPECIFIED. ) ;
#986 = CARTESIAN_POINT ( 'NONE',  ( 82.74915393223987792, -1.900002540004998686, 28.96349737206426767 ) ) ;
#987 = CARTESIAN_POINT ( 'NONE',  ( 78.17923849880627074, -81.14494038824214783, 28.42006096012202576 ) ) ;
#988 = CARTESIAN_POINT ( 'NONE',  ( 2.058945807766982217, -81.15421814958681068, 26.78806096012199234 ) ) ;
#989 = CARTESIAN_POINT ( 'NONE',  ( 81.08243749505059839, -78.66775676774777537, 26.40006096012202974 ) ) ;
#990 = CARTESIAN_POINT ( 'NONE',  ( -2.414764903617637515, -0.5336612091472703323, 28.56726096012202021 ) ) ;
#991 = CARTESIAN_POINT ( 'NONE',  ( 0.03739767358252818474, -80.39845280574911612, 27.19606096012198648 ) ) ;
#992 = CARTESIAN_POINT ( 'NONE',  ( 80.76542425017390769, -79.41904462491635286, 27.60406096012203392 ) ) ;
#993 = ORIENTED_EDGE ( 'NONE', *, *, #1229, .F. ) ;
#994 = VERTEX_POINT ( 'NONE', #76 ) ;
#995 = CARTESIAN_POINT ( 'NONE',  ( 0.1184662594528908819, -80.52469489272318981, 28.40006096012201198 ) ) ;
#996 = CARTESIAN_POINT ( 'NONE',  ( -1.149097214265281774, -78.01236827255951312, 28.42006096012200800 ) ) ;
#997 = CARTESIAN_POINT ( 'NONE',  ( 1.857042165277867252, 2.731570131062588391, 28.56726096012201310 ) ) ;
#998 = CARTESIAN_POINT ( 'NONE',  ( 79.24254217337667683, 2.596133512625777851, 26.36406096012198574 ) ) ;
#999 = CARTESIAN_POINT ( 'NONE',  ( 81.95240178444028345, 0.6292316211822931438, 26.40006096012199066 ) ) ;
#1000 = CARTESIAN_POINT ( 'NONE',  ( -0.6622464786592758834, -79.68532249883848806, 26.38006096012198043 ) ) ;
#1001 = CARTESIAN_POINT ( 'NONE',  ( -1.267710580458077940, 1.241129670032563137, 28.56726096012202021 ) ) ;
#1002 = CARTESIAN_POINT ( 'NONE',  ( 79.84850981265969949, -80.51198603061124004, 28.01206096012202806 ) ) ;
#1003 = DIRECTION ( 'NONE',  ( 0.000000000000000000, -1.000000000000000000, 0.000000000000000000 ) ) ;
#1004 = CARTESIAN_POINT ( 'NONE',  ( 82.75980916207349480, -1.984076996169670704, 27.83286096012201227 ) ) ;
#1005 = CARTESIAN_POINT ( 'NONE',  ( 78.09896311698572902, -81.14072800057238055, 27.19606096012196161 ) ) ;
#1006 = CARTESIAN_POINT ( 'NONE',  ( 2.003791411829924485, -81.15231103465808360, 26.78806096012199234 ) ) ;
#1007 = EDGE_CURVE ( 'NONE', #2363, #1232, #1802, .T. ) ;
#1008 = LINE ( 'NONE', #3171, #957 ) ;
#1009 = CARTESIAN_POINT ( 'NONE',  ( -2.651697814421396071, -1.036026387456384423, 26.36406096012199285 ) ) ;
#1010 = CARTESIAN_POINT ( 'NONE',  ( 0.3871050707779682964, -80.66680268628633144, 26.78806096012198523 ) ) ;
#1011 = CARTESIAN_POINT ( 'NONE',  ( 80.77316224615522344, -79.42678262088512042, 28.01206096012203872 ) ) ;
#1012 = CARTESIAN_POINT ( 'NONE',  ( 2.000002540004999663, 2.750006350012999867, 27.60006096012200061 ) ) ;
#1013 = ORIENTED_EDGE ( 'NONE', *, *, #2107, .T. ) ;
#1014 = CARTESIAN_POINT ( 'NONE',  ( -0.09840850076285695414, -80.34801364567084647, 28.40006096012200487 ) ) ;
#1015 = CARTESIAN_POINT ( 'NONE',  ( -0.8523843434642863759, -79.33293403275568778, 26.40006096012199066 ) ) ;
#1016 = CARTESIAN_POINT ( 'NONE',  ( 2.082852734672961947, 2.760393368852044560, 28.56726096012202021 ) ) ;
#1017 = CARTESIAN_POINT ( 'NONE',  ( 79.16651168442022879, 2.518485175630349460, 28.56726096012203797 ) ) ;
#1018 = CARTESIAN_POINT ( 'NONE',  ( 81.91660377172050289, 0.6822857518813754130, 26.40006096012199421 ) ) ;
#1019 = CARTESIAN_POINT ( 'NONE',  ( -1.007297731777291316, -78.82615712698472521, 27.60406096012197352 ) ) ;
#1020 = AXIS2_PLACEMENT_3D ( 'NONE', #3062, #48, #1723 ) ;
#1021 = CARTESIAN_POINT ( 'NONE',  ( -1.378279707970489820, 1.196494395136398659, 27.09846096012199723 ) ) ;
#1022 = CARTESIAN_POINT ( 'NONE',  ( 79.75536341360823656, -80.61608618437156792, 26.38006096012196622 ) ) ;
#1023 = LINE ( 'NONE', #2371, #3376 ) ;
#1024 = CC_DESIGN_APPROVAL ( #913, ( #2457 ) ) ;
#1025 = CARTESIAN_POINT ( 'NONE',  ( 82.75389257434153478, -1.990119482488340363, 26.36406096012198574 ) ) ;
#1026 = CARTESIAN_POINT ( 'NONE',  ( 78.27325549025194107, -81.13797389216223621, 26.38006096012192003 ) ) ;
#1027 = CARTESIAN_POINT ( 'NONE',  ( 1.489425758915397191, 2.719595493997528646, 30.00006096012200274 ) ) ;
#1028 = CARTESIAN_POINT ( 'NONE',  ( 80.62100677735691079, -79.74496504968361421, 26.40006096012198711 ) ) ;
#1029 = CARTESIAN_POINT ( 'NONE',  ( 81.37314911510027571, 1.348650993267262788, 30.03606096012203963 ) ) ;
#1030 = CARTESIAN_POINT ( 'NONE',  ( -2.659118786776257792, -1.082121523505722660, 26.36406096012199285 ) ) ;
#1031 = CARTESIAN_POINT ( 'NONE',  ( 0.1386333513291055919, -80.54249780161435979, 28.42006096012200800 ) ) ;
#1032 = CARTESIAN_POINT ( 'NONE',  ( 80.66678977277418028, -79.61303949604867114, 28.01206096012202806 ) ) ;
#1033 = CARTESIAN_POINT ( 'NONE',  ( 1.998725082999163849, -81.15143874731987239, 28.00006096012201340 ) ) ;
#1034 = VERTEX_POINT ( 'NONE', #1704 ) ;
#1035 = CARTESIAN_POINT ( 'NONE',  ( -0.3723802904485008503, -80.07016661377384992, 26.40006096012201553 ) ) ;
#1036 = PERSON_AND_ORGANIZATION ( #902, #3379 ) ;
#1037 = CARTESIAN_POINT ( 'NONE',  ( 80.16571150438706184, 2.237004856443728595, 30.03606096012203963 ) ) ;
#1038 = B_SPLINE_CURVE_WITH_KNOTS ( 'NONE', 5,
 ( #90, #1479, #108, #125, #2365, #3449, #939, #3140, #1496, #409, #1513, #2346, #2079, #3177, #698, #1806, #427, #1531, #3469, #2707, #3557, #770, #3213, #1912, #2998, #2420, #1015, #3486, #2436, #2135, #3524, #1053, #3282, #516, #1084, #1617, #1602, #2723, #1339, #2963, #234, #2400, #498, #181, #481, #249, #1035, #3540, #1069, #1858, #2981, #1583, #2153, #1354, #1566, #3248, #3232, #1878, #2116, #1288, #2168, #1304, #735, #217, #1841, #806, #3267, #2451, #2382, #2945, #790, #1895, #753, #2188, #446, #463, #2690, #1549, #3505, #2654, #2671, #198, #1323, #282, #3298, #2772, #1100, #2271, #2236, #599 ),
 .UNSPECIFIED., .F., .F.,
 ( 6, 3, 3, 3, 3, 3, 3, 3, 3, 3, 3, 3, 3, 3, 3, 3, 3, 3, 3, 3, 3, 3, 3, 3, 3, 3, 3, 3, 3, 6 ),
 ( -0.004733225327436440567, -0.004633397691761319270, -0.004558770068437089512, -0.004435093235055172570, -0.004313699659659356485, -0.004178225951765222879, -0.003974076947627394954, -0.003761931855694881748, -0.003542779794316184248, -0.003317642551563007493, -0.003200075384647382663, -0.003087569821200653562, -0.002935081458811315304, -0.002783063733455042911, -0.002616926728791708727, -0.002495831720633092700, -0.002378550722102510274, -0.002213879096072237599, -0.002066867932510270834, -0.001901241700727576787, -0.001813659895108991719, -0.001664534121025210318, -0.001430598608320764794, -0.001200525877951484546, -0.0009753886352078114733, -0.0006472829924741929988, -0.0003399424777560744806, -0.0001447413983041217697, 4.060163890904321116E-05, 0.0002150727732665620728 ),
 .UNSPECIFIED. ) ;
#1039 = CARTESIAN_POINT ( 'NONE',  ( -0.8600944978255388174, -79.22752044763721813, 27.60406096012197352 ) ) ;
#1040 = CARTESIAN_POINT ( 'NONE',  ( -1.101360177482944902, 1.599425284999548058, 26.36406096012199285 ) ) ;
#1041 = CARTESIAN_POINT ( 'NONE',  ( 80.09484542173896671, -80.30666015157021320, 28.01206096012203517 ) ) ;
#1042 = CARTESIAN_POINT ( 'NONE',  ( 81.15143874735241525, -78.00143239735999146, 28.00006096012201695 ) ) ;
#1043 = CARTESIAN_POINT ( 'NONE',  ( 82.68265348055388131, -1.489692131428076660, 28.56726096012202376 ) ) ;
#1044 = CARTESIAN_POINT ( 'NONE',  ( 78.01236844725829656, -81.14925486927076292, 26.38006096012191648 ) ) ;
#1045 = CARTESIAN_POINT ( 'NONE',  ( -0.1622066685019977472, 2.233586272702348108, 30.00006096012203116 ) ) ;
#1046 = CARTESIAN_POINT ( 'NONE',  ( 81.10624709797237131, -78.51390902689414020, 26.40006096012202619 ) ) ;
#1047 = CARTESIAN_POINT ( 'NONE',  ( 81.76936358405785654, 0.8924343504965404072, 30.03606096012204674 ) ) ;
#1048 = CARTESIAN_POINT ( 'NONE',  ( -2.631701399877477421, -0.9242690815297034401, 30.03606096012202187 ) ) ;
#1049 = CARTESIAN_POINT ( 'NONE',  ( 0.2206615925804236156, -80.55800358789464610, 26.78806096012199234 ) ) ;
#1050 = CARTESIAN_POINT ( 'NONE',  ( 80.93508970165629535, -79.13375148737080167, 28.42006096012205774 ) ) ;
#1051 = CARTESIAN_POINT ( 'NONE',  ( 1.999938560579107572, 2.750071690852608608, 30.00006095999699340 ) ) ;
#1052 = VERTEX_POINT ( 'NONE', #2237 ) ;
#1053 = CARTESIAN_POINT ( 'NONE',  ( -0.7436661742011577703, -79.54457176531636264, 26.40006096012199421 ) ) ;
#1054 =( LENGTH_UNIT ( ) NAMED_UNIT ( * ) SI_UNIT ( .MILLI., .METRE. ) );
#1055 = CARTESIAN_POINT ( 'NONE',  ( 79.95290573003859436, 2.194178781021775215, 27.83286096012202293 ) ) ;
#1056 = CARTESIAN_POINT ( 'NONE',  ( -0.9703346272667789929, -79.05902121994427034, 28.42006096012198668 ) ) ;
#1057 = CARTESIAN_POINT ( 'NONE',  ( -0.9477409781366372687, 1.604496494244346483, 29.30166096012203525 ) ) ;
#1058 = DIRECTION ( 'NONE',  ( 0.000000000000000000, 0.000000000000000000, 1.000000000000000000 ) ) ;
#1059 = CARTESIAN_POINT ( 'NONE',  ( 77.93849145685496183, -81.15149793387017496, 28.42006096012196537 ) ) ;
#1060 = CARTESIAN_POINT ( 'NONE',  ( 78.65741916775559162, -81.08316661012254656, 26.38006096012194135 ) ) ;
#1061 = CARTESIAN_POINT ( 'NONE',  ( 1.165017695617021953, -81.04361051627289214, 26.38006096012198398 ) ) ;
#1062 = CARTESIAN_POINT ( 'NONE',  ( 78.05016129032298977, -79.55016129032000549, 28.40006096012200132 ) ) ;
#1063 = CARTESIAN_POINT ( 'NONE',  ( 81.46218794846222977, 1.033201235422467557, 28.56726096012203442 ) ) ;
#1064 = CARTESIAN_POINT ( 'NONE',  ( -2.355534078972840284, -0.2629710364039096193, 29.30166096012202814 ) ) ;
#1065 = CARTESIAN_POINT ( 'NONE',  ( -0.09956199756710168436, -80.34916714247570724, 28.42006096012199734 ) ) ;
#1066 = CARTESIAN_POINT ( 'NONE',  ( 80.80234731253270297, -79.34006335662263609, 27.19606096012201135 ) ) ;
#1067 = CARTESIAN_POINT ( 'NONE',  ( 77.99994329607420696, -81.14994964608455064, 28.40006096012200487 ) ) ;
#1068 = ORIENTED_EDGE ( 'NONE', *, *, #3251, .F. ) ;
#1069 = CARTESIAN_POINT ( 'NONE',  ( -0.3303551876612129123, -80.11869793454121691, 26.40006096012201553 ) ) ;
#1070 = CARTESIAN_POINT ( 'NONE',  ( 80.21617746547264005, 2.114036699949401132, 29.30166096012203170 ) ) ;
#1071 = CARTESIAN_POINT ( 'NONE',  ( -1.041302224432225865, -78.75416594421432137, 28.01206096012198543 ) ) ;
#1072 = ADVANCED_FACE ( 'NONE', ( #2559 ), #2541, .F. ) ;
#1073 = CARTESIAN_POINT ( 'NONE',  ( -1.039840188515533281, 1.653053148564480379, 30.03606096012202897 ) ) ;
#1074 = CARTESIAN_POINT ( 'NONE',  ( 81.14997025329198266, -77.99996390327906681, 26.40006096012199421 ) ) ;
#1075 = CARTESIAN_POINT ( 'NONE',  ( 78.48604313460748472, -81.09816119295419412, 26.78806096012195326 ) ) ;
#1076 = CARTESIAN_POINT ( 'NONE',  ( 1.566157171172285700, -81.12323149269016653, 26.38006096012198398 ) ) ;
#1077 = CARTESIAN_POINT ( 'NONE',  ( 82.02660448145613259, 0.5272253749497356479, 30.00006096012201695 ) ) ;
#1078 = CARTESIAN_POINT ( 'NONE',  ( 82.41491536895929926, -0.5336683733341935909, 27.83286096012201583 ) ) ;
#1079 = CARTESIAN_POINT ( 'NONE',  ( -1.769205635345484584, 0.8924338721383697770, 30.03606096012201832 ) ) ;
#1080 = CARTESIAN_POINT ( 'NONE',  ( -0.03390950954626373304, -80.36311754142586494, 28.01206096012198543 ) ) ;
#1081 = CARTESIAN_POINT ( 'NONE',  ( 81.12556254348190521, -78.29224670523757368, 28.01206096012204227 ) ) ;
#1082 = EDGE_LOOP ( 'NONE', ( #750, #546, #1925, #3393 ) ) ;
#1083 = ORIENTED_EDGE ( 'NONE', *, *, #2810, .F. ) ;
#1084 = CARTESIAN_POINT ( 'NONE',  ( -0.6877466892718316904, -79.64335067365570353, 26.40006096012201553 ) ) ;
#1085 = DIRECTION ( 'NONE',  ( 1.000000000000000000, 0.000000000000000000, 0.000000000000000000 ) ) ;
#1086 = CARTESIAN_POINT ( 'NONE',  ( 80.07105274964067121, 2.140331863978145233, 28.56726096012203087 ) ) ;
#1087 = CARTESIAN_POINT ( 'NONE',  ( -1.083009129729550324, -78.65741916766639008, 26.38006096012195911 ) ) ;
#1088 = CARTESIAN_POINT ( 'NONE',  ( -0.9115236584142508702, 1.567508508613550511, 27.83286096012202648 ) ) ;
#1089 = VECTOR ( 'NONE', #1734, 1000.000000000000000 ) ;
#1090 = CARTESIAN_POINT ( 'NONE',  ( -2.748702614754019891, -1.900002540010755414, 26.40006104193385994 ) ) ;
#1091 = CARTESIAN_POINT ( 'NONE',  ( 78.75416594216632404, -81.04145970267049393, 28.01206096012200319 ) ) ;
#1092 = CARTESIAN_POINT ( 'NONE',  ( 1.443303469767915681, -81.09949051137067499, 28.42006096012202576 ) ) ;
#1093 = CARTESIAN_POINT ( 'NONE',  ( 82.58334222794158563, -0.7631336895632380157, 30.00006096012200985 ) ) ;
#1094 = CARTESIAN_POINT ( 'NONE',  ( 82.29435826586248481, -0.2415073246046600119, 27.83286096012201583 ) ) ;
#1095 = CARTESIAN_POINT ( 'NONE',  ( -2.294208885097505757, -0.2414990526550333527, 27.83286096012202648 ) ) ;
#1096 = CARTESIAN_POINT ( 'NONE',  ( -0.1040661176778133468, -80.27406837561980524, 27.19606096012198648 ) ) ;
#1097 = CARTESIAN_POINT ( 'NONE',  ( 81.09949134196713771, -78.55685484113672601, 26.38006096012200885 ) ) ;
#1098 = CARTESIAN_POINT ( 'NONE',  ( 78.22696098811803722, -81.14217113379039859, 28.40006096012199066 ) ) ;
#1099 = EDGE_LOOP ( 'NONE', ( #443, #2114, #180, #888 ) ) ;
#1100 = CARTESIAN_POINT ( 'NONE',  ( 1.870673032373895373, -81.14603010618141354, 26.40006096012202264 ) ) ;
#1101 = CARTESIAN_POINT ( 'NONE',  ( 80.23051758786407106, -80.17746423335034933, 28.01206096012203517 ) ) ;
#1102 = CARTESIAN_POINT ( 'NONE',  ( 80.60232400461640623, 1.975036333879323314, 26.36406096012198930 ) ) ;
#1103 = CARTESIAN_POINT ( 'NONE',  ( -1.128837770566494036, -78.35816627319017869, 26.38006096012198043 ) ) ;
#1104 = CARTESIAN_POINT ( 'NONE',  ( -0.7606682847383758883, 1.685741878963973539, 27.83286096012203004 ) ) ;
#1105 = DIRECTION ( 'NONE',  ( 1.000000000000000000, 0.000000000000000000, 0.000000000000000000 ) ) ;
#1106 = CARTESIAN_POINT ( 'NONE',  ( 78.72534262761784873, -81.06461625474381094, 28.42006096012203287 ) ) ;
#1107 = CARTESIAN_POINT ( 'NONE',  ( 1.077903246057041908, -80.96892938601490641, 27.19606096012199714 ) ) ;
#1108 = CARTESIAN_POINT ( 'NONE',  ( 80.54560150253894335, 2.006720724301400249, 30.00006096012201340 ) ) ;
#1109 = CARTESIAN_POINT ( 'NONE',  ( 82.09829591110667479, 0.1599724337425761367, 27.83286096012201227 ) ) ;
#1110 = CARTESIAN_POINT ( 'NONE',  ( -1.857028716382105982, 0.5319899466801610854, 28.56726096012202021 ) ) ;
#1111 = CARTESIAN_POINT ( 'NONE',  ( 80.19260654895516893, -80.26084126214585979, 28.40006096012202619 ) ) ;
#1112 = CARTESIAN_POINT ( 'NONE',  ( -0.2712024630414391901, -80.13133522365455974, 28.01206096012198543 ) ) ;
#1113 = ADVANCED_FACE ( 'NONE', ( #639, #3102, #3370 ), #2255, .F. ) ;
#1114 = CARTESIAN_POINT ( 'NONE',  ( 81.13018400668723018, -78.34405971065288554, 26.38006096012200530 ) ) ;
#1115 = CARTESIAN_POINT ( 'NONE',  ( -2.747709475955367964, -1.883330955061260248, 30.03606096012201832 ) ) ;
#1116 = CARTESIAN_POINT ( 'NONE',  ( -1.099375884787135993, -78.55281815883709839, 28.40006096012200487 ) ) ;
#1117 = CARTESIAN_POINT ( 'NONE',  ( 80.19129928949521968, -80.21760576283514865, 28.01206096012203517 ) ) ;
#1118 = CARTESIAN_POINT ( 'NONE',  ( 1.332399582393860138, -81.08243861891170923, 28.40006096012202974 ) ) ;
#1119 = CARTESIAN_POINT ( 'NONE',  ( 80.80169404549742751, 1.727479793017643539, 29.30166096012202814 ) ) ;
#1120 = CARTESIAN_POINT ( 'NONE',  ( -0.5684034726169596707, -79.82407703918741504, 28.40006096012198711 ) ) ;
#1121 = CARTESIAN_POINT ( 'NONE',  ( -1.142594255396710778, -78.22754159002391816, 26.38006096012198043 ) ) ;
#1122 = CARTESIAN_POINT ( 'NONE',  ( 0.04724508266050117533, 2.194185590434632349, 27.83286096012203004 ) ) ;
#1123 = CARTESIAN_POINT ( 'NONE',  ( 77.99254722004266682, 2.750757317778392164, 29.30166096012201393 ) ) ;
#1124 = CARTESIAN_POINT ( 'NONE',  ( 78.19191954046219450, 2.743438688633900835, 26.40006096012198711 ) ) ;
#1125 = CARTESIAN_POINT ( 'NONE',  ( 79.05902122008379251, -80.97049210771044159, 28.42006096012203997 ) ) ;
#1126 = CARTESIAN_POINT ( 'NONE',  ( 1.699000191109349522, -81.13447312746012585, 28.42006096012202576 ) ) ;
#1127 = CARTESIAN_POINT ( 'NONE',  ( 81.44972638936121712, 1.269300554503765222, 30.00006096012200985 ) ) ;
#1128 = CARTESIAN_POINT ( 'NONE',  ( 82.03004474131975599, 0.5307388398915768857, 26.36406096012198930 ) ) ;
#1129 = CARTESIAN_POINT ( 'NONE',  ( -1.996474687966537820, 0.3188273849014372496, 27.83286096012202648 ) ) ;
#1130 = CARTESIAN_POINT ( 'NONE',  ( 80.03779731785871832, -80.40086312271920121, 28.40006096012202619 ) ) ;
#1131 = CARTESIAN_POINT ( 'NONE',  ( -0.01922359073645085736, -80.34843162262315275, 27.60406096012198418 ) ) ;
#1132 = AXIS2_PLACEMENT_3D ( 'NONE', #1677, #631, #381 ) ;
#1133 = CARTESIAN_POINT ( 'NONE',  ( 81.10355750577581091, -78.41432632220086418, 26.78806096012201721 ) ) ;
#1134 = CARTESIAN_POINT ( 'NONE',  ( 79.55016129032298977, -1.900002540005000018, 30.00006096012200274 ) ) ;
#1135 = LINE ( 'NONE', #3028, #1695 ) ;
#1136 = CARTESIAN_POINT ( 'NONE',  ( -1.063842383958577109, -78.72472623713920825, 28.40006096012200487 ) ) ;
#1137 = CARTESIAN_POINT ( 'NONE',  ( 80.19380006834119001, -80.26203478153090032, 28.42006096012206129 ) ) ;
#1138 = CARTESIAN_POINT ( 'NONE',  ( 81.03999771984119604, 1.653053225094203826, 30.03606096012203963 ) ) ;
#1139 = CARTESIAN_POINT ( 'NONE',  ( -0.7226610653937074469, -79.58214715207988377, 28.40006096012199421 ) ) ;
#1140 = PRODUCT_RELATED_PRODUCT_CATEGORY ( 'detail', '', ( #1805 ) ) ;
#1141 = CARTESIAN_POINT ( 'NONE',  ( -1.110518193244837803, -78.33984669584737048, 27.60406096012198418 ) ) ;
#1142 = CARTESIAN_POINT ( 'NONE',  ( 0.2215213314130715649, 2.315615662371675487, 29.30166096012202459 ) ) ;
#1143 = CARTESIAN_POINT ( 'NONE',  ( 78.14946820470296984, 2.738058203527364398, 29.30166096012201038 ) ) ;
#1144 = CARTESIAN_POINT ( 'NONE',  ( 80.59939729653513041, 1.972047348561733582, 26.40006096012199777 ) ) ;
#1145 = CARTESIAN_POINT ( 'NONE',  ( 79.40017545221141404, -80.77520094119343241, 27.19606096012199004 ) ) ;
#1146 = CARTESIAN_POINT ( 'NONE',  ( 0.7914345584552259227, -80.86919591821224174, 27.19606096012199004 ) ) ;
#1147 = CARTESIAN_POINT ( 'NONE',  ( 1.949996189991996864, -79.55016129032000549, 30.00006096012200274 ) ) ;
#1148 = CARTESIAN_POINT ( 'NONE',  ( 82.65185645617681587, -1.036025201303307552, 26.36406096012198574 ) ) ;
#1149 = CARTESIAN_POINT ( 'NONE',  ( -2.190403773390224185, 0.2542010849297570152, 30.03606096012202897 ) ) ;
#1150 = CARTESIAN_POINT ( 'NONE',  ( -0.3453360922669524991, -80.10381706889539544, 26.38006096012198043 ) ) ;
#1151 = CARTESIAN_POINT ( 'NONE',  ( 81.02398144983806105, -78.73725649607361277, 27.60406096012202681 ) ) ;
#1152 = CARTESIAN_POINT ( 'NONE',  ( 82.74885975230635893, -1.900002540005613749, 30.00006087742029592 ) ) ;
#1153 = CARTESIAN_POINT ( 'NONE',  ( -2.750693762257115260, -1.936754348434069239, 26.36406096012199285 ) ) ;
#1154 = CARTESIAN_POINT ( 'NONE',  ( 82.73663685578675597, -1.665369627080853565, 26.40006096012200132 ) ) ;
#1155 = CARTESIAN_POINT ( 'NONE',  ( 80.28586751783574016, -80.11602274748391039, 28.01206096012203517 ) ) ;
#1156 = CARTESIAN_POINT ( 'NONE',  ( 0.6283097460780973087, -80.83413169017246958, 28.40006096012202264 ) ) ;
#1157 = CARTESIAN_POINT ( 'NONE',  ( 81.01630964520217049, 1.674363414885573054, 26.36406096012198574 ) ) ;
#1158 = CARTESIAN_POINT ( 'NONE',  ( -0.8066764398488661669, -79.43180843297238880, 28.40006096012199421 ) ) ;
#1159 = CARTESIAN_POINT ( 'NONE',  ( -1.138237483775300207, -78.15369159125793885, 26.78806096012198168 ) ) ;
#1160 = CARTESIAN_POINT ( 'NONE',  ( -0.2160225139979517761, 2.114039282604653458, 27.09846096012201855 ) ) ;
#1161 = EDGE_CURVE ( 'NONE', #2265, #1430, #3438, .T. ) ;
#1162 = DIRECTION ( 'NONE',  ( 1.000000000000000000, 0.000000000000000000, 0.000000000000000000 ) ) ;
#1163 = CARTESIAN_POINT ( 'NONE',  ( 79.13582151793266917, 2.604491045792226789, 26.40006096012199421 ) ) ;
#1164 = CARTESIAN_POINT ( 'NONE',  ( 79.17604083562125084, -80.92189610560969015, 28.42006096012205418 ) ) ;
#1165 = CARTESIAN_POINT ( 'NONE',  ( 0.6462421730755143479, -80.81619926315731561, 28.01206096012199254 ) ) ;
#1166 = CARTESIAN_POINT ( 'NONE',  ( -2.721869583000794623, -1.496408823856977488, 26.40006096012200132 ) ) ;
#1167 = ORIENTED_EDGE ( 'NONE', *, *, #3454, .F. ) ;
#1168 = CARTESIAN_POINT ( 'NONE',  ( 82.69837343953982156, -1.287685054055064171, 26.36406096012199285 ) ) ;
#1169 = CARTESIAN_POINT ( 'NONE',  ( -1.059179836484102299, 1.439890458413617846, 28.56726096012202376 ) ) ;
#1170 = CARTESIAN_POINT ( 'NONE',  ( 80.15662551378419209, -80.29665023528582424, 28.40006096012202619 ) ) ;
#1171 = CARTESIAN_POINT ( 'NONE',  ( -0.4018609173405803259, -80.03895258736056917, 26.38006096012198043 ) ) ;
#1172 = CARTESIAN_POINT ( 'NONE',  ( -2.375371727818729628, -0.1586091508006602646, 30.00006096012200629 ) ) ;
#1173 = B_SPLINE_SURFACE_WITH_KNOTS ( 'NONE', 5, 5, ( 
 ( #1059, #3254, #3530, #2426, #777, #2695 ),
 ( #1328, #2158, #1885, #2987, #505, #2071 ),
 ( #708, #3494, #3440, #2106, #1505, #1044 ),
 ( #2390, #3239, #3460, #454, #173, #401 ),
 ( #2144, #1777, #967, #1005, #2884, #2336 ),
 ( #690, #1280, #1540, #3186, #726, #437 ),
 ( #987, #2356, #1833, #2607, #2626, #2679 ),
 ( #206, #1795, #2917, #1558, #1522, #134 ),
 ( #3169, #3204, #1244, #2901, #2089, #1026 ),
 ( #1815, #2663, #2373, #418, #1262, #153 ),
 ( #2646, #2937, #3478, #190, #1296, #2124 ),
 ( #1313, #3222, #743, #2953, #1849, #472 ),
 ( #1574, #2409, #3513, #275, #3036, #1345 ),
 ( #796, #830, #3546, #538, #1075, #2476 ),
 ( #3565, #2713, #814, #488, #3273, #1 ),
 ( #2493, #1362, #2179, #3288, #1901, #2460 ),
 ( #1886, #2729, #2442, #2971, #1640, #1060 ),
 ( #1106, #2210, #1623, #2696, #779, #3005 ),
 ( #1329, #1091, #2159, #1591, #2427, #522 ),
 ( #256, #2748, #289, #3531, #2193, #1918 ),
 ( #3304, #1935, #240, #3020, #1380, #558 ),
 ( #1608, #1659, #2764, #2988, #17, #1394 ),
 ( #1125, #2228, #761, #1868, #224, #3255 ),
 ( #506, #2587, #305, #3340, #77, #1222 ),
 ( #1164, #1185, #2512, #3321, #2300, #1711 ),
 ( #2780, #1730, #1427, #2820, #340, #113 ),
 ( #2859, #3399, #907, #927, #2838, #2262 ),
 ( #1446, #1692, #2550, #1410, #3090, #38 ),
 ( #610, #1204, #3359, #1145, #867, #359 ),
 ( #2800, #1953, #380, #2280, #850, #885 ),
 ( #590, #2245, #3380, #1971, #3053, #2007 ),
 ( #3109, #3069, #574, #323, #1989, #629 ),
 ( #1464, #1484, #2530, #2567, #95, #2028 ),
 ( #3129, #58, #648, #1751, #1675, #2047 ),
 ( #3164, #3219, #1830, #962, #1571, #2897 ),
 ( #2950, #1790, #1846, #1293, #1258, #187 ),
 ( #469, #2387, #1555, #740, #169, #414 ),
 ( #2352, #3491, #2676, #666, #2603, #1022 ),
 ( #3456, #2660, #2121, #130, #2934, #982 ),
 ( #397, #2642, #3146, #203, #1518, #451 ),
 ( #2622, #1002, #704, #943, #149, #2316 ),
 ( #3417, #2084, #1773, #3182, #2879, #1501 ),
 ( #1240, #1277, #1811, #2103, #2913, #2332 ),
 ( #3434, #2067, #685, #433, #1536, #2370 ),
 ( #3474, #3201, #723, #3063, #3015, #1667 ),
 ( #601, #550, #1964, #2813, #3029, #30 ),
 ( #3510, #824, #1705, #1310, #533, #567 ),
 ( #1864, #1373, #2773, #2406, #2523, #2757 ),
 ( #1632, #1041, #315, #3313, #2740, #758 ),
 ( #861, #49, #1928, #283, #1388, #1421 ),
 ( #1137, #1651, #584, #2141, #299, #3299 ),
 ( #267, #1117, #2471, #1404, #2220, #2790 ),
 ( #3576, #1101, #1686, #2504, #2486, #3236 ),
 ( #2238, #2203, #10, #3332, #841, #1946 ),
 ( #3045, #1155, #2256, #3350, #878, #1982 ),
 ( #3081, #3121, #1509, #334, #70, #370 ),
 ( #2293, #1439, #1456, #3371, #2850, #3409 ),
 ( #2342, #2001, #1781, #899, #1742, #640 ),
 ( #2560, #3425, #1476, #2542, #936, #972 ),
 ( #3445, #623, #2595, #2076, #3103, #1231 ),
 ( #3392, #2578, #87, #1801, #2273, #1724 ),
 ( #2038, #3174, #405, #695, #2612, #1494 ),
 ( #2057, #1177, #3138, #919, #389, #2831 ),
 ( #3155, #675, #351, #657, #105, #2869 ),
 ( #1761, #138, #1197, #2309, #2020, #1214 ),
 ( #122, #1249, #2888, #2324, #951, #1267 ),
 ( #3483, #2361, #3465, #3228, #3192, #158 ),
 ( #731, #1032, #459, #2685, #2433, #2094 ),
 ( #3502, #2131, #1874, #3245, #2378, #749 ),
 ( #1580, #2633, #1855, #178, #230, #2415 ),
 ( #2165, #1011, #992, #3519, #2668, #495 ),
 ( #1838, #767, #2112, #1066, #2977, #2150 ),
 ( #2959, #3210, #214, #2942, #1598, #1335 ),
 ( #713, #2702, #1563, #195, #3537, #3262 ),
 ( #1050, #1301, #786, #1821, #478, #2924 ),
 ( #2396, #2906, #424, #1319, #1527, #442 ),
 ( #1285, #1546, #2651, #263, #513, #821 ),
 ( #2200, #1369, #565, #1614, #7, #2735 ),
 ( #1401, #528, #1151, #2466, #2719, #2500 ),
 ( #3060, #3026, #246, #3296, #3572, #803 ),
 ( #1647, #1924, #839, #545, #1943, #1097 ),
 ( #2786, #1351, #2185, #858, #2754, #281 ),
 ( #580, #3279, #25, #1386, #1133, #3553 ),
 ( #2448, #2252, #2483, #2235, #3346, #1114 ),
 ( #2218, #1081, #3311, #1892, #2995, #1910 ),
 ( #3011, #1629, #3043, #1665, #2771, #1682 ),
 ( #296, #3328, #1960, #312, #1417, #2519 ),
 ( #45, #2555, #2845, #365, #135, #948 ),
 ( #2052, #2033, #3152, #2865, #2288, #874 ),
 ( #2826, #1470, #330, #635, #1434, #101 ) ),
 .UNSPECIFIED., .F., .F., .F.,
 ( 6, 3, 3, 3, 3, 3, 3, 3, 3, 3, 3, 3, 3, 3, 3, 3, 3, 3, 3, 3, 3, 3, 3, 3, 3, 3, 3, 3, 3, 6 ),
 ( 6, 6 ),
 ( -2.271938667894257247, -2.137376150211628190, -2.070195761524818767, -1.958860878174032427, -1.849581402085795467, -1.727626877110894021, -1.543850296318566961, -1.352875572771240709, -1.155593118788900808, -0.9529227562496807025, -0.8470878501177991904, -0.7458094279256681780, -0.6085381736824380106, -0.4716905906939183879, -0.3221327185454809783, -0.2131220086976881589, -0.1075447138825031956, 0.04069399979285925895, 0.1730346482635081173, 0.3221327185452587116, 0.4009745666570392331, 0.5352187917768986836, 0.7458094279274800620, 0.9529227562450732769, 1.155593118792008323, 1.450956488131956768, 1.727626877111593906, 1.903348463899361409, 2.070195761530963185, 2.271938667889002339 ),
 ( -1.020000000000379936, 1.019999999999695595 ),
 .UNSPECIFIED. ) ;
#1174 = CARTESIAN_POINT ( 'NONE',  ( 65.66321310642669573, -47.55396240792504869, 26.40006096012200132 ) ) ;
#1175 = CARTESIAN_POINT ( 'NONE',  ( -2.744658627428964603, -1.829975540277841040, 30.03606096012201832 ) ) ;
#1176 = CARTESIAN_POINT ( 'NONE',  ( -1.149792165772264729, -77.99994329607412169, 28.40006096012199777 ) ) ;
#1177 = CARTESIAN_POINT ( 'NONE',  ( 80.50318542171181946, -79.86018174985964890, 28.01206096012202451 ) ) ;
#1178 = CARTESIAN_POINT ( 'NONE',  ( 81.16586949553399677, 1.340491985346688786, 28.56726096012203442 ) ) ;
#1179 = CARTESIAN_POINT ( 'NONE',  ( -0.8902465400628160053, -79.25767248986561242, 28.40006096012199421 ) ) ;
#1180 = CARTESIAN_POINT ( 'NONE',  ( -1.099910025938863001, -78.55335229998904367, 26.38006096012195556 ) ) ;
#1181 = CARTESIAN_POINT ( 'NONE',  ( 0.3133519548115173414, 2.434911746230332685, 26.36406096012199285 ) ) ;
#1182 = CARTESIAN_POINT ( 'NONE',  ( 82.74911108405899540, 2.750006350012999867, 26.40006096012200132 ) ) ;
#1183 = CARTESIAN_POINT ( 'NONE',  ( 80.44205462582354471, 2.078758377835821403, 26.40006096012199421 ) ) ;
#1184 = EDGE_CURVE ( 'NONE', #1232, #371, #1196, .T. ) ;
#1185 = CARTESIAN_POINT ( 'NONE',  ( 79.15942453548920810, -80.90527980547041409, 28.01206096012202096 ) ) ;
#1186 = CARTESIAN_POINT ( 'NONE',  ( 0.6601059096330416098, -80.80233552660689611, 27.60406096012199129 ) ) ;
#1187 = CARTESIAN_POINT ( 'NONE',  ( -2.706053048763310098, -1.372657506729219712, 26.40006096012200132 ) ) ;
#1188 = CARTESIAN_POINT ( 'NONE',  ( 82.51673546698053485, -0.8311577717451631431, 27.83286096012200872 ) ) ;
#1189 = DIRECTION ( 'NONE',  ( -0.000000000000000000, 1.000000000000000000, 0.000000000000000000 ) ) ;
#1190 = CARTESIAN_POINT ( 'NONE',  ( -0.4501168674628050481, -79.98324141714485336, 26.38006096012198043 ) ) ;
#1191 = CARTESIAN_POINT ( 'NONE',  ( -2.696538490544412969, -1.289398217487002007, 30.00006096012200274 ) ) ;
#1192 = CARTESIAN_POINT ( 'NONE',  ( 78.97312476853250018, -80.99441136938881414, 28.40006096012200132 ) ) ;
#1193 = CARTESIAN_POINT ( 'NONE',  ( 78.16037936158812727, -81.14508273438298147, 26.40006096012194448 ) ) ;
#1194 = VECTOR ( 'NONE', #2353, 1000.000000000000000 ) ;
#1195 = CARTESIAN_POINT ( 'NONE',  ( -2.715816387203248805, -1.656463878514177868, 27.09846096012201855 ) ) ;
#1196 = LINE ( 'NONE', #2830, #490 ) ;
#1197 = CARTESIAN_POINT ( 'NONE',  ( 80.54795529906138540, -79.76944759894219317, 27.60406096012200550 ) ) ;
#1198 = ORIENTED_EDGE ( 'NONE', *, *, #3142, .F. ) ;
#1199 = CARTESIAN_POINT ( 'NONE',  ( 80.94381962176016998, 1.736480265664524403, 26.36406096012198574 ) ) ;
#1200 = CARTESIAN_POINT ( 'NONE',  ( -1.151347655190808617, -77.93849865849475123, 26.38006096012198043 ) ) ;
#1201 = CARTESIAN_POINT ( 'NONE',  ( 0.3982627650946886644, 2.348194124177237274, 27.83286096012201583 ) ) ;
#1202 = CARTESIAN_POINT ( 'NONE',  ( 16.00003302006599881, -28.00005588010999702, 26.40006096012200132 ) ) ;
#1203 = LINE ( 'NONE', #866, #2008 ) ;
#1204 = CARTESIAN_POINT ( 'NONE',  ( 79.40941405861474323, -80.78443954754831680, 28.01206096012202806 ) ) ;
#1205 = EDGE_CURVE ( 'NONE', #1894, #920, #3349, .T. ) ;
#1206 = CARTESIAN_POINT ( 'NONE',  ( -1.847534335765323332, 0.7921683735635095536, 26.40006096012200132 ) ) ;
#1207 = CARTESIAN_POINT ( 'NONE',  ( 82.50222107615469724, -0.6859872386815285550, 29.30166096012202814 ) ) ;
#1208 = CARTESIAN_POINT ( 'NONE',  ( 78.00049300242066863, 2.750351605575105385, 27.84006096012198839 ) ) ;
#1209 = CARTESIAN_POINT ( 'NONE',  ( -0.5346461212423309073, -79.87132738361057704, 26.38006096012198043 ) ) ;
#1210 = CARTESIAN_POINT ( 'NONE',  ( -2.649953134617031303, -1.037808192195653012, 30.00006096012200629 ) ) ;
#1211 = CARTESIAN_POINT ( 'NONE',  ( 79.58214714871765239, -80.72281854757561348, 28.40006096012202264 ) ) ;
#1212 = CARTESIAN_POINT ( 'NONE',  ( 79.37185953012118489, -80.83414348605680289, 26.40006096012197645 ) ) ;
#1213 = CARTESIAN_POINT ( 'NONE',  ( -2.733777321743800393, -1.754608783180216180, 27.09846096012201855 ) ) ;
#1214 = CARTESIAN_POINT ( 'NONE',  ( 80.58449618694464789, -79.80598848678724266, 26.38006096012197688 ) ) ;
#1215 = ORIENTED_EDGE ( 'NONE', *, *, #2722, .F. ) ;
#1216 = CARTESIAN_POINT ( 'NONE',  ( 81.41933035919620920, 1.080700532974485650, 27.83286096012202293 ) ) ;
#1217 = DIRECTION ( 'NONE',  ( -0.000000000000000000, -0.000000000000000000, 1.000000000000000000 ) ) ;
#1218 = CARTESIAN_POINT ( 'NONE',  ( 1.687935454152779347, 2.746310874959691617, 26.36406096012199285 ) ) ;
#1219 = CARTESIAN_POINT ( 'NONE',  ( 78.42341134776756917, 2.701901808665692073, 29.30166096012201749 ) ) ;
#1220 = CARTESIAN_POINT ( 'NONE',  ( 82.39995861284546663, -0.2177620268955179350, 26.40006096012199421 ) ) ;
#1221 = CARTESIAN_POINT ( 'NONE',  ( -0.6645809327980798376, -79.62018491718171731, 28.01206096012198543 ) ) ;
#1222 = CARTESIAN_POINT ( 'NONE',  ( 79.13592175066588652, -80.93757692506011381, 26.38006096012194490 ) ) ;
#1223 = CARTESIAN_POINT ( 'NONE',  ( -1.267807633643652565, 1.444760082438505622, 26.40006096012200132 ) ) ;
#1224 = CARTESIAN_POINT ( 'NONE',  ( 82.65289552596351541, -1.334130689419084304, 27.83286096012201583 ) ) ;
#1225 = CARTESIAN_POINT ( 'NONE',  ( 82.74902169388312245, -1.900002540005001572, 28.27245505649002055 ) ) ;
#1226 = CARTESIAN_POINT ( 'NONE',  ( -0.5854477639622108764, -79.80241498896333496, 26.38006096012198043 ) ) ;
#1227 = CARTESIAN_POINT ( 'NONE',  ( -2.187136316835708971, 0.2508641003639113243, 30.00006096012201340 ) ) ;
#1228 = CARTESIAN_POINT ( 'NONE',  ( 78.93208459203466987, -81.00738700171329754, 26.40006096012196579 ) ) ;
#1229 = EDGE_CURVE ( 'NONE', #1303, #1804, #2619, .T. ) ;
#1230 = CARTESIAN_POINT ( 'NONE',  ( -2.744658625360164805, -1.829975542383636800, 26.36406096012199285 ) ) ;
#1231 = CARTESIAN_POINT ( 'NONE',  ( 80.46440230098203017, -79.96423815717210459, 26.38006096012196622 ) ) ;
#1232 = VERTEX_POINT ( 'NONE', #949 ) ;
#1233 = CARTESIAN_POINT ( 'NONE',  ( 81.46218181267209957, 1.033194969087025239, 27.83286096012202293 ) ) ;
#1234 = CARTESIAN_POINT ( 'NONE',  ( -1.140548900956589229, -78.09894149756422621, 27.60406096012198418 ) ) ;
#1235 = CARTESIAN_POINT ( 'NONE',  ( 1.588387127103568552, 2.690013106327544534, 27.83286096012200517 ) ) ;
#1236 = CARTESIAN_POINT ( 'NONE',  ( 78.92828954234798289, 2.585057653761636765, 28.56726096012203797 ) ) ;
#1237 = CARTESIAN_POINT ( 'NONE',  ( 82.32903054903029272, -0.03566117042342807630, 26.40006096012199421 ) ) ;
#1238 = CARTESIAN_POINT ( 'NONE',  ( -0.8355106406002482666, -79.31606032989358823, 28.01206096012198543 ) ) ;
#1239 = CARTESIAN_POINT ( 'NONE',  ( -1.097706104396723337, 1.408281921490319499, 28.56726096012202021 ) ) ;
#1240 = CARTESIAN_POINT ( 'NONE',  ( 79.94160463245829362, -80.48177180036513789, 28.42006096012206129 ) ) ;
#1241 = CARTESIAN_POINT ( 'NONE',  ( 1.999939036301529027, 2.750071204829313665, 26.40006096012200132 ) ) ;
#1242 = CARTESIAN_POINT ( 'NONE',  ( 82.73743273822917388, -1.664556809106813695, 26.36406096012199285 ) ) ;
#1243 = CARTESIAN_POINT ( 'NONE',  ( 78.66321310642670994, -47.55396240792504869, 26.02405757433622568 ) ) ;
#1244 = CARTESIAN_POINT ( 'NONE',  ( 78.25825685041155566, -81.12297525239117135, 27.60406096012196997 ) ) ;
#1245 = CARTESIAN_POINT ( 'NONE',  ( -2.742760699900855581, -1.793811250667014523, 30.00006096012200274 ) ) ;
#1246 = CARTESIAN_POINT ( 'NONE',  ( 80.79796496275736217, -79.45158533746730711, 26.40006096012200842 ) ) ;
#1247 = CARTESIAN_POINT ( 'NONE',  ( -2.655943428481406521, -1.284808895422054453, 29.30166096012202814 ) ) ;
#1248 = CARTESIAN_POINT ( 'NONE',  ( 0.02587414956359954110, -80.40997632976925047, 26.78806096012198168 ) ) ;
#1249 = CARTESIAN_POINT ( 'NONE',  ( 80.60078402744427706, -79.72474229979039251, 28.01206096012203162 ) ) ;
#1250 = ORIENTED_EDGE ( 'NONE', *, *, #1161, .T. ) ;
#1251 = EDGE_LOOP ( 'NONE', ( #2058, #216, #3362, #613 ) ) ;
#1252 = CARTESIAN_POINT ( 'NONE',  ( 81.91947925255978191, 0.6852224199015322093, 30.03606096012204674 ) ) ;
#1253 = CARTESIAN_POINT ( 'NONE',  ( -1.151340453562749389, -77.93849145686313307, 28.42006096012200800 ) ) ;
#1254 = CARTESIAN_POINT ( 'NONE',  ( 1.488107892229762363, 2.720941403488820853, 26.36406096012199285 ) ) ;
#1255 = CARTESIAN_POINT ( 'NONE',  ( 79.06556454031516523, 2.532739074475359953, 27.83286096012202648 ) ) ;
#1256 = CARTESIAN_POINT ( 'NONE',  ( -0.8078163886082119216, -79.43294838173163441, 28.42006096012198668 ) ) ;
#1257 = CARTESIAN_POINT ( 'NONE',  ( -1.566156678878321884, 1.139543141379129709, 26.36406096012199285 ) ) ;
#1258 = CARTESIAN_POINT ( 'NONE',  ( 79.66268055747018195, -80.63976201764573659, 26.78806096012198168 ) ) ;
#1259 = LINE ( 'NONE', #705, #1194 ) ;
#1260 = CARTESIAN_POINT ( 'NONE',  ( 82.75341611981393442, -1.934134893447264858, 27.83286096012201583 ) ) ;
#1261 = CARTESIAN_POINT ( 'NONE',  ( 80.99783968228295805, -78.95116451161855764, 28.40006096012202619 ) ) ;
#1262 = CARTESIAN_POINT ( 'NONE',  ( 78.29282804752547520, -81.12605618905321592, 26.78806096012195681 ) ) ;
#1263 = DIRECTION ( 'NONE',  ( 0.000000000000000000, 0.000000000000000000, -1.000000000000000000 ) ) ;
#1264 = CARTESIAN_POINT ( 'NONE',  ( 80.31085655078901198, -80.14101178041831020, 26.40006096012198356 ) ) ;
#1265 = CARTESIAN_POINT ( 'NONE',  ( -2.743620804801969015, -1.831035446730348681, 27.09846096012201855 ) ) ;
#1266 = CARTESIAN_POINT ( 'NONE',  ( 0.06095625514626376584, -80.43936536895347444, 28.01206096012198543 ) ) ;
#1267 = CARTESIAN_POINT ( 'NONE',  ( 80.62204171000354336, -79.74599998232875464, 26.38006096012196977 ) ) ;
#1268 = ORIENTED_EDGE ( 'NONE', *, *, #2239, .F. ) ;
#1269 = VERTEX_POINT ( 'NONE', #1152 ) ;
#1270 = CARTESIAN_POINT ( 'NONE',  ( -0.1408542962140829080, -80.31085655413716040, 28.40006096012200487 ) ) ;
#1271 = CARTESIAN_POINT ( 'NONE',  ( 65.66321310642669573, -47.55396240792504869, 26.02405757433622568 ) ) ;
#1272 = CARTESIAN_POINT ( 'NONE',  ( 1.926675259900185289, 2.746934923661526806, 26.36406096012199285 ) ) ;
#1273 = CARTESIAN_POINT ( 'NONE',  ( 78.76910007537121317, 2.614995447725562805, 27.83286096012202293 ) ) ;
#1274 = CARTESIAN_POINT ( 'NONE',  ( -0.8355074761372625058, -79.31605716544333973, 26.78806096012196392 ) ) ;
#1275 = EDGE_CURVE ( 'NONE', #2343, #2417, #103, .T. ) ;
#1276 = CARTESIAN_POINT ( 'NONE',  ( -1.654869979789984624, 1.048228252906517666, 26.36406096012199285 ) ) ;
#1277 = CARTESIAN_POINT ( 'NONE',  ( 79.91776323671672344, -80.45793040464080548, 28.01206096012202806 ) ) ;
#1278 = CARTESIAN_POINT ( 'NONE',  ( 1.808238907797864226, 2.743437601006090354, 26.40006096012200132 ) ) ;
#1279 = CARTESIAN_POINT ( 'NONE',  ( 82.75388658182342283, -1.990125602513789005, 30.03606096012203963 ) ) ;
#1280 = CARTESIAN_POINT ( 'NONE',  ( 78.15371588118483714, -81.13841925393374765, 28.01206096012199254 ) ) ;
#1281 = CARTESIAN_POINT ( 'NONE',  ( 1.808239017066685772, 2.743437682727306814, 30.00006096012200274 ) ) ;
#1282 = CARTESIAN_POINT ( 'NONE',  ( 80.75499855620297751, -79.52452326156505080, 26.40006096012200132 ) ) ;
#1283 = CARTESIAN_POINT ( 'NONE',  ( -2.555648158397259451, -0.6312624534599815540, 26.36406096012199285 ) ) ;
#1284 = CARTESIAN_POINT ( 'NONE',  ( 0.1540758315138428536, -80.48908532067751764, 27.19606096012198648 ) ) ;
#1285 = CARTESIAN_POINT ( 'NONE',  ( 80.99808211690147175, -78.95140694623611921, 28.42006096012206129 ) ) ;
#1286 = ORIENTED_EDGE ( 'NONE', *, *, #2855, .T. ) ;
#1287 = ORIENTED_EDGE ( 'NONE', *, *, #3031, .T. ) ;
#1288 = CARTESIAN_POINT ( 'NONE',  ( 0.03713402030526734288, -80.46318760380880519, 26.40006096012201553 ) ) ;
#1289 = CARTESIAN_POINT ( 'NONE',  ( 1.713917078184985510, 2.719776389751682011, 27.83286096012200517 ) ) ;
#1290 = CARTESIAN_POINT ( 'NONE',  ( 78.42338803064114927, 2.701877995483323858, 27.09846096012200078 ) ) ;
#1291 = CARTESIAN_POINT ( 'NONE',  ( -0.7842820695682419796, -79.40941406269334379, 28.01206096012198543 ) ) ;
#1292 = CARTESIAN_POINT ( 'NONE',  ( -1.378276388496431082, 1.196491004786379708, 29.30166096012202459 ) ) ;
#1293 = CARTESIAN_POINT ( 'NONE',  ( 79.65039255853358213, -80.62747401871745012, 27.19606096012199359 ) ) ;
#1294 = CARTESIAN_POINT ( 'NONE',  ( 81.15016129032299830, -78.00015494030999719, 28.40006096012200132 ) ) ;
#1295 = CARTESIAN_POINT ( 'NONE',  ( 82.74670219689541284, -1.884520499184754616, 28.56726096012202731 ) ) ;
#1296 = CARTESIAN_POINT ( 'NONE',  ( 78.34809801766735404, -81.11892699536012685, 26.78806096012195326 ) ) ;
#1297 = CARTESIAN_POINT ( 'NONE',  ( 1.953697092875390062, -81.14534384275884804, 27.60406096012200194 ) ) ;
#1298 = CARTESIAN_POINT ( 'NONE',  ( 78.00021821680199707, 2.750070972962195714, 30.00006096012200274 ) ) ;
#1299 = CARTESIAN_POINT ( 'NONE',  ( -2.584993083780787071, -0.7612868739357352421, 30.03606096012202187 ) ) ;
#1300 = CARTESIAN_POINT ( 'NONE',  ( 0.03591932328156632881, -80.46440230083162248, 26.38006096012198043 ) ) ;
#1301 = CARTESIAN_POINT ( 'NONE',  ( 80.92558971526811717, -79.12425150100315818, 28.01206096012206714 ) ) ;
#1302 = EDGE_LOOP ( 'NONE', ( #88, #2201, #3352, #1215 ) ) ;
#1303 = VERTEX_POINT ( 'NONE', #387 ) ;
#1304 = CARTESIAN_POINT ( 'NONE',  ( 0.08410655884874775057, -80.49878475038445913, 26.40006096012201553 ) ) ;
#1305 = COORDINATED_UNIVERSAL_TIME_OFFSET ( 8, 0, .AHEAD. ) ;
#1306 = CARTESIAN_POINT ( 'NONE',  ( 79.65032108951618284, 2.397650960228047801, 29.30166096012202814 ) ) ;
#1307 = CARTESIAN_POINT ( 'NONE',  ( -1.057093672479091140, -78.63150371044528697, 27.19606096012198293 ) ) ;
#1308 = VECTOR ( 'NONE', #2811, 1000.000000000000000 ) ;
#1309 = CARTESIAN_POINT ( 'NONE',  ( -0.5420317578532236613, 1.913621963313080432, 29.30166096012204591 ) ) ;
#1310 = CARTESIAN_POINT ( 'NONE',  ( 80.03379687736176606, -80.33616802898477260, 27.19606096012199714 ) ) ;
#1311 = CARTESIAN_POINT ( 'NONE',  ( 0.3944271286310361835, 2.478858175223689120, 26.40006096012200132 ) ) ;
#1312 = CARTESIAN_POINT ( 'NONE',  ( 82.69158822916313056, -1.527495364108359732, 28.56726096012202376 ) ) ;
#1313 = CARTESIAN_POINT ( 'NONE',  ( 78.41504794310392867, -81.12347775694757956, 28.42006096012202931 ) ) ;
#1314 = CARTESIAN_POINT ( 'NONE',  ( 2.006219598808518523, -81.14988284761142268, 27.19606096012199714 ) ) ;
#1315 = CARTESIAN_POINT ( 'NONE',  ( 80.99783941734673931, -78.95116424668238153, 26.40006096012202264 ) ) ;
#1316 = CARTESIAN_POINT ( 'NONE',  ( 81.57909666401354798, 0.9706817300906889212, 27.09846096012199723 ) ) ;
#1317 = CARTESIAN_POINT ( 'NONE',  ( -2.511764773230114489, -0.5160858557616265774, 26.36406096012199285 ) ) ;
#1318 = CARTESIAN_POINT ( 'NONE',  ( 0.1941684732623727982, -80.58449670719836888, 28.42006096012201155 ) ) ;
#1319 = CARTESIAN_POINT ( 'NONE',  ( 80.93458326832374894, -79.04970367751823801, 27.19606096012200780 ) ) ;
#1320 = VECTOR ( 'NONE', #732, 1000.000000000000000 ) ;
#1321 = VERTEX_POINT ( 'NONE', #2557 ) ;
#1322 = ORIENTED_EDGE ( 'NONE', *, *, #1461, .T. ) ;
#1323 = CARTESIAN_POINT ( 'NONE',  ( 1.567105572549157610, -81.12228309131340609, 26.40006096012202264 ) ) ;
#1324 = CARTESIAN_POINT ( 'NONE',  ( 80.04483783133500197, 2.288067099651221348, 26.36406096012198219 ) ) ;
#1325 = CARTESIAN_POINT ( 'NONE',  ( -0.9949795495622002495, -78.97385042901053964, 28.42006096012199379 ) ) ;
#1326 = CARTESIAN_POINT ( 'NONE',  ( -0.3464060991738874273, 1.981235383351780399, 28.56726096012203087 ) ) ;
#1327 = CARTESIAN_POINT ( 'NONE',  ( 78.05016129032298977, -78.05016129031999128, 30.00006096012200274 ) ) ;
#1328 = CARTESIAN_POINT ( 'NONE',  ( 77.97543530930344957, -81.15038175881933569, 28.42006096012196537 ) ) ;
#1329 = CARTESIAN_POINT ( 'NONE',  ( 78.76717110261162702, -81.05446486313701371, 28.42006096012202931 ) ) ;
#1330 = CARTESIAN_POINT ( 'NONE',  ( 1.949557186113157981, -81.14948374950991195, 26.78806096012199234 ) ) ;
#1331 = CARTESIAN_POINT ( 'NONE',  ( 80.16236329104668812, 2.233585396680380253, 30.00006096012200985 ) ) ;
#1332 = CARTESIAN_POINT ( 'NONE',  ( 81.95524730673993474, 0.6321376931759707940, 26.36406096012197864 ) ) ;
#1333 = CARTESIAN_POINT ( 'NONE',  ( -2.453799638163976393, -0.3282051735806252868, 26.36406096012199285 ) ) ;
#1334 = CARTESIAN_POINT ( 'NONE',  ( -0.2597225851963409493, -80.11985534583949686, 27.19606096012198648 ) ) ;
#1335 = CARTESIAN_POINT ( 'NONE',  ( 80.85332994863996703, -79.33372215761620794, 26.38006096012198753 ) ) ;
#1336 = CARTESIAN_POINT ( 'NONE',  ( -1.149792592473429131, -77.99994372295243750, 26.40006096012199777 ) ) ;
#1337 = EDGE_LOOP ( 'NONE', ( #1857, #2167, #326, #1477 ) ) ;
#1338 = EDGE_CURVE ( 'NONE', #444, #425, #3347, .T. ) ;
#1339 = CARTESIAN_POINT ( 'NONE',  ( -0.5842466235311213341, -79.80121384853330824, 26.40006096012201553 ) ) ;
#1340 = APPROVAL_STATUS ( 'not_yet_approved' ) ;
#1341 = CARTESIAN_POINT ( 'NONE',  ( 79.89558306041644187, 2.221970314724399209, 28.56726096012203442 ) ) ;
#1342 = CARTESIAN_POINT ( 'NONE',  ( -1.035412977045467642, -78.85427237224925534, 26.38006096012195911 ) ) ;
#1343 = CARTESIAN_POINT ( 'NONE',  ( -0.4453984568950761780, 2.082334193408805767, 26.36406096012199285 ) ) ;
#1344 = CARTESIAN_POINT ( 'NONE',  ( -2.749331365290569096, -1.900002540005000906, 26.90887149970452086 ) ) ;
#1345 = CARTESIAN_POINT ( 'NONE',  ( 78.44237756636799475, -81.11989847677465093, 26.38006096012193780 ) ) ;
#1346 = CARTESIAN_POINT ( 'NONE',  ( 1.053311722902256165, -80.99352090913643565, 28.01206096012199254 ) ) ;
#1347 = CARTESIAN_POINT ( 'NONE',  ( 80.32608806769938781, 2.138112072323148816, 30.00006096012200985 ) ) ;
#1348 = CARTESIAN_POINT ( 'NONE',  ( 82.45395682634180901, -0.3282054719332780368, 26.36406096012198219 ) ) ;
#1349 = CARTESIAN_POINT ( 'NONE',  ( -2.294208031470646780, -0.2414999245500453473, 28.56726096012202021 ) ) ;
#1350 = CARTESIAN_POINT ( 'NONE',  ( -0.2010813428802339931, -80.25429218858727154, 26.38006096012198043 ) ) ;
#1351 = CARTESIAN_POINT ( 'NONE',  ( 81.09523049420164398, -78.50289242314299543, 28.01206096012204227 ) ) ;
#1352 = ORIENTED_EDGE ( 'NONE', *, *, #2763, .F. ) ;
#1353 = VERTEX_POINT ( 'NONE', #84 ) ;
#1354 = CARTESIAN_POINT ( 'NONE',  ( -0.1601902272070375999, -80.29276090076831451, 26.40006096012201553 ) ) ;
#1355 = CARTESIAN_POINT ( 'NONE',  ( -1.133921350168960451, -78.30085068895641598, 28.40006096012200487 ) ) ;
#1356 = DATE_AND_TIME ( #2117, #547 ) ;
#1357 = CARTESIAN_POINT ( 'NONE',  ( 80.17715137546579740, 2.074180176214200255, 28.56726096012203087 ) ) ;
#1358 = CARTESIAN_POINT ( 'NONE',  ( -1.064455839265723514, -78.72533969244626917, 26.38006096012195911 ) ) ;
#1359 = CARTESIAN_POINT ( 'NONE',  ( -1.037629734077033516, 1.534338725245792734, 29.30166096012203525 ) ) ;
#1360 = LINE ( 'NONE', #1917, #1993 ) ;
#1361 = AXIS2_PLACEMENT_3D ( 'NONE', #1182, #1462, #2797 ) ;
#1362 = CARTESIAN_POINT ( 'NONE',  ( 78.56959966740113543, -81.08182092498533677, 28.01206096012199964 ) ) ;
#1363 = CARTESIAN_POINT ( 'NONE',  ( 1.674930499245801840, -81.11135127711324344, 27.60406096012200550 ) ) ;
#1364 = PRODUCT_DEFINITION_FORMATION_WITH_SPECIFIED_SOURCE ( 'ä»', '', #1805, .NOT_KNOWN. ) ;
#1365 = CARTESIAN_POINT ( 'NONE',  ( 79.68500879628551559, 2.433076784525396885, 30.00006096012200985 ) ) ;
#1366 = CARTESIAN_POINT ( 'NONE',  ( 82.27240324902825819, 0.07694264232713378393, 26.36406096012198219 ) ) ;
#1367 = CARTESIAN_POINT ( 'NONE',  ( -1.860281021271844804, 0.6249253444902957977, 27.09846096012201855 ) ) ;
#1368 = CARTESIAN_POINT ( 'NONE',  ( -0.07584661291245844983, -80.32545175783985769, 26.78806096012198168 ) ) ;
#1369 = CARTESIAN_POINT ( 'NONE',  ( 81.01607476795024354, -78.80760401747431843, 28.01206096012204227 ) ) ;
#1370 = CARTESIAN_POINT ( 'NONE',  ( 56.00011176022400150, -20.00004064007999816, 26.40006096012200132 ) ) ;
#1371 = ORIENTED_EDGE ( 'NONE', *, *, #2810, .T. ) ;
#1372 = CARTESIAN_POINT ( 'NONE',  ( -2.750693762148488375, -1.936754348554028837, 30.03606096012201832 ) ) ;
#1373 = CARTESIAN_POINT ( 'NONE',  ( 80.07978624100888965, -80.32146273928135827, 28.01206096012204227 ) ) ;
#1374 = CARTESIAN_POINT ( 'NONE',  ( 80.44882956751888514, 1.907889585313416125, 28.56726096012203442 ) ) ;
#1375 = CARTESIAN_POINT ( 'NONE',  ( -0.5335365999187613451, -79.87021786228808651, 28.40006096012199421 ) ) ;
#1376 = CARTESIAN_POINT ( 'NONE',  ( -1.027482717836274206, -78.74034643764375119, 27.19606096012196872 ) ) ;
#1377 = CARTESIAN_POINT ( 'NONE',  ( -0.7141656653006774880, 1.909157747140565409, 30.03606096012205029 ) ) ;
#1378 = DIRECTION ( 'NONE',  ( -1.000000000000000000, 0.000000000000000000, 0.000000000000000000 ) ) ;
#1379 = EDGE_CURVE ( 'NONE', #3212, #2635, #981, .T. ) ;
#1380 = CARTESIAN_POINT ( 'NONE',  ( 78.91845413676772125, -80.99375654647187162, 26.78806096012195681 ) ) ;
#1381 = CARTESIAN_POINT ( 'NONE',  ( 1.331212465688404567, -81.08362573561834097, 28.42006096012202576 ) ) ;
#1382 = CARTESIAN_POINT ( 'NONE',  ( 82.73533161525003266, -1.636694218403503820, 30.00006096012200629 ) ) ;
#1383 = CARTESIAN_POINT ( 'NONE',  ( 81.95898547082396135, 0.4581675035458027123, 27.09846096012199368 ) ) ;
#1384 = CARTESIAN_POINT ( 'NONE',  ( -2.268618533145890126, -0.09719785860801914701, 29.30166096012202814 ) ) ;
#1385 = CARTESIAN_POINT ( 'NONE',  ( -0.1233750357614921828, -80.25594570934197236, 27.19606096012198648 ) ) ;
#1386 = CARTESIAN_POINT ( 'NONE',  ( 81.10067599797029914, -78.41144481447499004, 27.19606096012201135 ) ) ;
#1387 = CARTESIAN_POINT ( 'NONE',  ( -2.756583959833670328, -1.987209995771920923, 29.30166096012202459 ) ) ;
#1388 = CARTESIAN_POINT ( 'NONE',  ( 80.13133932489800770, -80.27136404645372636, 26.78806096012198168 ) ) ;
#1389 = CARTESIAN_POINT ( 'NONE',  ( 81.03999811773337569, 1.653053631451514294, 26.36406096012198574 ) ) ;
#1390 = CARTESIAN_POINT ( 'NONE',  ( -1.142588425654538664, -78.22753576028051725, 28.42006096012199734 ) ) ;
#1391 = CARTESIAN_POINT ( 'NONE',  ( 0.8336412374646868795, 2.518489831186102368, 27.83286096012200517 ) ) ;
#1392 = CARTESIAN_POINT ( 'NONE',  ( 16.00003302006599881, -28.00005588010999702, 30.00006096012200274 ) ) ;
#1393 = DIRECTION ( 'NONE',  ( -0.000000000000000000, 1.000000000000000000, 0.000000000000000000 ) ) ;
#1394 = CARTESIAN_POINT ( 'NONE',  ( 78.97385063418113305, -80.99513723503606855, 26.38006096012194135 ) ) ;
#1395 = CARTESIAN_POINT ( 'NONE',  ( 1.566159161693212676, -81.12322950217054540, 28.42006096012202576 ) ) ;
#1396 = CARTESIAN_POINT ( 'NONE',  ( 81.16128628376243626, 1.544008815434962711, 30.00006096012200985 ) ) ;
#1397 = CARTESIAN_POINT ( 'NONE',  ( 82.49171131530053458, -0.4552382907230286824, 30.03606096012204674 ) ) ;
#1398 = CARTESIAN_POINT ( 'NONE',  ( -2.098146287593218862, 0.1599804576548740642, 28.56726096012202376 ) ) ;
#1399 = CARTESIAN_POINT ( 'NONE',  ( 80.75499855627424495, -79.52452326163628982, 28.40006096012202974 ) ) ;
#1400 = CARTESIAN_POINT ( 'NONE',  ( -0.06179563101301371875, -80.31140077593923365, 27.19606096012198648 ) ) ;
#1401 = CARTESIAN_POINT ( 'NONE',  ( 81.05187108846998001, -78.76514613469385040, 28.42006096012206484 ) ) ;
#1402 = CARTESIAN_POINT ( 'NONE',  ( -0.3500038100080012926, -1.900002540005000018, 28.40006096012200132 ) ) ;
#1403 = CARTESIAN_POINT ( 'NONE',  ( -1.094776858103924999, -78.58271308079687856, 28.40006096012200487 ) ) ;
#1404 = CARTESIAN_POINT ( 'NONE',  ( 80.17654765723199262, -80.20285413061594681, 27.19606096012199714 ) ) ;
#1405 = CARTESIAN_POINT ( 'NONE',  ( 80.91167470963847563, 1.567501959055972449, 27.83286096012201938 ) ) ;
#1406 = CARTESIAN_POINT ( 'NONE',  ( -1.109894905501606077, -78.49793432747378574, 26.38006096012195911 ) ) ;
#1407 = CARTESIAN_POINT ( 'NONE',  ( 1.003899148553154763, 2.654472746834616537, 30.03606096012201832 ) ) ;
#1408 = CARTESIAN_POINT ( 'NONE',  ( 78.07348137965523449, 2.746934065011902071, 30.03606096012203608 ) ) ;
#1409 = CARTESIAN_POINT ( 'NONE',  ( 78.06366717168906177, 2.747442286467355999, 26.40006096012200132 ) ) ;
#1410 = CARTESIAN_POINT ( 'NONE',  ( 79.34085654436179880, -80.80314050034472473, 27.19606096012199004 ) ) ;
#1411 = CARTESIAN_POINT ( 'NONE',  ( 0.6845001462747455356, -80.83526512503669892, 28.01206096012199254 ) ) ;
#1412 = CARTESIAN_POINT ( 'NONE',  ( -1.766234063071605576, 0.8893990679539083288, 26.40006096012200132 ) ) ;
#1413 = CARTESIAN_POINT ( 'NONE',  ( 82.02969992715330250, 0.2644247797952903323, 27.83286096012203004 ) ) ;
#1414 = CARTESIAN_POINT ( 'NONE',  ( -1.851112784105702458, 0.7958229674926100561, 30.03606096012201832 ) ) ;
#1415 = CARTESIAN_POINT ( 'NONE',  ( -0.3644345426697560564, -80.00152621271341502, 27.19606096012198648 ) ) ;
#1416 = VECTOR ( 'NONE', #2880, 1000.000000000000000 ) ;
#1417 = CARTESIAN_POINT ( 'NONE',  ( 81.14532016899119071, -78.10349822450869794, 26.78806096012201010 ) ) ;
#1418 = EDGE_CURVE ( 'NONE', #1510, #788, #456, .T. ) ;
#1419 = LINE ( 'NONE', #3013, #2511 ) ;
#1420 = CARTESIAN_POINT ( 'NONE',  ( 82.74684147020606417, -1.864645429311733382, 26.40006096012199777 ) ) ;
#1421 = CARTESIAN_POINT ( 'NONE',  ( 80.15791370910294233, -80.29793843060186020, 26.38006096012195911 ) ) ;
#1422 = CARTESIAN_POINT ( 'NONE',  ( 80.76081856339548892, 1.685734524115640065, 27.83286096012201583 ) ) ;
#1423 = CARTESIAN_POINT ( 'NONE',  ( -1.087363203342765594, -78.47540262530368693, 27.60406096012198418 ) ) ;
#1424 = CARTESIAN_POINT ( 'NONE',  ( 0.6652331124723448452, 2.446385614879531989, 28.56726096012202021 ) ) ;
#1425 = FACE_OUTER_BOUND ( 'NONE', #1337, .T. ) ;
#1426 = CARTESIAN_POINT ( 'NONE',  ( 78.82717821077845599, 2.674309424027050852, 26.40006096012199421 ) ) ;
#1427 = CARTESIAN_POINT ( 'NONE',  ( 79.22752044310395547, -80.86025197361983885, 27.60406096012200550 ) ) ;
#1428 = CARTESIAN_POINT ( 'NONE',  ( 0.7591720753759494400, -80.90145840127894417, 26.38006096012198043 ) ) ;
#1429 = CARTESIAN_POINT ( 'NONE',  ( -2.674359014386201050, -1.166279222744504684, 26.40006096012200132 ) ) ;
#1430 = VERTEX_POINT ( 'NONE', #439 ) ;
#1431 = CARTESIAN_POINT ( 'NONE',  ( 82.56563673197396724, -0.8597211438055072374, 27.09846096012199723 ) ) ;
#1432 = CARTESIAN_POINT ( 'NONE',  ( -2.154645615462770891, 0.04317405152497609533, 28.56726096012202376 ) ) ;
#1433 = CARTESIAN_POINT ( 'NONE',  ( -0.4772843527987066237, -79.89497331096274024, 28.01206096012198543 ) ) ;
#1434 = CARTESIAN_POINT ( 'NONE',  ( 81.15421814958800439, -77.94121167252677651, 26.78806096012200655 ) ) ;
#1435 = CARTESIAN_POINT ( 'NONE',  ( 77.99994329607420696, -81.14994964608455064, 28.40006096012200487 ) ) ;
#1436 = CARTESIAN_POINT ( 'NONE',  ( 80.15662551378414946, -80.29665023528581003, 26.40006096012197645 ) ) ;
#1437 = CARTESIAN_POINT ( 'NONE',  ( -2.752924437310483530, -1.934476206915489049, 29.30166096012202459 ) ) ;
#1438 = CARTESIAN_POINT ( 'NONE',  ( 82.73067056852622159, -1.564517920642052751, 26.40006096012200132 ) ) ;
#1439 = CARTESIAN_POINT ( 'NONE',  ( 80.36311753879441255, -80.03406698722783119, 28.01206096012202806 ) ) ;
#1440 = ADVANCED_FACE ( 'NONE', ( #3462 ), #1542, .F. ) ;
#1441 = CARTESIAN_POINT ( 'NONE',  ( 81.03778400828981887, 1.534335475428077356, 27.09846096012200078 ) ) ;
#1442 = CARTESIAN_POINT ( 'NONE',  ( -1.088554530214093763, -78.54199680426468433, 28.01206096012198543 ) ) ;
#1443 = CARTESIAN_POINT ( 'NONE',  ( -0.09639644474440828281, 2.166375677298366664, 27.09846096012201855 ) ) ;
#1444 = DIRECTION ( 'NONE',  ( 1.000000000000000000, 0.000000000000000000, 0.000000000000000000 ) ) ;
#1445 = DIRECTION ( 'NONE',  ( 0.000000000000000000, 0.000000000000000000, 1.000000000000000000 ) ) ;
#1446 = CARTESIAN_POINT ( 'NONE',  ( 79.37275223906550536, -80.83503619500113757, 28.42006096012205774 ) ) ;
#1447 = CARTESIAN_POINT ( 'NONE',  ( 0.6664353228820681929, -80.85332994844678467, 26.38006096012198043 ) ) ;
#1448 = CARTESIAN_POINT ( 'NONE',  ( -2.744689224008104222, -1.829261570163466688, 26.40006096012200487 ) ) ;
#1449 = CARTESIAN_POINT ( 'NONE',  ( 82.69257237945306827, -1.247561350643347833, 30.03606096012203608 ) ) ;
#1450 = CARTESIAN_POINT ( 'NONE',  ( -0.3916099721649314302, -79.99786875912634798, 28.01206096012198543 ) ) ;
#1451 = CARTESIAN_POINT ( 'NONE',  ( -2.739524177440411989, -1.729688338924017854, 30.00006096012200274 ) ) ;
#1452 = CARTESIAN_POINT ( 'NONE',  ( 78.35770452675130571, -81.12853350442793499, 28.40006096012199066 ) ) ;
#1453 = CARTESIAN_POINT ( 'NONE',  ( 79.91603848331394033, -80.49850700545208326, 26.40006096012198356 ) ) ;
#1454 = CARTESIAN_POINT ( 'NONE',  ( -2.733777242484418668, -1.754608863979275846, 29.30166096012202459 ) ) ;
#1455 = CARTESIAN_POINT ( 'NONE',  ( -1.144924781760058519, -78.16037888926544497, 28.40006096012200487 ) ) ;
#1456 = CARTESIAN_POINT ( 'NONE',  ( 80.34843161833842373, -80.01938106679209284, 27.60406096012200550 ) ) ;
#1457 = ORIENTED_EDGE ( 'NONE', *, *, #512, .F. ) ;
#1458 = CARTESIAN_POINT ( 'NONE',  ( 81.27518234848039924, 1.314887943212382115, 27.09846096012199723 ) ) ;
#1459 = CARTESIAN_POINT ( 'NONE',  ( -1.154170341079285178, -77.94132134435268711, 26.78806096012198168 ) ) ;
#1460 = CARTESIAN_POINT ( 'NONE',  ( 0.6122667409932999183, 2.500479054503635279, 27.09846096012199723 ) ) ;
#1461 = EDGE_CURVE ( 'NONE', #425, #714, #1008, .T. ) ;
#1462 = DIRECTION ( 'NONE',  ( -0.000000000000000000, 0.000000000000000000, -1.000000000000000000 ) ) ;
#1463 = CARTESIAN_POINT ( 'NONE',  ( 78.64462924365109586, 2.709691887424866774, 26.40006096012199421 ) ) ;
#1464 = CARTESIAN_POINT ( 'NONE',  ( 79.58318896604110648, -80.72386036489866967, 28.42006096012205774 ) ) ;
#1465 = CARTESIAN_POINT ( 'NONE',  ( 0.8759059681882649384, -80.92558971377388843, 28.01206096012199254 ) ) ;
#1466 = CARTESIAN_POINT ( 'NONE',  ( -2.120359565948084946, 0.3571743908259600864, 26.40006096012200132 ) ) ;
#1467 = CARTESIAN_POINT ( 'NONE',  ( 82.66370324693218663, -1.323092991599168489, 29.30166096012204591 ) ) ;
#1468 = LINE ( 'NONE', #436, #679 ) ;
#1469 = CARTESIAN_POINT ( 'NONE',  ( -0.5606795937945504571, -79.77764681879442321, 28.01206096012198543 ) ) ;
#1470 = CARTESIAN_POINT ( 'NONE',  ( 81.15416922719182935, -77.94116275020175522, 28.01206096012204938 ) ) ;
#1471 = CARTESIAN_POINT ( 'NONE',  ( 78.76653294944379979, -81.05382670996822014, 28.40006096012199421 ) ) ;
#1472 = CARTESIAN_POINT ( 'NONE',  ( 79.68422256993747510, -80.66130403006148697, 26.40006096012197645 ) ) ;
#1473 = VECTOR ( 'NONE', #588, 1000.000000000000000 ) ;
#1474 = CARTESIAN_POINT ( 'NONE',  ( -2.652731886742345502, -1.334136979513948607, 28.56726096012202021 ) ) ;
#1475 = CARTESIAN_POINT ( 'NONE',  ( 82.74886155272336907, -1.900002540005616858, 26.40006103992189779 ) ) ;
#1476 = CARTESIAN_POINT ( 'NONE',  ( 80.39844700107417452, -79.96275400210460305, 27.60406096012200905 ) ) ;
#1477 = ORIENTED_EDGE ( 'NONE', *, *, #1275, .F. ) ;
#1478 = CARTESIAN_POINT ( 'NONE',  ( 81.86043879885949082, 0.6249256479983965606, 29.30166096012204946 ) ) ;
#1479 = CARTESIAN_POINT ( 'NONE',  ( -1.148798828706134589, -78.02457860043656979, 26.40006096012201198 ) ) ;
#1480 = CARTESIAN_POINT ( 'NONE',  ( 1.291013145088705460, 2.628929465917716257, 27.83286096012200517 ) ) ;
#1481 = CARTESIAN_POINT ( 'NONE',  ( 65.66321310642669573, -47.55396240792504869, 26.02405757433622568 ) ) ;
#1482 = CARTESIAN_POINT ( 'NONE',  ( 82.24157119318475395, 0.1317884820436338866, 26.40006096012199421 ) ) ;
#1483 = CARTESIAN_POINT ( 'NONE',  ( -0.7111457395544725779, -79.51205133067803388, 27.60406096012197352 ) ) ;
#1484 = CARTESIAN_POINT ( 'NONE',  ( 79.56176041271879740, -80.70243181158333812, 28.01206096012202096 ) ) ;
#1485 = CARTESIAN_POINT ( 'NONE',  ( -1.651193827748216103, 1.044473876255588518, 26.40006096012200132 ) ) ;
#1486 = EDGE_CURVE ( 'NONE', #1430, #1269, #851, .T. ) ;
#1487 = CARTESIAN_POINT ( 'NONE',  ( 82.70747950492567213, -1.371361528420880660, 30.03606096012203608 ) ) ;
#1488 = CARTESIAN_POINT ( 'NONE',  ( 82.74947858996227978, -1.900002540005000018, 26.90901834397333658 ) ) ;
#1489 = CARTESIAN_POINT ( 'NONE',  ( -0.3504764198007838116, -80.04826274311913892, 28.01206096012198543 ) ) ;
#1490 = CARTESIAN_POINT ( 'NONE',  ( -2.735174125160570568, -1.636694228385922489, 30.00006096012200274 ) ) ;
#1491 = CARTESIAN_POINT ( 'NONE',  ( 79.13513710556320291, -80.93679227995913550, 28.40006096012201908 ) ) ;
#1492 = CARTESIAN_POINT ( 'NONE',  ( 80.02144257925547777, -80.41534126897816748, 26.40006096012197645 ) ) ;
#1493 = CARTESIAN_POINT ( 'NONE',  ( -2.715816256129055528, -1.656464012236912975, 29.30166096012202459 ) ) ;
#1494 = CARTESIAN_POINT ( 'NONE',  ( 80.49989490625782196, -79.91716107732821683, 26.38006096012196622 ) ) ;
#1495 = CARTESIAN_POINT ( 'NONE',  ( 81.73009320621510199, 0.9429754041563356282, 30.03606096012204674 ) ) ;
#1496 = CARTESIAN_POINT ( 'NONE',  ( -1.137323300600029397, -78.27276237898692557, 26.40006096012201553 ) ) ;
#1497 = CARTESIAN_POINT ( 'NONE',  ( 1.071864096054963467, 2.585061577599396365, 27.83286096012200517 ) ) ;
#1498 = CARTESIAN_POINT ( 'NONE',  ( 78.99625603554429176, 2.654470401751086506, 26.36406096012198574 ) ) ;
#1499 = CARTESIAN_POINT ( 'NONE',  ( -0.6909438525763076377, -79.57907580116400936, 28.01206096012198543 ) ) ;
#1500 = CARTESIAN_POINT ( 'NONE',  ( -1.275028248639100248, 1.314891395884071112, 29.30166096012202459 ) ) ;
#1501 = CARTESIAN_POINT ( 'NONE',  ( 79.91711641621189699, -80.49958493834719775, 26.38006096012196622 ) ) ;
#1502 = CARTESIAN_POINT ( 'NONE',  ( 0.01622709674745809877, 2.312197575031826435, 26.40006096012200132 ) ) ;
#1503 = CARTESIAN_POINT ( 'NONE',  ( 82.68136871164787749, -1.398027931703774041, 29.30166096012204235 ) ) ;
#1504 = CARTESIAN_POINT ( 'NONE',  ( 82.74906543340053133, -1.900002540005001572, 27.92693390096669148 ) ) ;
#1505 = CARTESIAN_POINT ( 'NONE',  ( 78.01457852053810882, -81.15146494257056986, 26.78806096012194260 ) ) ;
#1506 = CARTESIAN_POINT ( 'NONE',  ( -2.120359565948074732, 0.3571743908259525924, 30.00006096012201340 ) ) ;
#1507 = CARTESIAN_POINT ( 'NONE',  ( 79.41252195295584215, 2.525634394174505193, 30.00006096012200985 ) ) ;
#1508 = CARTESIAN_POINT ( 'NONE',  ( -2.663539851596152808, -1.323099032379131623, 29.30166096012202459 ) ) ;
#1509 = CARTESIAN_POINT ( 'NONE',  ( 80.31139587962260862, -80.06194821868369615, 27.60406096012200905 ) ) ;
#1510 = VERTEX_POINT ( 'NONE', #1062 ) ;
#1511 = ORIENTED_EDGE ( 'NONE', *, *, #778, .F. ) ;
#1512 = CARTESIAN_POINT ( 'NONE',  ( 81.62780265655895562, 0.8385082201903075738, 27.83286096012201938 ) ) ;
#1513 = CARTESIAN_POINT ( 'NONE',  ( -1.128345873490766094, -78.35767437611382036, 26.40006096012201553 ) ) ;
#1514 = CARTESIAN_POINT ( 'NONE',  ( 1.850686469167286852, 2.738061069688606075, 27.09846096012199723 ) ) ;
#1515 = CARTESIAN_POINT ( 'NONE',  ( 78.28623758979722425, 2.719773517419914022, 28.56726096012200955 ) ) ;
#1516 = CARTESIAN_POINT ( 'NONE',  ( -0.7658266980877745933, -79.50815179363108598, 26.38006096012195911 ) ) ;
#1517 = CARTESIAN_POINT ( 'NONE',  ( -1.566156829861251154, 1.139543295586645799, 30.03606096012201832 ) ) ;
#1518 = CARTESIAN_POINT ( 'NONE',  ( 79.80000610991550047, -80.54449002370522237, 26.78806096012198168 ) ) ;
#1519 = CARTESIAN_POINT ( 'NONE',  ( -0.2699065824194633034, 2.169069946744175859, 26.40006096012200132 ) ) ;
#1520 = CARTESIAN_POINT ( 'NONE',  ( 82.74481682075936817, -1.829974812088505765, 26.36406096012198930 ) ) ;
#1521 = CARTESIAN_POINT ( 'NONE',  ( 78.00021868777695033, 2.750071453957970036, 26.40006096024700710 ) ) ;
#1522 = CARTESIAN_POINT ( 'NONE',  ( 78.21556415758949754, -81.13077430327923878, 26.78806096012194615 ) ) ;
#1523 = CARTESIAN_POINT ( 'NONE',  ( -0.3259312703218374407, 2.138112769792404944, 30.00006096012203116 ) ) ;
#1524 = CARTESIAN_POINT ( 'NONE',  ( 80.96445897411805959, -79.07957938328368641, 26.40006096012201908 ) ) ;
#1525 = CARTESIAN_POINT ( 'NONE',  ( -2.723081473284065357, -1.495171145832820070, 26.36406096012199285 ) ) ;
#1526 = CARTESIAN_POINT ( 'NONE',  ( 0.1399664691044906206, -80.50319468308781268, 26.78806096012198168 ) ) ;
#1527 = CARTESIAN_POINT ( 'NONE',  ( 80.93611352662705372, -79.05123393580008440, 26.78806096012199589 ) ) ;
#1528 = EDGE_LOOP ( 'NONE', ( #2379, #71, #3027, #715 ) ) ;
#1529 = ORIENTED_EDGE ( 'NONE', *, *, #2855, .F. ) ;
#1530 = EDGE_CURVE ( 'NONE', #3521, #3297, #325, .T. ) ;
#1531 = CARTESIAN_POINT ( 'NONE',  ( -1.063839610521697621, -78.72472346370228991, 26.40006096012199421 ) ) ;
#1532 = CARTESIAN_POINT ( 'NONE',  ( 1.845094515572679672, 2.743772014159982398, 30.03606096012201832 ) ) ;
#1533 = CARTESIAN_POINT ( 'NONE',  ( 78.27393354178236962, 2.707207652251954144, 29.30166096012201749 ) ) ;
#1534 = CARTESIAN_POINT ( 'NONE',  ( -0.7750434650607177511, -79.40017545820633416, 27.19606096012196872 ) ) ;
#1535 = CARTESIAN_POINT ( 'NONE',  ( -1.460477446249571098, 1.122884017508075205, 29.30166096012202459 ) ) ;
#1536 = CARTESIAN_POINT ( 'NONE',  ( 79.95707046690908726, -80.42410339578029266, 26.78806096012198168 ) ) ;
#1537 = CARTESIAN_POINT ( 'NONE',  ( 0.1544285272562599121, 2.384136130207365589, 26.40006096012200132 ) ) ;
#1538 = CARTESIAN_POINT ( 'NONE',  ( 82.74088051584706704, -1.747515271912493562, 30.03606096012203608 ) ) ;
#1539 = CARTESIAN_POINT ( 'NONE',  ( 81.15016129032299830, -1.900002540005000018, 28.40006096012200132 ) ) ;
#1540 = CARTESIAN_POINT ( 'NONE',  ( 78.15144036641237335, -81.13614373929537749, 27.60406096012196642 ) ) ;
#1541 = CARTESIAN_POINT ( 'NONE',  ( 0.5876401282306435991, 2.525629695400812835, 30.00006096012200274 ) ) ;
#1542 = PLANE ( 'NONE',  #1639 ) ;
#1543 = VECTOR ( 'NONE', #3484, 1000.000000000000000 ) ;
#1544 = CARTESIAN_POINT ( 'NONE',  ( -2.516582956860990983, -0.8311526958672511567, 28.56726096012202021 ) ) ;
#1545 = CARTESIAN_POINT ( 'NONE',  ( 0.4714118973838658522, -80.70064038200303003, 27.19606096012198648 ) ) ;
#1546 = CARTESIAN_POINT ( 'NONE',  ( 80.99352091239194351, -78.94684574174671354, 28.01206096012206004 ) ) ;
#1547 = VERTEX_POINT ( 'NONE', #1147 ) ;
#1548 = ORIENTED_EDGE ( 'NONE', *, *, #2722, .T. ) ;
#1549 = CARTESIAN_POINT ( 'NONE',  ( 1.166341718325256682, -81.04228649356494429, 26.40006096012202264 ) ) ;
#1550 = CARTESIAN_POINT ( 'NONE',  ( 2.007634058563722235, 2.750733013199293531, 29.30166096012201393 ) ) ;
#1551 = CC_DESIGN_PERSON_AND_ORGANIZATION_ASSIGNMENT ( #3525, #754, ( #1805 ) ) ;
#1552 = CARTESIAN_POINT ( 'NONE',  ( 78.76573517076616326, 2.686724494140773523, 26.36406096012198574 ) ) ;
#1553 = CARTESIAN_POINT ( 'NONE',  ( -0.7237029358654389899, -79.58318902255068394, 26.38006096012195911 ) ) ;
#1554 = CARTESIAN_POINT ( 'NONE',  ( -1.654870119909773729, 1.048228396019476705, 30.03606096012201832 ) ) ;
#1555 = CARTESIAN_POINT ( 'NONE',  ( 79.67340182536337068, -80.61165711162281866, 27.60406096012200905 ) ) ;
#1556 = CARTESIAN_POINT ( 'NONE',  ( 78.05016129032298977, -79.55016129032000549, 30.00006096012200274 ) ) ;
#1557 = CARTESIAN_POINT ( 'NONE',  ( 82.72091395653301049, -1.681427092900102727, 27.09846096012201144 ) ) ;
#1558 = CARTESIAN_POINT ( 'NONE',  ( 78.21462952628084508, -81.12983967190109524, 27.19606096012197582 ) ) ;
#1559 = CARTESIAN_POINT ( 'NONE',  ( 2.003842290864161768, -81.15226015559422024, 28.01206096012199964 ) ) ;
#1560 = CARTESIAN_POINT ( 'NONE',  ( 78.51073223062859086, 2.719596014062297673, 30.00006096012200629 ) ) ;
#1561 = CARTESIAN_POINT ( 'NONE',  ( -2.603094813886240644, -1.139337626992310337, 27.83286096012202648 ) ) ;
#1562 = CARTESIAN_POINT ( 'NONE',  ( 0.1399757280586936270, -80.50318542410238365, 28.01206096012199254 ) ) ;
#1563 = CARTESIAN_POINT ( 'NONE',  ( 80.86918274993122679, -79.20870974730712533, 27.60406096012203392 ) ) ;
#1564 = CARTESIAN_POINT ( 'NONE',  ( 2.000913840830151891, -81.14924998945325285, 27.20006096012199492 ) ) ;
#1565 = ORIENTED_EDGE ( 'NONE', *, *, #2239, .T. ) ;
#1566 = CARTESIAN_POINT ( 'NONE',  ( -0.1408542962140426347, -80.31085655413714619, 26.40006096012201553 ) ) ;
#1567 = COORDINATED_UNIVERSAL_TIME_OFFSET ( 8, 0, .AHEAD. ) ;
#1568 = CARTESIAN_POINT ( 'NONE',  ( 80.37322957739387164, 2.008468805485827513, 29.30166096012204235 ) ) ;
#1569 = CARTESIAN_POINT ( 'NONE',  ( -1.038070751421903193, -78.69895460462970505, 27.19606096012196872 ) ) ;
#1570 = CARTESIAN_POINT ( 'NONE',  ( -1.164450522654949083, 1.547401193164113176, 26.36406096012199285 ) ) ;
#1571 = CARTESIAN_POINT ( 'NONE',  ( 79.62018434398339650, -80.66473784170064221, 26.78806096012197813 ) ) ;
#1572 = CARTESIAN_POINT ( 'NONE',  ( 56.00011176022400150, -20.00004064007999816, 30.00006096012200274 ) ) ;
#1573 = CARTESIAN_POINT ( 'NONE',  ( 16.00003302006599881, -28.00005588010999702, 30.00006096012200274 ) ) ;
#1574 = CARTESIAN_POINT ( 'NONE',  ( 78.44230212669866376, -81.11982303710769315, 28.42006096012202931 ) ) ;
#1575 = CARTESIAN_POINT ( 'NONE',  ( 79.55016129032298977, -78.05016129031999128, 28.40006096012200132 ) ) ;
#1576 = CARTESIAN_POINT ( 'NONE',  ( 80.29276089547406059, -80.16034771308746087, 26.40006096012198711 ) ) ;
#1577 = CARTESIAN_POINT ( 'NONE',  ( 81.75007501135404198, 0.6924743868214238152, 28.56726096012203087 ) ) ;
#1578 = CARTESIAN_POINT ( 'NONE',  ( -2.534734784604137925, -0.8911198204552133184, 27.83286096012202648 ) ) ;
#1579 = CARTESIAN_POINT ( 'NONE',  ( -0.0002185144411515349550, -80.43606899375673436, 28.42006096012199734 ) ) ;
#1580 = CARTESIAN_POINT ( 'NONE',  ( 80.75596283790802943, -79.52548754326905112, 28.42006096012206484 ) ) ;
#1581 = CARTESIAN_POINT ( 'NONE',  ( 78.00015494030999719, -81.15016129031999981, 27.06672762678866917 ) ) ;
#1582 = EDGE_LOOP ( 'NONE', ( #2362, #196, #769, #343 ) ) ;
#1583 = CARTESIAN_POINT ( 'NONE',  ( -0.2394021310434749361, -80.21325314889837443, 26.40006096012201553 ) ) ;
#1584 = COORDINATED_UNIVERSAL_TIME_OFFSET ( 8, 0, .AHEAD. ) ;
#1585 = CARTESIAN_POINT ( 'NONE',  ( 80.44555678360946160, 2.082335057816359747, 26.36406096012198219 ) ) ;
#1586 = CARTESIAN_POINT ( 'NONE',  ( -0.9949797546065554110, -78.97385063405458538, 26.38006096012195911 ) ) ;
#1587 = VECTOR ( 'NONE', #1589, 1000.000000000000000 ) ;
#1588 = CARTESIAN_POINT ( 'NONE',  ( -0.3730696042841760707, 2.008466259487373673, 29.30166096012204591 ) ) ;
#1589 = DIRECTION ( 'NONE',  ( -1.000000000000000000, 0.000000000000000000, 0.000000000000000000 ) ) ;
#1590 = CARTESIAN_POINT ( 'NONE',  ( 82.73631060315240404, -1.635694398679611972, 26.36406096012199285 ) ) ;
#1591 = CARTESIAN_POINT ( 'NONE',  ( 78.74034643451169302, -81.02764019504694204, 27.19606096012198293 ) ) ;
#1592 = CARTESIAN_POINT ( 'NONE',  ( 2.059277123186694425, -81.15388683408296799, 27.19606096012199714 ) ) ;
#1593 = EDGE_CURVE ( 'NONE', #2417, #2398, #3111, .T. ) ;
#1594 = CARTESIAN_POINT ( 'NONE',  ( 81.72710025041602933, 0.9399187614342044972, 30.00006096012201340 ) ) ;
#1595 = CARTESIAN_POINT ( 'NONE',  ( 81.77735572965873700, 0.7203356098869945212, 27.09846096012199723 ) ) ;
#1596 = CARTESIAN_POINT ( 'NONE',  ( -2.491553422362641435, -0.4552387121277320925, 30.03606096012202187 ) ) ;
#1597 = CARTESIAN_POINT ( 'NONE',  ( 0.08299640312005326925, -80.49989490611230281, 26.38006096012198043 ) ) ;
#1598 = CARTESIAN_POINT ( 'NONE',  ( 80.83528368627332839, -79.31567589526510176, 26.78806096012200300 ) ) ;
#1599 = CARTESIAN_POINT ( 'NONE',  ( -1.150003810007999894, -1.900002540005000018, 27.40006096012200132 ) ) ;
#1600 = EDGE_LOOP ( 'NONE', ( #993, #3504, #3446, #2095 ) ) ;
#1601 = CARTESIAN_POINT ( 'NONE',  ( -0.4151837903363695403, -80.02144257730378740, 28.40006096012200487 ) ) ;
#1602 = CARTESIAN_POINT ( 'NONE',  ( -0.6454605543447230476, -79.70736274842010971, 26.40006096012201553 ) ) ;
#1603 = SECURITY_CLASSIFICATION_LEVEL ( 'unclassified' ) ;
#1604 = CARTESIAN_POINT ( 'NONE',  ( 79.89557719957583970, 2.221964329265879279, 27.83286096012202293 ) ) ;
#1605 = CARTESIAN_POINT ( 'NONE',  ( -0.8915472667087349645, -79.14584947704445028, 27.19606096012196872 ) ) ;
#1606 = CARTESIAN_POINT ( 'NONE',  ( -1.101360395429877403, 1.599425507595980900, 30.03606096012202897 ) ) ;
#1607 = CARTESIAN_POINT ( 'NONE',  ( -2.748970204142849649, -1.900002540004997797, 27.41768264300183588 ) ) ;
#1608 = CARTESIAN_POINT ( 'NONE',  ( 78.97385042914240216, -80.99513702999936982, 28.42006096012203642 ) ) ;
#1609 = CARTESIAN_POINT ( 'NONE',  ( 1.585860576035846625, -81.10352808780258727, 28.01206096012199609 ) ) ;
#1610 = CARTESIAN_POINT ( 'NONE',  ( 79.84572706828087973, 2.384134205324306421, 30.00006096012200985 ) ) ;
#1611 = CARTESIAN_POINT ( 'NONE',  ( 82.33029626346116459, -0.2048046045667951676, 29.30166096012204591 ) ) ;
#1612 = CARTESIAN_POINT ( 'NONE',  ( -2.402071040566802651, -0.2154438176268426985, 26.36406096012199285 ) ) ;
#1613 = CARTESIAN_POINT ( 'NONE',  ( -0.2937316721963636468, -80.08207441907551072, 27.60406096012198418 ) ) ;
#1614 = CARTESIAN_POINT ( 'NONE',  ( 81.01402719496856264, -78.80555644450767261, 27.19606096012201490 ) ) ;
#1615 = LINE ( 'NONE', #1599, #1654 ) ;
#1616 = EDGE_LOOP ( 'NONE', ( #1352, #2397, #3467, #3538 ) ) ;
#1617 = CARTESIAN_POINT ( 'NONE',  ( -0.6611465497501789468, -79.68422256993038388, 26.40006096012201553 ) ) ;
#1618 = APPROVAL_DATE_TIME ( #2170, #2138 ) ;
#1619 = CARTESIAN_POINT ( 'NONE',  ( 80.34656350596524987, 1.981235308467215850, 27.83286096012201583 ) ) ;
#1620 = CARTESIAN_POINT ( 'NONE',  ( -1.027482933050900105, -78.74034665283339507, 27.60406096012197352 ) ) ;
#1621 = CARTESIAN_POINT ( 'NONE',  ( -0.6021969477863178266, 1.975067404754957900, 30.03606096012205029 ) ) ;
#1622 = CARTESIAN_POINT ( 'NONE',  ( 78.66321310642670994, -54.35396240792304923, 30.00006096012200274 ) ) ;
#1623 = CARTESIAN_POINT ( 'NONE',  ( 78.69897103573117647, -81.03824466287261430, 27.60406096012199129 ) ) ;
#1624 = CARTESIAN_POINT ( 'NONE',  ( 1.355846441725633955, -81.05899175955633496, 28.01206096012199964 ) ) ;
#1625 = CARTESIAN_POINT ( 'NONE',  ( 82.69080882868159676, -1.249362427905406747, 30.00006096012200629 ) ) ;
#1626 = CARTESIAN_POINT ( 'NONE',  ( 82.09110936448269058, 0.4153149555404139215, 30.03606096012205029 ) ) ;
#1627 = CARTESIAN_POINT ( 'NONE',  ( -2.243949450355941622, 0.1343781773355010589, 30.03606096012202897 ) ) ;
#1628 = CARTESIAN_POINT ( 'NONE',  ( -0.1158712043563004668, -80.28587346229934951, 26.78806096012198168 ) ) ;
#1629 = CARTESIAN_POINT ( 'NONE',  ( 81.12896726610907194, -78.19139837477816002, 28.01206096012205293 ) ) ;
#1630 = ORIENTED_EDGE ( 'NONE', *, *, #3188, .T. ) ;
#1631 = LINE ( 'NONE', #3369, #3086 ) ;
#1632 = CARTESIAN_POINT ( 'NONE',  ( 80.11991501248770930, -80.33172974229933061, 28.42006096012206129 ) ) ;
#1633 = CARTESIAN_POINT ( 'NONE',  ( 0.4381188173122720908, -80.73393346206231058, 28.40006096012201553 ) ) ;
#1634 = ADVANCED_FACE ( 'NONE', ( #2860 ), #40, .T. ) ;
#1635 = CARTESIAN_POINT ( 'NONE',  ( 80.27282450387801305, 2.171889127142770715, 30.03606096012203963 ) ) ;
#1636 = CARTESIAN_POINT ( 'NONE',  ( -1.071008126344998646, -78.55894434903161994, 27.60406096012198418 ) ) ;
#1637 = CARTESIAN_POINT ( 'NONE',  ( -0.8124655704661991606, 1.829288419358375162, 30.03606096012205029 ) ) ;
#1638 = PLANE ( 'NONE',  #147 ) ;
#1639 = AXIS2_PLACEMENT_3D ( 'NONE', #3241, #2375, #3480 ) ;
#1640 = CARTESIAN_POINT ( 'NONE',  ( 78.63866255623726431, -81.06440999862347496, 26.78806096012196036 ) ) ;
#1641 = CARTESIAN_POINT ( 'NONE',  ( 1.790998889545000639, -81.14672748211297915, 28.42006096012202576 ) ) ;
#1642 =( GEOMETRIC_REPRESENTATION_CONTEXT ( 3 ) GLOBAL_UNCERTAINTY_ASSIGNED_CONTEXT ( ( #1877 ) ) GLOBAL_UNIT_ASSIGNED_CONTEXT ( ( #1054, #1896, #791 ) ) REPRESENTATION_CONTEXT ( 'NONE', 'WORKASPACE' ) );
#1643 = CARTESIAN_POINT ( 'NONE',  ( 80.04220627238110808, 2.285379543923330647, 30.00006096012200985 ) ) ;
#1644 = CARTESIAN_POINT ( 'NONE',  ( 82.26876852898483605, -0.09720550229053048774, 27.09846096012200078 ) ) ;
#1645 = CARTESIAN_POINT ( 'NONE',  ( -2.272244707293770372, 0.07694155832501163583, 30.03606096012202897 ) ) ;
#1646 = CARTESIAN_POINT ( 'NONE',  ( -0.2405250595808659242, -80.21437607743472142, 26.38006096012198043 ) ) ;
#1647 = CARTESIAN_POINT ( 'NONE',  ( 81.09949051123507502, -78.55685401040325644, 28.42006096012207550 ) ) ;
#1648 = ORIENTED_EDGE ( 'NONE', *, *, #2107, .F. ) ;
#1649 = CARTESIAN_POINT ( 'NONE',  ( -2.753226523709046081, -1.934167692325752252, 27.83286096012202648 ) ) ;
#1650 = SHAPE_DEFINITION_REPRESENTATION ( #701, #2970 ) ;
#1651 = CARTESIAN_POINT ( 'NONE',  ( 80.16923271649449134, -80.23746742970412527, 28.01206096012203517 ) ) ;
#1652 = CARTESIAN_POINT ( 'NONE',  ( 1.656572855575739300, -81.12970892076386065, 28.40006096012202974 ) ) ;
#1653 = CARTESIAN_POINT ( 'NONE',  ( 81.03779189450550291, 1.534343529422973029, 29.30166096012203170 ) ) ;
#1654 = VECTOR ( 'NONE', #2703, 1000.000000000000000 ) ;
#1655 = CARTESIAN_POINT ( 'NONE',  ( -0.7436661742135174391, -79.54457176532872609, 28.40006096012199421 ) ) ;
#1656 = CARTESIAN_POINT ( 'NONE',  ( -1.137816856953298261, -78.27325593533997505, 28.42006096012200800 ) ) ;
#1657 = CARTESIAN_POINT ( 'NONE',  ( 0.4758556383316291383, 2.395696953418300801, 27.83286096012200517 ) ) ;
#1658 = FACE_OUTER_BOUND ( 'NONE', #3447, .T. ) ;
#1659 = CARTESIAN_POINT ( 'NONE',  ( 78.95902375721991007, -80.98031035806278055, 28.01206096012201030 ) ) ;
#1660 = CARTESIAN_POINT ( 'NONE',  ( 1.443302639038710478, -81.09949134209855970, 26.38006096012198398 ) ) ;
#1661 = CARTESIAN_POINT ( 'NONE',  ( 82.74484668706087120, -1.829261377755114548, 30.00006096012200629 ) ) ;
#1662 = CARTESIAN_POINT ( 'NONE',  ( 82.06808238355004903, 0.3036239741205497000, 29.30166096012204946 ) ) ;
#1663 = CARTESIAN_POINT ( 'NONE',  ( -1.955088687071128151, 0.6321365295745218216, 26.36406096012199285 ) ) ;
#1664 = CARTESIAN_POINT ( 'NONE',  ( -0.2239183219040136175, -80.15584109626519194, 27.60406096012198418 ) ) ;
#1665 = CARTESIAN_POINT ( 'NONE',  ( 81.13384295899832921, -78.19627406772828238, 27.19606096012201490 ) ) ;
#1666 = CARTESIAN_POINT ( 'NONE',  ( 16.00003302006599881, -24.00004826009499581, 26.40006096012200132 ) ) ;
#1667 = CARTESIAN_POINT ( 'NONE',  ( 80.02264534249721351, -80.41654403221710368, 26.38006096012195911 ) ) ;
#1668 = CARTESIAN_POINT ( 'NONE',  ( 1.870680106148759236, -81.14602437896861886, 28.40006096012202974 ) ) ;
#1669 = CARTESIAN_POINT ( 'NONE',  ( 80.94381922025226572, 1.736479855614661227, 30.03606096012204318 ) ) ;
#1670 = CARTESIAN_POINT ( 'NONE',  ( -0.7648168980061281763, -79.50714199355033429, 28.40006096012199421 ) ) ;
#1671 = CARTESIAN_POINT ( 'NONE',  ( -1.076150415544685268, -78.52959268962835893, 27.19606096012197582 ) ) ;
#1672 = CARTESIAN_POINT ( 'NONE',  ( 0.06588901250794715336, 2.261478906477064843, 27.09846096012201855 ) ) ;
#1673 = DIRECTION ( 'NONE',  ( -1.000000000000000000, 0.000000000000000000, 0.000000000000000000 ) ) ;
#1674 = CARTESIAN_POINT ( 'NONE',  ( 79.68500879623331912, 2.433076784472119947, 26.40006096012199421 ) ) ;
#1675 = CARTESIAN_POINT ( 'NONE',  ( 79.57907487799838009, -80.69110041325744476, 26.78806096012197457 ) ) ;
#1676 = CARTESIAN_POINT ( 'NONE',  ( 1.331215729842622819, -81.08362247146274626, 26.38006096012198398 ) ) ;
#1677 = CARTESIAN_POINT ( 'NONE',  ( 0.4499961899919999730, -1.900002540005000018, 30.00006096012200274 ) ) ;
#1678 = CARTESIAN_POINT ( 'NONE',  ( 82.24539493991065342, -0.1210764565678891652, 27.83286096012201583 ) ) ;
#1679 = CARTESIAN_POINT ( 'NONE',  ( -1.860278886980236024, 0.6249231645915133138, 29.30166096012202814 ) ) ;
#1680 = CARTESIAN_POINT ( 'NONE',  ( 80.83413169013888933, -79.37184773419697592, 28.40006096012202974 ) ) ;
#1681 = CARTESIAN_POINT ( 'NONE',  ( -0.2239217920514548210, -80.15584456643591693, 27.19606096012198648 ) ) ;
#1682 = CARTESIAN_POINT ( 'NONE',  ( 81.14672444067450385, -78.20915554932140878, 26.38006096012199819 ) ) ;
#1683 = CARTESIAN_POINT ( 'NONE',  ( 78.16037888927262145, -81.14508226206748986, 28.40006096012199066 ) ) ;
#1684 = CARTESIAN_POINT ( 'NONE',  ( -2.759616860779722902, -1.984112558150674221, 28.56726096012202021 ) ) ;
#1685 = CARTESIAN_POINT ( 'NONE',  ( 82.73533161967104377, -1.636694213888399529, 26.40006096012200132 ) ) ;
#1686 = CARTESIAN_POINT ( 'NONE',  ( 80.21637401650845334, -80.16332066201468365, 27.60406096012200905 ) ) ;
#1687 = CARTESIAN_POINT ( 'NONE',  ( 80.99678924700492644, 1.492468389165026554, 27.83286096012201583 ) ) ;
#1688 = CARTESIAN_POINT ( 'NONE',  ( -1.134444285663487539, -78.16889987649379634, 27.60406096012198418 ) ) ;
#1689 = CARTESIAN_POINT ( 'NONE',  ( 0.6122787259828395001, 2.500466814469611609, 29.30166096012202459 ) ) ;
#1690 = CARTESIAN_POINT ( 'NONE',  ( 81.15016129032299830, -81.15016129031999981, 28.40006096012200132 ) ) ;
#1691 = CARTESIAN_POINT ( 'NONE',  ( 79.60572728033362466, 2.478855038519023779, 26.40006096012199421 ) ) ;
#1692 = CARTESIAN_POINT ( 'NONE',  ( 79.35444679671050494, -80.81673075264572503, 28.01206096012202096 ) ) ;
#1693 = CARTESIAN_POINT ( 'NONE',  ( 0.4944526099185864720, -80.73618016501167460, 28.01206096012199254 ) ) ;
#1694 = CARTESIAN_POINT ( 'NONE',  ( -2.649953134617049955, -1.037808192195634582, 26.40006096012200132 ) ) ;
#1695 = VECTOR ( 'NONE', #823, 1000.000000000000000 ) ;
#1696 = CARTESIAN_POINT ( 'NONE',  ( 82.65927789796555203, -1.082119857929895623, 26.36406096012199285 ) ) ;
#1697 = CARTESIAN_POINT ( 'NONE',  ( -1.851112668209479173, 0.7958228491199432764, 26.36406096012199285 ) ) ;
#1698 = CARTESIAN_POINT ( 'NONE',  ( -0.5118285534123818703, -79.84850981577829998, 28.01206096012198543 ) ) ;
#1699 = AXIS2_PLACEMENT_3D ( 'NONE', #1690, #1951, #1968 ) ;
#1700 = EDGE_CURVE ( 'NONE', #3297, #1743, #3268, .T. ) ;
#1701 = CARTESIAN_POINT ( 'NONE',  ( -2.736479136383997979, -1.665369871256111134, 30.00006096012200629 ) ) ;
#1702 = CARTESIAN_POINT ( 'NONE',  ( 79.58214714871444073, -80.72281854757237340, 26.40006096012196934 ) ) ;
#1703 = DIRECTION ( 'NONE',  ( -1.000000000000000000, 0.000000000000000000, 0.000000000000000000 ) ) ;
#1704 = CARTESIAN_POINT ( 'NONE',  ( 0.4499961899919999175, -78.05016129031999128, 28.40006096012200132 ) ) ;
#1705 = CARTESIAN_POINT ( 'NONE',  ( 80.03379436385660028, -80.33616551545118512, 27.60406096012200905 ) ) ;
#1706 = CARTESIAN_POINT ( 'NONE',  ( 80.71432995793335863, 1.909164704405724944, 26.36406096012198930 ) ) ;
#1707 = CARTESIAN_POINT ( 'NONE',  ( -1.109919549826419161, -78.49795897179821225, 28.42006096012199734 ) ) ;
#1708 = CARTESIAN_POINT ( 'NONE',  ( -0.07089239879469796946, 2.140328932256861716, 28.56726096012203087 ) ) ;
#1709 = CARTESIAN_POINT ( 'NONE',  ( 78.07155046925166175, 2.744962066940743739, 27.09846096012199013 ) ) ;
#1710 = FACE_OUTER_BOUND ( 'NONE', #1616, .T. ) ;
#1711 = CARTESIAN_POINT ( 'NONE',  ( 79.17604106039692624, -80.92189633038333341, 26.38006096012194845 ) ) ;
#1712 = B_SPLINE_CURVE_WITH_KNOTS ( 'NONE', 3,
 ( #332, #8, #859, #1962 ),
 .UNSPECIFIED., .F., .F.,
 ( 4, 4 ),
 ( 0.000000000000000000, 1.000000000000000000 ),
 .UNSPECIFIED. ) ;
#1713 = CARTESIAN_POINT ( 'NONE',  ( 0.8664059847310709994, -80.93508969725127145, 28.42006096012202576 ) ) ;
#1714 = CARTESIAN_POINT ( 'NONE',  ( -2.088225940943666981, 0.4125310071367961906, 26.40006096012200132 ) ) ;
#1715 = EDGE_LOOP ( 'NONE', ( #2468, #879, #1457, #2579, #2133, #1762, #1529, #2449, #952, #2979 ) ) ;
#1716 = CARTESIAN_POINT ( 'NONE',  ( 82.47081550044943299, -0.5580673169216727736, 27.09846096012199723 ) ) ;
#1717 = CARTESIAN_POINT ( 'NONE',  ( 80.29276089547400375, -80.16034771308744666, 28.40006096012202619 ) ) ;
#1718 = CARTESIAN_POINT ( 'NONE',  ( -0.3360105562522770484, -80.03379687959993305, 27.19606096012198648 ) ) ;
#1719 = CARTESIAN_POINT ( 'NONE',  ( -2.690651802351903044, -1.249361964259772417, 30.00006096012200629 ) ) ;
#1720 = CARTESIAN_POINT ( 'NONE',  ( 79.91603848331374138, -80.49850700545194115, 28.40006096012202619 ) ) ;
#1721 = CARTESIAN_POINT ( 'NONE',  ( 79.17522932971040461, -80.92108459969853129, 26.40006096012196579 ) ) ;
#1722 = CARTESIAN_POINT ( 'NONE',  ( -2.737274023059241390, -1.664558070240207188, 30.03606096012202187 ) ) ;
#1723 = DIRECTION ( 'NONE',  ( 1.000000000000000000, 0.000000000000000000, 0.000000000000000000 ) ) ;
#1724 = CARTESIAN_POINT ( 'NONE',  ( 80.47400999549583389, -79.95154600950945678, 26.38006096012195911 ) ) ;
#1725 = CARTESIAN_POINT ( 'NONE',  ( 80.63951158802919394, 1.832754279100520245, 27.09846096012200078 ) ) ;
#1726 = CARTESIAN_POINT ( 'NONE',  ( -1.129636288511257636, -78.21458362310613666, 27.60406096012198418 ) ) ;
#1727 = CARTESIAN_POINT ( 'NONE',  ( -0.07089713821402324201, 2.140333772632936338, 27.83286096012203004 ) ) ;
#1728 = CARTESIAN_POINT ( 'NONE',  ( 77.99252556182720753, 2.750735198830160932, 27.09846096012198657 ) ) ;
#1729 = CARTESIAN_POINT ( 'NONE',  ( 81.76639212305884996, 0.8893996599610163312, 26.40006096012199421 ) ) ;
#1730 = CARTESIAN_POINT ( 'NONE',  ( 79.23442872080650545, -80.86716025130331786, 28.01206096012203162 ) ) ;
#1731 = CARTESIAN_POINT ( 'NONE',  ( 0.5811017787581443939, -80.76543532685280979, 27.19606096012199004 ) ) ;
#1732 = CARTESIAN_POINT ( 'NONE',  ( -2.450968080918272118, -0.3310969833579703869, 26.40006096012200132 ) ) ;
#1733 = CARTESIAN_POINT ( 'NONE',  ( 82.58515090677276760, -0.7612865239638203496, 30.03606096012203963 ) ) ;
#1734 = DIRECTION ( 'NONE',  ( -1.000000000000000000, 0.000000000000000000, 0.000000000000000000 ) ) ;
#1735 = CARTESIAN_POINT ( 'NONE',  ( -0.4501169858319529204, -79.98324153551534721, 28.42006096012199734 ) ) ;
#1736 = CARTESIAN_POINT ( 'NONE',  ( -2.730513609611273651, -1.564517388147199872, 30.00006096012200629 ) ) ;
#1737 = B_SPLINE_SURFACE_WITH_KNOTS ( 'NONE', 5, 5, ( 
 ( #905, #1987, #2225, #2260, #376, #15 ),
 ( #75, #1123, #2778, #36, #1728, #3319 ),
 ( #1408, #357, #2298, #883, #1709, #2565 ),
 ( #2509, #1143, #93, #3397, #2025, #1748 ),
 ( #411, #1533, #1515, #3179, #183, #127 ),
 ( #3161, #1219, #3471, #2875, #1290, #1827 ),
 ( #3452, #941, #2600, #682, #2044, #3143 ),
 ( #394, #3415, #663, #2618, #700, #145 ),
 ( #2118, #1767, #2910, #1808, #429, #1552 ),
 ( #2063, #2638, #959, #1273, #2313, #166 ),
 ( #3488, #2100, #1236, #1843, #1787, #1498 ),
 ( #2894, #3215, #2656, #1255, #2329, #3431 ),
 ( #2384, #2931, #1017, #2367, #2349, #998 ),
 ( #736, #2947, #978, #2081, #465, #3198 ),
 ( #448, #2584, #719, #110, #236, #772 ),
 ( #1897, #1306, #825, #1880, #2189, #3032 ),
 ( #2422, #2983, #3542, #3526, #3249, #3507 ),
 ( #200, #500, #1341, #1604, #1860, #252 ),
 ( #3233, #2454, #2743, #1055, #2438, #1324 ),
 ( #1037, #2137, #1086, #269, #2154, #2709 ),
 ( #1635, #1070, #1357, #2172, #3284, #2403 ),
 ( #3269, #792, #755, #3001, #518, #2965 ),
 ( #1930, #1568, #483, #1619, #2673, #1585 ),
 ( #2725, #2691, #1374, #3560, #809, #218 ),
 ( #534, #1914, #3016, #2472, #3577, #1102 ),
 ( #2205, #3300, #624, #89, #1725, #1706 ),
 ( #2545, #1965, #552, #2524, #2506, #53 ),
 ( #318, #1119, #3353, #1422, #2002, #3064 ),
 ( #1669, #72, #2815, #32, #2759, #1199 ),
 ( #921, #585, #335, #1405, #843, #1157 ),
 ( #1138, #2488, #2222, #880, #1948, #1389 ),
 ( #2833, #1653, #284, #1687, #1441, #2240 ),
 ( #2775, #12, #2792, #2257, #1983, #2562 ),
 ( #3104, #3316, #3083, #862, #3334, #300 ),
 ( #604, #3047, #1178, #2295, #2274, #3394 ),
 ( #3372, #568, #900, #353, #1458, #2022 ),
 ( #1029, #2597, #2956, #2060, #2147, #492 ),
 ( #3412, #3242, #2326, #3158, #3516, #764 ),
 ( #2974, #1784, #3428, #1216, #3448, #2852 ),
 ( #954, #211, #1063, #1233, #1852, #678 ),
 ( #1871, #2891, #475, #408, #1316, #372 ),
 ( #1495, #2615, #2580, #1512, #107, #2345 ),
 ( #1047, #141, #2310, #659, #2682, #746 ),
 ( #124, #1744, #1577, #938, #1595, #2412 ),
 ( #1252, #1478, #3139, #2128, #2040, #1764 ),
 ( #2872, #391, #3225, #2699, #227, #1332 ),
 ( #2430, #3534, #3123, #642, #1383, #1128 ),
 ( #1626, #278, #525, #834, #1889, #2479 ),
 ( #3056, #1662, #800, #1413, #2732, #2992 ),
 ( #1921, #3324, #3291, #1109, #2767, #2197 ),
 ( #541, #3023, #3568, #2213, #817, #3307 ),
 ( #2231, #577, #509, #2445, #854, #1366 ),
 ( #2496, #1956, #3008, #1678, #1644, #2463 ),
 ( #4, #1611, #2515, #1094, #292, #41 ),
 ( #1939, #2751, #783, #259, #2162, #3258 ),
 ( #3039, #2716, #243, #2182, #561, #1348 ),
 ( #1397, #20, #3549, #1078, #2783, #308 ),
 ( #3276, #1905, #650, #3419, #1716, #1974 ),
 ( #3094, #1207, #870, #80, #2862, #382 ),
 ( #1733, #2553, #98, #1188, #2842, #2318 ),
 ( #3112, #2824, #3343, #2030, #1431, #945 ),
 ( #2534, #910, #2803, #399, #362, #2049 ),
 ( #593, #2302, #2589, #344, #3149, #1148 ),
 ( #2285, #929, #614, #2248, #2266, #1696 ),
 ( #632, #2570, #668, #327, #115, #62 ),
 ( #1449, #3383, #3363, #1753, #2011, #3073 ),
 ( #1775, #1467, #2882, #1224, #3401, #1168 ),
 ( #1487, #1503, #2605, #890, #3131, #1994 ),
 ( #2644, #2678, #1043, #2069, #416, #205 ),
 ( #172, #471, #1312, #984, #3512, #2372 ),
 ( #1793, #453, #3437, #2969, #2915, #742 ),
 ( #2389, #2105, #2334, #3184, #487, #1590 ),
 ( #2936, #132, #688, #151, #1557, #1242 ),
 ( #1538, #2662, #2899, #965, #2408, #3203 ),
 ( #3167, #2123, #1813, #725, #1832, #1520 ),
 ( #3238, #2143, #1295, #760, #3221, #1866 ),
 ( #2624, #3477, #435, #1260, #189, #2354 ),
 ( #1279, #1848, #3458, #1004, #3493, #1025 ) ),
 .UNSPECIFIED., .F., .F., .F.,
 ( 6, 3, 3, 3, 3, 3, 3, 3, 3, 3, 3, 3, 3, 3, 3, 3, 3, 3, 3, 3, 3, 3, 3, 3, 3, 6 ),
 ( 6, 6 ),
 ( -3.389684494338973231, -3.087168468411428890, -2.837106163256966074, -2.574168049723822627, -2.163666863651994454, -1.720291376998800192, -1.418284804975026736, -1.109841546297422266, -0.7963614274329291476, -0.4792671339303731237, -0.3200945590725119416, -0.07188682394947187859, 0.1599977537651664505, 0.4792671339302327915, 0.7963614274329300358, 1.109841546297498205, 1.418284804975193047, 1.720291376998060784, 2.014490647901688192, 2.299547435559811781, 2.574168049723564167, 2.761926201250944679, 2.923008338100475889, 3.087168468411279676, 3.192141530273763905, 3.389684494339174403 ),
 ( -1.836000000000743482, 1.835999999999285981 ),
 .UNSPECIFIED. ) ;
#1738 = CARTESIAN_POINT ( 'NONE',  ( 78.93208434494495407, -81.00738675462358174, 28.40006096012200132 ) ) ;
#1739 = CARTESIAN_POINT ( 'NONE',  ( 79.43180843182163642, -80.80683392075360416, 26.40006096012197645 ) ) ;
#1740 = CARTESIAN_POINT ( 'NONE',  ( -2.682510714451249001, -1.489677104301378563, 28.56726096012202376 ) ) ;
#1741 = CARTESIAN_POINT ( 'NONE',  ( 82.50991549815279313, -0.5181353127779476653, 26.40006096012199421 ) ) ;
#1742 = CARTESIAN_POINT ( 'NONE',  ( 80.38170643117780401, -80.01048457701317318, 26.78806096012198168 ) ) ;
#1743 = VERTEX_POINT ( 'NONE', #2333 ) ;
#1744 = CARTESIAN_POINT ( 'NONE',  ( 81.77736457729778863, 0.7203446457744616671, 29.30166096012204591 ) ) ;
#1745 = CARTESIAN_POINT ( 'NONE',  ( 1.999939036301529027, 2.750071204829313665, 26.40006096012200132 ) ) ;
#1746 = CARTESIAN_POINT ( 'NONE',  ( 1.061639148268795907, 2.595504101228868876, 27.09846096012199723 ) ) ;
#1747 = ADVANCED_FACE ( 'NONE', ( #2914 ), #3435, .F. ) ;
#1748 = CARTESIAN_POINT ( 'NONE',  ( 78.15506487546635128, 2.743773965541824289, 26.36406096012198574 ) ) ;
#1749 = CARTESIAN_POINT ( 'NONE',  ( 80.54560150253873019, 2.006720724301167991, 26.40006096012200132 ) ) ;
#1750 = CARTESIAN_POINT ( 'NONE',  ( -0.8217069954396525322, -79.30225668474004408, 27.60406096012197352 ) ) ;
#1751 = CARTESIAN_POINT ( 'NONE',  ( 79.56748190854759173, -80.67950744381461448, 27.19606096012199004 ) ) ;
#1752 = CARTESIAN_POINT ( 'NONE',  ( -1.161128669690545845, 1.544008654698334926, 26.40006096012200132 ) ) ;
#1753 = CARTESIAN_POINT ( 'NONE',  ( 82.64473686983696155, -1.296414749190103244, 27.83286096012201583 ) ) ;
#1754 = CARTESIAN_POINT ( 'NONE',  ( 56.00011176022400150, -20.00004064007999816, 30.00006096012200274 ) ) ;
#1755 = CARTESIAN_POINT ( 'NONE',  ( -0.5443325466334352214, -79.80000611322515169, 26.78806096012197457 ) ) ;
#1756 = CARTESIAN_POINT ( 'NONE',  ( -1.563103735426292218, 1.136425234535242801, 30.00006096012200274 ) ) ;
#1757 = CARTESIAN_POINT ( 'NONE',  ( 79.82407703919581365, -80.56856095293090902, 28.40006096012202264 ) ) ;
#1758 = CARTESIAN_POINT ( 'NONE',  ( 80.21325314351173574, -80.23955961683270743, 26.40006096012198711 ) ) ;
#1759 = VECTOR ( 'NONE', #3312, 1000.000000000000000 ) ;
#1760 = CARTESIAN_POINT ( 'NONE',  ( -2.739536357783043385, -1.835206806592233564, 28.56726096012202021 ) ) ;
#1761 = CARTESIAN_POINT ( 'NONE',  ( 80.58449670731513947, -79.80598900715844479, 28.42006096012205774 ) ) ;
#1762 = ORIENTED_EDGE ( 'NONE', *, *, #1161, .F. ) ;
#1763 = ORIENTED_EDGE ( 'NONE', *, *, #142, .F. ) ;
#1764 = CARTESIAN_POINT ( 'NONE',  ( 81.91947971138264961, 0.6852228884866768954, 26.36406096012198219 ) ) ;
#1765 = DIRECTION ( 'NONE',  ( -0.000000000000000000, -1.000000000000000000, -0.000000000000000000 ) ) ;
#1766 = CARTESIAN_POINT ( 'NONE',  ( 2.088233596053537866, 2.754898008530417997, 27.09846096012201855 ) ) ;
#1767 = CARTESIAN_POINT ( 'NONE',  ( 78.73308250755287929, 2.653377016941953936, 29.30166096012201749 ) ) ;
#1768 = CARTESIAN_POINT ( 'NONE',  ( 82.45112479074128942, -0.3310977702451531335, 26.40006096012199421 ) ) ;
#1769 = B_SPLINE_SURFACE_WITH_KNOTS ( 'NONE', 5, 5, ( 
 ( #2738, #1387, #1684, #1926, #313, #2521 ),
 ( #1372, #1437, #47, #1649, #2756, #1153 ),
 ( #1115, #2254, #2540, #3348, #876, #68 ),
 ( #1175, #2291, #1760, #85, #1265, #1230 ),
 ( #349, #1454, #3154, #3443, #1213, #3172 ),
 ( #1722, #2037, #1780, #368, #1999, #3119 ),
 ( #935, #1493, #3424, #422, #1195, #970 ),
 ( #3408, #2308, #950, #656, #2056, #3137 ),
 ( #674, #2829, #2848, #2904, #2323, #1525 ),
 ( #2868, #2887, #1740, #3101, #2577, #388 ),
 ( #156, #2359, #2558, #2594, #693, #404 ),
 ( #121, #1508, #1474, #104, #3390, #2611 ),
 ( #137, #1247, #2340, #917, #2074, #2631 ),
 ( #1799, #3463, #621, #2018, #638, #2446 ),
 ( #2922, #493, #3259, #1561, #3500, #1030 ),
 ( #193, #765, #2129, #440, #3190, #1009 ),
 ( #1048, #711, #3226, #784, #2666, #2975 ),
 ( #2394, #3517, #747, #1578, #2163, #2110 ),
 ( #1299, #2683, #1544, #1819, #1872, #228 ),
 ( #1853, #2649, #3208, #2957, #176, #1283 ),
 ( #2376, #3481, #729, #476, #212, #1317 ),
 ( #1596, #2940, #990, #1836, #457, #2413 ),
 ( #2148, #2993, #3243, #2431, #2700, #1333 ),
 ( #3535, #1064, #1890, #510, #2092, #1612 ),
 ( #2717, #244, #1349, #1095, #309, #3344 ),
 ( #3308, #1384, #3277, #2805, #2752, #578 ),
 ( #1645, #2232, #1940, #2183, #3024, #328 ),
 ( #1627, #2768, #1432, #526, #3570, #293 ),
 ( #1149, #2480, #1398, #2733, #3550, #2516 ),
 ( #260, #3009, #1957, #279, #3040, #562 ),
 ( #42, #3074, #2249, #1129, #871, #855 ),
 ( #2198, #1922, #22, #801, #5, #1975 ),
 ( #3057, #3326, #1110, #2497, #2215, #1663 ),
 ( #3292, #1679, #542, #2784, #1367, #1907 ),
 ( #1414, #594, #835, #2464, #819, #1697 ),
 ( #1079, #2912, #2878, #3364, #665, #413 ),
 ( #148, #2369, #2120, #1771, #432, #3181 ),
 ( #1554, #2933, #2066, #703, #961, #1276 ),
 ( #1517, #2896, #3163, #129, #2102, #1257 ),
 ( #1810, #1535, #3200, #2083, #1829, #3473 ),
 ( #2641, #1292, #2659, #450, #1021, #168 ),
 ( #1789, #684, #1001, #891, #3433, #3490 ),
 ( #3217, #1500, #2351, #722, #2331, #63 ),
 ( #2621, #186, #3455, #980, #396, #2535 ),
 ( #2602, #2386, #1239, #1845, #739, #2949 ),
 ( #2046, #468, #1169, #2267, #3145, #1570 ),
 ( #1606, #1359, #3528, #2675, #2693, #1040 ),
 ( #1073, #3003, #3580, #3235, #3018, #2140 ),
 ( #1883, #1057, #221, #1088, #2711, #202 ),
 ( #1899, #2191, #2176, #812, #2458, #775 ),
 ( #272, #536, #1916, #1104, #520, #2156 ),
 ( #1637, #2474, #3509, #1863, #2746, #2985 ),
 ( #1377, #2208, #2967, #3286, #503, #3302 ),
 ( #1621, #1309, #828, #238, #1932, #3034 ),
 ( #254, #3544, #2405, #3252, #757, #485 ),
 ( #794, #1588, #1326, #2424, #2727, #1343 ),
 ( #2440, #3562, #3271, #2024, #3106, #2526 ),
 ( #14, #2547, #2242, #55, #1160, #3396 ),
 ( #91, #626, #1708, #1727, #1443, #3066 ),
 ( #286, #2508, #2259, #1122, #320, #337 ),
 ( #555, #2835, #1967, #3318, #1672, #74 ),
 ( #3355, #1142, #882, #35, #2761, #587 ),
 ( #864, #846, #2817, #1201, #2224, #1181 ),
 ( #3337, #2795, #302, #1657, #2490, #1950 ),
 ( #355, #1689, #1424, #1986, #1460, #3085 ),
 ( #2277, #607, #3375, #1391, #904, #2004 ),
 ( #2564, #2297, #923, #3050, #570, #2777 ),
 ( #1407, #2637, #699, #1497, #1746, #2655 ),
 ( #126, #2312, #3125, #393, #3414, #2893 ),
 ( #2383, #2347, #718, #1480, #2582, #1807 ),
 ( #2328, #1825, #644, #2854, #3160, #2909 ),
 ( #144, #3450, #2099, #3470, #2599, #1254 ),
 ( #428, #374, #977, #1235, #447, #164 ),
 ( #3487, #3430, #109, #1289, #410, #1218 ),
 ( #1532, #661, #997, #2930, #1514, #2617 ),
 ( #2080, #1786, #3178, #956, #2062, #1272 ),
 ( #681, #1550, #2366, #182, #2042, #3197 ),
 ( #2874, #940, #1016, #3141, #1766, #266 ) ),
 .UNSPECIFIED., .F., .F., .F.,
 ( 6, 3, 3, 3, 3, 3, 3, 3, 3, 3, 3, 3, 3, 3, 3, 3, 3, 3, 3, 3, 3, 3, 3, 3, 3, 6 ),
 ( 6, 6 ),
 ( -3.389684494339078036, -3.192141530273684857, -3.087168468411209066, -2.923008338100405723, -2.761926201250874957, -2.574168049723494889, -2.299547435559720743, -2.014490647901635789, -1.720291376997966859, -1.418284804975110447, -1.109841546297400505, -0.7963614274328536524, -0.4792671339301493028, -0.1599977537650905113, 0.07188682449108174666, 0.3200945305708651212, 0.4792671339304392930, 0.7963614274330081955, 1.109841546297537285, 1.418284804974409674, 1.720291376998175359, 2.163666863651657835, 2.574168049723922991, 2.837106163257065994, 3.087168468411514155, 3.389684494339064713 ),
 ( -1.835999999999709642, 1.836000000000324262 ),
 .UNSPECIFIED. ) ;
#1770 = CARTESIAN_POINT ( 'NONE',  ( -0.7842797393060225719, -79.40941173244587503, 26.78806096012196392 ) ) ;
#1771 = CARTESIAN_POINT ( 'NONE',  ( -1.627651375946556955, 0.8385145518285901378, 27.83286096012201583 ) ) ;
#1772 = VECTOR ( 'NONE', #496, 1000.000000000000000 ) ;
#1773 = CARTESIAN_POINT ( 'NONE',  ( 79.88049294889972884, -80.46296147107324259, 27.60406096012201260 ) ) ;
#1774 = CARTESIAN_POINT ( 'NONE',  ( 1.006684951975261422, 2.651627664475695756, 26.40006096012200132 ) ) ;
#1775 = CARTESIAN_POINT ( 'NONE',  ( 82.69837229920682375, -1.287686218649725989, 30.03606096012203608 ) ) ;
#1776 = CARTESIAN_POINT ( 'NONE',  ( 81.10625999870021019, -78.51392192762197908, 28.40006096012202264 ) ) ;
#1777 = CARTESIAN_POINT ( 'NONE',  ( 78.10304908036967220, -81.14481396397646051, 28.01206096012199254 ) ) ;
#1778 = CARTESIAN_POINT ( 'NONE',  ( -2.748702614873533179, -1.900002540004999352, 30.00006087831112112 ) ) ;
#1779 = CARTESIAN_POINT ( 'NONE',  ( 78.11718361971166757, -81.14630631813358264, 26.40006096012194448 ) ) ;
#1780 = CARTESIAN_POINT ( 'NONE',  ( -2.718759670067253609, -1.683466389232136429, 28.56726096012202021 ) ) ;
#1781 = CARTESIAN_POINT ( 'NONE',  ( 80.36839971447039943, -79.99717786030069533, 27.60406096012200905 ) ) ;
#1782 = ORIENTED_EDGE ( 'NONE', *, *, #958, .F. ) ;
#1783 = ORIENTED_EDGE ( 'NONE', *, *, #3476, .T. ) ;
#1784 = CARTESIAN_POINT ( 'NONE',  ( 81.46063836602300512, 1.122887530304794712, 29.30166096012204591 ) ) ;
#1785 = CARTESIAN_POINT ( 'NONE',  ( -1.151321732752439653, -78.01459279106160238, 28.01206096012198898 ) ) ;
#1786 = CARTESIAN_POINT ( 'NONE',  ( 1.928608814580617725, 2.744960225035361301, 29.30166096012201393 ) ) ;
#1787 = CARTESIAN_POINT ( 'NONE',  ( 78.93850640902550708, 2.595491924644885540, 27.09846096012200078 ) ) ;
#1788 = CARTESIAN_POINT ( 'NONE',  ( -0.7450649971083347367, -79.48739009265361233, 28.01206096012198543 ) ) ;
#1789 = CARTESIAN_POINT ( 'NONE',  ( -1.372991548641540493, 1.348650905608468786, 30.03606096012201832 ) ) ;
#1790 = CARTESIAN_POINT ( 'NONE',  ( 79.66268078252153373, -80.63976224265542214, 28.01206096012203162 ) ) ;
#1791 = EDGE_CURVE ( 'NONE', #1353, #2890, #1259, .T. ) ;
#1792 = CARTESIAN_POINT ( 'NONE',  ( -1.150003810007999894, -1.900002540005000018, 28.40006096012200132 ) ) ;
#1793 = CARTESIAN_POINT ( 'NONE',  ( 82.73198156795042735, -1.563179024539967044, 30.03606096012203608 ) ) ;
#1794 = LINE ( 'NONE', #2625, #2127 ) ;
#1795 = CARTESIAN_POINT ( 'NONE',  ( 78.21559811471530566, -81.13080826034463655, 28.01206096012199609 ) ) ;
#1796 = CARTESIAN_POINT ( 'NONE',  ( -1.036625778035805245, 1.649770338833631111, 30.00006096012201340 ) ) ;
#1797 = EDGE_CURVE ( 'NONE', #2417, #247, #1023, .T. ) ;
#1798 = CARTESIAN_POINT ( 'NONE',  ( 80.90010517455681338, -79.23963217190308228, 26.40006096012200842 ) ) ;
#1799 = CARTESIAN_POINT ( 'NONE',  ( -2.675919459659193755, -1.164685572855013396, 30.03606096012202187 ) ) ;
#1800 = CARTESIAN_POINT ( 'NONE',  ( 0.2541569346544924612, -80.62204227332351536, 28.42006096012201155 ) ) ;
#1801 = CARTESIAN_POINT ( 'NONE',  ( 80.43677136052710352, -79.91430737459496925, 27.19606096012199359 ) ) ;
#1802 = B_SPLINE_CURVE_WITH_KNOTS ( 'NONE', 5,
 ( #589, #1409, #2510, #1124, #358, #2779, #2299, #1463, #3398, #1426, #2006, #1163, #16, #3127, #1691, #1674, #906, #37, #2566, #646, #3320, #609, #1183, #1749, #1144, #2798, #2244, #2492, #3108, #2529, #3339, #288, #1969, #849, #3378, #1952, #2261, #884, #1988, #3088, #2819, #628, #1729, #2639, #1018, #999, #184, #737, #2857, #377, #1482, #2585, #1237, #111, #1220, #1768, #2876, #1741, #2849, #2812, #2272, #600, #1981, #2522, #2019, #333, #918, #314, #3120, #2789, #1438, #1685, #1154, #369, #69, #86, #1420, #1475 ),
 .UNSPECIFIED., .F., .F.,
 ( 6, 3, 3, 3, 3, 3, 3, 3, 3, 3, 3, 3, 3, 3, 3, 3, 3, 3, 3, 3, 3, 3, 3, 3, 3, 6 ),
 ( 0.000000000000000000, 0.0002614997329576247134, 0.0005384674468848030813, 0.0008296963394786531889, 0.001284365326875534438, 0.001775445719315457520, 0.002109946634168419297, 0.002451576789818693536, 0.002798785745722255029, 0.003149997742734389049, 0.003326296462171742570, 0.003601210063938339086, 0.003858044221109373575, 0.004211665332842484330, 0.004562877329854775343, 0.004910086285758420536, 0.005251716441408794088, 0.005586217356260752762, 0.005912070944832961174, 0.006227798366318287870, 0.006531966736098089761, 0.006739926692188269626, 0.006918340432596530899, 0.007100163342619239884, 0.007216430962203204506, 0.007361415422347849895 ),
 .UNSPECIFIED. ) ;
#1803 = VERTEX_POINT ( 'NONE', #2951 ) ;
#1804 = VERTEX_POINT ( 'NONE', #983 ) ;
#1805 = PRODUCT ( '3dshell_control_pcb_top', '3dshell_control_pcb_top', '', ( #517 ) ) ;
#1806 = CARTESIAN_POINT ( 'NONE',  ( -1.094782329815502386, -78.58271855250846727, 26.40006096012199066 ) ) ;
#1807 = CARTESIAN_POINT ( 'NONE',  ( 1.234423965182830152, 2.686722803283995820, 26.36406096012199285 ) ) ;
#1808 = CARTESIAN_POINT ( 'NONE',  ( 78.70915399086516118, 2.628939326967456580, 27.83286096012202293 ) ) ;
#1809 = CARTESIAN_POINT ( 'NONE',  ( -0.6252365608879372205, -79.68713875496229093, 28.01206096012198543 ) ) ;
#1810 = CARTESIAN_POINT ( 'NONE',  ( -1.523635735602048458, 1.187386248379584730, 30.03606096012201832 ) ) ;
#1811 = CARTESIAN_POINT ( 'NONE',  ( 79.90467050553712625, -80.44483767348049241, 27.60406096012200905 ) ) ;
#1812 = CARTESIAN_POINT ( 'NONE',  ( 1.936489560987362912, 2.747442851843374445, 26.40006096012200132 ) ) ;
#1813 = CARTESIAN_POINT ( 'NONE',  ( 82.73967141576891038, -1.835229705762550401, 28.56726096012202376 ) ) ;
#1814 = DIRECTION ( 'NONE',  ( 0.000000000000000000, -1.000000000000000000, 0.000000000000000000 ) ) ;
#1815 = CARTESIAN_POINT ( 'NONE',  ( 78.30126513782612108, -81.13449327933916777, 28.42006096012202576 ) ) ;
#1816 = CARTESIAN_POINT ( 'NONE',  ( -1.012829288322402599, 1.670969814742337523, 30.00006096012201340 ) ) ;
#1817 = CARTESIAN_POINT ( 'NONE',  ( 80.85244898427180260, -79.33284119324881090, 26.40006096012200842 ) ) ;
#1818 = EDGE_CURVE ( 'NONE', #425, #1052, #3183, .T. ) ;
#1819 = CARTESIAN_POINT ( 'NONE',  ( -2.516583439663091060, -0.8311522026267417207, 27.83286096012202648 ) ) ;
#1820 = CARTESIAN_POINT ( 'NONE',  ( 0.2901766939195760120, -80.64558654080754252, 26.38006096012198043 ) ) ;
#1821 = CARTESIAN_POINT ( 'NONE',  ( 80.90462340978372424, -79.10328519552791704, 27.19606096012201846 ) ) ;
#1822 = ORIENTED_EDGE ( 'NONE', *, *, #2610, .F. ) ;
#1823 = AXIS2_PLACEMENT_3D ( 'NONE', #3338, #2856, #1162 ) ;
#1824 = CARTESIAN_POINT ( 'NONE',  ( -1.148030808451617091, -78.01130186669959699, 27.60406096012199129 ) ) ;
#1825 = CARTESIAN_POINT ( 'NONE',  ( 1.399526855433223194, 2.664757024826300835, 29.30166096012202459 ) ) ;
#1826 = LOCAL_TIME ( 11, 53, 39.00000000000000000, #2739 ) ;
#1827 = CARTESIAN_POINT ( 'NONE',  ( 78.44812231391466639, 2.727138597939471332, 26.36406096012198574 ) ) ;
#1828 = CARTESIAN_POINT ( 'NONE',  ( -0.7022743322799140930, -79.56176041896652862, 28.01206096012198543 ) ) ;
#1829 = CARTESIAN_POINT ( 'NONE',  ( -1.460480563782311503, 1.122887201616743269, 27.09846096012199723 ) ) ;
#1830 = CARTESIAN_POINT ( 'NONE',  ( 79.60982231652583607, -80.65437581422092705, 27.60406096012200905 ) ) ;
#1831 = FACE_OUTER_BOUND ( 'NONE', #1528, .T. ) ;
#1832 = CARTESIAN_POINT ( 'NONE',  ( 82.74376160117634527, -1.831052485576795785, 27.09846096012200434 ) ) ;
#1833 = CARTESIAN_POINT ( 'NONE',  ( 78.16889987548562146, -81.13460176500436205, 27.60406096012196642 ) ) ;
#1834 = CARTESIAN_POINT ( 'NONE',  ( 0.7607024122313598147, 2.592980717017117520, 30.00006096012200274 ) ) ;
#1835 = CARTESIAN_POINT ( 'NONE',  ( 78.19191964740790013, 2.743438606607299324, 30.00006096012200629 ) ) ;
#1836 = CARTESIAN_POINT ( 'NONE',  ( -2.414765560452973858, -0.5336605382159060884, 27.83286096012202648 ) ) ;
#1837 = CARTESIAN_POINT ( 'NONE',  ( 0.2541574981036661129, -80.62204170987283192, 26.38006096012198398 ) ) ;
#1838 = CARTESIAN_POINT ( 'NONE',  ( 80.83505091313664082, -79.37276695719367581, 28.42006096012206484 ) ) ;
#1839 = PLANE ( 'NONE',  #3325 ) ;
#1840 = VERTEX_POINT ( 'NONE', #2104 ) ;
#1841 = CARTESIAN_POINT ( 'NONE',  ( 0.1954518975518316215, -80.58321328290816155, 26.40006096012201553 ) ) ;
#1842 = APPLICATION_PROTOCOL_DEFINITION ( 'international standard', 'config_control_design', 1994, #2314 ) ;
#1843 = CARTESIAN_POINT ( 'NONE',  ( 78.92829276891858115, 2.585060949159143640, 27.83286096012202648 ) ) ;
#1844 = CARTESIAN_POINT ( 'NONE',  ( -1.007930941177194617, -78.93278601180374210, 28.42006096012198668 ) ) ;
#1845 = CARTESIAN_POINT ( 'NONE',  ( -1.097709140820815277, 1.408285022695539013, 27.83286096012200517 ) ) ;
#1846 = CARTESIAN_POINT ( 'NONE',  ( 79.65039249654959974, -80.62747395670314177, 27.60406096012200905 ) ) ;
#1847 = DIRECTION ( 'NONE',  ( 0.000000000000000000, -1.000000000000000000, 0.000000000000000000 ) ) ;
#1848 = CARTESIAN_POINT ( 'NONE',  ( 82.75675043448389090, -1.987200810146712016, 29.30166096012204235 ) ) ;
#1849 = CARTESIAN_POINT ( 'NONE',  ( 78.40052948384311549, -81.10895929770114776, 26.78806096012195681 ) ) ;
#1850 = CARTESIAN_POINT ( 'NONE',  ( 0.3944271285447286668, 2.478858175311829282, 30.00006096012200274 ) ) ;
#1851 = CARTESIAN_POINT ( 'NONE',  ( 79.13582151829707811, 2.604491046164395307, 30.00006096012200985 ) ) ;
#1852 = CARTESIAN_POINT ( 'NONE',  ( 81.50360519049034735, 1.075499792410278932, 27.09846096012199723 ) ) ;
#1853 = CARTESIAN_POINT ( 'NONE',  ( -2.555648194862885969, -0.6312624162180185960, 30.03606096012202187 ) ) ;
#1854 = CARTESIAN_POINT ( 'NONE',  ( 0.08299596159770220027, -80.49989534763622601, 28.42006096012199734 ) ) ;
#1855 = CARTESIAN_POINT ( 'NONE',  ( 80.72199133611128730, -79.49151604150652872, 27.60406096012201260 ) ) ;
#1856 = VERTEX_POINT ( 'NONE', #2068 ) ;
#1857 = ORIENTED_EDGE ( 'NONE', *, *, #2990, .T. ) ;
#1858 = CARTESIAN_POINT ( 'NONE',  ( -0.2964927541697777169, -80.15662551479162801, 26.40006096012201553 ) ) ;
#1859 = PERSON_AND_ORGANIZATION ( #902, #3379 ) ;
#1860 = CARTESIAN_POINT ( 'NONE',  ( 79.93425687226935850, 2.261467064287535855, 27.09846096012200078 ) ) ;
#1861 = CARTESIAN_POINT ( 'NONE',  ( -0.8914270732767867189, -79.25885302307945324, 28.42006096012198668 ) ) ;
#1862 = ADVANCED_FACE ( 'NONE', ( #1831 ), #3166, .F. ) ;
#1863 = CARTESIAN_POINT ( 'NONE',  ( -0.7097095458547162394, 1.724345855668242944, 27.83286096012203004 ) ) ;
#1864 = CARTESIAN_POINT ( 'NONE',  ( 80.10381725022446631, -80.34549374847738079, 28.42006096012206839 ) ) ;
#1865 = CARTESIAN_POINT ( 'NONE',  ( -2.748863206371303658, -1.900002540004997797, 28.27208797563937637 ) ) ;
#1866 = CARTESIAN_POINT ( 'NONE',  ( 82.74786850354263379, -1.883329374862969141, 26.36406096012198930 ) ) ;
#1867 = CC_DESIGN_DATE_AND_TIME_ASSIGNMENT ( #2401, #3541, ( #2457 ) ) ;
#1868 = CARTESIAN_POINT ( 'NONE',  ( 79.02930301230620103, -80.94077389996293448, 27.19606096012198648 ) ) ;
#1869 = CARTESIAN_POINT ( 'NONE',  ( 1.896706525390435161, -81.14527289934048326, 28.01206096012199964 ) ) ;
#1870 = CARTESIAN_POINT ( 'NONE',  ( 78.44692245872487035, 2.725913211110051915, 30.00006096012200629 ) ) ;
#1871 = CARTESIAN_POINT ( 'NONE',  ( 81.65502650621138514, 1.048227278719749966, 30.03606096012204674 ) ) ;
#1872 = CARTESIAN_POINT ( 'NONE',  ( -2.547979630072870094, -0.7990879346485040280, 27.09846096012201855 ) ) ;
#1873 = CARTESIAN_POINT ( 'NONE',  ( 0.2206719547591127206, -80.55799322568527998, 28.01206096012198898 ) ) ;
#1874 = CARTESIAN_POINT ( 'NONE',  ( 80.70063040171474711, -79.52873560268128017, 27.60406096012201260 ) ) ;
#1875 = LINE ( 'NONE', #2978, #1772 ) ;
#1876 = VERTEX_POINT ( 'NONE', #1556 ) ;
#1877 = UNCERTAINTY_MEASURE_WITH_UNIT (LENGTH_MEASURE( 1.000000000000000082E-05 ), #1054, 'distance_accuracy_value', 'NONE');
#1878 = CARTESIAN_POINT ( 'NONE',  ( -0.03346003113574243237, -80.40483936565146905, 26.40006096012201553 ) ) ;
#1879 = CARTESIAN_POINT ( 'NONE',  ( -1.053669229656814421, -78.76653294943824335, 28.40006096012200132 ) ) ;
#1880 = CARTESIAN_POINT ( 'NONE',  ( 79.60189066768057842, 2.348189990582321141, 27.83286096012202293 ) ) ;
#1881 = CARTESIAN_POINT ( 'NONE',  ( -0.9703349773752972807, -79.05902157005240838, 26.38006096012195911 ) ) ;
#1882 = VECTOR ( 'NONE', #28, 1000.000000000000000 ) ;
#1883 = CARTESIAN_POINT ( 'NONE',  ( -1.016151781149470468, 1.674363006698106560, 30.03606096012202897 ) ) ;
#1884 = CARTESIAN_POINT ( 'NONE',  ( -2.748928740688685313, -1.900002540005000018, 28.61768255609583278 ) ) ;
#1885 = CARTESIAN_POINT ( 'NONE',  ( 77.97596672130086404, -81.15091317092971224, 27.60406096012194865 ) ) ;
#1886 = CARTESIAN_POINT ( 'NONE',  ( 78.65741214518943991, -81.08315958755849806, 28.42006096012202931 ) ) ;
#1887 = CARTESIAN_POINT ( 'NONE',  ( 1.803883412417668364, -81.13384295922517708, 27.19606096012199714 ) ) ;
#1888 = CARTESIAN_POINT ( 'NONE',  ( 81.09841619553129988, 1.596257851199956779, 30.00006096012200985 ) ) ;
#1889 = CARTESIAN_POINT ( 'NONE',  ( 82.03515720582258552, 0.3581721943333554536, 27.09846096012199723 ) ) ;
#1890 = CARTESIAN_POINT ( 'NONE',  ( -2.319838037925653129, -0.2994266513713062516, 28.56726096012202021 ) ) ;
#1891 = CARTESIAN_POINT ( 'NONE',  ( -0.2174530342725402021, -80.19130405214839641, 26.78806096012198168 ) ) ;
#1892 = CARTESIAN_POINT ( 'NONE',  ( 81.11743843621373173, -78.28412259802198037, 27.19606096012202201 ) ) ;
#1893 = CARTESIAN_POINT ( 'NONE',  ( 78.66321310642670994, -54.35396240792304923, 26.40006096012200132 ) ) ;
#1894 = VERTEX_POINT ( 'NONE', #2661 ) ;
#1895 = CARTESIAN_POINT ( 'NONE',  ( 0.6283097472118507332, -80.83413168903869916, 26.40006096012201553 ) ) ;
#1896 =( NAMED_UNIT ( * ) PLANE_ANGLE_UNIT ( ) SI_UNIT ( $, .RADIAN. ) );
#1897 = CARTESIAN_POINT ( 'NONE',  ( 79.68680829331525217, 2.434914572939171684, 30.03606096012203963 ) ) ;
#1898 = CARTESIAN_POINT ( 'NONE',  ( -0.9471890926350032824, -79.03587568531440866, 28.01206096012198543 ) ) ;
#1899 = CARTESIAN_POINT ( 'NONE',  ( -0.9436623295993467053, 1.736480449686038208, 30.03606096012205029 ) ) ;
#1900 = LINE ( 'NONE', #504, #3265 ) ;
#1901 = CARTESIAN_POINT ( 'NONE',  ( 78.56957616932348287, -81.08179742695162417, 26.78806096012195681 ) ) ;
#1902 = ADVANCED_FACE ( 'NONE', ( #3220 ), #188, .F. ) ;
#1903 = CARTESIAN_POINT ( 'NONE',  ( 1.585831157669539415, -81.10355750619578430, 26.78806096012199234 ) ) ;
#1904 = CARTESIAN_POINT ( 'NONE',  ( 80.71070753253712837, 1.905465197646642572, 30.00006096012200985 ) ) ;
#1905 = CARTESIAN_POINT ( 'NONE',  ( 82.47083038724467485, -0.5580521134084130974, 29.30166096012204591 ) ) ;
#1906 = B_SPLINE_CURVE_WITH_KNOTS ( 'NONE', 5,
 ( #2484, #2501, #26, #1961, #581, #1683, #2787, #1098, #3116, #2827, #1452, #2306, #347, #3405, #2866, #2556, #2289, #2015, #1471, #3388, #1738, #1192, #636, #1491, #386, #915, #83, #2846, #366, #2575, #102, #933, #1211, #894, #2034, #1997, #3099, #3135, #654, #1757, #618, #1720, #2517, #3095, #23, #1130, #2216, #836, #2481, #1170, #1111, #615, #3365, #1717, #856, #64, #1958, #3309, #3293, #2233, #1941, #872, #3041, #563, #2250, #2769, #43, #1976, #294, #1399, #3058, #1680, #3075, #2806, #2590, #2572, #1261, #2031, #2916, #3168, #3185, #1776, #2070, #116, #689, #3459, #2355, #3384, #3439, #707 ),
 .UNSPECIFIED., .F., .F.,
 ( 6, 3, 3, 3, 3, 3, 3, 3, 3, 3, 3, 3, 3, 3, 3, 3, 3, 3, 3, 3, 3, 3, 3, 3, 3, 3, 3, 3, 3, 6 ),
 ( -0.004733276761332476899, -0.004633448540168523706, -0.004558820228028955847, -0.004435142253114881909, -0.004313747557261288917, -0.004178272598950326204, -0.003974121710522893723, -0.003761974660494647217, -0.003542820576345312097, -0.003317681255590144811, -0.003200113010385532367, -0.003087606401654919945, -0.002935116631802408768, -0.002783097503326928748, -0.002616958965223848722, -0.002495862832258569954, -0.002378580758332941077, -0.002213907626611314253, -0.002066895091913675039, -0.001901267331403582849, -0.001813684717406267941, -0.001664557566893868322, -0.001430619894970251715, -0.001200545041042158298, -0.0009754057202784210436, -0.0006472970243841941196, -0.0003399536976760805795, -0.0001447508165258468496, 4.059393140859717669E-05, 0.0002150693204294130620 ),
 .UNSPECIFIED. ) ;
#1907 = CARTESIAN_POINT ( 'NONE',  ( -1.919321117012310784, 0.6852217507219570125, 26.36406096012199285 ) ) ;
#1908 = CARTESIAN_POINT ( 'NONE',  ( -0.1233706856944034730, -80.25594135925138062, 27.60406096012198418 ) ) ;
#1909 = EDGE_CURVE ( 'NONE', #2450, #2398, #3492, .T. ) ;
#1910 = CARTESIAN_POINT ( 'NONE',  ( 81.13446603800326784, -78.30115019973786161, 26.38006096012200885 ) ) ;
#1911 = EDGE_LOOP ( 'NONE', ( #2096, #3247, #1083, #3427 ) ) ;
#1912 = CARTESIAN_POINT ( 'NONE',  ( -0.9366348025913245889, -79.13513710849812810, 26.40006096012199421 ) ) ;
#1913 = CARTESIAN_POINT ( 'NONE',  ( 1.235331132580311575, -81.05155128889350635, 28.40006096012202974 ) ) ;
#1914 = CARTESIAN_POINT ( 'NONE',  ( 80.54223514768291636, 1.913668849909151870, 29.30166096012203170 ) ) ;
#1915 = CARTESIAN_POINT ( 'NONE',  ( -0.9796538478258971505, -78.90450891845776482, 27.60406096012197352 ) ) ;
#1916 = CARTESIAN_POINT ( 'NONE',  ( -0.7606645534387452834, 1.685738068112340837, 28.56726096012203087 ) ) ;
#1917 = CARTESIAN_POINT ( 'NONE',  ( 78.66321310642670994, -54.35396240792304923, 30.00006096012200274 ) ) ;
#1918 = CARTESIAN_POINT ( 'NONE',  ( 78.85427237236471854, -81.03557045746509857, 26.38006096012194135 ) ) ;
#1919 = CARTESIAN_POINT ( 'NONE',  ( 1.674960923774886146, -81.11132085256194557, 27.19606096012199714 ) ) ;
#1920 = CARTESIAN_POINT ( 'NONE',  ( 82.72202734137603386, -1.496408539879936939, 30.00006096012200629 ) ) ;
#1921 = CARTESIAN_POINT ( 'NONE',  ( 82.19056021506771970, 0.2542000241886735457, 30.03606096012205029 ) ) ;
#1922 = CARTESIAN_POINT ( 'NONE',  ( -1.958832716682823438, 0.4581723301825930683, 29.30166096012202814 ) ) ;
#1923 = CARTESIAN_POINT ( 'NONE',  ( 0.002974136773641944398, -80.36840519775932989, 27.19606096012198648 ) ) ;
#1924 = CARTESIAN_POINT ( 'NONE',  ( 81.08760142761880729, -78.54496492680715392, 28.01206096012204583 ) ) ;
#1925 = ORIENTED_EDGE ( 'NONE', *, *, #3407, .T. ) ;
#1926 = CARTESIAN_POINT ( 'NONE',  ( -2.759616796283845819, -1.984112623665435393, 27.83286096012202648 ) ) ;
#1927 = CARTESIAN_POINT ( 'NONE',  ( -1.144357453271742875, -78.17881304413734256, 28.40006096012200487 ) ) ;
#1928 = CARTESIAN_POINT ( 'NONE',  ( 80.11985217110765234, -80.25987689264758274, 27.60406096012201260 ) ) ;
#1929 = CARTESIAN_POINT ( 'NONE',  ( 1.443887507379026269, -81.09890647375837602, 28.40006096012202974 ) ) ;
#1930 = CARTESIAN_POINT ( 'NONE',  ( 80.44555634013335066, 2.082334604906365350, 30.03606096012203608 ) ) ;
#1931 = CARTESIAN_POINT ( 'NONE',  ( -1.125898709572107581, -78.29282804834311094, 26.78806096012198168 ) ) ;
#1932 = CARTESIAN_POINT ( 'NONE',  ( -0.5420378185881549182, 1.913628153202082682, 27.09846096012201855 ) ) ;
#1933 = CARTESIAN_POINT ( 'NONE',  ( 78.66321310642670994, -47.55396240792504869, 30.00006096012200274 ) ) ;
#1934 = VECTOR ( 'NONE', #1217, 1000.000000000000000 ) ;
#1935 = CARTESIAN_POINT ( 'NONE',  ( 78.91846213967200185, -80.99376454933590708, 28.01206096012201385 ) ) ;
#1936 = CARTESIAN_POINT ( 'NONE',  ( 0.9504684541435538536, -80.93456859807788817, 27.60406096012200194 ) ) ;
#1937 = LOCAL_TIME ( 11, 53, 39.00000000000000000, #1567 ) ;
#1938 = CARTESIAN_POINT ( 'NONE',  ( 81.95240178443999923, 0.6292316211819334315, 30.00006096012201340 ) ) ;
#1939 = CARTESIAN_POINT ( 'NONE',  ( 82.40222912786664722, -0.2154431977224174899, 30.03606096012204674 ) ) ;
#1940 = CARTESIAN_POINT ( 'NONE',  ( -2.184052596898234722, -0.01312718666863561812, 28.56726096012202376 ) ) ;
#1941 = CARTESIAN_POINT ( 'NONE',  ( 80.47282712618032008, -79.95036314019598933, 28.40006096012202619 ) ) ;
#1942 = CARTESIAN_POINT ( 'NONE',  ( -0.2174482802030861250, -80.19129929804812207, 28.01206096012198543 ) ) ;
#1943 = CARTESIAN_POINT ( 'NONE',  ( 81.08763049689545710, -78.54499399605322196, 26.78806096012201010 ) ) ;
#1944 = DIRECTION ( 'NONE',  ( 0.000000000000000000, -1.000000000000000000, 0.000000000000000000 ) ) ;
#1945 = LINE ( 'NONE', #3574, #1759 ) ;
#1946 = CARTESIAN_POINT ( 'NONE',  ( 80.29403293755029836, -80.16161975516116911, 26.38006096012196977 ) ) ;
#1947 = CARTESIAN_POINT ( 'NONE',  ( 1.780645842537963652, -81.14444305930493329, 28.40006096012202974 ) ) ;
#1948 = CARTESIAN_POINT ( 'NONE',  ( 80.97387658169337499, 1.585525099373721769, 27.09846096012200078 ) ) ;
#1949 = CARTESIAN_POINT ( 'NONE',  ( -1.087213040825423915, -78.47525246283375111, 27.19606096012197938 ) ) ;
#1950 = CARTESIAN_POINT ( 'NONE',  ( 0.3910216659008001194, 2.482336102583506232, 26.36406096012199285 ) ) ;
#1951 = DIRECTION ( 'NONE',  ( 0.000000000000000000, -0.000000000000000000, 1.000000000000000000 ) ) ;
#1952 = CARTESIAN_POINT ( 'NONE',  ( 81.33586426218941767, 1.376861103597156744, 26.40006096012199421 ) ) ;
#1953 = CARTESIAN_POINT ( 'NONE',  ( 79.46736898628630286, -80.75513600821817306, 28.01206096012202806 ) ) ;
#1954 = CARTESIAN_POINT ( 'NONE',  ( 1.485683268666807333, -81.10681228271866416, 26.38006096012198398 ) ) ;
#1955 = CARTESIAN_POINT ( 'NONE',  ( 82.65011093020532940, -1.037807870213659056, 30.00006096012200985 ) ) ;
#1956 = CARTESIAN_POINT ( 'NONE',  ( 82.26878052437962197, -0.09719325168746903443, 29.30166096012204946 ) ) ;
#1957 = CARTESIAN_POINT ( 'NONE',  ( -2.029548624601239304, 0.2644310889314102075, 28.56726096012202376 ) ) ;
#1958 = CARTESIAN_POINT ( 'NONE',  ( 80.38487579068734590, -80.05582523910207726, 28.40006096012202619 ) ) ;
#1959 = CARTESIAN_POINT ( 'NONE',  ( -0.3453362705215885509, -80.10381724715149687, 28.42006096012199734 ) ) ;
#1960 = CARTESIAN_POINT ( 'NONE',  ( 81.14026542513865081, -78.09844348062918584, 27.60406096012202326 ) ) ;
#1961 = CARTESIAN_POINT ( 'NONE',  ( 78.07390838301172664, -81.14745023599722629, 28.40006096012198356 ) ) ;
#1962 = CARTESIAN_POINT ( 'NONE',  ( -1.149792165772264729, -77.99994329607412169, 28.40006096012199777 ) ) ;
#1963 = CARTESIAN_POINT ( 'NONE',  ( -1.148799764154933234, -78.02457987801135175, 28.40006096012200842 ) ) ;
#1964 = CARTESIAN_POINT ( 'NONE',  ( 80.00152393366427361, -80.36458973856177579, 27.60406096012201260 ) ) ;
#1965 = CARTESIAN_POINT ( 'NONE',  ( 80.75086734348360551, 1.766218616196491897, 29.30166096012203170 ) ) ;
#1966 = CARTESIAN_POINT ( 'NONE',  ( -1.129682192552715847, -78.21462952723248918, 27.19606096012198648 ) ) ;
#1967 = CARTESIAN_POINT ( 'NONE',  ( 0.1045788055414716422, 2.221965835673227030, 28.56726096012202376 ) ) ;
#1968 = DIRECTION ( 'NONE',  ( 0.000000000000000000, 1.000000000000000000, 0.000000000000000000 ) ) ;
#1969 = CARTESIAN_POINT ( 'NONE',  ( 81.16128628376245047, 1.544008815435029325, 26.40006096012199421 ) ) ;
#1970 = ADVANCED_FACE ( 'NONE', ( #470 ), #204, .F. ) ;
#1971 = CARTESIAN_POINT ( 'NONE',  ( 79.47492116820973251, -80.73275355826658028, 27.19606096012199004 ) ) ;
#1972 = CARTESIAN_POINT ( 'NONE',  ( 0.6600941209525029718, -80.80234731531000136, 27.19606096012199004 ) ) ;
#1973 = CARTESIAN_POINT ( 'NONE',  ( -1.449569487311098692, 1.269301145228341809, 26.40006096012200132 ) ) ;
#1974 = CARTESIAN_POINT ( 'NONE',  ( 82.51192369372827784, -0.5160843849325773558, 26.36406096012198219 ) ) ;
#1975 = CARTESIAN_POINT ( 'NONE',  ( -2.029887804042588506, 0.5307393944814757791, 26.36406096012199285 ) ) ;
#1976 = CARTESIAN_POINT ( 'NONE',  ( 80.69257057330339933, -79.63882029655803763, 28.40006096012202974 ) ) ;
#1977 = CARTESIAN_POINT ( 'NONE',  ( -0.4772861166382576514, -79.89497507482812466, 26.78806096012198168 ) ) ;
#1978 = CARTESIAN_POINT ( 'NONE',  ( -1.449569487311092475, 1.269301145228323602, 30.00006096012200274 ) ) ;
#1979 = CARTESIAN_POINT ( 'NONE',  ( 78.41440426368144756, -81.12283407752337894, 26.40006096012195869 ) ) ;
#1980 = CARTESIAN_POINT ( 'NONE',  ( 36.00007239014500016, -28.00005588010999702, 30.00006096012200274 ) ) ;
#1981 = CARTESIAN_POINT ( 'NONE',  ( 82.65011093024847355, -1.037807870169588087, 26.40006096012199421 ) ) ;
#1982 = CARTESIAN_POINT ( 'NONE',  ( 80.31212975930084497, -80.14228498892764208, 26.38006096012196622 ) ) ;
#1983 = CARTESIAN_POINT ( 'NONE',  ( 81.09621643235601596, 1.477554346709677890, 27.09846096012200078 ) ) ;
#1984 = CARTESIAN_POINT ( 'NONE',  ( -0.7124551747610841090, -79.60058712334853226, 28.40006096012199421 ) ) ;
#1985 = CARTESIAN_POINT ( 'NONE',  ( -1.102752788062304479, -78.39448045450447466, 27.60406096012198418 ) ) ;
#1986 = CARTESIAN_POINT ( 'NONE',  ( 0.6652303652411618584, 2.446388420670048802, 27.83286096012200517 ) ) ;
#1987 = CARTESIAN_POINT ( 'NONE',  ( 77.91192580902342968, 2.754899974151203246, 29.30166096012202459 ) ) ;
#1988 = CARTESIAN_POINT ( 'NONE',  ( 81.52071893329575403, 1.184246548279576761, 26.40006096012199421 ) ) ;
#1989 = CARTESIAN_POINT ( 'NONE',  ( 79.52541444845928709, -80.72466634293719778, 26.78806096012197457 ) ) ;
#1990 = CARTESIAN_POINT ( 'NONE',  ( 0.6664343852233574061, -80.85333088610690311, 28.42006096012202576 ) ) ;
#1991 = CARTESIAN_POINT ( 'NONE',  ( -1.916445653795918913, 0.6822851007041791371, 26.40006096012200132 ) ) ;
#1992 = ORIENTED_EDGE ( 'NONE', *, *, #3231, .F. ) ;
#1993 = VECTOR ( 'NONE', #2441, 1000.000000000000000 ) ;
#1994 = CARTESIAN_POINT ( 'NONE',  ( 82.70748069828665905, -1.371360309669875654, 26.36406096012199285 ) ) ;
#1995 = CARTESIAN_POINT ( 'NONE',  ( -0.5494056670067583026, -79.76637289201454450, 27.60406096012197708 ) ) ;
#1996 = CARTESIAN_POINT ( 'NONE',  ( -1.161128669690570048, 1.544008654698352911, 30.00006096012201340 ) ) ;
#1997 = CARTESIAN_POINT ( 'NONE',  ( 79.68422256993785879, -80.66130403006192751, 28.40006096012202264 ) ) ;
#1998 = CARTESIAN_POINT ( 'NONE',  ( 78.04922371151758398, -81.14818357783218516, 26.40006096012194092 ) ) ;
#1999 = CARTESIAN_POINT ( 'NONE',  ( -2.720776913003329689, -1.681406221339467377, 27.09846096012201855 ) ) ;
#2000 = CARTESIAN_POINT ( 'NONE',  ( 0.4499961899919999730, -39.95007874015750104, 30.00006096012200274 ) ) ;
#2001 = CARTESIAN_POINT ( 'NONE',  ( 80.38169917372773909, -80.01047731953792663, 28.01206096012203517 ) ) ;
#2002 = CARTESIAN_POINT ( 'NONE',  ( 80.80168597114200679, 1.727471546884686404, 27.09846096012200434 ) ) ;
#2003 = CARTESIAN_POINT ( 'NONE',  ( -1.099934486530675937, -78.55337676058059060, 28.42006096012199734 ) ) ;
#2004 = CARTESIAN_POINT ( 'NONE',  ( 0.7576127669626254724, 2.596136106655924536, 26.36406096012199285 ) ) ;
#2005 = CARTESIAN_POINT ( 'NONE',  ( 0.4499961899919999730, -1.900002540005000018, 29.20006096012200203 ) ) ;
#2006 = CARTESIAN_POINT ( 'NONE',  ( 78.99347051160349054, 2.651625604825573745, 26.40006096012199421 ) ) ;
#2007 = CARTESIAN_POINT ( 'NONE',  ( 79.50815179046793446, -80.76598418046913253, 26.38006096012194845 ) ) ;
#2008 = VECTOR ( 'NONE', #3068, 1000.000000000000000 ) ;
#2009 = CARTESIAN_POINT ( 'NONE',  ( 0.8968855083452204058, -80.90461017362804341, 27.60406096012199484 ) ) ;
#2010 = CARTESIAN_POINT ( 'NONE',  ( -2.489475737894785379, -0.4573606075165797535, 26.40006096012200132 ) ) ;
#2011 = CARTESIAN_POINT ( 'NONE',  ( 82.65608407087404430, -1.284826091672271797, 27.09846096012201144 ) ) ;
#2012 = LINE ( 'NONE', #2645, #975 ) ;
#2013 = CARTESIAN_POINT ( 'NONE',  ( -0.4982523037075386463, -79.83493356609986336, 27.19606096012198648 ) ) ;
#2014 = CARTESIAN_POINT ( 'NONE',  ( -2.715836772407062671, -1.455641902992029779, 30.00006096012201340 ) ) ;
#2015 = CARTESIAN_POINT ( 'NONE',  ( 78.72472623714442364, -81.06399986426932003, 28.40006096012199777 ) ) ;
#2016 = CARTESIAN_POINT ( 'NONE',  ( 79.05790251933582624, -80.96937340696190688, 26.40006096012196579 ) ) ;
#2017 = EDGE_CURVE ( 'NONE', #1269, #994, #486, .T. ) ;
#2018 = CARTESIAN_POINT ( 'NONE',  ( -2.623751668684484173, -1.217963438951759736, 27.83286096012202648 ) ) ;
#2019 = CARTESIAN_POINT ( 'NONE',  ( 82.67451698053243092, -1.166278726575273206, 26.40006096012200132 ) ) ;
#2020 = CARTESIAN_POINT ( 'NONE',  ( 80.55800358529846505, -79.77949588517512325, 26.78806096012198523 ) ) ;
#2021 = ORIENTED_EDGE ( 'NONE', *, *, #734, .T. ) ;
#2022 = CARTESIAN_POINT ( 'NONE',  ( 81.33896925751116669, 1.380032169921664886, 26.36406096012198574 ) ) ;
#2023 = CARTESIAN_POINT ( 'NONE',  ( -1.140570520715290748, -78.09896311742335229, 27.19606096012198648 ) ) ;
#2024 = CARTESIAN_POINT ( 'NONE',  ( -0.2321851825885752618, 2.042371864908974377, 27.83286096012203004 ) ) ;
#2025 = CARTESIAN_POINT ( 'NONE',  ( 78.14944199313355000, 2.738031434313822565, 27.09846096012199368 ) ) ;
#2026 = CARTESIAN_POINT ( 'NONE',  ( 16.00003302006599881, -20.00004064007999816, 30.00006096012200274 ) ) ;
#2027 = CARTESIAN_POINT ( 'NONE',  ( -0.8029830246723625997, -79.34085654906682805, 27.19606096012196872 ) ) ;
#2028 = CARTESIAN_POINT ( 'NONE',  ( 79.58318901934029554, -80.72386041819578395, 26.38006096012195201 ) ) ;
#2029 = CARTESIAN_POINT ( 'NONE',  ( -2.739524177453541487, -1.729688338887787502, 26.40006096012200487 ) ) ;
#2030 = CARTESIAN_POINT ( 'NONE',  ( 82.53488780473793440, -0.8911243756384525927, 27.83286096012201583 ) ) ;
#2031 = CARTESIAN_POINT ( 'NONE',  ( 81.04228630023125390, -78.83381554973657046, 28.40006096012203329 ) ) ;
#2032 = CARTESIAN_POINT ( 'NONE',  ( -0.3789448326922963961, -79.98520361968242298, 27.19606096012198648 ) ) ;
#2033 = CARTESIAN_POINT ( 'NONE',  ( 81.15226015563820283, -77.99631518950667441, 28.01206096012204583 ) ) ;
#2034 = CARTESIAN_POINT ( 'NONE',  ( 79.64335067260238077, -80.68790417026930584, 28.40006096012201908 ) ) ;
#2035 = CARTESIAN_POINT ( 'NONE',  ( 80.19260654895512630, -80.26084126214576031, 26.40006096012197645 ) ) ;
#2036 = B_SPLINE_CURVE_WITH_KNOTS ( 'NONE', 5,
 ( #1521, #2843, #1208, #2863, #2303, #3402 ),
 .UNSPECIFIED., .F., .F.,
 ( 6, 6 ),
 ( 0.000000000000000000, 1.000000000000000000 ),
 .UNSPECIFIED. ) ;
#2037 = CARTESIAN_POINT ( 'NONE',  ( -2.720776795354523880, -1.681406341349094502, 29.30166096012202814 ) ) ;
#2038 = CARTESIAN_POINT ( 'NONE',  ( 80.49989534776409528, -79.91716151883544228, 28.42006096012205774 ) ) ;
#2039 = ORIENTED_EDGE ( 'NONE', *, *, #1530, .T. ) ;
#2040 = CARTESIAN_POINT ( 'NONE',  ( 81.86042965977861741, 0.6249163144672523762, 27.09846096012200078 ) ) ;
#2041 = CARTESIAN_POINT ( 'NONE',  ( 78.00015494030999719, -79.55016129032000549, 30.00006096012200274 ) ) ;
#2042 = CARTESIAN_POINT ( 'NONE',  ( 2.007612269048718368, 2.750755266314823810, 27.09846096012199723 ) ) ;
#2043 = AXIS2_PLACEMENT_3D ( 'NONE', #925, #1445, #57 ) ;
#2044 = CARTESIAN_POINT ( 'NONE',  ( 78.48488176948623618, 2.693195482659765272, 27.09846096012200078 ) ) ;
#2045 = CARTESIAN_POINT ( 'NONE',  ( -0.7549766786870986124, -79.46736714057881557, 26.78806096012196392 ) ) ;
#2046 = CARTESIAN_POINT ( 'NONE',  ( -1.164450731094643254, 1.547401406051133854, 30.03606096012202897 ) ) ;
#2047 = CARTESIAN_POINT ( 'NONE',  ( 79.60168485892425849, -80.71371039413183723, 26.38006096012195911 ) ) ;
#2048 = CARTESIAN_POINT ( 'NONE',  ( -0.1622066685014953158, 2.233586272701821862, 26.40006096012200132 ) ) ;
#2049 = CARTESIAN_POINT ( 'NONE',  ( 82.63185856515242733, -0.9242694032729040776, 26.36406096012198574 ) ) ;
#2050 = DIRECTION ( 'NONE',  ( -0.000000000000000000, -0.000000000000000000, 1.000000000000000000 ) ) ;
#2051 = CARTESIAN_POINT ( 'NONE',  ( -0.5941361311236968978, -79.73357084066081768, 28.01206096012198543 ) ) ;
#2052 = CARTESIAN_POINT ( 'NONE',  ( 81.14982839222268751, -77.99388342606495428, 28.42006096012206839 ) ) ;
#2053 = CARTESIAN_POINT ( 'NONE',  ( 78.65651083163976409, -81.08225827400767116, 26.40006096012196224 ) ) ;
#2054 = B_SPLINE_CURVE_WITH_KNOTS ( 'NONE', 3,
 ( #479, #1581, #179, #1067 ),
 .UNSPECIFIED., .F., .F.,
 ( 4, 4 ),
 ( 0.000000000000000000, 1.000000000000000000 ),
 .UNSPECIFIED. ) ;
#2055 = CIRCLE ( 'NONE', #1823, 1.499999999999999778 ) ;
#2056 = CARTESIAN_POINT ( 'NONE',  ( -2.704529601983553189, -1.591054307926012434, 27.09846096012201855 ) ) ;
#2057 = CARTESIAN_POINT ( 'NONE',  ( 80.52579497935593622, -79.88279130748399837, 28.42006096012205774 ) ) ;
#2058 = ORIENTED_EDGE ( 'NONE', *, *, #2214, .T. ) ;
#2059 = EDGE_LOOP ( 'NONE', ( #197, #768, #139, #1198, #1068, #2039, #3175, #1287, #2686, #497 ) ) ;
#2060 = CARTESIAN_POINT ( 'NONE',  ( 81.26786460843331383, 1.241126144102770334, 27.83286096012201583 ) ) ;
#2061 = CARTESIAN_POINT ( 'NONE',  ( 40.00007874015749820, -79.55016129032000549, 30.00006096012200274 ) ) ;
#2062 = CARTESIAN_POINT ( 'NONE',  ( 1.928587330055283822, 2.744982166646851240, 27.09846096012199723 ) ) ;
#2063 = CARTESIAN_POINT ( 'NONE',  ( 78.82882472511271033, 2.675990974437405967, 30.03606096012203608 ) ) ;
#2064 = CARTESIAN_POINT ( 'NONE',  ( -0.7022732651537180182, -79.56175935185856929, 26.78806096012196392 ) ) ;
#2065 = EDGE_CURVE ( 'NONE', #2635, #641, #501, .T. ) ;
#2066 = CARTESIAN_POINT ( 'NONE',  ( -1.550725725066617322, 0.9418679188576832839, 28.56726096012202021 ) ) ;
#2067 = CARTESIAN_POINT ( 'NONE',  ( 79.95706811290872906, -80.42410104174113883, 28.01206096012203162 ) ) ;
#2068 = CARTESIAN_POINT ( 'NONE',  ( 78.66321310642670994, -47.55396240792504869, 26.40006096012200132 ) ) ;
#2069 = CARTESIAN_POINT ( 'NONE',  ( 82.68268217143638310, -1.489662830078315015, 27.83286096012201583 ) ) ;
#2070 = CARTESIAN_POINT ( 'NONE',  ( 81.12227978653599791, -78.43304860297918424, 28.40006096012202264 ) ) ;
#2071 = CARTESIAN_POINT ( 'NONE',  ( 77.97543852033868461, -81.15038496984990957, 26.38006096012191648 ) ) ;
#2072 = CARTESIAN_POINT ( 'NONE',  ( -0.9401413548641711637, 1.732884552338017192, 30.00006096012203116 ) ) ;
#2073 = CARTESIAN_POINT ( 'NONE',  ( 80.34801364398195744, -80.09856598300390829, 26.40006096012198356 ) ) ;
#2074 = CARTESIAN_POINT ( 'NONE',  ( -2.655943762191503410, -1.284808554700005656, 27.09846096012201855 ) ) ;
#2075 = CARTESIAN_POINT ( 'NONE',  ( 0.1199264813704140342, -80.46296482785449200, 27.60406096012199129 ) ) ;
#2076 = CARTESIAN_POINT ( 'NONE',  ( 80.42704425188655648, -79.92688010813142796, 27.19606096012199359 ) ) ;
#2077 = EDGE_LOOP ( 'NONE', ( #264, #1268, #787, #937 ) ) ;
#2078 = ORIENTED_EDGE ( 'NONE', *, *, #1700, .F. ) ;
#2079 = CARTESIAN_POINT ( 'NONE',  ( -1.119011574280935228, -78.44164814417466403, 26.40006096012200487 ) ) ;
#2080 = CARTESIAN_POINT ( 'NONE',  ( 1.926675439149149405, 2.746934740595295299, 30.03606096012201832 ) ) ;
#2081 = CARTESIAN_POINT ( 'NONE',  ( 79.33492642004553375, 2.446387710905896906, 27.83286096012202648 ) ) ;
#2082 = CARTESIAN_POINT ( 'NONE',  ( -0.8217053220393024660, -79.30225501135245736, 27.19606096012196872 ) ) ;
#2083 = CARTESIAN_POINT ( 'NONE',  ( -1.419178813306167353, 1.080706593677322136, 27.83286096012200517 ) ) ;
#2084 = CARTESIAN_POINT ( 'NONE',  ( 79.89497330785775375, -80.47744183001185547, 28.01206096012202451 ) ) ;
#2085 = CARTESIAN_POINT ( 'NONE',  ( 1.172980135546735747, 2.674308539589099087, 26.40006096012200132 ) ) ;
#2086 = EDGE_CURVE ( 'NONE', #805, #2450, #239, .T. ) ;
#2087 = LINE ( 'NONE', #706, #2628 ) ;
#2088 = CARTESIAN_POINT ( 'NONE',  ( 81.14997362305882689, -77.99996727322253776, 28.40006096012200487 ) ) ;
#2089 = CARTESIAN_POINT ( 'NONE',  ( 78.26309124635980652, -81.12780964828776575, 26.78806096012195326 ) ) ;
#2090 = CARTESIAN_POINT ( 'NONE',  ( 2.006282904958156976, -81.14981954150609056, 26.38006096012198398 ) ) ;
#2091 = DIRECTION ( 'NONE',  ( -1.000000000000000000, 0.000000000000000000, 0.000000000000000000 ) ) ;
#2092 = CARTESIAN_POINT ( 'NONE',  ( -2.355535144014703874, -0.2629699486347427673, 27.09846096012201855 ) ) ;
#2093 = CARTESIAN_POINT ( 'NONE',  ( 0.4714218746178531205, -80.70063040474587979, 27.60406096012199129 ) ) ;
#2094 = CARTESIAN_POINT ( 'NONE',  ( 80.69387990054444515, -79.64012962379783289, 26.38006096012198753 ) ) ;
#2095 = ORIENTED_EDGE ( 'NONE', *, *, #165, .T. ) ;
#2096 = ORIENTED_EDGE ( 'NONE', *, *, #1593, .T. ) ;
#2097 = CARTESIAN_POINT ( 'NONE',  ( -0.2964927541697607860, -80.15662551479158537, 28.40006096012200487 ) ) ;
#2098 = FACE_OUTER_BOUND ( 'NONE', #2186, .T. ) ;
#2099 = CARTESIAN_POINT ( 'NONE',  ( 1.529099937664734066, 2.679077090795301874, 28.56726096012202021 ) ) ;
#2100 = CARTESIAN_POINT ( 'NONE',  ( 78.93852250694523320, 2.595508364982817895, 29.30166096012202814 ) ) ;
#2101 = CARTESIAN_POINT ( 'NONE',  ( -0.6542183381264444764, -79.60982232251789981, 27.60406096012197352 ) ) ;
#2102 = CARTESIAN_POINT ( 'NONE',  ( -1.503455607459161625, 1.075507857803932765, 27.09846096012199723 ) ) ;
#2103 = CARTESIAN_POINT ( 'NONE',  ( 79.90467211142517101, -80.44483927939842260, 27.19606096012200069 ) ) ;
#2104 = CARTESIAN_POINT ( 'NONE',  ( 16.00003302006599881, -20.00004064007999816, 30.00006096012200274 ) ) ;
#2105 = CARTESIAN_POINT ( 'NONE',  ( 82.71598128484106383, -1.656456303337190850, 29.30166096012204235 ) ) ;
#2106 = CARTESIAN_POINT ( 'NONE',  ( 78.01133646307847869, -81.14822288501341063, 27.19606096012196161 ) ) ;
#2107 = EDGE_CURVE ( 'NONE', #3297, #1321, #985, .T. ) ;
#2108 = CARTESIAN_POINT ( 'NONE',  ( 0.01622709675771247251, 2.312197575021355256, 30.00006096012201340 ) ) ;
#2109 = CARTESIAN_POINT ( 'NONE',  ( 80.40483936565964029, -80.03361751145109793, 26.40006096012198711 ) ) ;
#2110 = CARTESIAN_POINT ( 'NONE',  ( -2.601125937505227803, -0.8233159343372439265, 26.36406096012199285 ) ) ;
#2111 = CARTESIAN_POINT ( 'NONE',  ( 0.1386338315839211743, -80.54249732135799889, 26.38006096012198398 ) ) ;
#2112 = CARTESIAN_POINT ( 'NONE',  ( 80.80233552400237329, -79.34005156809206483, 27.60406096012201971 ) ) ;
#2113 = EDGE_LOOP ( 'NONE', ( #2021, #3485, #461, #1992 ) ) ;
#2114 = ORIENTED_EDGE ( 'NONE', *, *, #21, .F. ) ;
#2115 = AXIS2_PLACEMENT_3D ( 'NONE', #1327, #1058, #3563 ) ;
#2116 = CARTESIAN_POINT ( 'NONE',  ( 0.001046931490697403143, -80.43480354782423092, 26.40006096012201553 ) ) ;
#2117 = CALENDAR_DATE ( 2026, 27, 2 ) ;
#2118 = CARTESIAN_POINT ( 'NONE',  ( 78.76573425616639668, 2.686723560085392926, 30.03606096012203608 ) ) ;
#2119 = CARTESIAN_POINT ( 'NONE',  ( -1.064458774331462854, -78.72534262751204892, 28.42006096012199734 ) ) ;
#2120 = CARTESIAN_POINT ( 'NONE',  ( -1.627649396587576236, 0.8385125301971705358, 28.56726096012202021 ) ) ;
#2121 = CARTESIAN_POINT ( 'NONE',  ( 79.76637288703975059, -80.54956314237590220, 27.60406096012200905 ) ) ;
#2122 = CARTESIAN_POINT ( 'NONE',  ( 0.5876401280678409389, 2.525629695567073174, 26.40006096012200132 ) ) ;
#2123 = CARTESIAN_POINT ( 'NONE',  ( 82.74378601040203307, -1.831027557024794694, 29.30166096012204591 ) ) ;
#2124 = CARTESIAN_POINT ( 'NONE',  ( 78.35816627325000638, -81.12899525092581143, 26.38006096012192359 ) ) ;
#2125 = CARTESIAN_POINT ( 'NONE',  ( -0.5454426203872818624, 2.006719292635154250, 30.00006096012203116 ) ) ;
#2126 = CARTESIAN_POINT ( 'NONE',  ( 80.93461319625193084, -79.13327498196743193, 26.40006096012200487 ) ) ;
#2127 = VECTOR ( 'NONE', #1814, 1000.000000000000000 ) ;
#2128 = CARTESIAN_POINT ( 'NONE',  ( 81.82060355999711021, 0.5842427575460413802, 27.83286096012201938 ) ) ;
#2129 = CARTESIAN_POINT ( 'NONE',  ( -2.593424273636137034, -1.095539927494818322, 28.56726096012202021 ) ) ;
#2130 = CARTESIAN_POINT ( 'NONE',  ( 0.3256433210379753862, -80.61011991370311591, 27.19606096012198648 ) ) ;
#2131 = CARTESIAN_POINT ( 'NONE',  ( 80.71481579873159262, -79.54292099968459695, 28.01206096012204583 ) ) ;
#2132 = VERTEX_POINT ( 'NONE', #1622 ) ;
#2133 = ORIENTED_EDGE ( 'NONE', *, *, #1486, .F. ) ;
#2134 = EDGE_CURVE ( 'NONE', #2132, #805, #1360, .T. ) ;
#2135 = CARTESIAN_POINT ( 'NONE',  ( -0.7757440534236356156, -79.48813451529811402, 26.40006096012199421 ) ) ;
#2136 = PERSON_AND_ORGANIZATION_ROLE ( 'design_supplier' ) ;
#2137 = CARTESIAN_POINT ( 'NONE',  ( 80.09655547844137402, 2.166377263731946279, 29.30166096012203170 ) ) ;
#2138 = APPROVAL ( #1340, 'æœª' ) ;
#2139 = CARTESIAN_POINT ( 'NONE',  ( -0.9374191910184941356, -79.13592149692519229, 28.42006096012198668 ) ) ;
#2140 = CARTESIAN_POINT ( 'NONE',  ( -1.039839960579434397, 1.653052915766513031, 26.36406096012199285 ) ) ;
#2141 = CARTESIAN_POINT ( 'NONE',  ( 80.15584455785204909, -80.22407927110629089, 27.19606096012199359 ) ) ;
#2142 = PLANE ( 'NONE',  #838 ) ;
#2143 = CARTESIAN_POINT ( 'NONE',  ( 82.74870331764820719, -1.882476796828773002, 29.30166096012204591 ) ) ;
#2144 = CARTESIAN_POINT ( 'NONE',  ( 78.10499065208300351, -81.14675553574016931, 28.42006096012202576 ) ) ;
#2145 = CARTESIAN_POINT ( 'NONE',  ( 1.355527286640735296, 2.709692857663529963, 30.00006096012200274 ) ) ;
#2146 = CARTESIAN_POINT ( 'NONE',  ( 81.14997025329198266, -77.99996390327906681, 26.40006096012199421 ) ) ;
#2147 = CARTESIAN_POINT ( 'NONE',  ( 81.30603597173353592, 1.280109753481703860, 27.09846096012199723 ) ) ;
#2148 = CARTESIAN_POINT ( 'NONE',  ( -2.453799686501493493, -0.3282051242120564982, 30.03606096012202187 ) ) ;
#2149 = CARTESIAN_POINT ( 'NONE',  ( 0.03591891260939261699, -80.46440271150538592, 28.42006096012199734 ) ) ;
#2150 = CARTESIAN_POINT ( 'NONE',  ( 80.83505002242668525, -79.37276606648386235, 26.38006096012198753 ) ) ;
#2151 = CARTESIAN_POINT ( 'NONE',  ( 16.00003302006599881, -20.00004064007999816, 28.20006096012200203 ) ) ;
#2152 = ORIENTED_EDGE ( 'NONE', *, *, #2173, .T. ) ;
#2153 = CARTESIAN_POINT ( 'NONE',  ( -0.1999254707647146467, -80.25313631647277646, 26.40006096012201553 ) ) ;
#2154 = CARTESIAN_POINT ( 'NONE',  ( 80.09654585455881204, 2.166367435139956665, 27.09846096012200078 ) ) ;
#2155 = CARTESIAN_POINT ( 'NONE',  ( -0.9663852186039725289, -78.94525609805837973, 27.60406096012197352 ) ) ;
#2156 = CARTESIAN_POINT ( 'NONE',  ( -0.8639112515925834179, 1.791181746502692240, 26.36406096012199285 ) ) ;
#2157 = LINE ( 'NONE', #3287, #431 ) ;
#2158 = CARTESIAN_POINT ( 'NONE',  ( 77.97819299906296919, -81.15313944852339034, 28.01206096012197833 ) ) ;
#2159 = CARTESIAN_POINT ( 'NONE',  ( 78.74034664944345252, -81.02764040998236794, 27.60406096012198063 ) ) ;
#2160 = CARTESIAN_POINT ( 'NONE',  ( 1.715990104099183622, -81.11748321449032062, 27.60406096012200194 ) ) ;
#2161 = CARTESIAN_POINT ( 'NONE',  ( 81.33586426218937504, 1.376861103597087688, 30.00006096012200985 ) ) ;
#2162 = CARTESIAN_POINT ( 'NONE',  ( 82.35568042215308537, -0.2629824104840361998, 27.09846096012199723 ) ) ;
#2163 = CARTESIAN_POINT ( 'NONE',  ( -2.565495136066304305, -0.8597049214119025784, 27.09846096012201855 ) ) ;
#2164 = CARTESIAN_POINT ( 'NONE',  ( -0.1352312370857836066, -80.26780191066724512, 26.78806096012198168 ) ) ;
#2165 = CARTESIAN_POINT ( 'NONE',  ( 80.79922503577869008, -79.45284541048761184, 28.42006096012207550 ) ) ;
#2166 = CARTESIAN_POINT ( 'NONE',  ( 1.998681816227366514, -81.15148201411717821, 26.80006096012199635 ) ) ;
#2167 = ORIENTED_EDGE ( 'NONE', *, *, #1909, .T. ) ;
#2168 = CARTESIAN_POINT ( 'NONE',  ( 0.04979434011378081060, -80.47282712617652578, 26.40006096012201553 ) ) ;
#2169 = CARTESIAN_POINT ( 'NONE',  ( -1.137324545149559274, -78.27276362353644856, 28.40006096012201198 ) ) ;
#2170 = DATE_AND_TIME ( #3506, #1826 ) ;
#2171 = VECTOR ( 'NONE', #265, 1000.000000000000000 ) ;
#2172 = CARTESIAN_POINT ( 'NONE',  ( 80.17714526070417946, 2.074173931412798488, 27.83286096012201938 ) ) ;
#2173 = EDGE_CURVE ( 'NONE', #1804, #407, #2968, .T. ) ;
#2174 = CARTESIAN_POINT ( 'NONE',  ( -0.9051223278897259084, -79.15942453820595404, 28.01206096012198543 ) ) ;
#2175 = APPROVAL_PERSON_ORGANIZATION ( #235, #913, #2421 ) ;
#2176 = CARTESIAN_POINT ( 'NONE',  ( -0.8392103200358727033, 1.629805812119664132, 28.56726096012202376 ) ) ;
#2177 = CARTESIAN_POINT ( 'NONE',  ( 78.05016129032298977, -78.05016129031999128, 30.00006096012200274 ) ) ;
#2178 = ADVANCED_FACE ( 'NONE', ( #1658 ), #287, .T. ) ;
#2179 = CARTESIAN_POINT ( 'NONE',  ( 78.55894434625963640, -81.07116560389728477, 27.60406096012198063 ) ) ;
#2180 = CARTESIAN_POINT ( 'NONE',  ( 0.9191442092638765216, -80.96589284296565836, 28.42006096012202576 ) ) ;
#2181 = CARTESIAN_POINT ( 'NONE',  ( 80.80962133049548868, 1.826222825643858849, 30.00006096012200985 ) ) ;
#2182 = CARTESIAN_POINT ( 'NONE',  ( 82.37354268470731711, -0.4103307411889983713, 27.83286096012201583 ) ) ;
#2183 = CARTESIAN_POINT ( 'NONE',  ( -2.184053627579219281, -0.01312613394819588108, 27.83286096012202648 ) ) ;
#2184 = CARTESIAN_POINT ( 'NONE',  ( -0.01032709962848432639, -80.38170643416272299, 26.78806096012198168 ) ) ;
#2185 = CARTESIAN_POINT ( 'NONE',  ( 81.08256356036000057, -78.49022548926866705, 27.60406096012202326 ) ) ;
#2186 = EDGE_LOOP ( 'NONE', ( #2997, #973, #3281, #1630 ) ) ;
#2187 = ORIENTED_EDGE ( 'NONE', *, *, #3118, .F. ) ;
#2188 = CARTESIAN_POINT ( 'NONE',  ( 0.7605253038009034405, -80.90010517285448088, 26.40006096012201553 ) ) ;
#2189 = CARTESIAN_POINT ( 'NONE',  ( 79.65030962514808266, 2.397639252021593226, 27.09846096012200078 ) ) ;
#2190 = CARTESIAN_POINT ( 'NONE',  ( -1.095449568421591913, -78.58338579111452304, 28.42006096012199734 ) ) ;
#2191 = CARTESIAN_POINT ( 'NONE',  ( -0.8710361543857789712, 1.662308866389211381, 29.30166096012203525 ) ) ;
#2192 = CARTESIAN_POINT ( 'NONE',  ( -2.748906485418928902, -1.900002540004997797, 27.92649340345248277 ) ) ;
#2193 = CARTESIAN_POINT ( 'NONE',  ( 78.83256928703342226, -81.01386737215800338, 26.78806096012196747 ) ) ;
#2194 = CARTESIAN_POINT ( 'NONE',  ( 1.359043234353819685, -81.05579496696195463, 27.19606096012199714 ) ) ;
#2195 = EDGE_CURVE ( 'NONE', #1876, #52, #3148, .T. ) ;
#2196 = CARTESIAN_POINT ( 'NONE',  ( 82.24157119318317655, 0.1317884820420172076, 30.00006096012201340 ) ) ;
#2197 = CARTESIAN_POINT ( 'NONE',  ( 82.19056075005629225, 0.2542005705597084053, 26.36406096012197864 ) ) ;
#2198 = CARTESIAN_POINT ( 'NONE',  ( -2.029887899174060095, 0.5307394916458053613, 30.03606096012202187 ) ) ;
#2199 = CARTESIAN_POINT ( 'NONE',  ( -0.1040615967685903087, -80.27406385468705707, 27.60406096012198418 ) ) ;
#2200 = CARTESIAN_POINT ( 'NONE',  ( 81.04361189212593786, -78.83514114163034492, 28.42006096012206839 ) ) ;
#2201 = ORIENTED_EDGE ( 'NONE', *, *, #842, .T. ) ;
#2202 = CARTESIAN_POINT ( 'NONE',  ( -1.149478706875999956, -1.900002540005000018, 30.00006096012200274 ) ) ;
#2203 = CARTESIAN_POINT ( 'NONE',  ( 80.26779619757040507, -80.13538301520273421, 28.01206096012203517 ) ) ;
#2204 = CARTESIAN_POINT ( 'NONE',  ( 0.3613371837538013054, -80.69257057329741656, 28.40006096012201198 ) ) ;
#2205 = CARTESIAN_POINT ( 'NONE',  ( 80.71432954163483942, 1.909164279250938012, 30.03606096012204318 ) ) ;
#2206 = CARTESIAN_POINT ( 'NONE',  ( -0.4983495251410455795, -79.91603848330929338, 28.40006096012200132 ) ) ;
#2207 = CARTESIAN_POINT ( 'NONE',  ( -1.134489615091734294, -78.16894520601344709, 27.19606096012198648 ) ) ;
#2208 = CARTESIAN_POINT ( 'NONE',  ( -0.6393740420531065505, 1.832774637394869011, 29.30166096012204591 ) ) ;
#2209 = LINE ( 'NONE', #2475, #262 ) ;
#2210 = CARTESIAN_POINT ( 'NONE',  ( 78.71279021791892205, -81.05206384502228900, 28.01206096012199254 ) ) ;
#2211 = CARTESIAN_POINT ( 'NONE',  ( 1.707846131841173287, -81.12562718673142115, 26.78806096012199234 ) ) ;
#2212 = CARTESIAN_POINT ( 'NONE',  ( 82.73663689227217333, -1.665369589819112317, 30.00006096012200629 ) ) ;
#2213 = CARTESIAN_POINT ( 'NONE',  ( 82.15479621781420860, 0.04316702727146679019, 27.83286096012201583 ) ) ;
#2214 = EDGE_CURVE ( 'NONE', #2687, #2814, #2157, .T. ) ;
#2215 = CARTESIAN_POINT ( 'NONE',  ( -1.896678050986547515, 0.5724829772290762619, 27.09846096012201855 ) ) ;
#2216 = CARTESIAN_POINT ( 'NONE',  ( 80.07016661667525170, -80.37253776823249041, 28.40006096012202619 ) ) ;
#2217 = CARTESIAN_POINT ( 'NONE',  ( -0.2977809493291329601, -80.15791370994988085, 26.38006096012198043 ) ) ;
#2218 = CARTESIAN_POINT ( 'NONE',  ( 81.13447312747912576, -78.30115728921146001, 28.42006096012207550 ) ) ;
#2219 = CARTESIAN_POINT ( 'NONE',  ( 1.949996189992003748, -79.55016129032000549, 30.00006096012200274 ) ) ;
#2220 = CARTESIAN_POINT ( 'NONE',  ( 80.19130404326644168, -80.21761051663987985, 26.78806096012198523 ) ) ;
#2221 = CARTESIAN_POINT ( 'NONE',  ( 1.166341915428967146, -81.04228629646124205, 28.40006096012202619 ) ) ;
#2222 = CARTESIAN_POINT ( 'NONE',  ( 80.93540072083168013, 1.546230513029702269, 28.56726096012202376 ) ) ;
#2223 = CARTESIAN_POINT ( 'NONE',  ( -1.144787486344970073, -78.17924307721158073, 26.38006096012198043 ) ) ;
#2224 = CARTESIAN_POINT ( 'NONE',  ( 0.3498324861732252655, 2.397654947940604409, 27.09846096012199723 ) ) ;
#2225 = CARTESIAN_POINT ( 'NONE',  ( 77.91724253107048526, 2.760329830759421288, 28.56726096012202731 ) ) ;
#2226 = FACE_OUTER_BOUND ( 'NONE', #3156, .T. ) ;
#2227 = VECTOR ( 'NONE', #2485, 1000.000000000000000 ) ;
#2228 = CARTESIAN_POINT ( 'NONE',  ( 79.03587568275848696, -80.94734657037378156, 28.01206096012202096 ) ) ;
#2229 = CARTESIAN_POINT ( 'NONE',  ( 1.455163483893198606, -81.08763049724734628, 26.78806096012199234 ) ) ;
#2230 = CARTESIAN_POINT ( 'NONE',  ( 82.12051765335242237, 0.3571750108335037810, 30.00006096012201340 ) ) ;
#2231 = CARTESIAN_POINT ( 'NONE',  ( 82.27240267619329472, 0.07694205730468960114, 30.03606096012204674 ) ) ;
#2232 = CARTESIAN_POINT ( 'NONE',  ( -2.221154312800646125, 0.02476401439892872425, 29.30166096012203525 ) ) ;
#2233 = CARTESIAN_POINT ( 'NONE',  ( 80.46318760381288371, -79.96302346000501871, 28.40006096012202619 ) ) ;
#2234 = CARTESIAN_POINT ( 'NONE',  ( -0.1773067500941172270, -80.23051759579151110, 28.01206096012198543 ) ) ;
#2235 = CARTESIAN_POINT ( 'NONE',  ( 81.11132085208227238, -78.32519655611716303, 27.19606096012201135 ) ) ;
#2236 = CARTESIAN_POINT ( 'NONE',  ( 1.957251539759194081, -81.14829833432534656, 26.40006096012202264 ) ) ;
#2237 = CARTESIAN_POINT ( 'NONE',  ( 56.00011176022400150, -28.00005588010999702, 26.40006096012200132 ) ) ;
#2238 = CARTESIAN_POINT ( 'NONE',  ( 80.29403322418716016, -80.16162004179962253, 28.42006096012206129 ) ) ;
#2239 = EDGE_CURVE ( 'NONE', #696, #1303, #1900, .T. ) ;
#2240 = CARTESIAN_POINT ( 'NONE',  ( 81.10151840269138290, 1.599426070032724079, 26.36406096012198574 ) ) ;
#2241 = CARTESIAN_POINT ( 'NONE',  ( -1.137816411816835238, -78.27325549020457629, 26.38006096012198043 ) ) ;
#2242 = CARTESIAN_POINT ( 'NONE',  ( -0.1769888366693678494, 2.074175009972532457, 28.56726096012202376 ) ) ;
#2243 = LINE ( 'NONE', #3107, #1473 ) ;
#2244 = CARTESIAN_POINT ( 'NONE',  ( 80.80962133049551710, 1.826222825643913472, 26.40006096012199777 ) ) ;
#2245 = CARTESIAN_POINT ( 'NONE',  ( 79.48739008612722046, -80.74522247613491288, 28.01206096012202451 ) ) ;
#2246 = CARTESIAN_POINT ( 'NONE',  ( 0.9191452645531809074, -80.96589178767499106, 26.38006096012198398 ) ) ;
#2247 = CARTESIAN_POINT ( 'NONE',  ( -1.098258367576397054, 1.596257471874265033, 26.40006096012200132 ) ) ;
#2248 = CARTESIAN_POINT ( 'NONE',  ( 82.60325272563957810, -1.139337186507004995, 27.83286096012201583 ) ) ;
#2249 = CARTESIAN_POINT ( 'NONE',  ( -1.996473351882009473, 0.3188260202612197558, 28.56726096012202376 ) ) ;
#2250 = CARTESIAN_POINT ( 'NONE',  ( 80.58321328290863050, -79.80470558275290216, 28.40006096012202264 ) ) ;
#2251 = CARTESIAN_POINT ( 'NONE',  ( -0.3644322656241638092, -80.00152393564607678, 27.60406096012198418 ) ) ;
#2252 = CARTESIAN_POINT ( 'NONE',  ( 81.12036073381500501, -78.33423643780116663, 28.01206096012203872 ) ) ;
#2253 = CARTESIAN_POINT ( 'NONE',  ( 78.02457860043821825, -81.14895630901852996, 26.40006096012193737 ) ) ;
#2254 = CARTESIAN_POINT ( 'NONE',  ( -2.748537596240663738, -1.882485213173429539, 29.30166096012202459 ) ) ;
#2255 = PLANE ( 'NONE',  #662 ) ;
#2256 = CARTESIAN_POINT ( 'NONE',  ( 80.27406384686814533, -80.10421907653658025, 27.60406096012201616 ) ) ;
#2257 = CARTESIAN_POINT ( 'NONE',  ( 81.05933397145460617, 1.439887066214907918, 27.83286096012201583 ) ) ;
#2258 = CARTESIAN_POINT ( 'NONE',  ( -1.098003713952082849, -78.48604313591653181, 26.78806096012197102 ) ) ;
#2259 = CARTESIAN_POINT ( 'NONE',  ( 0.04724981425116237671, 2.194180758059115721, 28.56726096012203087 ) ) ;
#2260 = CARTESIAN_POINT ( 'NONE',  ( 77.91730368867558809, 2.760392289235459984, 27.83286096012201938 ) ) ;
#2261 = CARTESIAN_POINT ( 'NONE',  ( 81.36988753850425837, 1.345320013783553481, 26.40006096012199421 ) ) ;
#2262 = CARTESIAN_POINT ( 'NONE',  ( 79.33379989447584535, -80.85340768548824997, 26.38006096012195911 ) ) ;
#2263 = CARTESIAN_POINT ( 'NONE',  ( 0.4746706814223584647, -80.75596209352438848, 26.38006096012198043 ) ) ;
#2264 = CARTESIAN_POINT ( 'NONE',  ( -2.553054070947334164, -0.6339117403370075898, 26.40006096012200132 ) ) ;
#2265 = VERTEX_POINT ( 'NONE', #2762 ) ;
#2266 = CARTESIAN_POINT ( 'NONE',  ( 82.62820054793958491, -1.113858500952979558, 27.09846096012199723 ) ) ;
#2267 = CARTESIAN_POINT ( 'NONE',  ( -1.059182949842424781, 1.439893638189265523, 27.83286096012202648 ) ) ;
#2268 = CARTESIAN_POINT ( 'NONE',  ( -0.5854478019115534337, -79.80241502691384881, 28.42006096012198668 ) ) ;
#2269 = CARTESIAN_POINT ( 'NONE',  ( -2.088225940943696290, 0.4125310071367904730, 30.00006096012201340 ) ) ;
#2270 = CARTESIAN_POINT ( 'NONE',  ( 79.60058712113783486, -80.71261265634791471, 26.40006096012197645 ) ) ;
#2271 = CARTESIAN_POINT ( 'NONE',  ( 1.914128147763463961, -81.14699835855645915, 26.40006096012202264 ) ) ;
#2272 = CARTESIAN_POINT ( 'NONE',  ( 82.59954240816547610, -0.8250939908294770975, 26.40006096012199421 ) ) ;
#2273 = CARTESIAN_POINT ( 'NONE',  ( 80.44965423434676666, -79.92719024840215525, 26.78806096012198168 ) ) ;
#2274 = CARTESIAN_POINT ( 'NONE',  ( 81.20478629203421406, 1.380236889970233305, 27.09846096012199723 ) ) ;
#2275 = CARTESIAN_POINT ( 'NONE',  ( -0.9692158795538803329, -79.05790247223146139, 28.40006096012199421 ) ) ;
#2276 = CARTESIAN_POINT ( 'NONE',  ( -1.110344704398853244, -78.33967320706670989, 27.19606096012198648 ) ) ;
#2277 = CARTESIAN_POINT ( 'NONE',  ( 0.7576121029890453551, 2.596136784757737903, 30.03606096012201832 ) ) ;
#2278 = DIRECTION ( 'NONE',  ( -0.000000000000000000, 0.000000000000000000, 1.000000000000000000 ) ) ;
#2279 = CARTESIAN_POINT ( 'NONE',  ( 78.66321310642670994, -47.55396240792504869, 30.00006096012200274 ) ) ;
#2280 = CARTESIAN_POINT ( 'NONE',  ( 79.45604295221865243, -80.74380997419947903, 27.19606096012199004 ) ) ;
#2281 = CARTESIAN_POINT ( 'NONE',  ( 0.5811128526869686617, -80.76542425290109861, 27.60406096012199129 ) ) ;
#2282 = CARTESIAN_POINT ( 'NONE',  ( -2.742760699911054534, -1.793811250610683139, 26.40006096012200842 ) ) ;
#2283 = VECTOR ( 'NONE', #877, 1000.000000000000000 ) ;
#2284 = ADVANCED_FACE ( 'NONE', ( #3019 ), #1638, .F. ) ;
#2285 = CARTESIAN_POINT ( 'NONE',  ( 82.65927689907368858, -1.082120878073779879, 30.03606096012203963 ) ) ;
#2286 = DIRECTION ( 'NONE',  ( -1.000000000000000000, 0.000000000000000000, 0.000000000000000000 ) ) ;
#2287 = CARTESIAN_POINT ( 'NONE',  ( -0.6159287223072473783, -79.75536343184610644, 28.42006096012198668 ) ) ;
#2288 = CARTESIAN_POINT ( 'NONE',  ( 81.15231103461594842, -77.99636606841281150, 26.78806096012201010 ) ) ;
#2289 = CARTESIAN_POINT ( 'NONE',  ( 78.65650515997589309, -81.08225260234378595, 28.40006096012199421 ) ) ;
#2290 = CARTESIAN_POINT ( 'NONE',  ( 78.55279743975997064, -81.09951264601332355, 26.40006096012196224 ) ) ;
#2291 = CARTESIAN_POINT ( 'NONE',  ( -2.743620762896247900, -1.831035489380713477, 29.30166096012202459 ) ) ;
#2292 = CARTESIAN_POINT ( 'NONE',  ( 82.74911108405899540, 2.750006350012999867, 30.00006096012200274 ) ) ;
#2293 = CARTESIAN_POINT ( 'NONE',  ( 80.38598901266574615, -80.05693846107951117, 28.42006096012206129 ) ) ;
#2294 = ORIENTED_EDGE ( 'NONE', *, *, #356, .T. ) ;
#2295 = CARTESIAN_POINT ( 'NONE',  ( 81.16586353232014517, 1.340485895264102334, 27.83286096012202293 ) ) ;
#2296 = LINE ( 'NONE', #2061, #3261 ) ;
#2297 = CARTESIAN_POINT ( 'NONE',  ( 0.8896572999670330217, 2.578630897072696548, 29.30166096012202459 ) ) ;
#2298 = CARTESIAN_POINT ( 'NONE',  ( 78.06863251499129319, 2.741982021790588586, 28.56726096012202731 ) ) ;
#2299 = CARTESIAN_POINT ( 'NONE',  ( 78.51073223377935051, 2.719596017280133893, 26.40006096012199421 ) ) ;
#2300 = CARTESIAN_POINT ( 'NONE',  ( 79.15941992429192453, -80.90527519431384462, 26.78806096012196747 ) ) ;
#2301 = CARTESIAN_POINT ( 'NONE',  ( -1.563103735426246921, 1.136425234535199724, 26.40006096012200132 ) ) ;
#2302 = CARTESIAN_POINT ( 'NONE',  ( 82.61600160000944015, -1.072643010795979901, 29.30166096012203525 ) ) ;
#2303 = CARTESIAN_POINT ( 'NONE',  ( 77.99971705514116138, 2.749559147044200902, 29.28006096012199677 ) ) ;
#2304 = CARTESIAN_POINT ( 'NONE',  ( -0.3735006501048083738, -80.07128697343048884, 28.42006096012199734 ) ) ;
#2305 = CARTESIAN_POINT ( 'NONE',  ( -2.241413185249108153, 0.1317879431957620362, 30.00006096012201340 ) ) ;
#2306 = CARTESIAN_POINT ( 'NONE',  ( 78.41435095508656161, -81.12278076892857825, 28.40006096012199421 ) ) ;
#2307 = CARTESIAN_POINT ( 'NONE',  ( 79.98197289750842742, -80.44900582632371311, 26.40006096012197645 ) ) ;
#2308 = CARTESIAN_POINT ( 'NONE',  ( -2.704529436219979655, -1.591054477082733287, 29.30166096012202814 ) ) ;
#2309 = CARTESIAN_POINT ( 'NONE',  ( 80.54796293050138445, -79.76945523039209718, 27.19606096012199714 ) ) ;
#2310 = CARTESIAN_POINT ( 'NONE',  ( 81.66766976615356555, 0.7885765960730304336, 28.56726096012203087 ) ) ;
#2311 = CARTESIAN_POINT ( 'NONE',  ( -1.149097388955597543, -78.01236844725227115, 26.38006096012198043 ) ) ;
#2312 = CARTESIAN_POINT ( 'NONE',  ( 1.205093494731406700, 2.641511842277348254, 29.30166096012202459 ) ) ;
#2313 = CARTESIAN_POINT ( 'NONE',  ( 78.79506243727630022, 2.641510261101604584, 27.09846096012200078 ) ) ;
#2314 = APPLICATION_CONTEXT ( 'configuration controlled 3d designs of mechanical parts and assemblies' ) ;
#2315 = CARTESIAN_POINT ( 'NONE',  ( -0.8078165052201349283, -79.43294849834282445, 26.38006096012195556 ) ) ;
#2316 = CARTESIAN_POINT ( 'NONE',  ( 79.87132738378700481, -80.53480360172072494, 26.38006096012195911 ) ) ;
#2317 = CARTESIAN_POINT ( 'NONE',  ( -2.629467321013982062, -0.9265506992186415269, 26.40006096012200132 ) ) ;
#2318 = CARTESIAN_POINT ( 'NONE',  ( 82.58515174186915431, -0.7612856711006070753, 26.36406096012198219 ) ) ;
#2319 = CARTESIAN_POINT ( 'NONE',  ( 2.000002540004999663, 2.750006350012999867, 30.00006096012200274 ) ) ;
#2320 = CARTESIAN_POINT ( 'NONE',  ( -0.5804961082857631460, -79.71993081783089963, 27.60406096012197708 ) ) ;
#2321 = CARTESIAN_POINT ( 'NONE',  ( -1.520560931907916302, 1.184246016118873035, 30.00006096012200274 ) ) ;
#2322 = CARTESIAN_POINT ( 'NONE',  ( 78.97312465713304164, -80.99441125798935559, 26.40006096012196224 ) ) ;
#2323 = CARTESIAN_POINT ( 'NONE',  ( -2.697997810551344688, -1.520788562329223437, 27.09846096012201855 ) ) ;
#2324 = CARTESIAN_POINT ( 'NONE',  ( 80.58629892185439303, -79.71025719422543432, 27.19606096012198648 ) ) ;
#2325 = ORIENTED_EDGE ( 'NONE', *, *, #1791, .F. ) ;
#2326 = CARTESIAN_POINT ( 'NONE',  ( 81.34778946302999714, 1.165194518604471652, 28.56726096012202731 ) ) ;
#2327 = CARTESIAN_POINT ( 'NONE',  ( -1.146594671548696764, -78.10498726819844251, 26.38006096012198043 ) ) ;
#2328 = CARTESIAN_POINT ( 'NONE',  ( 1.353301363748601771, 2.711966145828360375, 30.03606096012201832 ) ) ;
#2329 = CARTESIAN_POINT ( 'NONE',  ( 79.11049558930234582, 2.578626208450321311, 27.09846096012200078 ) ) ;
#2330 = CARTESIAN_POINT ( 'NONE',  ( -0.7549785297598745615, -79.46736899163555279, 28.01206096012198543 ) ) ;
#2331 = CARTESIAN_POINT ( 'NONE',  ( -1.275031877085809340, 1.314895101782501019, 27.09846096012199723 ) ) ;
#2332 = CARTESIAN_POINT ( 'NONE',  ( 79.94160453293218893, -80.48177170083698684, 26.38006096012196622 ) ) ;
#2333 = CARTESIAN_POINT ( 'NONE',  ( 1.999939036301529027, 2.750071204829313665, 26.40006096012200132 ) ) ;
#2334 = CARTESIAN_POINT ( 'NONE',  ( 82.71541380098454965, -1.657035862598815745, 28.56726096012202376 ) ) ;
#2335 = LINE ( 'NONE', #3113, #1089 ) ;
#2336 = CARTESIAN_POINT ( 'NONE',  ( 78.10498726822008564, -81.14675215187412505, 26.38006096012192003 ) ) ;
#2337 = CARTESIAN_POINT ( 'NONE',  ( -1.651193827748175025, 1.044473876255562761, 30.00006096012200274 ) ) ;
#2338 = CARTESIAN_POINT ( 'NONE',  ( 80.49878475038741499, -79.91605092145972833, 26.40006096012198356 ) ) ;
#2339 = AXIS2_PLACEMENT_3D ( 'NONE', #1792, #2898, #222 ) ;
#2340 = CARTESIAN_POINT ( 'NONE',  ( -2.644574764485194240, -1.296419472772853076, 28.56726096012202021 ) ) ;
#2341 = CARTESIAN_POINT ( 'NONE',  ( 0.4572364787268741182, -80.71481580063081651, 28.01206096012199254 ) ) ;
#2342 = CARTESIAN_POINT ( 'NONE',  ( 80.40602099609974118, -80.03479914189028932, 28.42006096012206129 ) ) ;
#2343 = VERTEX_POINT ( 'NONE', #273 ) ;
#2344 = ORIENTED_EDGE ( 'NONE', *, *, #1275, .T. ) ;
#2345 = CARTESIAN_POINT ( 'NONE',  ( 81.73009363284811002, 0.9429758398665073482, 26.36406096012198219 ) ) ;
#2346 = CARTESIAN_POINT ( 'NONE',  ( -1.122676597212480143, -78.41440426367108785, 26.40006096012201553 ) ) ;
#2347 = CARTESIAN_POINT ( 'NONE',  ( 1.267092477356520419, 2.653359139919473808, 29.30166096012202459 ) ) ;
#2348 = EDGE_CURVE ( 'NONE', #1510, #1876, #2209, .T. ) ;
#2349 = CARTESIAN_POINT ( 'NONE',  ( 79.17849462070167021, 2.530723096188976395, 27.09846096012200078 ) ) ;
#2350 = CARTESIAN_POINT ( 'NONE',  ( -0.6114998306034162834, -79.67340202470157351, 27.19606096012198648 ) ) ;
#2351 = CARTESIAN_POINT ( 'NONE',  ( -1.233753602456883147, 1.272738469073521728, 28.56726096012202021 ) ) ;
#2352 = CARTESIAN_POINT ( 'NONE',  ( 79.75536343201306977, -80.61608620277853277, 28.42006096012206129 ) ) ;
#2353 = DIRECTION ( 'NONE',  ( 0.000000000000000000, -1.000000000000000000, 0.000000000000000000 ) ) ;
#2354 = CARTESIAN_POINT ( 'NONE',  ( 82.75085413695926206, -1.936751392464525878, 26.36406096012198930 ) ) ;
#2355 = CARTESIAN_POINT ( 'NONE',  ( 81.14602437897541165, -78.12947737416108396, 28.40006096012203329 ) ) ;
#2356 = CARTESIAN_POINT ( 'NONE',  ( 78.17041710321342407, -81.13611899260196481, 28.01206096012199254 ) ) ;
#2357 = CARTESIAN_POINT ( 'NONE',  ( 2.058994730219842140, -81.15416922710343783, 28.01206096012199964 ) ) ;
#2358 = CARTESIAN_POINT ( 'NONE',  ( 81.12228309129001502, -78.43305190773322977, 26.40006096012202619 ) ) ;
#2359 = CARTESIAN_POINT ( 'NONE',  ( -2.681206636772307306, -1.398032623920487660, 29.30166096012202814 ) ) ;
#2360 = CARTESIAN_POINT ( 'NONE',  ( 0.1173666379928380299, -80.52579451418245071, 26.38006096012198043 ) ) ;
#2361 = CARTESIAN_POINT ( 'NONE',  ( 80.62465154030137171, -79.68904578589710752, 28.01206096012202451 ) ) ;
#2362 = ORIENTED_EDGE ( 'NONE', *, *, #551, .F. ) ;
#2363 = VERTEX_POINT ( 'NONE', #2986 ) ;
#2364 = CARTESIAN_POINT ( 'NONE',  ( -0.05566775880084989803, -80.38487579069362710, 28.40006096012200487 ) ) ;
#2365 = CARTESIAN_POINT ( 'NONE',  ( -1.146148837824313871, -78.11718361970581270, 26.40006096012201553 ) ) ;
#2366 = CARTESIAN_POINT ( 'NONE',  ( 2.006845403664737404, 2.751538449718585522, 28.56726096012201310 ) ) ;
#2367 = CARTESIAN_POINT ( 'NONE',  ( 79.16651042920067027, 2.518483893860223866, 27.83286096012202648 ) ) ;
#2368 = CARTESIAN_POINT ( 'NONE',  ( -0.8532500477341622425, -79.33379973702544419, 28.42006096012198668 ) ) ;
#2369 = CARTESIAN_POINT ( 'NONE',  ( -1.668467842009334401, 0.8801995488036282733, 29.30166096012202459 ) ) ;
#2370 = CARTESIAN_POINT ( 'NONE',  ( 79.98324141834875434, -80.45027434716119785, 26.38006096012195911 ) ) ;
#2371 = CARTESIAN_POINT ( 'NONE',  ( 65.66321310642669573, -54.35396240792304923, 26.40006096012200132 ) ) ;
#2372 = CARTESIAN_POINT ( 'NONE',  ( 82.72324022878298422, -1.495169843518072250, 26.36406096012199285 ) ) ;
#2373 = CARTESIAN_POINT ( 'NONE',  ( 78.28519230102823201, -81.11842044260291118, 27.60406096012197352 ) ) ;
#2374 = CARTESIAN_POINT ( 'NONE',  ( -0.8608744669446297682, 1.788080342304253056, 30.00006096012203116 ) ) ;
#2375 = DIRECTION ( 'NONE',  ( 0.000000000000000000, 1.000000000000000000, 0.000000000000000000 ) ) ;
#2376 = CARTESIAN_POINT ( 'NONE',  ( -2.511764814259001000, -0.5160858138584590860, 30.03606096012202187 ) ) ;
#2377 = CARTESIAN_POINT ( 'NONE',  ( 0.1058242753063208252, -80.47706703391213523, 28.01206096012199254 ) ) ;
#2378 = CARTESIAN_POINT ( 'NONE',  ( 80.71482997102947365, -79.54293517198456698, 26.78806096012200300 ) ) ;
#2379 = ORIENTED_EDGE ( 'NONE', *, *, #620, .T. ) ;
#2380 = B_SPLINE_CURVE_WITH_KNOTS ( 'NONE', 3,
 ( #966, #1488, #633, #1504, #1225, #911, #986, #2606, #946, #383 ),
 .UNSPECIFIED., .F., .F.,
 ( 4, 3, 3, 4 ),
 ( 0.000000000000000000, 0.001526872794856769895, 0.002563436257950963207, 0.003599999824934601959 ),
 .UNSPECIFIED. ) ;
#2381 = CARTESIAN_POINT ( 'NONE',  ( -0.4488483467943933936, -79.98197289647754360, 28.40006096012200487 ) ) ;
#2382 = CARTESIAN_POINT ( 'NONE',  ( 0.4381188173573686284, -80.73393346201721954, 26.40006096012201553 ) ) ;
#2383 = CARTESIAN_POINT ( 'NONE',  ( 1.234423067830019649, 2.686723719727742932, 30.03606096012201832 ) ) ;
#2384 = CARTESIAN_POINT ( 'NONE',  ( 79.24254147312764474, 2.596132797482721521, 30.03606096012203963 ) ) ;
#2385 = CARTESIAN_POINT ( 'NONE',  ( -0.6909429346844251363, -79.57907488329080081, 26.78806096012197102 ) ) ;
#2386 = CARTESIAN_POINT ( 'NONE',  ( -1.129673234769803525, 1.440929278425336246, 29.30166096012202459 ) ) ;
#2387 = CARTESIAN_POINT ( 'NONE',  ( 79.68713875184754158, -80.62539403808729332, 28.01206096012202806 ) ) ;
#2388 = DIRECTION ( 'NONE',  ( -1.000000000000000000, 0.000000000000000000, 0.000000000000000000 ) ) ;
#2389 = CARTESIAN_POINT ( 'NONE',  ( 82.73630927159973680, -1.635695758562751623, 30.03606096012203608 ) ) ;
#2390 = CARTESIAN_POINT ( 'NONE',  ( 78.04919895793186413, -81.14802535244929516, 28.42006096012201866 ) ) ;
#2391 = CARTESIAN_POINT ( 'NONE',  ( 1.951190174179896708, -81.14785076142473486, 26.38006096012198398 ) ) ;
#2392 = EDGE_CURVE ( 'NONE', #2533, #3212, #2712, .T. ) ;
#2393 = CARTESIAN_POINT ( 'NONE',  ( 78.64462924809002686, 2.709691891958206700, 30.00006096012200629 ) ) ;
#2394 = CARTESIAN_POINT ( 'NONE',  ( -2.601125967474825273, -0.8233159037308640515, 30.03606096012202187 ) ) ;
#2395 = CARTESIAN_POINT ( 'NONE',  ( 0.2307022461006706937, -80.54796293437362920, 27.19606096012198648 ) ) ;
#2396 = CARTESIAN_POINT ( 'NONE',  ( 80.96589284788717578, -79.08101325705190732, 28.42006096012207550 ) ) ;
#2397 = ORIENTED_EDGE ( 'NONE', *, *, #3188, .F. ) ;
#2398 = VERTEX_POINT ( 'NONE', #2491 ) ;
#2399 = AXIS2_PLACEMENT_3D ( 'NONE', #2041, #1765, #3159 ) ;
#2400 = CARTESIAN_POINT ( 'NONE',  ( -0.4983495251411811378, -79.91603848330943549, 26.40006096012201553 ) ) ;
#2401 = DATE_AND_TIME ( #2672, #1937 ) ;
#2402 = CC_DESIGN_SECURITY_CLASSIFICATION ( #378, ( #1364 ) ) ;
#2403 = CARTESIAN_POINT ( 'NONE',  ( 80.27282496951468715, 2.171889602684278664, 26.36406096012198219 ) ) ;
#2404 = CARTESIAN_POINT ( 'NONE',  ( -1.007931597388305622, -78.93278666801458598, 26.38006096012195911 ) ) ;
#2405 = CARTESIAN_POINT ( 'NONE',  ( -0.4486617543932645003, 1.907879032484148141, 28.56726096012203087 ) ) ;
#2406 = CARTESIAN_POINT ( 'NONE',  ( 80.06612078910274022, -80.30779728742204782, 27.19606096012199714 ) ) ;
#2407 = DIRECTION ( 'NONE',  ( 0.000000000000000000, -1.000000000000000000, 0.000000000000000000 ) ) ;
#2408 = CARTESIAN_POINT ( 'NONE',  ( 82.73391542789475750, -1.754628569501160973, 27.09846096012201144 ) ) ;
#2409 = CARTESIAN_POINT ( 'NONE',  ( 78.42749344355645746, -81.10501435393135239, 28.01206096012199254 ) ) ;
#2410 = CARTESIAN_POINT ( 'NONE',  ( 1.895630245440087291, -81.14634917930631275, 28.42006096012202576 ) ) ;
#2411 = CARTESIAN_POINT ( 'NONE',  ( 80.83413168900510470, -79.37184773306309182, 26.40006096012200842 ) ) ;
#2412 = CARTESIAN_POINT ( 'NONE',  ( 81.85126959500415467, 0.7958222838248838471, 26.36406096012198219 ) ) ;
#2413 = CARTESIAN_POINT ( 'NONE',  ( -2.491553378959570519, -0.4552387564560191335, 26.36406096012199285 ) ) ;
#2414 = CARTESIAN_POINT ( 'NONE',  ( 0.3110999225329273976, -80.62466331220879567, 26.78806096012198168 ) ) ;
#2415 = CARTESIAN_POINT ( 'NONE',  ( 80.75596209362676348, -79.52548679898774253, 26.38006096012198398 ) ) ;
#2416 = LINE ( 'NONE', #2151, #3218 ) ;
#2417 = VERTEX_POINT ( 'NONE', #3303 ) ;
#2418 = CC_DESIGN_PERSON_AND_ORGANIZATION_ASSIGNMENT ( #2708, #2724, ( #378 ) ) ;
#2419 = CARTESIAN_POINT ( 'NONE',  ( 0.04979434011349737066, -80.47282712617682421, 28.40006096012200487 ) ) ;
#2420 = CARTESIAN_POINT ( 'NONE',  ( -0.8902465434287124557, -79.25767249323149599, 26.40006096012199421 ) ) ;
#2421 = APPROVAL_ROLE ( '' ) ;
#2422 = CARTESIAN_POINT ( 'NONE',  ( 79.84913286907793406, 2.387612477944493161, 30.03606096012203963 ) ) ;
#2423 = CARTESIAN_POINT ( 'NONE',  ( -0.8669988994506364621, -79.23442484926674467, 26.78806096012196392 ) ) ;
#2424 = CARTESIAN_POINT ( 'NONE',  ( -0.3464105818598537945, 1.981239961549060569, 27.83286096012203004 ) ) ;
#2425 = DIRECTION ( 'NONE',  ( -1.000000000000000000, 0.000000000000000000, 0.000000000000000000 ) ) ;
#2426 = CARTESIAN_POINT ( 'NONE',  ( 77.94041059664473892, -81.15341707357322321, 27.19606096012195451 ) ) ;
#2427 = CARTESIAN_POINT ( 'NONE',  ( 78.75415695894885459, -81.04145071949390911, 26.78806096012196036 ) ) ;
#2428 = CARTESIAN_POINT ( 'NONE',  ( 1.707910774828321543, -81.12556254371770592, 28.01206096012199964 ) ) ;
#2429 = CARTESIAN_POINT ( 'NONE',  ( 82.65776056634402380, -1.083669476756685235, 30.00006096012200985 ) ) ;
#2430 = CARTESIAN_POINT ( 'NONE',  ( 82.03004425786106424, 0.5307383461465320362, 30.03606096012205384 ) ) ;
#2431 = CARTESIAN_POINT ( 'NONE',  ( -2.373394514653717202, -0.4103212327596933995, 27.83286096012202648 ) ) ;
#2432 = CARTESIAN_POINT ( 'NONE',  ( -0.09956167384794201158, -80.34916681875495215, 26.38006096012198043 ) ) ;
#2433 = CARTESIAN_POINT ( 'NONE',  ( 80.66680268398076237, -79.61305240726029808, 26.78806096012198523 ) ) ;
#2434 = CARTESIAN_POINT ( 'NONE',  ( 2.000193577036281756, -81.14997025328865732, 26.40006096012199066 ) ) ;
#2435 = EDGE_LOOP ( 'NONE', ( #3194, #1250, #2889, #2670 ) ) ;
#2436 = CARTESIAN_POINT ( 'NONE',  ( -0.8066764398955149629, -79.43180843301905725, 26.40006096012199066 ) ) ;
#2437 = ADVANCED_FACE ( 'NONE', ( #829 ), #2142, .T. ) ;
#2438 = CARTESIAN_POINT ( 'NONE',  ( 79.99083466593998537, 2.232914804368882233, 27.09846096012200078 ) ) ;
#2439 = CARTESIAN_POINT ( 'NONE',  ( -0.9801528801961806314, -78.95902375964608666, 28.01206096012198543 ) ) ;
#2440 = CARTESIAN_POINT ( 'NONE',  ( -0.3287271891779502964, 2.140968182838404843, 30.03606096012205029 ) ) ;
#2441 = DIRECTION ( 'NONE',  ( 0.000000000000000000, 1.000000000000000000, 0.000000000000000000 ) ) ;
#2442 = CARTESIAN_POINT ( 'NONE',  ( 78.63148643606554344, -81.05723387845411310, 27.60406096012198418 ) ) ;
#2443 = CARTESIAN_POINT ( 'NONE',  ( 1.048752237643252538, -80.99808039441579410, 26.38006096012198398 ) ) ;
#2444 = CARTESIAN_POINT ( 'NONE',  ( 81.91660377172036078, 0.6822857518811934474, 30.00006096012201340 ) ) ;
#2445 = CARTESIAN_POINT ( 'NONE',  ( 82.18420309861718920, -0.01313431369941295279, 27.83286096012202293 ) ) ;
#2446 = CARTESIAN_POINT ( 'NONE',  ( -2.675919440445533759, -1.164685592474038023, 26.36406096012199285 ) ) ;
#2447 = CARTESIAN_POINT ( 'NONE',  ( -0.03391648075356551439, -80.36312451266518053, 26.78806096012198168 ) ) ;
#2448 = CARTESIAN_POINT ( 'NONE',  ( 81.13018987715327057, -78.34406558111683694, 28.42006096012205774 ) ) ;
#2449 = ORIENTED_EDGE ( 'NONE', *, *, #3522, .F. ) ;
#2450 = VERTEX_POINT ( 'NONE', #645 ) ;
#2451 = CARTESIAN_POINT ( 'NONE',  ( 0.3613371837319974134, -80.69257057331920180, 26.40006096012201553 ) ) ;
#2452 = DATE_TIME_ROLE ( 'classification_date' ) ;
#2453 = VECTOR ( 'NONE', #1378, 1000.000000000000000 ) ;
#2454 = CARTESIAN_POINT ( 'NONE',  ( 79.99084468541393278, 2.232925036960561105, 29.30166096012203170 ) ) ;
#2455 = CARTESIAN_POINT ( 'NONE',  ( -1.057076401162376111, -78.63148643909624980, 27.60406096012198063 ) ) ;
#2456 = LOCAL_TIME ( 11, 53, 39.00000000000000000, #1584 ) ;
#2457 = PRODUCT_DEFINITION ( 'æœ', '', #1364, #2705 ) ;
#2458 = CARTESIAN_POINT ( 'NONE',  ( -0.8710410141272068030, 1.662313829765372342, 27.09846096012201855 ) ) ;
#2459 = CARTESIAN_POINT ( 'NONE',  ( 81.14924998957729940, -77.99924363965071450, 27.20006096012199492 ) ) ;
#2460 = CARTESIAN_POINT ( 'NONE',  ( 78.58339268204275641, -81.09561393965282150, 26.38006096012194135 ) ) ;
#2461 = CARTESIAN_POINT ( 'NONE',  ( 1.716034881943205637, -81.11743843661925268, 27.19606096012199714 ) ) ;
#2462 = CARTESIAN_POINT ( 'NONE',  ( 81.52071893329565455, 1.184246548279454858, 30.00006096012201340 ) ) ;
#2463 = CARTESIAN_POINT ( 'NONE',  ( 82.33209661959607217, -0.03252985713043132776, 26.36406096012198219 ) ) ;
#2464 = CARTESIAN_POINT ( 'NONE',  ( -1.749918894591057761, 0.6924757794352980333, 27.83286096012201583 ) ) ;
#2465 = CARTESIAN_POINT ( 'NONE',  ( -0.1631671745342234137, -80.21637802026219788, 27.19606096012198648 ) ) ;
#2466 = CARTESIAN_POINT ( 'NONE',  ( 81.02399574257493953, -78.73727078883621289, 27.19606096012201135 ) ) ;
#2467 = CLOSED_SHELL ( 'NONE', ( #3097, #2437, #1113, #421, #2548, #2741, #1862, #818, #2284, #1634, #1970, #687, #1072, #2921, #1902, #2499, #2804, #3564, #2927, #2832, #2178, #889, #1440, #97, #1747, #2658 ) ) ;
#2468 = ORIENTED_EDGE ( 'NONE', *, *, #3072, .F. ) ;
#2469 = LINE ( 'NONE', #1980, #1882 ) ;
#2470 = COORDINATED_UNIVERSAL_TIME_OFFSET ( 8, 0, .AHEAD. ) ;
#2471 = CARTESIAN_POINT ( 'NONE',  ( 80.17654400845310647, -80.20285048181280274, 27.60406096012201260 ) ) ;
#2472 = CARTESIAN_POINT ( 'NONE',  ( 80.50194711558330596, 1.872523531340610337, 27.83286096012201583 ) ) ;
#2473 = CARTESIAN_POINT ( 'NONE',  ( -1.130650780742171291, -78.21559811537476037, 28.01206096012198898 ) ) ;
#2474 = CARTESIAN_POINT ( 'NONE',  ( -0.7507146876556802795, 1.766223543154402442, 29.30166096012204591 ) ) ;
#2475 = CARTESIAN_POINT ( 'NONE',  ( 78.05016129032298977, -79.55016129032000549, 30.00006096012200274 ) ) ;
#2476 = CARTESIAN_POINT ( 'NONE',  ( 78.49793432754908906, -81.11005238587868860, 26.38006096012194135 ) ) ;
#2477 = CARTESIAN_POINT ( 'NONE',  ( 1.077916177134830900, -80.96891645492007683, 27.60406096012200194 ) ) ;
#2478 = CARTESIAN_POINT ( 'NONE',  ( 82.39995861284205603, -0.2177620268990105024, 30.00006096012201340 ) ) ;
#2479 = CARTESIAN_POINT ( 'NONE',  ( 82.09110986736200744, 0.4153154691192226800, 26.36406096012198574 ) ) ;
#2480 = CARTESIAN_POINT ( 'NONE',  ( -2.122913382641912428, 0.1852745702192871713, 29.30166096012203525 ) ) ;
#2481 = CARTESIAN_POINT ( 'NONE',  ( 80.11869793645321636, -80.33051266626581821, 28.40006096012202619 ) ) ;
#2482 = CARTESIAN_POINT ( 'NONE',  ( -0.03464129682705607838, -80.40602063134186039, 26.38006096012198043 ) ) ;
#2483 = CARTESIAN_POINT ( 'NONE',  ( 81.11135127655633426, -78.32522698048575194, 27.60406096012202326 ) ) ;
#2484 = CARTESIAN_POINT ( 'NONE',  ( 77.99994329607420696, -81.14994964608455064, 28.40006096012200487 ) ) ;
#2485 = DIRECTION ( 'NONE',  ( 0.000000000000000000, 1.000000000000000000, 0.000000000000000000 ) ) ;
#2486 = CARTESIAN_POINT ( 'NONE',  ( 80.23052280808376224, -80.17746945360219968, 26.78806096012198168 ) ) ;
#2487 = CARTESIAN_POINT ( 'NONE',  ( 1.699436117898421639, -81.13403720066997948, 28.40006096012202974 ) ) ;
#2488 = CARTESIAN_POINT ( 'NONE',  ( 80.97388450236759638, 1.585533188559537621, 29.30166096012203525 ) ) ;
#2489 = CARTESIAN_POINT ( 'NONE',  ( -1.127669959361241814, -78.26310903775308248, 28.01206096012198898 ) ) ;
#2490 = CARTESIAN_POINT ( 'NONE',  ( 0.4615889993043281181, 2.410267171280795484, 27.09846096012199723 ) ) ;
#2491 = CARTESIAN_POINT ( 'NONE',  ( 65.66321310642669573, -54.35396240792304923, 30.00006096012200274 ) ) ;
#2492 = CARTESIAN_POINT ( 'NONE',  ( 80.86103106697267151, 1.788079443285696124, 26.40006096012199421 ) ) ;
#2493 = CARTESIAN_POINT ( 'NONE',  ( 78.58338579120395195, -81.09560704881619131, 28.42006096012202931 ) ) ;
#2494 = CARTESIAN_POINT ( 'NONE',  ( 1.455192553247629528, -81.08760142786564984, 28.01206096012199609 ) ) ;
#2495 = CARTESIAN_POINT ( 'NONE',  ( 82.26991197489948604, 0.07439835652920535891, 30.00006096012201340 ) ) ;
#2496 = CARTESIAN_POINT ( 'NONE',  ( 82.33209601935271849, -0.03253047014425444750, 30.03606096012204674 ) ) ;
#2497 = CARTESIAN_POINT ( 'NONE',  ( -1.857030287511645561, 0.5319915513784307937, 27.83286096012202648 ) ) ;
#2498 = CARTESIAN_POINT ( 'NONE',  ( -0.3065026760165161512, -80.09484542288859643, 28.01206096012198543 ) ) ;
#2499 = ADVANCED_FACE ( 'NONE', ( #848, #3087, #2836 ), #3051, .T. ) ;
#2500 = CARTESIAN_POINT ( 'NONE',  ( 81.05186946036508289, -78.76514450658999067, 26.38006096012200530 ) ) ;
#2501 = CARTESIAN_POINT ( 'NONE',  ( 78.02457987801253125, -81.14895724446630254, 28.40006096012197290 ) ) ;
#2502 = CARTESIAN_POINT ( 'NONE',  ( 77.99994372295299172, -81.14995007278615446, 26.40006096012199066 ) ) ;
#2503 = CARTESIAN_POINT ( 'NONE',  ( -1.118947520671731644, -78.44158409056545622, 28.40006096012200487 ) ) ;
#2504 = CARTESIAN_POINT ( 'NONE',  ( 80.21637800989445566, -80.16332465542349439, 27.19606096012200069 ) ) ;
#2505 = CARTESIAN_POINT ( 'NONE',  ( 1.957255039095367799, -81.14829752811341734, 28.40006096012202974 ) ) ;
#2506 = CARTESIAN_POINT ( 'NONE',  ( 80.75085920421309993, 1.766210303768972700, 27.09846096012199723 ) ) ;
#2507 = CARTESIAN_POINT ( 'NONE',  ( -1.119740996403627564, -78.44237756629779312, 26.38006096012196977 ) ) ;
#2508 = CARTESIAN_POINT ( 'NONE',  ( 0.009320630736576560049, 2.232917034280595292, 29.30166096012203525 ) ) ;
#2509 = CARTESIAN_POINT ( 'NONE',  ( 78.15506350915345024, 2.743772570160415203, 30.03606096012203608 ) ) ;
#2510 = CARTESIAN_POINT ( 'NONE',  ( 78.12744976074324654, 2.745089580874520596, 26.40006096012199421 ) ) ;
#2511 = VECTOR ( 'NONE', #566, 1000.000000000000000 ) ;
#2512 = CARTESIAN_POINT ( 'NONE',  ( 79.14585164888853797, -80.89170691888931231, 27.60406096012200905 ) ) ;
#2513 = CARTESIAN_POINT ( 'NONE',  ( 0.4746699371295770575, -80.75596283781862894, 28.42006096012201155 ) ) ;
#2514 = CARTESIAN_POINT ( 'NONE',  ( -1.012829288322385057, 1.670969814742319093, 26.40006096012200132 ) ) ;
#2515 = CARTESIAN_POINT ( 'NONE',  ( 82.29436455726050781, -0.2415008993743574250, 28.56726096012202731 ) ) ;
#2516 = CARTESIAN_POINT ( 'NONE',  ( -2.190403696118961463, 0.2542010060077524725, 26.36406096012199285 ) ) ;
#2517 = CARTESIAN_POINT ( 'NONE',  ( 79.94044628986472389, -80.48061345777243503, 28.40006096012202619 ) ) ;
#2518 = CARTESIAN_POINT ( 'NONE',  ( -0.4163866909247007086, -80.02264547789243920, 28.42006096012199734 ) ) ;
#2519 = CARTESIAN_POINT ( 'NONE',  ( 81.14635474961946215, -78.10453280517856456, 26.38006096012200175 ) ) ;
#2520 = CARTESIAN_POINT ( 'NONE',  ( 78.35767437612386743, -81.12850335380043987, 26.40006096012194448 ) ) ;
#2521 = CARTESIAN_POINT ( 'NONE',  ( -2.753730295604324141, -1.990124383007398690, 26.36406096012199285 ) ) ;
#2522 = CARTESIAN_POINT ( 'NONE',  ( 82.65776056635185398, -1.083669476748639449, 26.40006096012200132 ) ) ;
#2523 = CARTESIAN_POINT ( 'NONE',  ( 80.07978978746162113, -80.32146628577049796, 26.78806096012197813 ) ) ;
#2524 = CARTESIAN_POINT ( 'NONE',  ( 80.70986571566312762, 1.724344517332060400, 27.83286096012202293 ) ) ;
#2525 = CARTESIAN_POINT ( 'NONE',  ( -1.136021711545720958, -78.15147581910814267, 27.19606096012198648 ) ) ;
#2526 = CARTESIAN_POINT ( 'NONE',  ( -0.3287268302681665144, 2.140967816283819936, 26.36406096012199285 ) ) ;
#2527 = VECTOR ( 'NONE', #2050, 1000.000000000000000 ) ;
#2528 = LINE ( 'NONE', #2005, #3497 ) ;
#2529 = CARTESIAN_POINT ( 'NONE',  ( 81.01298698491228834, 1.670970051914797638, 26.40006096012199421 ) ) ;
#2530 = CARTESIAN_POINT ( 'NONE',  ( 79.54924622081013297, -80.68991761969411414, 27.60406096012201260 ) ) ;
#2531 = CARTESIAN_POINT ( 'NONE',  ( 0.5086310937616458361, -80.72200168119783825, 27.19606096012198648 ) ) ;
#2532 = CARTESIAN_POINT ( 'NONE',  ( -2.735174125159913316, -1.636694228386595285, 26.40006096012200132 ) ) ;
#2533 = VERTEX_POINT ( 'NONE', #2818 ) ;
#2534 = CARTESIAN_POINT ( 'NONE',  ( 82.63185765257057369, -0.9242703352702462682, 30.03606096012203963 ) ) ;
#2535 = CARTESIAN_POINT ( 'NONE',  ( -1.271036000733924531, 1.448057145749820585, 26.36406096012199285 ) ) ;
#2536 = CARTESIAN_POINT ( 'NONE',  ( -0.3076398146494276342, -80.06612079130094628, 27.19606096012198648 ) ) ;
#2537 = CARTESIAN_POINT ( 'NONE',  ( -1.847534335765296021, 0.7921683735634671431, 30.00006096012200274 ) ) ;
#2538 = CARTESIAN_POINT ( 'NONE',  ( 79.54457176196592627, -80.74382365639667114, 26.40006096012196579 ) ) ;
#2539 = B_SPLINE_CURVE_WITH_KNOTS ( 'NONE', 5,
 ( #1778, #385, #3098, #1245, #1451, #1701, #1490, #1736, #671, #2014, #3077, #1191, #1719, #3367, #2574, #1210, #3386, #3404, #3115, #932, #82, #3422, #2885, #2808, #1172, #402, #914, #2305, #1227, #1506, #2269, #2592, #3134, #118, #2537, #653, #596, #2337, #1756, #2321, #1978, #66, #346, #2608, #893, #1996, #617, #1796, #1816, #2072, #2374, #3205, #174, #154, #2125, #2972, #1523, #744, #1045, #2918, #2108, #419, #2902, #1850, #1541, #1834, #2938, #2697, #3514, #489, #2145, #1027, #3240, #2954, #1281, #3441, #455, #438 ),
 .UNSPECIFIED., .F., .F.,
 ( 6, 3, 3, 3, 3, 3, 3, 3, 3, 3, 3, 3, 3, 3, 3, 3, 3, 3, 3, 3, 3, 3, 3, 3, 3, 6 ),
 ( -0.007041683894831459768, -0.006896701736010043583, -0.006780435036924283530, -0.006598613566405208027, -0.006420201238509965630, -0.006212242928852087023, -0.005908076967192739913, -0.005592352045341687089, -0.005266501036573178335, -0.004932002769986414473, -0.004590375319043861480, -0.004243169112015797440, -0.003891959895571389574, -0.003538341583479292195, -0.003281509459080945729, -0.003006598065990860429, -0.002830300710753669464, -0.002479091494309411219, -0.002131885287281367128, -0.001790257836339742212, -0.001455759569751971343, -0.0009646830652266687178, -0.0005100176774728180581, -0.0002187910905567776523, 5.817443059924314042E-05, 0.0003196722757909734036 ),
 .UNSPECIFIED. ) ;
#2540 = CARTESIAN_POINT ( 'NONE',  ( -2.746568542280844571, -1.884496166790966987, 28.56726096012202021 ) ) ;
#2541 = PLANE ( 'NONE',  #1020 ) ;
#2542 = CARTESIAN_POINT ( 'NONE',  ( 80.39845280137994621, -79.96275980242594983, 27.19606096012199714 ) ) ;
#2543 = EDGE_CURVE ( 'NONE', #1353, #994, #2243, .T. ) ;
#2544 = ORIENTED_EDGE ( 'NONE', *, *, #142, .T. ) ;
#2545 = CARTESIAN_POINT ( 'NONE',  ( 80.81262869889623346, 1.829294187649783021, 30.03606096012204318 ) ) ;
#2546 = CARTESIAN_POINT ( 'NONE',  ( -1.098493942886120678, -78.42113051281954483, 27.19606096012197938 ) ) ;
#2547 = CARTESIAN_POINT ( 'NONE',  ( -0.2160151135483541762, 2.114031724538899315, 29.30166096012203525 ) ) ;
#2548 = ADVANCED_FACE ( 'NONE', ( #924 ), #865, .T. ) ;
#2549 = FACE_OUTER_BOUND ( 'NONE', #1251, .T. ) ;
#2550 = CARTESIAN_POINT ( 'NONE',  ( 79.34085804757965832, -80.80314200353380727, 27.60406096012201260 ) ) ;
#2551 = CARTESIAN_POINT ( 'NONE',  ( 0.7872423649620152730, -80.87338811170259589, 26.78806096012198878 ) ) ;
#2552 = CARTESIAN_POINT ( 'NONE',  ( -2.657602372486516540, -1.083670205482614612, 26.40006096012200132 ) ) ;
#2553 = CARTESIAN_POINT ( 'NONE',  ( 82.54813893744295683, -0.7990860687660618078, 29.30166096012202814 ) ) ;
#2554 = CARTESIAN_POINT ( 'NONE',  ( -0.4982511478074123645, -79.83493241018112485, 27.60406096012197708 ) ) ;
#2555 = CARTESIAN_POINT ( 'NONE',  ( 81.14943619394560415, -78.05055273867127141, 28.01206096012204583 ) ) ;
#2556 = CARTESIAN_POINT ( 'NONE',  ( 78.58271308080234974, -81.09493433841329590, 28.40006096012199421 ) ) ;
#2557 = CARTESIAN_POINT ( 'NONE',  ( -2.748702614873533179, -1.900002540004999352, 30.00006087831112112 ) ) ;
#2558 = CARTESIAN_POINT ( 'NONE',  ( -2.667189514489793023, -1.412348015965498416, 28.56726096012202021 ) ) ;
#2559 = FACE_OUTER_BOUND ( 'NONE', #3230, .T. ) ;
#2560 = CARTESIAN_POINT ( 'NONE',  ( 80.43606899389484965, -80.00037599488572937, 28.42006096012206129 ) ) ;
#2561 = ORIENTED_EDGE ( 'NONE', *, *, #2543, .F. ) ;
#2562 = CARTESIAN_POINT ( 'NONE',  ( 81.16460849959125312, 1.547401724487713404, 26.36406096012198574 ) ) ;
#2563 = PLANE ( 'NONE',  #2399 ) ;
#2564 = CARTESIAN_POINT ( 'NONE',  ( 0.8630153532070805600, 2.605839756126156370, 30.03606096012201832 ) ) ;
#2565 = CARTESIAN_POINT ( 'NONE',  ( 78.07348120204771647, 2.746933883620711558, 26.36406096012198574 ) ) ;
#2566 = CARTESIAN_POINT ( 'NONE',  ( 80.04220627238025543, 2.285379543922483325, 26.40006096012199421 ) ) ;
#2567 = CARTESIAN_POINT ( 'NONE',  ( 79.54924573507064167, -80.68991713398483512, 27.19606096012199004 ) ) ;
#2568 = CARTESIAN_POINT ( 'NONE',  ( -2.399800520929301406, -0.2177626515108902761, 26.40006096012200132 ) ) ;
#2569 = AXIS2_PLACEMENT_3D ( 'NONE', #2177, #2747, #2425 ) ;
#2570 = CARTESIAN_POINT ( 'NONE',  ( 82.64401129539703561, -1.197433540352539794, 29.30166096012203170 ) ) ;
#2571 = CC_DESIGN_PERSON_AND_ORGANIZATION_ASSIGNMENT ( #1036, #2136, ( #1364 ) ) ;
#2572 = CARTESIAN_POINT ( 'NONE',  ( 80.96445882583392972, -79.07957923499964181, 28.40006096012204040 ) ) ;
#2573 = CARTESIAN_POINT ( 'NONE',  ( -0.4018610629856178562, -80.03895273300700808, 28.42006096012199734 ) ) ;
#2574 = CARTESIAN_POINT ( 'NONE',  ( -2.657602372486498776, -1.083670205482629045, 30.00006096012200629 ) ) ;
#2575 = CARTESIAN_POINT ( 'NONE',  ( 79.48813451305353794, -80.77590153498186964, 28.40006096012201908 ) ) ;
#2576 = CARTESIAN_POINT ( 'NONE',  ( 79.94044628986480916, -80.48061345777244924, 26.40006096012198356 ) ) ;
#2577 = CARTESIAN_POINT ( 'NONE',  ( -2.694357161528869504, -1.477578577230451273, 27.09846096012201855 ) ) ;
#2578 = CARTESIAN_POINT ( 'NONE',  ( 80.44964589504186847, -79.92718190907618236, 28.01206096012202806 ) ) ;
#2579 = ORIENTED_EDGE ( 'NONE', *, *, #2017, .F. ) ;
#2580 = CARTESIAN_POINT ( 'NONE',  ( 81.62780897511051137, 0.8385146731718915447, 28.56726096012203087 ) ) ;
#2581 = CARTESIAN_POINT ( 'NONE',  ( -1.144961735124933266, -78.04629282087189779, 27.60406096012199129 ) ) ;
#2582 = CARTESIAN_POINT ( 'NONE',  ( 1.267074193249129621, 2.653377813012834263, 27.09846096012199723 ) ) ;
#2583 = VECTOR ( 'NONE', #2883, 1000.000000000000000 ) ;
#2584 = CARTESIAN_POINT ( 'NONE',  ( 79.53857488009559518, 2.410273706531344207, 29.30166096012202814 ) ) ;
#2585 = CARTESIAN_POINT ( 'NONE',  ( 82.26991197490177399, 0.07439835653154210082, 26.40006096012199421 ) ) ;
#2586 = CARTESIAN_POINT ( 'NONE',  ( -0.6889267314719541568, -79.64453071585481325, 26.38006096012198043 ) ) ;
#2587 = CARTESIAN_POINT ( 'NONE',  ( 79.11987382491993515, -80.92152899930761123, 28.01206096012202096 ) ) ;
#2588 = CARTESIAN_POINT ( 'NONE',  ( -2.696538490544330813, -1.289398217487084386, 26.40006096012200132 ) ) ;
#2589 = CARTESIAN_POINT ( 'NONE',  ( 82.59357473806684879, -1.095547092589108651, 28.56726096012202021 ) ) ;
#2590 = CARTESIAN_POINT ( 'NONE',  ( 80.93461328675425648, -79.13327507246972914, 28.40006096012202264 ) ) ;
#2591 = CARTESIAN_POINT ( 'NONE',  ( -0.4446818042043572117, -79.90467211662617331, 27.19606096012198648 ) ) ;
#2592 = CARTESIAN_POINT ( 'NONE',  ( -2.026447837938166963, 0.5272262295529662746, 30.00006096012200629 ) ) ;
#2593 = DIRECTION ( 'NONE',  ( 0.000000000000000000, -1.000000000000000000, 0.000000000000000000 ) ) ;
#2594 = CARTESIAN_POINT ( 'NONE',  ( -2.667189708912676149, -1.412347817070536360, 27.83286096012202648 ) ) ;
#2595 = CARTESIAN_POINT ( 'NONE',  ( 80.42703812091271232, -79.92687397714318820, 27.60406096012201260 ) ) ;
#2596 = ORIENTED_EDGE ( 'NONE', *, *, #3454, .T. ) ;
#2597 = CARTESIAN_POINT ( 'NONE',  ( 81.30604389296870238, 1.280117843242774889, 29.30166096012202814 ) ) ;
#2598 = LINE ( 'NONE', #1271, #1934 ) ;
#2599 = CARTESIAN_POINT ( 'NONE',  ( 1.515252811977610747, 2.693218868627061280, 27.09846096012199723 ) ) ;
#2600 = CARTESIAN_POINT ( 'NONE',  ( 78.47103161368804081, 2.679050610154249945, 28.56726096012201666 ) ) ;
#2601 = CARTESIAN_POINT ( 'NONE',  ( -0.6897601423539553300, -79.54924622904825071, 27.60406096012197352 ) ) ;
#2602 = CARTESIAN_POINT ( 'NONE',  ( -1.203409367237305183, 1.516234437697330684, 30.03606096012202187 ) ) ;
#2603 = CARTESIAN_POINT ( 'NONE',  ( 79.73357120029368161, -80.59429397111300375, 26.78806096012197457 ) ) ;
#2604 = CARTESIAN_POINT ( 'NONE',  ( 0.7607024123964878370, 2.592980716848477307, 26.40006096012200132 ) ) ;
#2605 = CARTESIAN_POINT ( 'NONE',  ( 82.66733422361497219, -1.412361058748215381, 28.56726096012202021 ) ) ;
#2606 = CARTESIAN_POINT ( 'NONE',  ( 82.74922291336719127, -1.900002540004998686, 29.30901851997805352 ) ) ;
#2607 = CARTESIAN_POINT ( 'NONE',  ( 78.16894520526692247, -81.13464709464182079, 27.19606096012197582 ) ) ;
#2608 = CARTESIAN_POINT ( 'NONE',  ( -1.267807633643677878, 1.444760082438514948, 30.00006096012200274 ) ) ;
#2609 = CARTESIAN_POINT ( 'NONE',  ( 79.60572728024671108, 2.478855038430265889, 30.00006096012200985 ) ) ;
#2610 = EDGE_CURVE ( 'NONE', #2890, #1510, #3552, .T. ) ;
#2611 = CARTESIAN_POINT ( 'NONE',  ( -2.698215441100548784, -1.287685583201717776, 26.36406096012199285 ) ) ;
#2612 = CARTESIAN_POINT ( 'NONE',  ( 80.47707582125116232, -79.89434199236151812, 26.78806096012198878 ) ) ;
#2613 = ORIENTED_EDGE ( 'NONE', *, *, #1791, .T. ) ;
#2614 = EDGE_LOOP ( 'NONE', ( #974, #1763, #3411, #3410 ) ) ;
#2615 = CARTESIAN_POINT ( 'NONE',  ( 81.66862823210469458, 0.8802025206281151037, 29.30166096012204591 ) ) ;
#2616 = CARTESIAN_POINT ( 'NONE',  ( -1.149345461993195316, -78.05067654775848496, 26.78806096012198168 ) ) ;
#2617 = CARTESIAN_POINT ( 'NONE',  ( 1.845095884386163565, 2.743770616224462167, 26.36406096012199285 ) ) ;
#2618 = CARTESIAN_POINT ( 'NONE',  ( 78.59642096346495066, 2.660457786354545551, 27.83286096012201938 ) ) ;
#2619 = B_SPLINE_CURVE_WITH_KNOTS ( 'NONE', 5,
 ( #1176, #1963, #622, #583, #3080, #1455, #1927, #2999, #2169, #1355, #3558, #9, #2503, #807, #1116, #1403, #29, #1136, #1879, #3578, #844, #2793, #2275, #553, #3373, #1179, #33, #3048, #1158, #901, #1670, #1655, #1139, #1984, #605, #2744, #810, #270, #3335, #1120, #1375, #2206, #826, #2381, #1601, #752, #162, #233, #462, #2097, #3523, #3195, #2706, #3266, #1270, #1014, #2364, #789, #2962, #2689, #2419, #3468, #995, #716, #2928, #445, #50, #2204, #1633, #11, #3046, #1156, #268, #3351, #2791, #3333, #2758, #2221, #1913, #1118, #1929, #316, #3314, #1652, #2487, #1947, #1668, #2774, #2505, #3554 ),
 .UNSPECIFIED., .F., .F.,
 ( 6, 3, 3, 3, 3, 3, 3, 3, 3, 3, 3, 3, 3, 3, 3, 3, 3, 3, 3, 3, 3, 3, 3, 3, 3, 3, 3, 3, 3, 6 ),
 ( -0.004733276764236133381, -0.004633448543020850588, -0.004558820230841502917, -0.004435142255852553977, -0.004313747559925465089, -0.004178272601532483782, -0.003974121712984031787, -0.003761974662832487208, -0.003542820578556472172, -0.003317681257659373280, -0.003200113005532388005, -0.003087606403595758060, -0.002935116633652700389, -0.002783097505086953166, -0.002616958966885221585, -0.002495862840951277965, -0.002378580759850831925, -0.002213907613808434403, -0.002066895093250386162, -0.001901267332644016386, -0.001813684718595894030, -0.001664557567996982016, -0.001430619895935612753, -0.001200545041865071650, -0.0009754057209774764405, -0.0006472970496434410706, -0.0003399536979987660343, -0.0001447508167305875879, 4.059393130350502643E-05, 0.0002150693204389401633 ),
 .UNSPECIFIED. ) ;
#2620 = CARTESIAN_POINT ( 'NONE',  ( -0.7436534614047571878, -79.45604392328787924, 27.60406096012197352 ) ) ;
#2621 = CARTESIAN_POINT ( 'NONE',  ( -1.271036192995779190, 1.448057342114910551, 30.03606096012201832 ) ) ;
#2622 = CARTESIAN_POINT ( 'NONE',  ( 79.87132745192000982, -80.53480366985583316, 28.42006096012206129 ) ) ;
#2623 = CARTESIAN_POINT ( 'NONE',  ( 65.66321310642669573, -54.35396240792304923, 26.02405757433622568 ) ) ;
#2624 = CARTESIAN_POINT ( 'NONE',  ( 82.75085032580713573, -1.936755284708278069, 30.03606096012203608 ) ) ;
#2625 = CARTESIAN_POINT ( 'NONE',  ( 79.55016129032298977, -39.95007874015750104, 30.00006096012200274 ) ) ;
#2626 = CARTESIAN_POINT ( 'NONE',  ( 78.17038560901802668, -81.13608749846949308, 26.78806096012194260 ) ) ;
#2627 = DIRECTION ( 'NONE',  ( -1.000000000000000000, 0.000000000000000000, 0.000000000000000000 ) ) ;
#2628 = VECTOR ( 'NONE', #2952, 1000.000000000000000 ) ;
#2629 = CARTESIAN_POINT ( 'NONE',  ( 81.13403345692206869, -78.30071761865544033, 26.40006096012202974 ) ) ;
#2630 = CC_DESIGN_APPROVAL ( #847, ( #378 ) ) ;
#2631 = CARTESIAN_POINT ( 'NONE',  ( -2.692415639944655492, -1.247560594074082152, 26.36406096012199285 ) ) ;
#2632 = CARTESIAN_POINT ( 'NONE',  ( 0.08585634818122023226, -80.43676511810133434, 27.60406096012198418 ) ) ;
#2633 = CARTESIAN_POINT ( 'NONE',  ( 80.73618016318268076, -79.50570486856473451, 28.01206096012204227 ) ) ;
#2634 = ORIENTED_EDGE ( 'NONE', *, *, #734, .F. ) ;
#2635 = VERTEX_POINT ( 'NONE', #56 ) ;
#2636 = CARTESIAN_POINT ( 'NONE',  ( -1.152967679856385486, -77.97817871062683537, 26.78806096012198168 ) ) ;
#2637 = CARTESIAN_POINT ( 'NONE',  ( 1.061654731493435255, 2.595488186457310942, 29.30166096012202459 ) ) ;
#2638 = CARTESIAN_POINT ( 'NONE',  ( 78.79508028445940226, 2.641528487930651092, 29.30166096012201749 ) ) ;
#2639 = CARTESIAN_POINT ( 'NONE',  ( 81.84769100112239926, 0.7921675412641071556, 26.40006096012199421 ) ) ;
#2640 = CARTESIAN_POINT ( 'NONE',  ( -0.7325969489144170677, -79.47492204446719199, 27.60406096012197352 ) ) ;
#2641 = CARTESIAN_POINT ( 'NONE',  ( -1.453199771955214326, 1.273008678484287559, 30.03606096012201832 ) ) ;
#2642 = CARTESIAN_POINT ( 'NONE',  ( 79.80000516352632189, -80.54448907727517337, 28.01206096012203162 ) ) ;
#2643 = CARTESIAN_POINT ( 'NONE',  ( 0.3151511357304736527, 2.433074280653987120, 26.40006096012200132 ) ) ;
#2644 = CARTESIAN_POINT ( 'NONE',  ( 82.71709121076972338, -1.454521602839687011, 30.03606096012203608 ) ) ;
#2645 = CARTESIAN_POINT ( 'NONE',  ( 36.00007239014500016, -28.00005588010999702, 26.40006096012200132 ) ) ;
#2646 = CARTESIAN_POINT ( 'NONE',  ( 78.35820254392949380, -81.12903152160785680, 28.42006096012202576 ) ) ;
#2647 = CARTESIAN_POINT ( 'NONE',  ( 2.006274054243991856, -81.14982839222173538, 28.42006096012202576 ) ) ;
#2648 = CARTESIAN_POINT ( 'NONE',  ( 80.38487579068710431, -80.05582523910184989, 26.40006096012198711 ) ) ;
#2649 = CARTESIAN_POINT ( 'NONE',  ( -2.502058805161539112, -0.6859921312485224298, 29.30166096012202814 ) ) ;
#2650 = CARTESIAN_POINT ( 'NONE',  ( 0.3600278566299559002, -80.69387990042058334, 26.38006096012198043 ) ) ;
#2651 = CARTESIAN_POINT ( 'NONE',  ( 80.96891645819754046, -78.92224128755462687, 27.60406096012200905 ) ) ;
#2652 = CARTESIAN_POINT ( 'NONE',  ( 78.66321310642670994, -54.35396240792304923, 26.02405757433622568 ) ) ;
#2653 = ORIENTED_EDGE ( 'NONE', *, *, #2134, .F. ) ;
#2654 = CARTESIAN_POINT ( 'NONE',  ( 1.332400707489849845, -81.08243749381574617, 26.40006096012202264 ) ) ;
#2655 = CARTESIAN_POINT ( 'NONE',  ( 1.003899917123447061, 2.654471961912151734, 26.36406096012199285 ) ) ;
#2656 = CARTESIAN_POINT ( 'NONE',  ( 79.06556440678453157, 2.532738937939324586, 28.56726096012203797 ) ) ;
#2657 = CARTESIAN_POINT ( 'NONE',  ( -0.7450633083020776759, -79.48738840386381810, 26.78806096012196392 ) ) ;
#2658 = ADVANCED_FACE ( 'NONE', ( #1425 ), #627, .F. ) ;
#2659 = CARTESIAN_POINT ( 'NONE',  ( -1.347630378989194577, 1.165192880750444582, 28.56726096012202021 ) ) ;
#2660 = CARTESIAN_POINT ( 'NONE',  ( 79.77764681566745253, -80.56083707098387947, 28.01206096012203162 ) ) ;
#2661 = CARTESIAN_POINT ( 'NONE',  ( 0.4499961899919999730, -78.05016129031999128, 30.00006096012200274 ) ) ;
#2662 = CARTESIAN_POINT ( 'NONE',  ( 82.73394170120414515, -1.754601737198454137, 29.30166096012204591 ) ) ;
#2663 = CARTESIAN_POINT ( 'NONE',  ( 78.29279197987644068, -81.12602012134838958, 28.01206096012199964 ) ) ;
#2664 = CARTESIAN_POINT ( 'NONE',  ( 82.74911108405899540, -1.900002540005000018, 30.00006096012200274 ) ) ;
#2665 = CARTESIAN_POINT ( 'NONE',  ( 78.82717821154889748, 2.674309424813881453, 30.00006096012200629 ) ) ;
#2666 = CARTESIAN_POINT ( 'NONE',  ( -2.585560263906955036, -0.9713920519031482570, 27.09846096012201855 ) ) ;
#2667 = CARTESIAN_POINT ( 'NONE',  ( 0.1058154852053418554, -80.47707582404457582, 26.78806096012198168 ) ) ;
#2668 = CARTESIAN_POINT ( 'NONE',  ( 80.77317844655463830, -79.42679882128282998, 26.78806096012199589 ) ) ;
#2669 = CARTESIAN_POINT ( 'NONE',  ( 2.000190207092386263, -81.14997362305587103, 28.40006096012201198 ) ) ;
#2670 = ORIENTED_EDGE ( 'NONE', *, *, #3031, .F. ) ;
#2671 = CARTESIAN_POINT ( 'NONE',  ( 1.443885321461382043, -81.09890865967604157, 26.40006096012202264 ) ) ;
#2672 = CALENDAR_DATE ( 2026, 27, 2 ) ;
#2673 = CARTESIAN_POINT ( 'NONE',  ( 80.37322073931903788, 2.008459779401850831, 27.09846096012200789 ) ) ;
#2674 = CARTESIAN_POINT ( 'NONE',  ( -1.051907124911162894, -78.71279097809265579, 26.78806096012197102 ) ) ;
#2675 = CARTESIAN_POINT ( 'NONE',  ( -0.9966380998367820876, 1.492474832751489178, 27.83286096012202648 ) ) ;
#2676 = CARTESIAN_POINT ( 'NONE',  ( 79.71993081285523886, -80.58065358365293207, 27.60406096012201260 ) ) ;
#2677 = CARTESIAN_POINT ( 'NONE',  ( 0.8643383211239250574, 2.604488636858933504, 26.40006096012200132 ) ) ;
#2678 = CARTESIAN_POINT ( 'NONE',  ( 82.69451934409724458, -1.477573774913527593, 29.30166096012204235 ) ) ;
#2679 = CARTESIAN_POINT ( 'NONE',  ( 78.17924307724472044, -81.14494496667745693, 26.38006096012192359 ) ) ;
#2680 = CARTESIAN_POINT ( 'NONE',  ( 1.951192130670377001, -81.14784880493576225, 28.42006096012202576 ) ) ;
#2681 = CARTESIAN_POINT ( 'NONE',  ( 80.43480354783073949, -79.99911054882255712, 26.40006096012198711 ) ) ;
#2682 = CARTESIAN_POINT ( 'NONE',  ( 81.70833431750826037, 0.8301064459437934584, 27.09846096012199723 ) ) ;
#2683 = CARTESIAN_POINT ( 'NONE',  ( -2.547978991498633050, -0.7990885867976973422, 29.30166096012202814 ) ) ;
#2684 = CARTESIAN_POINT ( 'NONE',  ( 0.1540827165477226812, -80.48907843561960362, 27.60406096012198773 ) ) ;
#2685 = CARTESIAN_POINT ( 'NONE',  ( 80.65854255506070558, -79.60479227835577376, 27.19606096012201135 ) ) ;
#2686 = ORIENTED_EDGE ( 'NONE', *, *, #1007, .T. ) ;
#2687 = VERTEX_POINT ( 'NONE', #1202 ) ;
#2688 = VECTOR ( 'NONE', #3382, 1000.000000000000000 ) ;
#2689 = CARTESIAN_POINT ( 'NONE',  ( 0.03713402030506836315, -80.46318760380897572, 28.40006096012200487 ) ) ;
#2690 = CARTESIAN_POINT ( 'NONE',  ( 1.048993219527921683, -80.99783941253149067, 26.40006096012202264 ) ) ;
#2691 = CARTESIAN_POINT ( 'NONE',  ( 80.48896475407507012, 1.948878806001479891, 29.30166096012202459 ) ) ;
#2692 = CARTESIAN_POINT ( 'NONE',  ( -0.9801464210669024180, -78.95901730052275980, 26.78806096012196392 ) ) ;
#2693 = CARTESIAN_POINT ( 'NONE',  ( -1.037634073058133488, 1.534343156791287077, 27.09846096012201855 ) ) ;
#2694 = CARTESIAN_POINT ( 'NONE',  ( 81.14997362305882689, -77.99996727322253776, 28.40006096012200487 ) ) ;
#2695 = CARTESIAN_POINT ( 'NONE',  ( 77.93849865848939373, -81.15150513549922096, 26.38006096012191648 ) ) ;
#2696 = CARTESIAN_POINT ( 'NONE',  ( 78.69895460164323708, -81.03822822877575049, 27.19606096012197582 ) ) ;
#2697 = CARTESIAN_POINT ( 'NONE',  ( 1.006684951288904672, 2.651627665176667037, 30.00006096012200274 ) ) ;
#2698 = CARTESIAN_POINT ( 'NONE',  ( 82.71599504813310944, -1.455641090655509284, 30.00006096012200629 ) ) ;
#2699 = CARTESIAN_POINT ( 'NONE',  ( 81.85718097763458445, 0.5319846166708867008, 27.83286096012201583 ) ) ;
#2700 = CARTESIAN_POINT ( 'NONE',  ( -2.395321997938900438, -0.3879271558978059642, 27.09846096012201855 ) ) ;
#2701 = CARTESIAN_POINT ( 'NONE',  ( 0.03740347409042560356, -80.39844700521744869, 27.60406096012198418 ) ) ;
#2702 = CARTESIAN_POINT ( 'NONE',  ( 80.87336760538114788, -79.21289460274719829, 28.01206096012204227 ) ) ;
#2703 = DIRECTION ( 'NONE',  ( 0.000000000000000000, 0.000000000000000000, 1.000000000000000000 ) ) ;
#2704 = ORIENTED_EDGE ( 'NONE', *, *, #1229, .T. ) ;
#2705 = DESIGN_CONTEXT ( 'detailed design', #27, 'design' ) ;
#2706 = CARTESIAN_POINT ( 'NONE',  ( -0.1999254707647704910, -80.25313631647283330, 28.40006096012200487 ) ) ;
#2707 = CARTESIAN_POINT ( 'NONE',  ( -1.034363713150561859, -78.85322310835459803, 26.40006096012199421 ) ) ;
#2708 = PERSON_AND_ORGANIZATION ( #902, #3379 ) ;
#2709 = CARTESIAN_POINT ( 'NONE',  ( 80.16571198670524723, 2.237005349021286005, 26.36406096012198219 ) ) ;
#2710 = CARTESIAN_POINT ( 'NONE',  ( -0.9796533782235757881, -78.90450844887320159, 27.19606096012196872 ) ) ;
#2711 = CARTESIAN_POINT ( 'NONE',  ( -0.9477455957109943707, 1.604501210305826486, 27.09846096012201855 ) ) ;
#2712 = LINE ( 'NONE', #3581, #3030 ) ;
#2713 = CARTESIAN_POINT ( 'NONE',  ( 78.54199680270029660, -81.08871200892583886, 28.01206096012199964 ) ) ;
#2714 = CARTESIAN_POINT ( 'NONE',  ( 1.235012963418268273, -81.05186945805530740, 26.38006096012198398 ) ) ;
#2715 = CARTESIAN_POINT ( 'NONE',  ( 80.86103106697262888, 1.788079443285659487, 30.00006096012201340 ) ) ;
#2716 = CARTESIAN_POINT ( 'NONE',  ( 82.39548287476017663, -0.3879236871853265489, 29.30166096012204591 ) ) ;
#2717 = CARTESIAN_POINT ( 'NONE',  ( -2.377691423420463579, -0.1562400945365023941, 30.03606096012202187 ) ) ;
#2718 = CARTESIAN_POINT ( 'NONE',  ( -0.1158652663455306403, -80.28586752425678696, 28.01206096012198543 ) ) ;
#2719 = CARTESIAN_POINT ( 'NONE',  ( 81.04567587723363431, -78.75895092345605519, 26.78806096012201010 ) ) ;
#2720 = DIRECTION ( 'NONE',  ( 0.000000000000000000, 0.000000000000000000, -1.000000000000000000 ) ) ;
#2721 = EDGE_LOOP ( 'NONE', ( #2596, #1565, #2704, #2152, #953, #2907, #2870, #2613, #248, #2871, #161, #3539 ) ) ;
#2722 = EDGE_CURVE ( 'NONE', #658, #920, #2528, .T. ) ;
#2723 = CARTESIAN_POINT ( 'NONE',  ( -0.6148683454881683774, -79.75430305502696626, 26.40006096012201553 ) ) ;
#2724 = PERSON_AND_ORGANIZATION_ROLE ( 'classification_officer' ) ;
#2725 = CARTESIAN_POINT ( 'NONE',  ( 80.54850110915303674, 2.009682031463670082, 30.03606096012204674 ) ) ;
#2726 = CARTESIAN_POINT ( 'NONE',  ( -1.051906366698972750, -78.71279021988013369, 28.01206096012198543 ) ) ;
#2727 = CARTESIAN_POINT ( 'NONE',  ( -0.3730762986161147987, 2.008473096434368443, 27.09846096012201855 ) ) ;
#2728 = CARTESIAN_POINT ( 'NONE',  ( 40.00007874015749820, -81.15016129031999981, 28.40006096012200132 ) ) ;
#2729 = CARTESIAN_POINT ( 'NONE',  ( 78.63868439801875354, -81.06443184036261584, 28.01206096012199964 ) ) ;
#2730 = CARTESIAN_POINT ( 'NONE',  ( 1.588712665219438991, -81.10067599864567001, 27.19606096012199359 ) ) ;
#2731 = CARTESIAN_POINT ( 'NONE',  ( 81.26796559403504716, 1.444760580413695372, 30.00006096012200985 ) ) ;
#2732 = CARTESIAN_POINT ( 'NONE',  ( 82.06807215122550758, 0.3036135240895118104, 27.09846096012199013 ) ) ;
#2733 = CARTESIAN_POINT ( 'NONE',  ( -2.098147464279872310, 0.1599816594961388228, 27.83286096012202648 ) ) ;
#2734 = CARTESIAN_POINT ( 'NONE',  ( -0.2026930006288096553, -80.17654401848086820, 27.60406096012198418 ) ) ;
#2735 = CARTESIAN_POINT ( 'NONE',  ( 81.04361052006233024, -78.83513976956760416, 26.38006096012200885 ) ) ;
#2736 = DIRECTION ( 'NONE',  ( 1.000000000000000000, 0.000000000000000000, 0.000000000000000000 ) ) ;
#2737 = ORIENTED_EDGE ( 'NONE', *, *, #209, .F. ) ;
#2738 = CARTESIAN_POINT ( 'NONE',  ( -2.753730294483657026, -1.990124384162670124, 30.03606096012201832 ) ) ;
#2739 = COORDINATED_UNIVERSAL_TIME_OFFSET ( 8, 0, .AHEAD. ) ;
#2740 = CARTESIAN_POINT ( 'NONE',  ( 80.09484913104689952, -80.30666386091419895, 26.78806096012197813 ) ) ;
#2741 = ADVANCED_FACE ( 'NONE', ( #2549 ), #3067, .F. ) ;
#2742 = AXIS2_PLACEMENT_3D ( 'NONE', #338, #608, #1444 ) ;
#2743 = CARTESIAN_POINT ( 'NONE',  ( 79.95291167461986959, 2.194184852007118991, 28.56726096012203442 ) ) ;
#2744 = CARTESIAN_POINT ( 'NONE',  ( -0.6611465497506147093, -79.68422256993083863, 28.40006096012199421 ) ) ;
#2745 = CARTESIAN_POINT ( 'NONE',  ( -0.9213715216759486015, -79.11987382758469778, 28.01206096012198543 ) ) ;
#2746 = CARTESIAN_POINT ( 'NONE',  ( -0.7507199817559812027, 1.766228950120028118, 27.09846096012201855 ) ) ;
#2747 = DIRECTION ( 'NONE',  ( 0.000000000000000000, 0.000000000000000000, 1.000000000000000000 ) ) ;
#2748 = CARTESIAN_POINT ( 'NONE',  ( 78.83257726568059809, -81.01387535076472091, 28.01206096012201030 ) ) ;
#2749 = CARTESIAN_POINT ( 'NONE',  ( 1.194601019361237970, -81.01402719254106444, 27.19606096012199714 ) ) ;
#2750 = CARTESIAN_POINT ( 'NONE',  ( 79.98393143900005953, 2.312198652923793674, 30.00006096012200985 ) ) ;
#2751 = CARTESIAN_POINT ( 'NONE',  ( 82.35569338296693331, -0.2629691739253762761, 29.30166096012204591 ) ) ;
#2752 = CARTESIAN_POINT ( 'NONE',  ( -2.268619763440409276, -0.09719660204527474923, 27.09846096012201855 ) ) ;
#2753 = CARTESIAN_POINT ( 'NONE',  ( -0.1421275045526529113, -80.31212976247475410, 26.38006096012198043 ) ) ;
#2754 = CARTESIAN_POINT ( 'NONE',  ( 81.09530484978753861, -78.50296677869583561, 26.78806096012201365 ) ) ;
#2755 = ORIENTED_EDGE ( 'NONE', *, *, #2065, .F. ) ;
#2756 = CARTESIAN_POINT ( 'NONE',  ( -2.752924432252270570, -1.934476212223851910, 27.09846096012201855 ) ) ;
#2757 = CARTESIAN_POINT ( 'NONE',  ( 80.10381707198315837, -80.34549357023426808, 26.38006096012196622 ) ) ;
#2758 = CARTESIAN_POINT ( 'NONE',  ( 1.048992954591998705, -80.99783967746739677, 28.40006096012202619 ) ) ;
#2759 = CARTESIAN_POINT ( 'NONE',  ( 80.87119120435119157, 1.662306392697689983, 27.09846096012200434 ) ) ;
#2760 = CARTESIAN_POINT ( 'NONE',  ( -1.098259757475936071, -78.42089632735508076, 27.60406096012198418 ) ) ;
#2761 = CARTESIAN_POINT ( 'NONE',  ( 0.2215118642899935875, 2.315625331022881372, 27.09846096012199723 ) ) ;
#2762 = CARTESIAN_POINT ( 'NONE',  ( 1.999938560579107572, 2.750071690852608608, 30.00006095999699340 ) ) ;
#2763 = EDGE_CURVE ( 'NONE', #788, #1034, #2055, .T. ) ;
#2764 = CARTESIAN_POINT ( 'NONE',  ( 78.94525609410392519, -80.96654269497055623, 27.60406096012200194 ) ) ;
#2765 = CARTESIAN_POINT ( 'NONE',  ( 1.262886679992781147, -81.02399574149268346, 27.19606096012199714 ) ) ;
#2766 = CARTESIAN_POINT ( 'NONE',  ( 81.03678353412480817, 1.649770644918981066, 30.00006096012200985 ) ) ;
#2767 = CARTESIAN_POINT ( 'NONE',  ( 82.12306469258000163, 0.1852682686227013764, 27.09846096012200789 ) ) ;
#2768 = CARTESIAN_POINT ( 'NONE',  ( -2.191915859195026517, 0.08123736651242476070, 29.30166096012203525 ) ) ;
#2769 = CARTESIAN_POINT ( 'NONE',  ( 80.62100677735898557, -79.74496504968577426, 28.40006096012201908 ) ) ;
#2770 = CARTESIAN_POINT ( 'NONE',  ( -0.03464166144078392739, -80.40602099595719210, 28.42006096012199734 ) ) ;
#2771 = CARTESIAN_POINT ( 'NONE',  ( 81.12903379592636099, -78.19146490453853460, 26.78806096012201721 ) ) ;
#2772 = CARTESIAN_POINT ( 'NONE',  ( 1.780645543531590658, -81.14444268503027047, 26.40006096012202264 ) ) ;
#2773 = CARTESIAN_POINT ( 'NONE',  ( 80.06611803359346879, -80.30779453188507944, 27.60406096012200905 ) ) ;
#2774 = CARTESIAN_POINT ( 'NONE',  ( 1.914135435194415313, -81.14699309096866386, 28.40006096012202974 ) ) ;
#2775 = CARTESIAN_POINT ( 'NONE',  ( 81.16460810424273120, 1.547401320728102325, 30.03606096012203963 ) ) ;
#2776 = CARTESIAN_POINT ( 'NONE',  ( -1.104687619455133163, -78.42732418933898941, 26.78806096012197102 ) ) ;
#2777 = CARTESIAN_POINT ( 'NONE',  ( 0.8630160527034738127, 2.605839041746304208, 26.36406096012199285 ) ) ;
#2778 = CARTESIAN_POINT ( 'NONE',  ( 77.99325600343449594, 2.751481183599321145, 28.56726096012202376 ) ) ;
#2779 = CARTESIAN_POINT ( 'NONE',  ( 78.44692246840955363, 2.725913221000924480, 26.40006096012199421 ) ) ;
#2780 = CARTESIAN_POINT ( 'NONE',  ( 79.25885302322814141, -80.89158455372950129, 28.42006096012204708 ) ) ;
#2781 = CARTESIAN_POINT ( 'NONE',  ( 1.235011335309257108, -81.05187108616568992, 28.42006096012202576 ) ) ;
#2782 = CARTESIAN_POINT ( 'NONE',  ( -2.690651802351912814, -1.249361964259760205, 26.40006096012200132 ) ) ;
#2783 = CARTESIAN_POINT ( 'NONE',  ( 82.44914573622092746, -0.4987096201399230933, 27.09846096012199723 ) ) ;
#2784 = CARTESIAN_POINT ( 'NONE',  ( -1.820452762789879664, 0.5842495828881542064, 27.83286096012202648 ) ) ;
#2785 = CARTESIAN_POINT ( 'NONE',  ( -0.6159287038957077520, -79.75536341343344304, 26.38006096012198043 ) ) ;
#2786 = CARTESIAN_POINT ( 'NONE',  ( 81.10682947423782707, -78.51449140315865804, 28.42006096012205774 ) ) ;
#2787 = CARTESIAN_POINT ( 'NONE',  ( 78.17881304414486010, -81.14451493357859135, 28.40006096012199066 ) ) ;
#2788 = LINE ( 'NONE', #1402, #317 ) ;
#2789 = CARTESIAN_POINT ( 'NONE',  ( 82.72202732619810206, -1.496408555380786876, 26.40006096012200132 ) ) ;
#2790 = CARTESIAN_POINT ( 'NONE',  ( 80.21437607222600263, -80.24068254554428847, 26.38006096012196977 ) ) ;
#2791 = CARTESIAN_POINT ( 'NONE',  ( 0.8668823994928800403, -80.93461328248852737, 28.40006096012202619 ) ) ;
#2792 = CARTESIAN_POINT ( 'NONE',  ( 81.05933991963370033, 1.439893140937110072, 28.56726096012202731 ) ) ;
#2793 = CARTESIAN_POINT ( 'NONE',  ( -0.9942538890766235982, -78.97312476852503949, 28.40006096012200132 ) ) ;
#2794 = CARTESIAN_POINT ( 'NONE',  ( -1.122817773528971941, -78.25825685188843295, 27.60406096012198418 ) ) ;
#2795 = CARTESIAN_POINT ( 'NONE',  ( 0.4615998454053928390, 2.410256094343616429, 29.30166096012202459 ) ) ;
#2796 = VECTOR ( 'NONE', #322, 1000.000000000000000 ) ;
#2797 = DIRECTION ( 'NONE',  ( -1.190940078267851929E-14, -1.000000000000000000, 0.000000000000000000 ) ) ;
#2798 = CARTESIAN_POINT ( 'NONE',  ( 80.71070753253711416, 1.905465197646664777, 26.40006096012199777 ) ) ;
#2799 = VECTOR ( 'NONE', #795, 1000.000000000000000 ) ;
#2800 = CARTESIAN_POINT ( 'NONE',  ( 79.48919428018871258, -80.77696130211688796, 28.42006096012205418 ) ) ;
#2801 = CARTESIAN_POINT ( 'NONE',  ( 0.4944377794696894202, -80.73619499548946976, 26.78806096012198168 ) ) ;
#2802 = CARTESIAN_POINT ( 'NONE',  ( -2.715836772407588473, -1.455641902991499537, 26.40006096012200132 ) ) ;
#2803 = CARTESIAN_POINT ( 'NONE',  ( 82.56857359218943770, -0.9889010133712730077, 28.56726096012202376 ) ) ;
#2804 = ADVANCED_FACE ( 'NONE', ( #3377 ), #1737, .T. ) ;
#2805 = CARTESIAN_POINT ( 'NONE',  ( -2.245247003178072021, -0.1210667098610176268, 27.83286096012202648 ) ) ;
#2806 = CARTESIAN_POINT ( 'NONE',  ( 80.90010513994194241, -79.23963213728823973, 28.40006096012203685 ) ) ;
#2807 = CARTESIAN_POINT ( 'NONE',  ( -0.3780945160248746495, -80.01518618606766609, 26.78806096012198168 ) ) ;
#2808 = CARTESIAN_POINT ( 'NONE',  ( -2.399800520929290304, -0.2177626515109020722, 30.00006096012200629 ) ) ;
#2809 = CARTESIAN_POINT ( 'NONE',  ( 80.10264925099868094, -80.34432574925260440, 26.40006096012198356 ) ) ;
#2810 = EDGE_CURVE ( 'NONE', #247, #2132, #2087, .T. ) ;
#2811 = DIRECTION ( 'NONE',  ( -0.000000000000000000, -0.000000000000000000, -1.000000000000000000 ) ) ;
#2812 = CARTESIAN_POINT ( 'NONE',  ( 82.58334222796649726, -0.7631336895377565099, 26.40006096012199421 ) ) ;
#2813 = CARTESIAN_POINT ( 'NONE',  ( 80.00152621043783085, -80.36459201536425212, 27.19606096012199359 ) ) ;
#2814 = VERTEX_POINT ( 'NONE', #1573 ) ;
#2815 = CARTESIAN_POINT ( 'NONE',  ( 80.83937052922745181, 1.629808607379106489, 28.56726096012203087 ) ) ;
#2816 = CARTESIAN_POINT ( 'NONE',  ( -1.145265147001654382, -78.16071925450809488, 26.38006096012198043 ) ) ;
#2817 = CARTESIAN_POINT ( 'NONE',  ( 0.3982669115999844522, 2.348189889346009807, 28.56726096012202021 ) ) ;
#2818 = CARTESIAN_POINT ( 'NONE',  ( 2.000193577036281756, -81.14997025328865732, 26.40006096012199066 ) ) ;
#2819 = CARTESIAN_POINT ( 'NONE',  ( 81.65135052757123901, 1.044473079155581408, 26.40006096012199421 ) ) ;
#2820 = CARTESIAN_POINT ( 'NONE',  ( 79.22751849761756660, -80.86025002816028007, 27.19606096012198648 ) ) ;
#2821 = CARTESIAN_POINT ( 'NONE',  ( 0.8758826482785992962, -80.92561303371131487, 26.78806096012198878 ) ) ;
#2822 = DIRECTION ( 'NONE',  ( -1.000000000000000000, 0.000000000000000000, 0.000000000000000000 ) ) ;
#2823 = ORIENTED_EDGE ( 'NONE', *, *, #512, .T. ) ;
#2824 = CARTESIAN_POINT ( 'NONE',  ( 82.56565415526138452, -0.8597033498330266532, 29.30166096012204591 ) ) ;
#2825 = CARTESIAN_POINT ( 'NONE',  ( -0.3504796388022431985, -80.04826596214924450, 26.78806096012198168 ) ) ;
#2826 = CARTESIAN_POINT ( 'NONE',  ( 81.15187936936119684, -77.93887289234665161, 28.42006096012207195 ) ) ;
#2827 = CARTESIAN_POINT ( 'NONE',  ( 78.30085068896593725, -81.13407883047707969, 28.40006096012198711 ) ) ;
#2828 = CARTESIAN_POINT ( 'NONE',  ( 78.17881596021587143, -81.14451784964943215, 26.40006096012194448 ) ) ;
#2829 = CARTESIAN_POINT ( 'NONE',  ( -2.697997609400543340, -1.520788767634899452, 29.30166096012203525 ) ) ;
#2830 = CARTESIAN_POINT ( 'NONE',  ( 81.94963618719100396, -1.900002540005000018, 26.40006096012200132 ) ) ;
#2831 = CARTESIAN_POINT ( 'NONE',  ( 80.52579451432517033, -79.88279084245230877, 26.38006096012196977 ) ) ;
#2832 = ADVANCED_FACE ( 'NONE', ( #223 ), #1173, .F. ) ;
#2833 = CARTESIAN_POINT ( 'NONE',  ( 81.10151800651192389, 1.599425665424545784, 30.03606096012203963 ) ) ;
#2834 = CARTESIAN_POINT ( 'NONE',  ( -1.128874041242383663, -78.35820254386528916, 28.42006096012199734 ) ) ;
#2835 = CARTESIAN_POINT ( 'NONE',  ( 0.06589774295157685424, 2.261469990159388210, 29.30166096012203525 ) ) ;
#2836 = FACE_OUTER_BOUND ( 'NONE', #2059, .T. ) ;
#2837 = CYLINDRICAL_SURFACE ( 'NONE', #2043, 1.499999999999999778 ) ;
#2838 = CARTESIAN_POINT ( 'NONE',  ( 79.31605716255411664, -80.83566495360811643, 26.78806096012197102 ) ) ;
#2839 = B_SPLINE_CURVE_WITH_KNOTS ( 'NONE', 1,
 ( #1745, #2853 ),
 .UNSPECIFIED., .F., .F.,
 ( 2, 2 ),
 ( 0.000000000000000000, 2992.126000000000204 ),
 .UNSPECIFIED. ) ;
#2840 = CARTESIAN_POINT ( 'NONE',  ( 0.6988275330619319048, -80.82093773827939742, 27.19606096012199004 ) ) ;
#2841 = CARTESIAN_POINT ( 'NONE',  ( -2.328873934232135845, -0.03566028648931189593, 26.40006096012200132 ) ) ;
#2842 = CARTESIAN_POINT ( 'NONE',  ( 82.54812208576095145, -0.7991032789711017825, 27.09846096012199723 ) ) ;
#2843 = CARTESIAN_POINT ( 'NONE',  ( 77.99969797988518394, 2.749539665998645077, 27.12006096012196110 ) ) ;
#2844 = CARTESIAN_POINT ( 'NONE',  ( -0.5333744759055671913, -79.78904804248122673, 27.60406096012197352 ) ) ;
#2845 = CARTESIAN_POINT ( 'NONE',  ( 81.14534384258385558, -78.04646038721183743, 27.60406096012202326 ) ) ;
#2846 = CARTESIAN_POINT ( 'NONE',  ( 79.37185953017767304, -80.83414348611330524, 28.40006096012202264 ) ) ;
#2847 = CARTESIAN_POINT ( 'NONE',  ( 79.48813451305073841, -80.77590153497908432, 26.40006096012197645 ) ) ;
#2848 = CARTESIAN_POINT ( 'NONE',  ( -2.691447054976231712, -1.527478711204062867, 28.56726096012202376 ) ) ;
#2849 = CARTESIAN_POINT ( 'NONE',  ( 82.55321063410501381, -0.6339126770104414055, 26.40006096012199421 ) ) ;
#2850 = CARTESIAN_POINT ( 'NONE',  ( 80.36312450967324139, -80.03407395813296432, 26.78806096012198523 ) ) ;
#2851 = EDGE_LOOP ( 'NONE', ( #1167, #1548, #529, #1648, #3246, #2294 ) ) ;
#2852 = CARTESIAN_POINT ( 'NONE',  ( 81.52379399636529911, 1.187387045426013588, 26.36406096012198219 ) ) ;
#2853 = CARTESIAN_POINT ( 'NONE',  ( 78.00021868777695033, 2.750071453957970036, 26.40006096024700710 ) ) ;
#2854 = CARTESIAN_POINT ( 'NONE',  ( 1.403750344081311052, 2.660443664975152611, 27.83286096012200517 ) ) ;
#2855 = EDGE_CURVE ( 'NONE', #1321, #2265, #2539, .T. ) ;
#2856 = DIRECTION ( 'NONE',  ( -0.000000000000000000, 0.000000000000000000, -1.000000000000000000 ) ) ;
#2857 = CARTESIAN_POINT ( 'NONE',  ( 82.12051765335321818, 0.3571750108343890173, 26.40006096012199777 ) ) ;
#2858 = CARTESIAN_POINT ( 'NONE',  ( -0.6889267031452470658, -79.64453068752908393, 28.42006096012198668 ) ) ;
#2859 = CARTESIAN_POINT ( 'NONE',  ( 79.33379973717958933, -80.85340752819406873, 28.42006096012205418 ) ) ;
#2860 = FACE_OUTER_BOUND ( 'NONE', #2851, .T. ) ;
#2861 = VECTOR ( 'NONE', #1263, 1000.000000000000000 ) ;
#2862 = CARTESIAN_POINT ( 'NONE',  ( 82.50220529074928777, -0.6860033599233333890, 27.09846096012199723 ) ) ;
#2863 = CARTESIAN_POINT ( 'NONE',  ( 78.00044277852305186, 2.750300313292279863, 28.56006096012200501 ) ) ;
#2864 = CARTESIAN_POINT ( 'NONE',  ( -0.3735004883086192051, -80.07128681163285933, 26.38006096012198043 ) ) ;
#2865 = CARTESIAN_POINT ( 'NONE',  ( 81.14988284775600391, -77.99393788169494712, 27.19606096012201490 ) ) ;
#2866 = CARTESIAN_POINT ( 'NONE',  ( 78.55281815884347907, -81.09953336509688882, 28.40006096012199421 ) ) ;
#2867 = CARTESIAN_POINT ( 'NONE',  ( 80.25313631093393951, -80.20008295640117524, 26.40006096012198711 ) ) ;
#2868 = CARTESIAN_POINT ( 'NONE',  ( -2.716933124412292955, -1.454522221783572045, 30.03606096012202897 ) ) ;
#2869 = CARTESIAN_POINT ( 'NONE',  ( 80.54249732149834529, -79.86152364885847987, 26.38006096012197688 ) ) ;
#2870 = ORIENTED_EDGE ( 'NONE', *, *, #778, .T. ) ;
#2871 = ORIENTED_EDGE ( 'NONE', *, *, #1418, .T. ) ;
#2872 = CARTESIAN_POINT ( 'NONE',  ( 81.95524684008177019, 0.6321372165887833017, 30.03606096012204318 ) ) ;
#2873 = CARTESIAN_POINT ( 'NONE',  ( -1.147867872129415767, -78.04919895792049545, 28.42006096012200800 ) ) ;
#2874 = CARTESIAN_POINT ( 'NONE',  ( 2.089023333755915868, 2.754091466051719284, 30.03606096012201832 ) ) ;
#2875 = CARTESIAN_POINT ( 'NONE',  ( 78.41179837686259191, 2.690041726159801527, 27.83286096012201583 ) ) ;
#2876 = CARTESIAN_POINT ( 'NONE',  ( 82.48963370762412239, -0.4573601076880177141, 26.40006096012199421 ) ) ;
#2877 = CARTESIAN_POINT ( 'NONE',  ( -0.7446467527846704071, -79.54555234389894736, 26.38006096012195911 ) ) ;
#2878 = CARTESIAN_POINT ( 'NONE',  ( -1.667510285170962003, 0.7885745527216703188, 28.56726096012202021 ) ) ;
#2879 = CARTESIAN_POINT ( 'NONE',  ( 79.89497507149991407, -80.47744359369379197, 26.78806096012197813 ) ) ;
#2880 = DIRECTION ( 'NONE',  ( 0.000000000000000000, -1.000000000000000000, 0.000000000000000000 ) ) ;
#2881 = EDGE_CURVE ( 'NONE', #676, #371, #727, .T. ) ;
#2882 = CARTESIAN_POINT ( 'NONE',  ( 82.65287741620456075, -1.334149184526315590, 28.56726096012202021 ) ) ;
#2883 = DIRECTION ( 'NONE',  ( 1.000000000000000000, 0.000000000000000000, 0.000000000000000000 ) ) ;
#2884 = CARTESIAN_POINT ( 'NONE',  ( 78.10303689553678907, -81.14480177921011261, 26.78806096012194615 ) ) ;
#2885 = CARTESIAN_POINT ( 'NONE',  ( -2.450968080918281444, -0.3310969833579608945, 30.00006096012200629 ) ) ;
#2886 = CARTESIAN_POINT ( 'NONE',  ( 79.70736274842649038, -80.64561803465562662, 26.40006096012197645 ) ) ;
#2887 = CARTESIAN_POINT ( 'NONE',  ( -2.694356938536254464, -1.477578804848452609, 29.30166096012203525 ) ) ;
#2888 = CARTESIAN_POINT ( 'NONE',  ( 80.58629073004654231, -79.71024900240901445, 27.60406096012200550 ) ) ;
#2889 = ORIENTED_EDGE ( 'NONE', *, *, #798, .F. ) ;
#2890 = VERTEX_POINT ( 'NONE', #1575 ) ;
#2891 = CARTESIAN_POINT ( 'NONE',  ( 81.57910495960346964, 0.9706902021777301659, 29.30166096012204591 ) ) ;
#2892 = CARTESIAN_POINT ( 'NONE',  ( -1.150793693045823574, -77.97600472390570303, 27.19606096012198648 ) ) ;
#2893 = CARTESIAN_POINT ( 'NONE',  ( 1.171333724140136034, 2.675989984882713557, 26.36406096012199285 ) ) ;
#2894 = CARTESIAN_POINT ( 'NONE',  ( 79.13714410072337557, 2.605841771738961921, 30.03606096012203963 ) ) ;
#2895 = CARTESIAN_POINT ( 'NONE',  ( -0.7768039129732119408, -79.48919437484678951, 26.38006096012195911 ) ) ;
#2896 = CARTESIAN_POINT ( 'NONE',  ( -1.503452602548503547, 1.075504788716143079, 29.30166096012202459 ) ) ;
#2897 = CARTESIAN_POINT ( 'NONE',  ( 79.64453071496917858, -80.68908421263350306, 26.38006096012195911 ) ) ;
#2898 = DIRECTION ( 'NONE',  ( 1.000000000000000000, 0.000000000000000000, 0.000000000000000000 ) ) ;
#2899 = CARTESIAN_POINT ( 'NONE',  ( 82.72915108135849493, -1.759494296273038882, 28.56726096012202376 ) ) ;
#2900 = CARTESIAN_POINT ( 'NONE',  ( 0.4499961899919999730, -1.900002540005000018, 28.40006096012200132 ) ) ;
#2901 = CARTESIAN_POINT ( 'NONE',  ( 78.25827587718050893, -81.12299427904639515, 27.19606096012196872 ) ) ;
#2902 = CARTESIAN_POINT ( 'NONE',  ( 0.3151511357823045256, 2.433074280601059236, 30.00006096012200629 ) ) ;
#2903 = CARTESIAN_POINT ( 'NONE',  ( 80.46318760381274160, -79.96302346000484818, 26.40006096012198356 ) ) ;
#2904 = CARTESIAN_POINT ( 'NONE',  ( -2.691447196845154988, -1.527478565946455591, 27.83286096012202648 ) ) ;
#2905 = CARTESIAN_POINT ( 'NONE',  ( 0.3256518626519254722, -80.61011137206556043, 27.60406096012198773 ) ) ;
#2906 = CARTESIAN_POINT ( 'NONE',  ( 80.93608935088181511, -79.05120976006693922, 28.01206096012203162 ) ) ;
#2907 = ORIENTED_EDGE ( 'NONE', *, *, #958, .T. ) ;
#2908 = CARTESIAN_POINT ( 'NONE',  ( -1.154184156854393795, -77.94133516017330976, 28.01206096012198898 ) ) ;
#2909 = CARTESIAN_POINT ( 'NONE',  ( 1.353302335065719397, 2.711965153847248455, 26.36406096012199285 ) ) ;
#2910 = CARTESIAN_POINT ( 'NONE',  ( 78.70914311395480922, 2.628928218453891574, 28.56726096012202021 ) ) ;
#2911 = CARTESIAN_POINT ( 'NONE',  ( -0.7446466840756721384, -79.54555227519081484, 28.42006096012198668 ) ) ;
#2912 = CARTESIAN_POINT ( 'NONE',  ( -1.708182641103115129, 0.8301123732109170206, 29.30166096012202459 ) ) ;
#2913 = CARTESIAN_POINT ( 'NONE',  ( 79.91776521566274027, -80.45793238362622901, 26.78806096012197457 ) ) ;
#2914 = FACE_OUTER_BOUND ( 'NONE', #1911, .T. ) ;
#2915 = CARTESIAN_POINT ( 'NONE',  ( 82.70466771365175873, -1.591074088628980476, 27.09846096012201144 ) ) ;
#2916 = CARTESIAN_POINT ( 'NONE',  ( 81.05155129117881074, -78.76482633740360484, 28.40006096012202974 ) ) ;
#2917 = CARTESIAN_POINT ( 'NONE',  ( 78.21458362185477142, -81.12979376760387140, 27.60406096012196642 ) ) ;
#2918 = CARTESIAN_POINT ( 'NONE',  ( -0.04204820888039476762, 2.285378948327105864, 30.00006096012203116 ) ) ;
#2919 = VECTOR ( 'NONE', #2091, 1000.000000000000000 ) ;
#2920 = CARTESIAN_POINT ( 'NONE',  ( 81.14699835856163190, -78.08602933254732648, 26.40006096012202264 ) ) ;
#2921 = ADVANCED_FACE ( 'NONE', ( #3496 ), #225, .T. ) ;
#2922 = CARTESIAN_POINT ( 'NONE',  ( -2.659118808494594699, -1.082121501328086266, 30.03606096012202187 ) ) ;
#2923 = CARTESIAN_POINT ( 'NONE',  ( 0.2899002824190396455, -80.58629892557182473, 27.19606096012199359 ) ) ;
#2924 = CARTESIAN_POINT ( 'NONE',  ( 80.93508843929696184, -79.13375022501196554, 26.38006096012198398 ) ) ;
#2925 = CARTESIAN_POINT ( 'NONE',  ( 79.55016129032298977, -78.05016129031999128, 30.00006096012200274 ) ) ;
#2926 = ORIENTED_EDGE ( 'NONE', *, *, #3476, .F. ) ;
#2927 = ADVANCED_FACE ( 'NONE', ( #968 ), #3387, .T. ) ;
#2928 = CARTESIAN_POINT ( 'NONE',  ( 0.1954518975521521984, -80.58321328290780627, 28.40006096012201553 ) ) ;
#2929 = CARTESIAN_POINT ( 'NONE',  ( 78.66321310642670994, -54.35396240792304923, 26.40006096012200132 ) ) ;
#2930 = CARTESIAN_POINT ( 'NONE',  ( 1.857092887413551718, 2.731518329864815353, 27.83286096012200517 ) ) ;
#2931 = CARTESIAN_POINT ( 'NONE',  ( 79.17850873760696118, 2.530737513357972368, 29.30166096012202814 ) ) ;
#2932 = CARTESIAN_POINT ( 'NONE',  ( -0.6622464675839654369, -79.68532248776421056, 28.42006096012198668 ) ) ;
#2933 = CARTESIAN_POINT ( 'NONE',  ( -1.578941960859992610, 0.9706845661865745045, 29.30166096012202459 ) ) ;
#2934 = CARTESIAN_POINT ( 'NONE',  ( 79.77764756775833632, -80.56083782311580421, 26.78806096012197813 ) ) ;
#2935 = DIRECTION ( 'NONE',  ( 1.000000000000000000, 0.000000000000000000, 0.000000000000000000 ) ) ;
#2936 = CARTESIAN_POINT ( 'NONE',  ( 82.73743145783755892, -1.664558116740270766, 30.03606096012203608 ) ) ;
#2937 = CARTESIAN_POINT ( 'NONE',  ( 78.34800174473268441, -81.11883072237286285, 28.01206096012199964 ) ) ;
#2938 = CARTESIAN_POINT ( 'NONE',  ( 0.8643383214857386365, 2.604488636489416642, 30.00006096012200274 ) ) ;
#2939 = CARTESIAN_POINT ( 'NONE',  ( 80.58321328290902841, -79.80470558275328585, 26.40006096012199421 ) ) ;
#2940 = CARTESIAN_POINT ( 'NONE',  ( -2.449000621003098122, -0.4986969919490587544, 29.30166096012202814 ) ) ;
#2941 = CARTESIAN_POINT ( 'NONE',  ( 0.1753386748485525337, -80.50579247810917138, 27.19606096012199004 ) ) ;
#2942 = CARTESIAN_POINT ( 'NONE',  ( 80.82093773573303963, -79.30132994474111285, 27.19606096012201135 ) ) ;
#2943 = FACE_OUTER_BOUND ( 'NONE', #3466, .T. ) ;
#2944 = ORIENTED_EDGE ( 'NONE', *, *, #165, .F. ) ;
#2945 = CARTESIAN_POINT ( 'NONE',  ( 0.4756342187405253608, -80.75499855620681444, 26.40006096012201553 ) ) ;
#2946 = APPLICATION_PROTOCOL_DEFINITION ( 'international standard', 'config_control_design', 1994, #27 ) ;
#2947 = CARTESIAN_POINT ( 'NONE',  ( 79.38788311796231767, 2.500471270971708737, 29.30166096012202814 ) ) ;
#2948 = CARTESIAN_POINT ( 'NONE',  ( -0.8600925522733562367, -79.22751850209769486, 27.19606096012196872 ) ) ;
#2949 = CARTESIAN_POINT ( 'NONE',  ( -1.203409164419165345, 1.516234230551393392, 26.36406096012199285 ) ) ;
#2950 = CARTESIAN_POINT ( 'NONE',  ( 79.68532248793050599, -80.66240394805406311, 28.42006096012205774 ) ) ;
#2951 = CARTESIAN_POINT ( 'NONE',  ( 56.00011176022400150, -28.00005588010999702, 30.00006096012200274 ) ) ;
#2952 = DIRECTION ( 'NONE',  ( -0.000000000000000000, -0.000000000000000000, 1.000000000000000000 ) ) ;
#2953 = CARTESIAN_POINT ( 'NONE',  ( 78.39466943530531751, -81.10309924912181145, 27.19606096012197227 ) ) ;
#2954 = CARTESIAN_POINT ( 'NONE',  ( 1.673353975120506210, 2.742215594471090423, 30.00006096012200274 ) ) ;
#2955 = CARTESIAN_POINT ( 'NONE',  ( 79.23945225316094820, 2.592977842196142024, 30.00006096012200985 ) ) ;
#2956 = CARTESIAN_POINT ( 'NONE',  ( 81.26787060978975319, 1.241132273142879772, 28.56726096012202731 ) ) ;
#2957 = CARTESIAN_POINT ( 'NONE',  ( -2.482748332702407801, -0.7057135100375795389, 27.83286096012202648 ) ) ;
#2958 = CARTESIAN_POINT ( 'NONE',  ( 0.04861105202679062015, -80.47401041426424229, 28.42006096012199734 ) ) ;
#2959 = CARTESIAN_POINT ( 'NONE',  ( 80.85333088628924259, -79.33372309526525612, 28.42006096012206839 ) ) ;
#2960 = CARTESIAN_POINT ( 'NONE',  ( 81.15016129032299830, -39.95007874015750104, 26.40006096012200132 ) ) ;
#2961 = EDGE_LOOP ( 'NONE', ( #2078, #1013, #1286, #2737 ) ) ;
#2962 = CARTESIAN_POINT ( 'NONE',  ( 0.001046931490660464375, -80.43480354782423092, 28.40006096012200487 ) ) ;
#2963 = CARTESIAN_POINT ( 'NONE',  ( -0.5684034726169333585, -79.82407703918740083, 26.40006096012201553 ) ) ;
#2964 = APPROVAL_STATUS ( 'not_yet_approved' ) ;
#2965 = CARTESIAN_POINT ( 'NONE',  ( 80.32888408105084466, 2.140967581864710478, 26.36406096012198219 ) ) ;
#2966 = CARTESIAN_POINT ( 'NONE',  ( -0.9217386251597907698, -79.17604083547388427, 28.42006096012198668 ) ) ;
#2967 = CARTESIAN_POINT ( 'NONE',  ( -0.6116840617672612002, 1.804495443778979080, 28.56726096012203087 ) ) ;
#2968 = LINE ( 'NONE', #2728, #2799 ) ;
#2969 = CARTESIAN_POINT ( 'NONE',  ( 82.70534128002202579, -1.590386189598138378, 27.83286096012201583 ) ) ;
#2970 = ADVANCED_BREP_SHAPE_REPRESENTATION ( '3dshell_control_pcb_top', ( #831, #94 ), #1642 ) ;
#2971 = CARTESIAN_POINT ( 'NONE',  ( 78.63150370771342068, -81.05725115008272041, 27.19606096012197938 ) ) ;
#2972 = CARTESIAN_POINT ( 'NONE',  ( -0.4418969584860605870, 2.078758186833514987, 30.00006096012203116 ) ) ;
#2973 = CARTESIAN_POINT ( 'NONE',  ( 78.76414219718168397, 2.685097623776443232, 30.00006096012200629 ) ) ;
#2974 = CARTESIAN_POINT ( 'NONE',  ( 81.52379359059914066, 1.187386631026921213, 30.03606096012204674 ) ) ;
#2975 = CARTESIAN_POINT ( 'NONE',  ( -2.631701373401098554, -0.9242691085677531282, 26.36406096012199285 ) ) ;
#2976 = CARTESIAN_POINT ( 'NONE',  ( 0.1199199195997640022, -80.46297138964912676, 27.19606096012198648 ) ) ;
#2977 = CARTESIAN_POINT ( 'NONE',  ( 80.81621699881694099, -79.35393304289090111, 26.78806096012200655 ) ) ;
#2978 = CARTESIAN_POINT ( 'NONE',  ( 65.66321310642669573, -54.35396240792304923, 30.00006096012200274 ) ) ;
#2979 = ORIENTED_EDGE ( 'NONE', *, *, #573, .T. ) ;
#2980 = VECTOR ( 'NONE', #3196, 1000.000000000000000 ) ;
#2981 = CARTESIAN_POINT ( 'NONE',  ( -0.2606837782104078904, -80.19260655257401993, 26.40006096012201553 ) ) ;
#2982 = APPROVAL_ROLE ( '' ) ;
#2983 = CARTESIAN_POINT ( 'NONE',  ( 79.77864982569609253, 2.315629630270112926, 29.30166096012202814 ) ) ;
#2984 = CARTESIAN_POINT ( 'NONE',  ( -0.8914272705008913222, -79.25885322030300983, 26.38006096012195911 ) ) ;
#2985 = CARTESIAN_POINT ( 'NONE',  ( -0.8124653046610013085, 1.829288147886460880, 26.36406096012199285 ) ) ;
#2986 = CARTESIAN_POINT ( 'NONE',  ( 78.00021868777695033, 2.750071453957970036, 26.40006096024700710 ) ) ;
#2987 = CARTESIAN_POINT ( 'NONE',  ( 77.97600472402389471, -81.15095117345526887, 27.19606096012195451 ) ) ;
#2988 = CARTESIAN_POINT ( 'NONE',  ( 78.94525371397145364, -80.96654031485330449, 27.19606096012197582 ) ) ;
#2989 = CARTESIAN_POINT ( 'NONE',  ( 1.665921042207844094, -81.12036073410862969, 28.01206096012199609 ) ) ;
#2990 = EDGE_CURVE ( 'NONE', #2343, #2450, #2598, .T. ) ;
#2991 = CARTESIAN_POINT ( 'NONE',  ( 82.67451698081919176, -1.166278726282456324, 30.00006096012200985 ) ) ;
#2992 = CARTESIAN_POINT ( 'NONE',  ( 82.12320387751876183, 0.3599183949988701281, 26.36406096012198930 ) ) ;
#2993 = CARTESIAN_POINT ( 'NONE',  ( -2.395321035885424887, -0.3879281384707201630, 29.30166096012202814 ) ) ;
#2994 = CARTESIAN_POINT ( 'NONE',  ( -0.2712065684043570846, -80.13133932904754886, 26.78806096012198168 ) ) ;
#2995 = CARTESIAN_POINT ( 'NONE',  ( 81.12562718640194248, -78.29231134810889614, 26.78806096012200655 ) ) ;
#2996 = DIRECTION ( 'NONE',  ( 1.000000000000000000, -0.000000000000000000, 0.000000000000000000 ) ) ;
#2997 = ORIENTED_EDGE ( 'NONE', *, *, #1418, .F. ) ;
#2998 = CARTESIAN_POINT ( 'NONE',  ( -0.9209271193881179984, -79.17522932970233285, 26.40006096012199421 ) ) ;
#2999 = CARTESIAN_POINT ( 'NONE',  ( -1.142013653484468705, -78.22696098811074705, 28.40006096012200487 ) ) ;
#3000 = CARTESIAN_POINT ( 'NONE',  ( 0.000000000000000000, 0.000000000000000000, 0.000000000000000000 ) ) ;
#3001 = CARTESIAN_POINT ( 'NONE',  ( 80.23233595834965115, 2.042365017771561320, 27.83286096012201938 ) ) ;
#3002 = CARTESIAN_POINT ( 'NONE',  ( -1.054307829324697465, -78.76717154910598140, 26.38006096012195911 ) ) ;
#3003 = CARTESIAN_POINT ( 'NONE',  ( -0.9737222573450655672, 1.585528297831142019, 29.30166096012203525 ) ) ;
#3004 = DIRECTION ( 'NONE',  ( 0.000000000000000000, 0.000000000000000000, 1.000000000000000000 ) ) ;
#3005 = CARTESIAN_POINT ( 'NONE',  ( 78.72533969254523356, -81.06461331966916362, 26.38006096012194135 ) ) ;
#3006 = CARTESIAN_POINT ( 'NONE',  ( 1.497190700920278505, -81.09530485046821013, 26.78806096012198878 ) ) ;
#3007 = CARTESIAN_POINT ( 'NONE',  ( 82.62962387917058038, -0.9265516409996018554, 30.00006096012200985 ) ) ;
#3008 = CARTESIAN_POINT ( 'NONE',  ( 82.24540154906496525, -0.1210697068175246444, 28.56726096012202731 ) ) ;
#3009 = CARTESIAN_POINT ( 'NONE',  ( -2.067922807857251133, 0.3036218340925241899, 29.30166096012203525 ) ) ;
#3010 = CARTESIAN_POINT ( 'NONE',  ( -0.1352255319805833189, -80.26779620553037375, 28.01206096012198543 ) ) ;
#3011 = CARTESIAN_POINT ( 'NONE',  ( 81.14672748213098430, -78.20915859077524601, 28.42006096012206484 ) ) ;
#3012 = EDGE_LOOP ( 'NONE', ( #697, #159, #460, #2561, #1511, #3573 ) ) ;
#3013 = CARTESIAN_POINT ( 'NONE',  ( 56.00011176022400150, -24.00004826009499581, 30.00006096012200274 ) ) ;
#3014 = CALENDAR_DATE ( 2026, 27, 2 ) ;
#3015 = CARTESIAN_POINT ( 'NONE',  ( 79.99787149327931957, -80.39177018305782951, 26.78806096012198168 ) ) ;
#3016 = CARTESIAN_POINT ( 'NONE',  ( 80.50195320223923545, 1.872529747459436456, 28.56726096012203087 ) ) ;
#3017 = CARTESIAN_POINT ( 'NONE',  ( -0.9935990683817303992, -78.91845413901484108, 26.78806096012196392 ) ) ;
#3018 = CARTESIAN_POINT ( 'NONE',  ( -0.9737267955538904118, 1.585532932839919251, 27.09846096012201855 ) ) ;
#3019 = FACE_OUTER_BOUND ( 'NONE', #1099, .T. ) ;
#3020 = CARTESIAN_POINT ( 'NONE',  ( 78.90450844521159013, -80.97981085491316833, 27.19606096012198648 ) ) ;
#3021 = CARTESIAN_POINT ( 'NONE',  ( 1.509931990272357805, -81.08256356112549668, 27.60406096012199129 ) ) ;
#3022 = CARTESIAN_POINT ( 'NONE',  ( 82.73067054222848071, -1.564517947499416195, 30.00006096012200629 ) ) ;
#3023 = CARTESIAN_POINT ( 'NONE',  ( 82.19207536944982451, 0.08123943968215965872, 29.30166096012204591 ) ) ;
#3024 = CARTESIAN_POINT ( 'NONE',  ( -2.221155661046976704, 0.02476539143927557196, 27.09846096012201855 ) ) ;
#3025 = CARTESIAN_POINT ( 'NONE',  ( -0.05678098064438447112, -80.38598901253782003, 28.42006096012199734 ) ) ;
#3026 = CARTESIAN_POINT ( 'NONE',  ( 81.05899175951073232, -78.64431103222669606, 28.01206096012204938 ) ) ;
#3027 = ORIENTED_EDGE ( 'NONE', *, *, #1461, .F. ) ;
#3028 = CARTESIAN_POINT ( 'NONE',  ( 79.55016129032298977, -78.05016129031999128, 30.00006096012200274 ) ) ;
#3029 = CARTESIAN_POINT ( 'NONE',  ( 80.01518618578631958, -80.37825199070246640, 26.78806096012198168 ) ) ;
#3030 = VECTOR ( 'NONE', #1105, 1000.000000000000000 ) ;
#3031 = EDGE_CURVE ( 'NONE', #1743, #2363, #2839, .T. ) ;
#3032 = CARTESIAN_POINT ( 'NONE',  ( 79.68680886570703592, 2.434915157505222805, 26.36406096012198219 ) ) ;
#3033 = CARTESIAN_POINT ( 'NONE',  ( -1.118673243154349572, -78.34800174578023757, 28.01206096012198898 ) ) ;
#3034 = CARTESIAN_POINT ( 'NONE',  ( -0.6021966436487364849, 1.975067094136211399, 26.36406096012199285 ) ) ;
#3035 = CARTESIAN_POINT ( 'NONE',  ( -2.748997539783687216, -1.900002540005000018, 28.96327712414458588 ) ) ;
#3036 = CARTESIAN_POINT ( 'NONE',  ( 78.42732418816700601, -81.10484509859053048, 26.78806096012195681 ) ) ;
#3037 = CARTESIAN_POINT ( 'NONE',  ( 1.048750520053259194, -80.99808211200716812, 28.42006096012202576 ) ) ;
#3038 = CARTESIAN_POINT ( 'NONE',  ( 82.74291832564448157, -1.793810962072672988, 30.00006096012200629 ) ) ;
#3039 = CARTESIAN_POINT ( 'NONE',  ( 82.45395614470895396, -0.3282061680679853599, 30.03606096012204674 ) ) ;
#3040 = CARTESIAN_POINT ( 'NONE',  ( -2.067924481917876811, 0.3036235439203236464, 27.09846096012201855 ) ) ;
#3041 = CARTESIAN_POINT ( 'NONE',  ( 80.52469489272620251, -79.88169122085524521, 28.40006096012202264 ) ) ;
#3042 = CARTESIAN_POINT ( 'NONE',  ( -0.2026966496767268477, -80.17654766755215689, 27.19606096012198648 ) ) ;
#3043 = CARTESIAN_POINT ( 'NONE',  ( 81.13391051353093530, -78.19634162212155104, 27.60406096012202326 ) ) ;
#3044 = CARTESIAN_POINT ( 'NONE',  ( -2.748702614754019891, -1.900002540010755414, 26.40006104193385994 ) ) ;
#3045 = CARTESIAN_POINT ( 'NONE',  ( 80.31213005763335389, -80.14228528726174261, 28.42006096012206129 ) ) ;
#3046 = CARTESIAN_POINT ( 'NONE',  ( 0.5485721435182514538, -80.79796496208069811, 28.40006096012202264 ) ) ;
#3047 = CARTESIAN_POINT ( 'NONE',  ( 81.20479416321960286, 1.380244928615702138, 29.30166096012204235 ) ) ;
#3048 = CARTESIAN_POINT ( 'NONE',  ( -0.8339860058005201804, -79.37185953017311135, 28.40006096012199421 ) ) ;
#3049 = CARTESIAN_POINT ( 'NONE',  ( -1.138261774137797167, -78.15371588165164951, 28.01206096012198898 ) ) ;
#3050 = CARTESIAN_POINT ( 'NONE',  ( 0.9345936973666510994, 2.532738300973153667, 27.83286096012200517 ) ) ;
#3051 = PLANE ( 'NONE',  #1361 ) ;
#3052 = CARTESIAN_POINT ( 'NONE',  ( 0.4499961899919999730, -1.900002540005000018, 30.00006096012200274 ) ) ;
#3053 = CARTESIAN_POINT ( 'NONE',  ( 79.48738839728366656, -80.74522078733306785, 26.78806096012197457 ) ) ;
#3054 = CARTESIAN_POINT ( 'NONE',  ( 1.509974945004722180, -81.08252060638686487, 27.19606096012200425 ) ) ;
#3055 = CARTESIAN_POINT ( 'NONE',  ( -1.036625778035777712, 1.649770338833601357, 26.40006096012200132 ) ) ;
#3056 = CARTESIAN_POINT ( 'NONE',  ( 82.12320336433343471, 0.3599178708948340688, 30.03606096012205029 ) ) ;
#3057 = CARTESIAN_POINT ( 'NONE',  ( -1.955088790162911039, 0.6321366348692093462, 30.03606096012202187 ) ) ;
#3058 = CARTESIAN_POINT ( 'NONE',  ( 80.79796496210191492, -79.45158533681187407, 28.40006096012204040 ) ) ;
#3059 = CARTESIAN_POINT ( 'NONE',  ( -0.05678063041761020197, -80.38598866230945816, 26.38006096012198043 ) ) ;
#3060 = CARTESIAN_POINT ( 'NONE',  ( 81.08362573691638886, -78.66894500961265635, 28.42006096012205774 ) ) ;
#3061 = LINE ( 'NONE', #2202, #2171 ) ;
#3062 = CARTESIAN_POINT ( 'NONE',  ( 2.000002540004999663, -81.15016129031999981, 28.40006096012200132 ) ) ;
#3063 = CARTESIAN_POINT ( 'NONE',  ( 79.98520361645907428, -80.37910230624778762, 27.19606096012199359 ) ) ;
#3064 = CARTESIAN_POINT ( 'NONE',  ( 80.86406815637054990, 1.791181158718310407, 26.36406096012198574 ) ) ;
#3065 = CARTESIAN_POINT ( 'NONE',  ( -1.081639948142029795, -78.56957617083098455, 26.78806096012197457 ) ) ;
#3066 = CARTESIAN_POINT ( 'NONE',  ( -0.1655550001919555148, 2.237005853333452254, 26.36406096012199285 ) ) ;
#3067 = PLANE ( 'NONE',  #31 ) ;
#3068 = DIRECTION ( 'NONE',  ( 0.000000000000000000, 0.000000000000000000, 1.000000000000000000 ) ) ;
#3069 = CARTESIAN_POINT ( 'NONE',  ( 79.52541582339372894, -80.72466771782988815, 28.01206096012202451 ) ) ;
#3070 = CARTESIAN_POINT ( 'NONE',  ( 0.5733748576695103516, -80.77316224791208299, 28.01206096012199254 ) ) ;
#3071 = CARTESIAN_POINT ( 'NONE',  ( -0.8094586929609055570, 1.826217558684134490, 26.40006096012200132 ) ) ;
#3072 = EDGE_CURVE ( 'NONE', #1876, #1547, #2296, .T. ) ;
#3073 = CARTESIAN_POINT ( 'NONE',  ( 82.69257348930155160, -1.247560217181876929, 26.36406096012199285 ) ) ;
#3074 = CARTESIAN_POINT ( 'NONE',  ( -2.035007605124405039, 0.3581802415256764571, 29.30166096012203525 ) ) ;
#3075 = CARTESIAN_POINT ( 'NONE',  ( 80.85244899088939974, -79.33284119986643645, 28.40006096012203329 ) ) ;
#3076 = CARTESIAN_POINT ( 'NONE',  ( -0.4446801980682513200, -79.90467051047004077, 27.60406096012198418 ) ) ;
#3077 = CARTESIAN_POINT ( 'NONE',  ( -2.706053048763199964, -1.372657506729331400, 30.00006096012200629 ) ) ;
#3078 = CARTESIAN_POINT ( 'NONE',  ( 78.72472346370754792, -81.06399709083245853, 26.40006096012196224 ) ) ;
#3079 = LINE ( 'NONE', #1666, #2227 ) ;
#3080 = CARTESIAN_POINT ( 'NONE',  ( -1.146151669801760198, -78.11718653721487726, 28.40006096012200132 ) ) ;
#3081 = CARTESIAN_POINT ( 'NONE',  ( 80.34916714092521772, -80.09971947994630170, 28.42006096012206129 ) ) ;
#3082 = ORIENTED_EDGE ( 'NONE', *, *, #1818, .F. ) ;
#3083 = CARTESIAN_POINT ( 'NONE',  ( 81.09786558359375874, 1.408283978906769374, 28.56726096012203442 ) ) ;
#3084 = CARTESIAN_POINT ( 'NONE',  ( -1.135986259858508873, -78.15144036732716870, 27.60406096012198418 ) ) ;
#3085 = CARTESIAN_POINT ( 'NONE',  ( 0.5863441731175323968, 2.526953227060734442, 26.36406096012199285 ) ) ;
#3086 = VECTOR ( 'NONE', #298, 1000.000000000000000 ) ;
#3087 = FACE_BOUND ( 'NONE', #3157, .T. ) ;
#3088 = CARTESIAN_POINT ( 'NONE',  ( 81.56326178624409806, 1.136425817177693975, 26.40006096012199421 ) ) ;
#3089 = CC_DESIGN_APPROVAL ( #2138, ( #1364 ) ) ;
#3090 = CARTESIAN_POINT ( 'NONE',  ( 79.35444396742768447, -80.81672792340431499, 26.78806096012197102 ) ) ;
#3091 = CARTESIAN_POINT ( 'NONE',  ( 0.6273914138768271753, -80.83505002237319559, 26.38006096012198043 ) ) ;
#3092 = CARTESIAN_POINT ( 'NONE',  ( -2.375371727818739842, -0.1586091508006479689, 26.40006096012200132 ) ) ;
#3093 = ORIENTED_EDGE ( 'NONE', *, *, #2173, .F. ) ;
#3094 = CARTESIAN_POINT ( 'NONE',  ( 82.55580447917101594, -0.6312636376721023623, 30.03606096012203963 ) ) ;
#3095 = CARTESIAN_POINT ( 'NONE',  ( 79.98197289750847006, -80.44900582632378416, 28.40006096012202264 ) ) ;
#3096 = CARTESIAN_POINT ( 'NONE',  ( -0.5606803460354532476, -79.77764757105875049, 26.78806096012198168 ) ) ;
#3097 = ADVANCED_FACE ( 'NONE', ( #2098 ), #2563, .T. ) ;
#3098 = CARTESIAN_POINT ( 'NONE',  ( -2.744689224021487295, -1.829261570218954303, 30.00006096012200274 ) ) ;
#3099 = CARTESIAN_POINT ( 'NONE',  ( 79.70736274842654723, -80.64561803465572609, 28.40006096012202264 ) ) ;
#3100 = CARTESIAN_POINT ( 'NONE',  ( 79.75430305503404327, -80.61502582580008891, 26.40006096012198356 ) ) ;
#3101 = CARTESIAN_POINT ( 'NONE',  ( -2.682510873945757268, -1.489676941054381087, 27.83286096012202648 ) ) ;
#3102 = FACE_OUTER_BOUND ( 'NONE', #1715, .T. ) ;
#3103 = CARTESIAN_POINT ( 'NONE',  ( 80.43937354149059615, -79.93920939772307577, 26.78806096012198878 ) ) ;
#3104 = CARTESIAN_POINT ( 'NONE',  ( 81.20356608280155797, 1.516233672495340912, 30.03606096012203963 ) ) ;
#3105 = CARTESIAN_POINT ( 'NONE',  ( -1.095456459266791693, -78.58339268195992133, 26.38006096012195556 ) ) ;
#3106 = CARTESIAN_POINT ( 'NONE',  ( -0.2713357512690602880, 2.082355516107859295, 27.09846096012201855 ) ) ;
#3107 = CARTESIAN_POINT ( 'NONE',  ( 79.55016129032298977, -1.900002540005000018, 29.20006096012200203 ) ) ;
#3108 = CARTESIAN_POINT ( 'NONE',  ( 80.94029853850271650, 1.732884257496362990, 26.40006096012199421 ) ) ;
#3109 = CARTESIAN_POINT ( 'NONE',  ( 79.54555227199516310, -80.74480416642559533, 28.42006096012205774 ) ) ;
#3110 = CARTESIAN_POINT ( 'NONE',  ( 0.6988396304981266960, -80.82092564082087449, 27.60406096012199484 ) ) ;
#3111 = LINE ( 'NONE', #342, #2688 ) ;
#3112 = CARTESIAN_POINT ( 'NONE',  ( 82.60128405457641065, -0.8233152840290931529, 30.03606096012204674 ) ) ;
#3113 = CARTESIAN_POINT ( 'NONE',  ( 80.35016129032298693, -1.900002540005000018, 28.40006096012200132 ) ) ;
#3114 = CARTESIAN_POINT ( 'NONE',  ( -0.4994274578700821365, -79.91711641603721716, 26.38006096012198043 ) ) ;
#3115 = CARTESIAN_POINT ( 'NONE',  ( -2.583184309119445743, -0.7631341374013392853, 30.00006096012200629 ) ) ;
#3116 = CARTESIAN_POINT ( 'NONE',  ( 78.27276362354551509, -81.13748202545667709, 28.40006096012198711 ) ) ;
#3117 = CARTESIAN_POINT ( 'NONE',  ( 78.22696497980874142, -81.14217512548107436, 26.40006096012194448 ) ) ;
#3118 = EDGE_CURVE ( 'NONE', #247, #1856, #373, .T. ) ;
#3119 = CARTESIAN_POINT ( 'NONE',  ( -2.737274017166807294, -1.664558076251386520, 26.36406096012199285 ) ) ;
#3120 = CARTESIAN_POINT ( 'NONE',  ( 82.71599503773910556, -1.455641101270642057, 26.40006096012200132 ) ) ;
#3121 = CARTESIAN_POINT ( 'NONE',  ( 80.32544531016351641, -80.07599764920431085, 28.01206096012202806 ) ) ;
#3122 = EDGE_LOOP ( 'NONE', ( #2823, #1783, #2325, #426 ) ) ;
#3123 = CARTESIAN_POINT ( 'NONE',  ( 81.93289331538500164, 0.4315201346865681908, 28.56726096012203442 ) ) ;
#3124 = CARTESIAN_POINT ( 'NONE',  ( -1.152981968162263726, -77.97819299897633982, 28.01206096012198898 ) ) ;
#3125 = CARTESIAN_POINT ( 'NONE',  ( 1.231055963890890226, 2.614996919282060350, 28.56726096012202021 ) ) ;
#3126 = DIRECTION ( 'NONE',  ( 0.000000000000000000, 1.000000000000000000, 0.000000000000000000 ) ) ;
#3127 = CARTESIAN_POINT ( 'NONE',  ( 79.41252195279189152, 2.525634394007059580, 26.40006096012199421 ) ) ;
#3128 = CARTESIAN_POINT ( 'NONE',  ( -0.7111450611281991963, -79.51205065226587010, 27.19606096012196872 ) ) ;
#3129 = CARTESIAN_POINT ( 'NONE',  ( 79.60168481310128641, -80.71371034831098257, 28.42006096012205774 ) ) ;
#3130 = CARTESIAN_POINT ( 'NONE',  ( -1.199834906116513444, 1.512583915829722736, 26.40006096012200132 ) ) ;
#3131 = CARTESIAN_POINT ( 'NONE',  ( 82.68134409459912604, -1.398053072506920902, 27.09846096012200789 ) ) ;
#3132 = CARTESIAN_POINT ( 'NONE',  ( 36.00007239014500016, -20.00004064007999816, 30.00006096012200274 ) ) ;
#3133 = CARTESIAN_POINT ( 'NONE',  ( -0.4577749065738505041, -79.91776521899437569, 26.78806096012198168 ) ) ;
#3134 = CARTESIAN_POINT ( 'NONE',  ( -1.952243650707456091, 0.6292309538604163865, 30.00006096012200629 ) ) ;
#3135 = CARTESIAN_POINT ( 'NONE',  ( 79.75430305503385853, -80.61502582579996101, 28.40006096012202619 ) ) ;
#3136 = CARTESIAN_POINT ( 'NONE',  ( 79.80121384854169264, -80.58440410384481822, 26.40006096012198356 ) ) ;
#3137 = CARTESIAN_POINT ( 'NONE',  ( -2.731825042107087320, -1.563178049757582233, 26.36406096012199285 ) ) ;
#3138 = CARTESIAN_POINT ( 'NONE',  ( 80.48907843175933863, -79.84607475992588377, 27.60406096012200905 ) ) ;
#3139 = CARTESIAN_POINT ( 'NONE',  ( 81.82061014711482017, 0.5842494848006317687, 28.56726096012203087 ) ) ;
#3140 = CARTESIAN_POINT ( 'NONE',  ( -1.142017645175154694, -78.22696497980142283, 26.40006096012201553 ) ) ;
#3141 = CARTESIAN_POINT ( 'NONE',  ( 2.082914184827822979, 2.760330611205591200, 27.83286096012202648 ) ) ;
#3142 = EDGE_CURVE ( 'NONE', #390, #2533, #1038, .T. ) ;
#3143 = CARTESIAN_POINT ( 'NONE',  ( 78.51205124070250463, 2.720943091264782954, 26.36406096012198574 ) ) ;
#3144 = CARTESIAN_POINT ( 'NONE',  ( -0.8348788560016920934, -79.37275238037348402, 26.38006096012195556 ) ) ;
#3145 = CARTESIAN_POINT ( 'NONE',  ( -1.096066018089819183, 1.477561539006663871, 27.09846096012201855 ) ) ;
#3146 = CARTESIAN_POINT ( 'NONE',  ( 79.78904803750891972, -80.53353195127743902, 27.60406096012200905 ) ) ;
#3147 = CARTESIAN_POINT ( 'NONE',  ( 1.489425762124765518, 2.719595490719882047, 26.40006096012200132 ) ) ;
#3148 = CIRCLE ( 'NONE', #2569, 1.500000000000001332 ) ;
#3149 = CARTESIAN_POINT ( 'NONE',  ( 82.61598182653044375, -1.072663204966771699, 27.09846096012199368 ) ) ;
#3150 = DIRECTION ( 'NONE',  ( -1.000000000000000000, 0.000000000000000000, 0.000000000000000000 ) ) ;
#3151 = CARTESIAN_POINT ( 'NONE',  ( -0.5941364940109854498, -79.73357120357054839, 26.78806096012198168 ) ) ;
#3152 = CARTESIAN_POINT ( 'NONE',  ( 81.14998594728903925, -77.99404098105682692, 27.60406096012202326 ) ) ;
#3153 = CARTESIAN_POINT ( 'NONE',  ( 78.27276237899602052, -81.13748078090712568, 26.40006096012194092 ) ) ;
#3154 = CARTESIAN_POINT ( 'NONE',  ( -2.729014932497884072, -1.759472511174432263, 28.56726096012202021 ) ) ;
#3155 = CARTESIAN_POINT ( 'NONE',  ( 80.54249780173745421, -79.86152412909856935, 28.42006096012205774 ) ) ;
#3156 = EDGE_LOOP ( 'NONE', ( #1322, #603, #3264, #3555 ) ) ;
#3157 = EDGE_LOOP ( 'NONE', ( #822, #123, #3082, #3426 ) ) ;
#3158 = CARTESIAN_POINT ( 'NONE',  ( 81.34778342094486447, 1.165188347967439197, 27.83286096012201583 ) ) ;
#3159 = DIRECTION ( 'NONE',  ( -1.000000000000000000, 0.000000000000000000, 0.000000000000000000 ) ) ;
#3160 = CARTESIAN_POINT ( 'NONE',  ( 1.399506807738907233, 2.664777499016320661, 27.09846096012199723 ) ) ;
#3161 = CARTESIAN_POINT ( 'NONE',  ( 78.44812117740134738, 2.727137437247678875, 30.03606096012203608 ) ) ;
#3162 = CARTESIAN_POINT ( 'NONE',  ( -0.6793503579216035870, -79.56748230651703579, 27.60406096012197352 ) ) ;
#3163 = CARTESIAN_POINT ( 'NONE',  ( -1.462027963519204388, 1.033198677354108419, 28.56726096012202021 ) ) ;
#3164 = CARTESIAN_POINT ( 'NONE',  ( 79.64453068663803492, -80.68908418430450524, 28.42006096012205418 ) ) ;
#3165 = AXIS2_PLACEMENT_3D ( 'NONE', #2319, #1189, #99 ) ;
#3166 = PLANE ( 'NONE',  #721 ) ;
#3167 = CARTESIAN_POINT ( 'NONE',  ( 82.74481571210313291, -1.829975944332057347, 30.03606096012203608 ) ) ;
#3168 = CARTESIAN_POINT ( 'NONE',  ( 81.08243862014546721, -78.66775789284265841, 28.40006096012202264 ) ) ;
#3169 = CARTESIAN_POINT ( 'NONE',  ( 78.27325593539046622, -81.13797433730354669, 28.42006096012202576 ) ) ;
#3170 = CARTESIAN_POINT ( 'NONE',  ( 1.953780194480956967, -81.14526074108800913, 27.19606096012199714 ) ) ;
#3171 = CARTESIAN_POINT ( 'NONE',  ( 56.00011176022400150, -20.00004064007999816, 28.20006096012200203 ) ) ;
#3172 = CARTESIAN_POINT ( 'NONE',  ( -2.740722873890843569, -1.747515436991906812, 26.36406096012199285 ) ) ;
#3173 = CARTESIAN_POINT ( 'NONE',  ( 0.3600272084954541096, -80.69388054855657799, 28.42006096012200800 ) ) ;
#3174 = CARTESIAN_POINT ( 'NONE',  ( 80.47706703147106566, -79.89433320256208049, 28.01206096012202806 ) ) ;
#3175 = ORIENTED_EDGE ( 'NONE', *, *, #1700, .T. ) ;
#3176 = ORIENTED_EDGE ( 'NONE', *, *, #1909, .F. ) ;
#3177 = CARTESIAN_POINT ( 'NONE',  ( -1.109313153987733447, -78.49735257595956739, 26.40006096012199421 ) ) ;
#3178 = CARTESIAN_POINT ( 'NONE',  ( 1.931474666932066597, 2.742033390253853398, 28.56726096012201310 ) ) ;
#3179 = CARTESIAN_POINT ( 'NONE',  ( 78.28627687959833281, 2.719813643249375801, 27.83286096012201583 ) ) ;
#3180 = CARTESIAN_POINT ( 'NONE',  ( -0.6542181722369101449, -79.60982215664346029, 27.19606096012197582 ) ) ;
#3181 = CARTESIAN_POINT ( 'NONE',  ( -1.729935148606111861, 0.9429748145734374587, 26.36406096012199285 ) ) ;
#3182 = CARTESIAN_POINT ( 'NONE',  ( 79.88049439911017657, -80.46296292131363259, 27.19606096012199714 ) ) ;
#3183 = LINE ( 'NONE', #3475, #1416 ) ;
#3184 = CARTESIAN_POINT ( 'NONE',  ( 82.71545554837717873, -1.656993226966224642, 27.83286096012201583 ) ) ;
#3185 = CARTESIAN_POINT ( 'NONE',  ( 81.09890647361667959, -78.55626997278584156, 28.40006096012204040 ) ) ;
#3186 = CARTESIAN_POINT ( 'NONE',  ( 78.15147581843865510, -81.13617919117230315, 27.19606096012197227 ) ) ;
#3187 = CARTESIAN_POINT ( 'NONE',  ( 1.901780538342807692, -81.14019888637604083, 27.19606096012199714 ) ) ;
#3188 = EDGE_CURVE ( 'NONE', #1547, #788, #548, .T. ) ;
#3189 = CARTESIAN_POINT ( 'NONE',  ( 40.00007874015749820, -79.55016129032000549, 28.40006096012200132 ) ) ;
#3190 = CARTESIAN_POINT ( 'NONE',  ( -2.615841095242496195, -1.072646099572556633, 27.09846096012201855 ) ) ;
#3191 = CARTESIAN_POINT ( 'NONE',  ( 0.4371401388588102011, -80.73491214051517773, 26.38006096012198043 ) ) ;
#3192 = CARTESIAN_POINT ( 'NONE',  ( 80.62466330977903795, -79.68905755538327185, 26.78806096012198523 ) ) ;
#3193 = ORIENTED_EDGE ( 'NONE', *, *, #2086, .F. ) ;
#3194 = ORIENTED_EDGE ( 'NONE', *, *, #209, .T. ) ;
#3195 = CARTESIAN_POINT ( 'NONE',  ( -0.2394021310435631711, -80.21325314889847391, 28.40006096012200487 ) ) ;
#3196 = DIRECTION ( 'NONE',  ( 0.000000000000000000, 1.000000000000000000, 0.000000000000000000 ) ) ;
#3197 = CARTESIAN_POINT ( 'NONE',  ( 2.008018917141015880, 2.750339965206299642, 26.36406096012199285 ) ) ;
#3198 = CARTESIAN_POINT ( 'NONE',  ( 79.41381915527298929, 2.526959199571348513, 26.36406096012198574 ) ) ;
#3199 = CARTESIAN_POINT ( 'NONE',  ( -0.6252365326374278443, -79.68713872673309595, 26.78806096012198168 ) ) ;
#3200 = CARTESIAN_POINT ( 'NONE',  ( -1.419176437153859993, 1.080704166796139010, 28.56726096012202021 ) ) ;
#3201 = CARTESIAN_POINT ( 'NONE',  ( 79.99786875809196829, -80.39176744783242157, 28.01206096012202806 ) ) ;
#3202 = DIRECTION ( 'NONE',  ( 0.000000000000000000, -0.000000000000000000, -1.000000000000000000 ) ) ;
#3203 = CARTESIAN_POINT ( 'NONE',  ( 82.74088150259443353, -1.747514264171638798, 26.36406096012199285 ) ) ;
#3204 = CARTESIAN_POINT ( 'NONE',  ( 78.26310903695498666, -81.12782743882542036, 28.01206096012199964 ) ) ;
#3205 = CARTESIAN_POINT ( 'NONE',  ( -0.8094586929609214332, 1.826217558684149145, 30.00006096012203116 ) ) ;
#3206 = AXIS2_PLACEMENT_3D ( 'NONE', #2664, #762, #2627 ) ;
#3207 = DIRECTION ( 'NONE',  ( 0.000000000000000000, 0.000000000000000000, 1.000000000000000000 ) ) ;
#3208 = CARTESIAN_POINT ( 'NONE',  ( -2.482747782520786650, -0.7057140720682614221, 28.56726096012202021 ) ) ;
#3209 = CARTESIAN_POINT ( 'NONE',  ( 0.4572223061921687481, -80.71482997319463948, 26.78806096012198168 ) ) ;
#3210 = CARTESIAN_POINT ( 'NONE',  ( 80.83526512334428560, -79.31565733234120330, 28.01206096012205293 ) ) ;
#3211 = LINE ( 'NONE', #3280, #1320 ) ;
#3212 = VERTEX_POINT ( 'NONE', #2502 ) ;
#3213 = CARTESIAN_POINT ( 'NONE',  ( -0.9692159266497533121, -79.05790251932734236, 26.40006096012199421 ) ) ;
#3214 = DATE_AND_TIME ( #3575, #2456 ) ;
#3215 = CARTESIAN_POINT ( 'NONE',  ( 79.11051038232302801, 2.578641316120832805, 29.30166096012202814 ) ) ;
#3216 = CARTESIAN_POINT ( 'NONE',  ( -0.8915494429531999332, -79.14585165327584093, 27.60406096012197352 ) ) ;
#3217 = CARTESIAN_POINT ( 'NONE',  ( -1.338811398492992133, 1.380031783634534381, 30.03606096012201832 ) ) ;
#3218 = VECTOR ( 'NONE', #514, 1000.000000000000000 ) ;
#3219 = CARTESIAN_POINT ( 'NONE',  ( 79.62018491298375977, -80.66473841065922556, 28.01206096012203162 ) ) ;
#3220 = FACE_OUTER_BOUND ( 'NONE', #751, .T. ) ;
#3221 = CARTESIAN_POINT ( 'NONE',  ( 82.74867864628816960, -1.882501993090678338, 27.09846096012200434 ) ) ;
#3222 = CARTESIAN_POINT ( 'NONE',  ( 78.40066914459353598, -81.10909895840171657, 28.01206096012199609 ) ) ;
#3223 = CARTESIAN_POINT ( 'NONE',  ( 2.059163055688161492, -81.15400090166495772, 27.60406096012200194 ) ) ;
#3224 = CARTESIAN_POINT ( 'NONE',  ( 80.73393346201930854, -79.56203866295231819, 26.40006096012199777 ) ) ;
#3225 = CARTESIAN_POINT ( 'NONE',  ( 81.85718761741448191, 0.5319913977070418465, 28.56726096012202731 ) ) ;
#3226 = CARTESIAN_POINT ( 'NONE',  ( -2.568423019047370470, -0.9888939592803379641, 28.56726096012202021 ) ) ;
#3227 = CARTESIAN_POINT ( 'NONE',  ( 0.2899084744155499549, -80.58629073355157857, 27.60406096012199129 ) ) ;
#3228 = CARTESIAN_POINT ( 'NONE',  ( 80.61011991008054167, -79.67451415569973960, 27.19606096012199359 ) ) ;
#3229 = ORIENTED_EDGE ( 'NONE', *, *, #311, .F. ) ;
#3230 = EDGE_LOOP ( 'NONE', ( #515, #2544, #3093, #2944 ) ) ;
#3231 = EDGE_CURVE ( 'NONE', #1856, #2343, #1631, .T. ) ;
#3232 = CARTESIAN_POINT ( 'NONE',  ( -0.05566775880060751552, -80.38487579069341393, 26.40006096012201553 ) ) ;
#3233 = CARTESIAN_POINT ( 'NONE',  ( 80.04483732955304731, 2.288066587196222912, 30.03606096012203963 ) ) ;
#3234 = CARTESIAN_POINT ( 'NONE',  ( -0.9406183197844013577, -79.02930491246925726, 27.60406096012197352 ) ) ;
#3235 = CARTESIAN_POINT ( 'NONE',  ( -0.9352436800106986858, 1.546230937426541718, 27.83286096012202648 ) ) ;
#3236 = CARTESIAN_POINT ( 'NONE',  ( 80.25429218318822677, -80.20123882865287612, 26.38006096012196977 ) ) ;
#3237 = CARTESIAN_POINT ( 'NONE',  ( 0.4499961899919999730, -78.00015494030999719, 30.00006096012200274 ) ) ;
#3238 = CARTESIAN_POINT ( 'NONE',  ( 82.74786631749036303, -1.883331607427548127, 30.03606096012203608 ) ) ;
#3239 = CARTESIAN_POINT ( 'NONE',  ( 78.05068873501136295, -81.14951512947635592, 28.01206096012199254 ) ) ;
#3240 = CARTESIAN_POINT ( 'NONE',  ( 1.553235731776201778, 2.725912485812070685, 30.00006096012200274 ) ) ;
#3241 = CARTESIAN_POINT ( 'NONE',  ( 78.66321310642670994, -47.55396240792504869, 26.02405757433622568 ) ) ;
#3242 = CARTESIAN_POINT ( 'NONE',  ( 81.37843948610954214, 1.196496741618156889, 29.30166096012202814 ) ) ;
#3243 = CARTESIAN_POINT ( 'NONE',  ( -2.373393781962977567, -0.4103219811505775527, 28.56726096012202021 ) ) ;
#3244 = CARTESIAN_POINT ( 'NONE',  ( 0.02588185678425333758, -80.40996862251670052, 28.01206096012198543 ) ) ;
#3245 = CARTESIAN_POINT ( 'NONE',  ( 80.70064037877278906, -79.52874557974357117, 27.19606096012201135 ) ) ;
#3246 = ORIENTED_EDGE ( 'NONE', *, *, #1530, .F. ) ;
#3247 = ORIENTED_EDGE ( 'NONE', *, *, #311, .T. ) ;
#3248 = CARTESIAN_POINT ( 'NONE',  ( -0.09840850076262247503, -80.34801364567059068, 26.40006096012201553 ) ) ;
#3249 = CARTESIAN_POINT ( 'NONE',  ( 79.77863903415124014, 2.315618609194052713, 27.09846096012200078 ) ) ;
#3250 = CARTESIAN_POINT ( 'NONE',  ( -0.9374194446184361817, -79.13592175052467326, 26.38006096012195911 ) ) ;
#3251 = EDGE_CURVE ( 'NONE', #3521, #390, #897, .T. ) ;
#3252 = CARTESIAN_POINT ( 'NONE',  ( -0.4486660705433145879, 1.907883440609845938, 27.83286096012203004 ) ) ;
#3253 = DIRECTION ( 'NONE',  ( -1.000000000000000000, 0.000000000000000000, 0.000000000000000000 ) ) ;
#3254 = CARTESIAN_POINT ( 'NONE',  ( 77.94133516037601339, -81.15434163733483786, 28.01206096012197833 ) ) ;
#3255 = CARTESIAN_POINT ( 'NONE',  ( 79.05902157018753940, -80.97049245781215632, 26.38006096012194490 ) ) ;
#3256 = CARTESIAN_POINT ( 'NONE',  ( 1.192521818285558588, -81.01610639361040000, 26.78806096012199234 ) ) ;
#3257 = CARTESIAN_POINT ( 'NONE',  ( 81.65135052757132428, 1.044473079155637141, 30.00006096012201340 ) ) ;
#3258 = CARTESIAN_POINT ( 'NONE',  ( 82.40222977539976057, -0.2154425364128695897, 26.36406096012198219 ) ) ;
#3259 = CARTESIAN_POINT ( 'NONE',  ( -2.603094490330458477, -1.139337957678851598, 28.56726096012202021 ) ) ;
#3260 = CARTESIAN_POINT ( 'NONE',  ( -0.3213052646415983649, -80.07978624126350553, 28.01206096012198543 ) ) ;
#3261 = VECTOR ( 'NONE', #955, 1000.000000000000000 ) ;
#3262 = CARTESIAN_POINT ( 'NONE',  ( 80.90145840301458691, -79.24098540036024474, 26.38006096012198753 ) ) ;
#3263 = CARTESIAN_POINT ( 'NONE',  ( 1.999939036301529027, 2.750071204829313665, 26.40006096012200132 ) ) ;
#3264 = ORIENTED_EDGE ( 'NONE', *, *, #251, .F. ) ;
#3265 = VECTOR ( 'NONE', #3272, 1000.000000000000000 ) ;
#3266 = CARTESIAN_POINT ( 'NONE',  ( -0.1601902272070193645, -80.29276090076830030, 28.40006096012200487 ) ) ;
#3267 = CARTESIAN_POINT ( 'NONE',  ( 0.2911961338169097857, -80.64456710091091907, 26.40006096012201553 ) ) ;
#3268 = B_SPLINE_CURVE_WITH_KNOTS ( 'NONE', 5,
 ( #3342, #3418, #1448, #2282, #2029, #3400, #2532, #944, #1166, #2802, #1187, #2588, #2782, #1429, #2552, #1694, #2317, #60, #307, #2264, #909, #2010, #1732, #2568, #3092, #2841, #79, #361, #887, #1466, #1714, #96, #3361, #1991, #1206, #1412, #612, #1485, #2301, #114, #1973, #649, #928, #1223, #3130, #1752, #2247, #3055, #2514, #576, #869, #3071, #3511, #150, #724, #434, #667, #1519, #2048, #398, #1502, #1537, #2643, #1311, #2122, #2604, #2677, #1774, #2085, #452, #3457, #3147, #171, #415, #1278, #131, #1812, #1241 ),
 .UNSPECIFIED., .F., .F.,
 ( 6, 3, 3, 3, 3, 3, 3, 3, 3, 3, 3, 3, 3, 3, 3, 3, 3, 3, 3, 3, 3, 3, 3, 3, 3, 6 ),
 ( 1.284542626244318061E-07, 0.0001450838147898474151, 0.0002613290233770691924, 0.0004431168863879155037, 0.0006214962369138684337, 0.0008294161079837006779, 0.001133525848229644320, 0.001449192412132765170, 0.001774983191268175069, 0.002109419629880415151, 0.002450983935104608658, 0.002798125965248463888, 0.003149270264900601041, 0.003502823214908122075, 0.003759607866982601909, 0.004034468446013822485, 0.004210733214808939223, 0.004561877514460928491, 0.004909019544604763773, 0.005250583849828029635, 0.005585020288441276508, 0.006076006023391232642, 0.006530587371725993760, 0.006821760128916158628, 0.007098674456332488419, 0.007360123592370567194 ),
 .UNSPECIFIED. ) ;
#3269 = CARTESIAN_POINT ( 'NONE',  ( 80.32888362318030318, 2.140967114254375581, 30.03606096012203963 ) ) ;
#3270 = CARTESIAN_POINT ( 'NONE',  ( -1.035412712574591332, -78.85427210777854157, 28.42006096012198668 ) ) ;
#3271 = CARTESIAN_POINT ( 'NONE',  ( -0.2321805697818368486, 2.042367153829533599, 28.56726096012203087 ) ) ;
#3272 = DIRECTION ( 'NONE',  ( 0.000000000000000000, -1.000000000000000000, 0.000000000000000000 ) ) ;
#3273 = CARTESIAN_POINT ( 'NONE',  ( 78.54205330101447657, -81.08876850728471197, 26.78806096012195681 ) ) ;
#3274 = CARTESIAN_POINT ( 'NONE',  ( 0.9489477058959575606, -80.93608934631302532, 28.01206096012199254 ) ) ;
#3275 = CARTESIAN_POINT ( 'NONE',  ( 82.08838403170939557, 0.4125316305772231962, 30.00006096012201340 ) ) ;
#3276 = CARTESIAN_POINT ( 'NONE',  ( 82.51192295271519583, -0.5160851417107618078, 30.03606096012204674 ) ) ;
#3277 = CARTESIAN_POINT ( 'NONE',  ( -2.245246063427587480, -0.1210676697124008355, 28.56726096012202021 ) ) ;
#3278 = CARTESIAN_POINT ( 'NONE',  ( 0.002979615817552849766, -80.36839971869171961, 27.60406096012198418 ) ) ;
#3279 = CARTESIAN_POINT ( 'NONE',  ( 81.10352808748255882, -78.41429690394609509, 28.01206096012204583 ) ) ;
#3280 = CARTESIAN_POINT ( 'NONE',  ( 16.00003302006599881, -24.00004826009499581, 30.00006096012200274 ) ) ;
#3281 = ORIENTED_EDGE ( 'NONE', *, *, #3072, .T. ) ;
#3282 = CARTESIAN_POINT ( 'NONE',  ( -0.7226610653904806947, -79.58214715207664369, 26.40006096012199421 ) ) ;
#3283 = PERSON_AND_ORGANIZATION ( #902, #3379 ) ;
#3284 = CARTESIAN_POINT ( 'NONE',  ( 80.21616817947764844, 2.114027216426034972, 27.09846096012200078 ) ) ;
#3285 = CARTESIAN_POINT ( 'NONE',  ( -0.9471830569876932282, -79.03586964967459494, 26.78806096012196392 ) ) ;
#3286 = CARTESIAN_POINT ( 'NONE',  ( -0.6116880974122993475, 1.804499565442684528, 27.83286096012203004 ) ) ;
#3287 = CARTESIAN_POINT ( 'NONE',  ( 16.00003302006599881, -28.00005588010999702, 28.20006096012200203 ) ) ;
#3288 = CARTESIAN_POINT ( 'NONE',  ( 78.55896540244876292, -81.07118666005392527, 27.19606096012197938 ) ) ;
#3289 = CARTESIAN_POINT ( 'NONE',  ( 1.241239691804957079, -81.04564272964628913, 28.01206096012199964 ) ) ;
#3290 = CARTESIAN_POINT ( 'NONE',  ( 82.69669563132198675, -1.289398564249466972, 30.00006096012200629 ) ) ;
#3291 = CARTESIAN_POINT ( 'NONE',  ( 82.09830277195159454, 0.1599794405444170398, 28.56726096012203797 ) ) ;
#3292 = CARTESIAN_POINT ( 'NONE',  ( -1.919321224256497427, 0.6852218602578193929, 30.03606096012202187 ) ) ;
#3293 = CARTESIAN_POINT ( 'NONE',  ( 80.43480354783076791, -79.99911054882258554, 28.40006096012202619 ) ) ;
#3294 = CARTESIAN_POINT ( 'NONE',  ( -0.2373144611426737660, -80.16923723552739034, 26.78806096012198168 ) ) ;
#3295 = EDGE_CURVE ( 'NONE', #1034, #658, #1945, .T. ) ;
#3296 = CARTESIAN_POINT ( 'NONE',  ( 81.05579496721551891, -78.64111423995474581, 27.19606096012201135 ) ) ;
#3297 = VERTEX_POINT ( 'NONE', #3044 ) ;
#3298 = CARTESIAN_POINT ( 'NONE',  ( 1.699439861652860762, -81.13403345691551749, 26.40006096012202264 ) ) ;
#3299 = CARTESIAN_POINT ( 'NONE',  ( 80.19379984160974573, -80.26203455479767968, 26.38006096012195911 ) ) ;
#3300 = CARTESIAN_POINT ( 'NONE',  ( 80.63951987865213766, 1.832762746096844975, 29.30166096012203170 ) ) ;
#3301 = CARTESIAN_POINT ( 'NONE',  ( -1.135930018662962837, -78.17038560950652482, 26.78806096012198168 ) ) ;
#3302 = CARTESIAN_POINT ( 'NONE',  ( -0.7141653810902561794, 1.909157456872347947, 26.36406096012199285 ) ) ;
#3303 = CARTESIAN_POINT ( 'NONE',  ( 65.66321310642669573, -54.35396240792304923, 26.40006096012200132 ) ) ;
#3304 = CARTESIAN_POINT ( 'NONE',  ( 78.93278601193182453, -81.00808842161120538, 28.42006096012203642 ) ) ;
#3305 = CARTESIAN_POINT ( 'NONE',  ( 1.359045991771251405, -81.05579220954004427, 27.60406096012200194 ) ) ;
#3306 = CARTESIAN_POINT ( 'NONE',  ( 82.73968207342130654, -1.729687844377767458, 30.00006096012200629 ) ) ;
#3307 = CARTESIAN_POINT ( 'NONE',  ( 82.24410794436950312, 0.1343792126010120713, 26.36406096012198219 ) ) ;
#3308 = CARTESIAN_POINT ( 'NONE',  ( -2.331939669520954439, -0.03252931560483296458, 30.03606096012202187 ) ) ;
#3309 = CARTESIAN_POINT ( 'NONE',  ( 80.40483936565968293, -80.03361751145121161, 28.40006096012202619 ) ) ;
#3310 = CARTESIAN_POINT ( 'NONE',  ( -0.01922886338938745165, -80.34843689529976984, 27.19606096012198648 ) ) ;
#3311 = CARTESIAN_POINT ( 'NONE',  ( 81.11748321398546580, -78.28416737567761174, 27.60406096012203037 ) ) ;
#3312 = DIRECTION ( 'NONE',  ( 0.000000000000000000, 1.000000000000000000, 0.000000000000000000 ) ) ;
#3313 = CARTESIAN_POINT ( 'NONE',  ( 80.08207729211703452, -80.29389202199477893, 27.19606096012199714 ) ) ;
#3314 = CARTESIAN_POINT ( 'NONE',  ( 1.567108877302801018, -81.12227978655977267, 28.40006096012202974 ) ) ;
#3315 = VECTOR ( 'NONE', #840, 1000.000000000000000 ) ;
#3316 = CARTESIAN_POINT ( 'NONE',  ( 81.12983667533890753, 1.440935381519702574, 29.30166096012204235 ) ) ;
#3317 = CARTESIAN_POINT ( 'NONE',  ( -1.118262963877949545, -78.28519230264036821, 27.60406096012198418 ) ) ;
#3318 = CARTESIAN_POINT ( 'NONE',  ( 0.1045741029050419602, 2.221970638475927906, 27.83286096012202648 ) ) ;
#3319 = CARTESIAN_POINT ( 'NONE',  ( 77.99213919682856044, 2.750340612340044899, 26.36406096012199285 ) ) ;
#3320 = CARTESIAN_POINT ( 'NONE',  ( 80.27006482563466250, 2.169070725878647465, 26.40006096012199421 ) ) ;
#3321 = CARTESIAN_POINT ( 'NONE',  ( 79.14584947274499882, -80.89170474277048584, 27.19606096012199359 ) ) ;
#3322 = CARTESIAN_POINT ( 'NONE',  ( 1.355804434367113176, -81.05903376694250539, 26.78806096012199234 ) ) ;
#3323 = CARTESIAN_POINT ( 'NONE',  ( 82.18729301957925770, 0.2508633062465641661, 30.00006096012201340 ) ) ;
#3324 = CARTESIAN_POINT ( 'NONE',  ( 82.12307536486976289, 0.1852791679771119693, 29.30166096012204235 ) ) ;
#3325 = AXIS2_PLACEMENT_3D ( 'NONE', #2652, #2996, #2720 ) ;
#3326 = CARTESIAN_POINT ( 'NONE',  ( -1.896675999334089813, 0.5724808817353184143, 29.30166096012202814 ) ) ;
#3327 = CARTESIAN_POINT ( 'NONE',  ( -0.1773119706221300274, -80.23052281635081329, 26.78806096012198168 ) ) ;
#3328 = CARTESIAN_POINT ( 'NONE',  ( 81.14527289929071685, -78.10345095487288347, 28.01206096012204583 ) ) ;
#3329 = PLANE ( 'NONE',  #219 ) ;
#3330 = CARTESIAN_POINT ( 'NONE',  ( -1.150003810007999894, -1.900002540005000018, 26.40006096012200132 ) ) ;
#3331 = DIRECTION ( 'NONE',  ( -1.000000000000000000, 0.000000000000000000, 0.000000000000000000 ) ) ;
#3332 = CARTESIAN_POINT ( 'NONE',  ( 80.25594569928099986, -80.12353251695476786, 27.19606096012199714 ) ) ;
#3333 = CARTESIAN_POINT ( 'NONE',  ( 0.9205782312978255666, -80.96445882093074431, 28.40006096012202619 ) ) ;
#3334 = CARTESIAN_POINT ( 'NONE',  ( 81.12982880961105536, 1.440927348447947232, 27.09846096012200078 ) ) ;
#3335 = CARTESIAN_POINT ( 'NONE',  ( -0.5842466235310777023, -79.80121384853326560, 28.40006096012199421 ) ) ;
#3336 = CARTESIAN_POINT ( 'NONE',  ( -1.144782907906420455, -78.17923849877165310, 28.42006096012199734 ) ) ;
#3337 = CARTESIAN_POINT ( 'NONE',  ( 0.3910211252070504573, 2.482336654784839336, 30.03606096012201832 ) ) ;
#3338 = CARTESIAN_POINT ( 'NONE',  ( 1.949996189991999973, -78.05016129031999128, 28.40006096012200132 ) ) ;
#3339 = CARTESIAN_POINT ( 'NONE',  ( 81.03678353412485080, 1.649770644919041906, 26.40006096012199421 ) ) ;
#3340 = CARTESIAN_POINT ( 'NONE',  ( 79.10606140293150190, -80.90771657736253530, 27.19606096012198648 ) ) ;
#3341 = CARTESIAN_POINT ( 'NONE',  ( 0.8664072470979583551, -80.93508843488298510, 26.38006096012198043 ) ) ;
#3342 = CARTESIAN_POINT ( 'NONE',  ( -2.748702614754019891, -1.900002540010755414, 26.40006104193385994 ) ) ;
#3343 = CARTESIAN_POINT ( 'NONE',  ( 82.53488746284197930, -0.8911247248505970164, 28.56726096012202376 ) ) ;
#3344 = CARTESIAN_POINT ( 'NONE',  ( -2.377691367211701490, -0.1562401519450170029, 26.36406096012199285 ) ) ;
#3345 = CARTESIAN_POINT ( 'NONE',  ( -0.4994275465964350680, -79.91711650476486284, 28.42006096012199379 ) ) ;
#3346 = CARTESIAN_POINT ( 'NONE',  ( 81.12041954971236635, -78.33429525365338009, 26.78806096012201010 ) ) ;
#3347 = LINE ( 'NONE', #67, #896 ) ;
#3348 = CARTESIAN_POINT ( 'NONE',  ( -2.746568524703120850, -1.884496184353155579, 27.83286096012202648 ) ) ;
#3349 = LINE ( 'NONE', #2000, #2283 ) ;
#3350 = CARTESIAN_POINT ( 'NONE',  ( 80.27406836753522157, -80.10422359722414853, 27.19606096012199359 ) ) ;
#3351 = CARTESIAN_POINT ( 'NONE',  ( 0.7605253384157494301, -80.90010513823960991, 28.40006096012202619 ) ) ;
#3352 = ORIENTED_EDGE ( 'NONE', *, *, #1205, .T. ) ;
#3353 = CARTESIAN_POINT ( 'NONE',  ( 80.76082455868167642, 1.685740646933614917, 28.56726096012203442 ) ) ;
#3354 = CARTESIAN_POINT ( 'NONE',  ( -1.076255134866951124, -78.52969740890908668, 27.60406096012198773 ) ) ;
#3355 = CARTESIAN_POINT ( 'NONE',  ( 0.1510219530552844025, 2.387615192692484456, 30.03606096012202187 ) ) ;
#3356 = DIRECTION ( 'NONE',  ( -0.000000000000000000, -1.000000000000000000, -0.000000000000000000 ) ) ;
#3357 = PLANE ( 'NONE',  #3569 ) ;
#3358 = EDGE_CURVE ( 'NONE', #714, #1803, #1419, .T. ) ;
#3359 = CARTESIAN_POINT ( 'NONE',  ( 79.40017669220746654, -80.77520218116005424, 27.60406096012200905 ) ) ;
#3360 = CARTESIAN_POINT ( 'NONE',  ( 0.4371394275176859745, -80.73491285185775723, 28.42006096012201155 ) ) ;
#3361 = CARTESIAN_POINT ( 'NONE',  ( -1.952243650707453204, 0.6292309538604472507, 26.40006096012200132 ) ) ;
#3362 = ORIENTED_EDGE ( 'NONE', *, *, #620, .F. ) ;
#3363 = CARTESIAN_POINT ( 'NONE',  ( 82.64472099992848086, -1.296430956792278266, 28.56726096012202376 ) ) ;
#3364 = CARTESIAN_POINT ( 'NONE',  ( -1.667512191486078432, 0.7885764997515729569, 27.83286096012201583 ) ) ;
#3365 = CARTESIAN_POINT ( 'NONE',  ( 80.25313631093393951, -80.20008295640123208, 28.40006096012202619 ) ) ;
#3366 = CARTESIAN_POINT ( 'NONE',  ( -0.3360080424702434621, -80.03379436579571404, 27.60406096012198418 ) ) ;
#3367 = CARTESIAN_POINT ( 'NONE',  ( -2.674359014386175293, -1.166279222744532884, 30.00006096012200629 ) ) ;
#3368 = CARTESIAN_POINT ( 'NONE',  ( 78.30083211760566542, -81.13406025911682207, 26.40006096012194092 ) ) ;
#3369 = CARTESIAN_POINT ( 'NONE',  ( 78.66321310642670994, -47.55396240792504869, 26.40006096012200132 ) ) ;
#3370 = FACE_BOUND ( 'NONE', #1082, .T. ) ;
#3371 = CARTESIAN_POINT ( 'NONE',  ( 80.34843689077423790, -80.01938633924547162, 27.19606096012199714 ) ) ;
#3372 = CARTESIAN_POINT ( 'NONE',  ( 81.33896886055779873, 1.380031764523029780, 30.03606096012203963 ) ) ;
#3373 = CARTESIAN_POINT ( 'NONE',  ( -0.9209271247316049847, -79.17522933504582738, 28.40006096012199421 ) ) ;
#3374 = CARTESIAN_POINT ( 'NONE',  ( -1.119665556729314115, -78.44230212662296253, 28.42006096012199734 ) ) ;
#3375 = CARTESIAN_POINT ( 'NONE',  ( 0.8336418907410094725, 2.518489163887588589, 28.56726096012202021 ) ) ;
#3376 = VECTOR ( 'NONE', #964, 1000.000000000000000 ) ;
#3377 = FACE_OUTER_BOUND ( 'NONE', #1582, .T. ) ;
#3378 = CARTESIAN_POINT ( 'NONE',  ( 81.26796559403504716, 1.444760580413688489, 26.40006096012199421 ) ) ;
#3379 = ORGANIZATION ( 'æœª', 'æœª', '' ) ;
#3380 = CARTESIAN_POINT ( 'NONE',  ( 79.47492203630615393, -80.73275442633304522, 27.60406096012200905 ) ) ;
#3381 = CARTESIAN_POINT ( 'NONE',  ( 0.5473128820025008334, -80.79922422359592815, 26.38006096012198043 ) ) ;
#3382 = DIRECTION ( 'NONE',  ( -0.000000000000000000, -0.000000000000000000, 1.000000000000000000 ) ) ;
#3383 = CARTESIAN_POINT ( 'NONE',  ( 82.65610679990194853, -1.284802879063835057, 29.30166096012204235 ) ) ;
#3384 = CARTESIAN_POINT ( 'NONE',  ( 81.14699309097395030, -78.08602204511694822, 28.40006096012203329 ) ) ;
#3385 = CARTESIAN_POINT ( 'NONE',  ( -0.4163865534131837021, -80.02264534037954036, 26.38006096012198043 ) ) ;
#3386 = CARTESIAN_POINT ( 'NONE',  ( -2.629467321013977621, -0.9265506992186525181, 30.00006096012200629 ) ) ;
#3387 = B_SPLINE_SURFACE_WITH_KNOTS ( 'NONE', 5, 5, ( 
 ( #3479, #2357, #3223, #1592, #988, #473 ),
 ( #2647, #1559, #191, #1314, #1006, #2090 ),
 ( #2680, #207, #1297, #3170, #1330, #2391 ),
 ( #2410, #1869, #709, #3187, #691, #507 ),
 ( #1641, #18, #780, #1887, #2, #290 ),
 ( #1126, #2428, #2160, #2461, #2211, #797 ),
 ( #3547, #2989, #1363, #1919, #276, #852 ),
 ( #1395, #1609, #257, #2730, #1903, #1076 ),
 ( #3566, #3532, #3021, #3054, #3006, #1954 ),
 ( #1092, #2494, #523, #575, #2229, #1660 ),
 ( #1381, #1624, #3305, #2194, #3322, #1676 ),
 ( #2781, #3289, #815, #2765, #306, #2714 ),
 ( #539, #559, #241, #2749, #3256, #1061 ),
 ( #3037, #1346, #2477, #1107, #832, #2443 ),
 ( #2180, #3274, #1936, #611, #360, #2246 ),
 ( #1713, #1465, #2009, #59, #2821, #3341 ),
 ( #908, #886, #868, #1146, #2551, #1428 ),
 ( #1990, #1411, #3110, #2840, #630, #1447 ),
 ( #78, #1165, #1186, #1972, #324, #3091 ),
 ( #341, #3070, #2281, #1731, #591, #3381 ),
 ( #2513, #1693, #39, #2531, #2801, #2263 ),
 ( #3360, #2341, #2093, #1545, #3209, #3191 ),
 ( #3173, #712, #3444, #177, #1010, #2650 ),
 ( #3501, #766, #2905, #2130, #2414, #1820 ),
 ( #1800, #694, #3227, #2923, #730, #1837 ),
 ( #1318, #1873, #3518, #2395, #1049, #748 ),
 ( #1031, #971, #441, #2941, #423, #2111 ),
 ( #458, #1562, #2684, #1284, #1526, #2360 ),
 ( #1854, #2377, #2075, #2976, #2667, #1597 ),
 ( #2958, #3482, #2632, #194, #157, #494 ),
 ( #2149, #1266, #3464, #477, #213, #1300 ),
 ( #1579, #3244, #2701, #991, #1248, #820 ),
 ( #2770, #564, #3278, #1923, #2184, #2482 ),
 ( #3025, #1080, #1131, #3310, #2447, #3059 ),
 ( #1065, #837, #3571, #1400, #1368, #2432 ),
 ( #802, #2718, #2199, #1096, #1628, #2753 ),
 ( #280, #3010, #1908, #1385, #2164, #527 ),
 ( #543, #2234, #245, #2465, #3327, #1350 ),
 ( #511, #1942, #2734, #3042, #1891, #1646 ),
 ( #579, #261, #1664, #1681, #3294, #6 ),
 ( #3536, #1112, #229, #1334, #2994, #2217 ),
 ( #295, #2498, #1613, #24, #857, #3551 ),
 ( #1959, #3260, #785, #2536, #670, #1150 ),
 ( #2304, #1489, #3366, #1718, #2825, #2864 ),
 ( #2573, #345, #2251, #1415, #2807, #1171 ),
 ( #2518, #1450, #931, #2032, #947, #3385 ),
 ( #1735, #616, #912, #384, #329, #1190 ),
 ( #44, #100, #3076, #2591, #3133, #652 ),
 ( #3345, #1433, #892, #873, #1977, #3114 ),
 ( #595, #1698, #2554, #2013, #81, #1209 ),
 ( #65, #634, #2844, #364, #1755, #117 ),
 ( #2268, #1469, #1995, #3403, #3096, #1226 ),
 ( #2287, #2051, #2320, #3421, #3151, #2785 ),
 ( #310, #1809, #128, #2350, #3199, #3472 ),
 ( #2932, #3453, #395, #702, #3432, #1000 ),
 ( #2858, #1221, #2101, #3180, #449, #2586 ),
 ( #720, #1499, #3162, #664, #2385, #379 ),
 ( #430, #1828, #2601, #960, #2064, #1553 ),
 ( #2911, #683, #1483, #3128, #942, #2877 ),
 ( #647, #1788, #2640, #167, #2657, #1516 ),
 ( #979, #2330, #2620, #185, #2045, #2895 ),
 ( #1256, #1291, #412, #1534, #1770, #2315 ),
 ( #112, #926, #146, #2027, #3416, #3144 ),
 ( #2368, #1238, #1750, #2082, #1274, #3527 ),
 ( #1861, #3489, #1039, #2948, #2423, #2984 ),
 ( #2966, #2174, #3216, #1605, #756, #811 ),
 ( #2139, #2745, #484, #738, #519, #3250 ),
 ( #1056, #1898, #3234, #253, #3285, #1881 ),
 ( #1325, #2439, #2155, #3543, #2692, #1586 ),
 ( #1844, #220, #1915, #2710, #3017, #2404 ),
 ( #3270, #774, #1019, #502, #237, #1342 ),
 ( #271, #1071, #1620, #1376, #793, #3002 ),
 ( #2119, #2726, #466, #1569, #2674, #1358 ),
 ( #201, #3508, #2455, #1307, #3561, #1087 ),
 ( #2190, #535, #1636, #3579, #3065, #3105 ),
 ( #2003, #1442, #3354, #1671, #319, #1180 ),
 ( #1707, #903, #1423, #1949, #2258, #1406 ),
 ( #3374, #827, #2760, #2546, #2776, #2507 ),
 ( #73, #285, #1985, #34, #606, #554 ),
 ( #2834, #3033, #1141, #2276, #881, #1103 ),
 ( #301, #863, #3317, #569, #1931, #845 ),
 ( #1656, #2489, #2794, #354, #625, #2241 ),
 ( #1390, #2473, #1726, #1966, #13, #1121 ),
 ( #3336, #586, #1688, #2207, #3301, #2223 ),
 ( #54, #3049, #3084, #2525, #1159, #2816 ),
 ( #336, #922, #1234, #2023, #680, #2327 ),
 ( #2873, #643, #2581, #976, #2616, #3413 ),
 ( #996, #1785, #1824, #392, #143, #2311 ),
 ( #3429, #3124, #717, #2892, #2636, #3395 ),
 ( #1253, #2908, #660, #163, #1459, #1200 ) ),
 .UNSPECIFIED., .F., .F., .F.,
 ( 6, 3, 3, 3, 3, 3, 3, 3, 3, 3, 3, 3, 3, 3, 3, 3, 3, 3, 3, 3, 3, 3, 3, 3, 3, 3, 3, 3, 3, 6 ),
 ( 6, 6 ),
 ( -2.271938667892974717, -2.070195761524304068, -1.903348463901215704, -1.727626877110715942, -1.450956465846059196, -1.155593118789058238, -0.9529227562499316129, -0.7458094279260281123, -0.5352187917754085422, -0.4009745666566959521, -0.3221327185455893360, -0.1730346482649389728, -0.04069401260065141912, 0.1075447138790028845, 0.2131220150908070821, 0.3221327185448226160, 0.4716905906940263016, 0.6085381736832471411, 0.7458094279271807459, 0.8470878439437510288, 0.9529227562448494560, 1.155593118792531904, 1.352875572772775037, 1.543850296318673987, 1.727626877111759995, 1.849581402088704696, 1.958860878178772413, 2.070195761531423262, 2.137376150214495230, 2.271938667889637831 ),
 ( -1.020000000000346407, 1.019999999999681828 ),
 .UNSPECIFIED. ) ;
#3388 = CARTESIAN_POINT ( 'NONE',  ( 78.85322323376578879, -81.03452131886729148, 28.40006096012199777 ) ) ;
#3389 = CARTESIAN_POINT ( 'NONE',  ( 78.49735257596756810, -81.10947063429797765, 26.40006096012196224 ) ) ;
#3390 = CARTESIAN_POINT ( 'NONE',  ( -2.663540162978118353, -1.323098714466559578, 27.09846096012199723 ) ) ;
#3391 = CARTESIAN_POINT ( 'NONE',  ( 1.999938560579107572, 2.750071690852608608, 30.00006095999699340 ) ) ;
#3392 = CARTESIAN_POINT ( 'NONE',  ( 80.47401041439528058, -79.95154642841001191, 28.42006096012206129 ) ) ;
#3393 = ORIENTED_EDGE ( 'NONE', *, *, #21, .T. ) ;
#3394 = CARTESIAN_POINT ( 'NONE',  ( 81.27119436647033979, 1.448058057697066747, 26.36406096012198574 ) ) ;
#3395 = CARTESIAN_POINT ( 'NONE',  ( -1.150227489538328207, -77.97543852033861356, 26.38006096012198043 ) ) ;
#3396 = CARTESIAN_POINT ( 'NONE',  ( -0.2726660973242429065, 2.171888181193843081, 26.36406096012199285 ) ) ;
#3397 = CARTESIAN_POINT ( 'NONE',  ( 78.14311582706183401, 2.731570654027918099, 27.83286096012201583 ) ) ;
#3398 = CARTESIAN_POINT ( 'NONE',  ( 78.76414220017650791, 2.685097626835008189, 26.40006096012199421 ) ) ;
#3399 = CARTESIAN_POINT ( 'NONE',  ( 79.31606032699828290, -80.83566811801102858, 28.01206096012202096 ) ) ;
#3400 = CARTESIAN_POINT ( 'NONE',  ( -2.736479136385733035, -1.665369871254369194, 26.40006096012200132 ) ) ;
#3401 = CARTESIAN_POINT ( 'NONE',  ( 82.66367989799803695, -1.323116837304376459, 27.09846096012200789 ) ) ;
#3402 = CARTESIAN_POINT ( 'NONE',  ( 78.00021821680199707, 2.750070972962195714, 30.00006096012200274 ) ) ;
#3403 = CARTESIAN_POINT ( 'NONE',  ( -0.5494063982926051803, -79.76637362331771897, 27.19606096012198648 ) ) ;
#3404 = CARTESIAN_POINT ( 'NONE',  ( -2.599384253682254009, -0.8250946793432848425, 30.00006096012200629 ) ) ;
#3405 = CARTESIAN_POINT ( 'NONE',  ( 78.49737249885312451, -81.10949055718356249, 28.40006096012199421 ) ) ;
#3406 = CARTESIAN_POINT ( 'NONE',  ( 80.03779731785873253, -80.40086312271918700, 26.40006096012197645 ) ) ;
#3407 = EDGE_CURVE ( 'NONE', #1803, #2814, #2469, .T. ) ;
#3408 = CARTESIAN_POINT ( 'NONE',  ( -2.731825050424395940, -1.563178041269574159, 30.03606096012202187 ) ) ;
#3409 = CARTESIAN_POINT ( 'NONE',  ( 80.38598866245543206, -80.05693811086787548, 26.38006096012196977 ) ) ;
#3410 = ORIENTED_EDGE ( 'NONE', *, *, #2065, .T. ) ;
#3411 = ORIENTED_EDGE ( 'NONE', *, *, #1379, .T. ) ;
#3412 = CARTESIAN_POINT ( 'NONE',  ( 81.45335636521751610, 1.273007772393243142, 30.03606096012203963 ) ) ;
#3413 = CARTESIAN_POINT ( 'NONE',  ( -1.147865337810055841, -78.04919642360314924, 26.38006096012198043 ) ) ;
#3414 = CARTESIAN_POINT ( 'NONE',  ( 1.205076036835384334, 2.641529671587606209, 27.09846096012199723 ) ) ;
#3415 = CARTESIAN_POINT ( 'NONE',  ( 78.60065283462854779, 2.664779707110311868, 29.30166096012201749 ) ) ;
#3416 = CARTESIAN_POINT ( 'NONE',  ( -0.8165704459797458181, -79.35444397036768294, 26.78806096012196392 ) ) ;
#3417 = CARTESIAN_POINT ( 'NONE',  ( 79.91711650492817398, -80.49958502706554953, 28.42006096012206129 ) ) ;
#3418 = CARTESIAN_POINT ( 'NONE',  ( -2.746683263671199970, -1.864644980048429046, 26.40006096012200487 ) ) ;
#3419 = CARTESIAN_POINT ( 'NONE',  ( 82.43663252404286368, -0.5929776708357223924, 27.83286096012201583 ) ) ;
#3420 = LINE ( 'NONE', #3132, #2583 ) ;
#3421 = CARTESIAN_POINT ( 'NONE',  ( -0.5804965688197953888, -79.71993127838140936, 27.19606096012198648 ) ) ;
#3422 = CARTESIAN_POINT ( 'NONE',  ( -2.489475737894774277, -0.4573606075165918550, 30.00006096012200629 ) ) ;
#3423 = CARTESIAN_POINT ( 'NONE',  ( 79.25767249323638453, -80.89040402373750283, 26.40006096012196224 ) ) ;
#3424 = CARTESIAN_POINT ( 'NONE',  ( -2.715276504162327242, -1.657015249863252881, 28.56726096012202021 ) ) ;
#3425 = CARTESIAN_POINT ( 'NONE',  ( 80.40996861994831590, -79.97427562095876397, 28.01206096012203517 ) ) ;
#3426 = ORIENTED_EDGE ( 'NONE', *, *, #1338, .F. ) ;
#3427 = ORIENTED_EDGE ( 'NONE', *, *, #1797, .F. ) ;
#3428 = CARTESIAN_POINT ( 'NONE',  ( 81.41933645745997694, 1.080706760985109316, 28.56726096012203442 ) ) ;
#3429 = CARTESIAN_POINT ( 'NONE',  ( -1.150224278508582776, -77.97543530930590805, 28.42006096012200800 ) ) ;
#3430 = CARTESIAN_POINT ( 'NONE',  ( 1.726252493168761726, 2.707178490096479262, 29.30166096012201393 ) ) ;
#3431 = CARTESIAN_POINT ( 'NONE',  ( 79.13714483253799870, 2.605842519119235146, 26.36406096012198574 ) ) ;
#3432 = CARTESIAN_POINT ( 'NONE',  ( -0.6396045405039848530, -79.66268056070420300, 26.78806096012198168 ) ) ;
#3433 = CARTESIAN_POINT ( 'NONE',  ( -1.305885717745632224, 1.280117133933362794, 27.09846096012199723 ) ) ;
#3434 = CARTESIAN_POINT ( 'NONE',  ( 79.98324153670668579, -80.45027446552107619, 28.42006096012205774 ) ) ;
#3435 = PLANE ( 'NONE',  #375 ) ;
#3436 = AXIS2_PLACEMENT_3D ( 'NONE', #1481, #321, #2278 ) ;
#3437 = CARTESIAN_POINT ( 'NONE',  ( 82.70530423200037262, -1.590424025885936343, 28.56726096012202376 ) ) ;
#3438 = B_SPLINE_CURVE_WITH_KNOTS ( 'NONE', 1,
 ( #3391, #898 ),
 .UNSPECIFIED., .F., .F.,
 ( 2, 2 ),
 ( 0.000000000000000000, 2992.126000000000204 ),
 .UNSPECIFIED. ) ;
#3439 = CARTESIAN_POINT ( 'NONE',  ( 81.14829752811745323, -78.04290244121770570, 28.40006096012203329 ) ) ;
#3440 = CARTESIAN_POINT ( 'NONE',  ( 78.01130186658970445, -81.14818828871523237, 27.60406096012195931 ) ) ;
#3441 = CARTESIAN_POINT ( 'NONE',  ( 1.872708179436576525, 2.745089252568362337, 30.00006096012200274 ) ) ;
#3442 = CARTESIAN_POINT ( 'NONE',  ( 81.05155131653859257, -78.76482636276340088, 26.40006096012202619 ) ) ;
#3443 = CARTESIAN_POINT ( 'NONE',  ( -2.729014971553921143, -1.759472470882257111, 27.83286096012202648 ) ) ;
#3444 = CARTESIAN_POINT ( 'NONE',  ( 0.3953744473544339999, -80.65853330968617740, 27.60406096012199129 ) ) ;
#3445 = CARTESIAN_POINT ( 'NONE',  ( 80.46440271163778846, -79.96423856782898554, 28.42006096012206129 ) ) ;
#3446 = ORIENTED_EDGE ( 'NONE', *, *, #3142, .T. ) ;
#3447 = EDGE_LOOP ( 'NONE', ( #1822, #2926, #232, #61 ) ) ;
#3448 = CARTESIAN_POINT ( 'NONE',  ( 81.46063028910296566, 1.122879281543527341, 27.09846096012199723 ) ) ;
#3449 = CARTESIAN_POINT ( 'NONE',  ( -1.144925254075322307, -78.16037936158072341, 26.40006096012201553 ) ) ;
#3450 = CARTESIAN_POINT ( 'NONE',  ( 1.515274954012327147, 2.693196255545083240, 29.30166096012202459 ) ) ;
#3451 = EDGE_CURVE ( 'NONE', #2687, #444, #3079, .T. ) ;
#3452 = CARTESIAN_POINT ( 'NONE',  ( 78.51205015748898575, 2.720941985007185870, 30.03606096012203608 ) ) ;
#3453 = CARTESIAN_POINT ( 'NONE',  ( -0.6396047654527254878, -79.66268078563223298, 28.01206096012198543 ) ) ;
#3454 = EDGE_CURVE ( 'NONE', #658, #696, #2788, .T. ) ;
#3455 = CARTESIAN_POINT ( 'NONE',  ( -1.165709170561713304, 1.340489072306779050, 28.56726096012202021 ) ) ;
#3456 = CARTESIAN_POINT ( 'NONE',  ( 79.80241502708224743, -80.58560528238484721, 28.42006096012205774 ) ) ;
#3457 = CARTESIAN_POINT ( 'NONE',  ( 1.355527282176261172, 2.709692862222993437, 26.40006096012200132 ) ) ;
#3458 = CARTESIAN_POINT ( 'NONE',  ( 82.75974802930966234, -1.984139429516989406, 28.56726096012202021 ) ) ;
#3459 = CARTESIAN_POINT ( 'NONE',  ( 81.14444305931441193, -78.21951163777397653, 28.40006096012202974 ) ) ;
#3460 = CARTESIAN_POINT ( 'NONE',  ( 78.04629282054996509, -81.14511921517080850, 27.60406096012196286 ) ) ;
#3461 = CARTESIAN_POINT ( 'NONE',  ( 81.15016129032299830, -1.900002540005000018, 27.40006096012200132 ) ) ;
#3462 = FACE_OUTER_BOUND ( 'NONE', #2113, .T. ) ;
#3463 = CARTESIAN_POINT ( 'NONE',  ( -2.643850102816147629, -1.197437331513598879, 29.30166096012202814 ) ) ;
#3464 = CARTESIAN_POINT ( 'NONE',  ( 0.07328349913339449184, -80.42703812497308036, 27.60406096012198418 ) ) ;
#3465 = CARTESIAN_POINT ( 'NONE',  ( 80.61011136865398896, -79.67450561426541356, 27.60406096012200905 ) ) ;
#3466 = EDGE_LOOP ( 'NONE', ( #1371, #106, #2634, #2187 ) ) ;
#3467 = ORIENTED_EDGE ( 'NONE', *, *, #573, .F. ) ;
#3468 = CARTESIAN_POINT ( 'NONE',  ( 0.08410655884829805473, -80.49878475038488546, 28.40006096012200487 ) ) ;
#3469 = CARTESIAN_POINT ( 'NONE',  ( -1.053669231252553962, -78.76653295103398023, 26.40006096012199421 ) ) ;
#3470 = CARTESIAN_POINT ( 'NONE',  ( 1.529124743964758171, 2.679051756912121718, 27.83286096012200517 ) ) ;
#3471 = CARTESIAN_POINT ( 'NONE',  ( 78.41176955676613147, 2.690012292737978594, 28.56726096012201310 ) ) ;
#3472 = CARTESIAN_POINT ( 'NONE',  ( -0.6464953656944436577, -79.70839755976879815, 26.38006096012198043 ) ) ;
#3473 = CARTESIAN_POINT ( 'NONE',  ( -1.523635578962592163, 1.187386088395055550, 26.36406096012199285 ) ) ;
#3474 = CARTESIAN_POINT ( 'NONE',  ( 80.02264547999672573, -80.41654416971856278, 28.42006096012206129 ) ) ;
#3475 = CARTESIAN_POINT ( 'NONE',  ( 56.00011176022400150, -24.00004826009499581, 26.40006096012200132 ) ) ;
#3476 = EDGE_CURVE ( 'NONE', #52, #2890, #1135, .T. ) ;
#3477 = CARTESIAN_POINT ( 'NONE',  ( 82.75309058502183746, -1.934467355191257676, 29.30166096012204591 ) ) ;
#3478 = CARTESIAN_POINT ( 'NONE',  ( 78.33984669397783307, -81.11067567170871939, 27.60406096012197352 ) ) ;
#3479 = CARTESIAN_POINT ( 'NONE',  ( 2.061284587961448089, -81.15187936936406743, 28.42006096012202576 ) ) ;
#3480 = DIRECTION ( 'NONE',  ( 0.000000000000000000, -0.000000000000000000, 1.000000000000000000 ) ) ;
#3481 = CARTESIAN_POINT ( 'NONE',  ( -2.470671179063502532, -0.5580538780023981404, 29.30166096012202814 ) ) ;
#3482 = CARTESIAN_POINT ( 'NONE',  ( 0.07297556874212976497, -80.44964589753375606, 28.01206096012198543 ) ) ;
#3483 = CARTESIAN_POINT ( 'NONE',  ( 80.64558713187348360, -79.70998137744868473, 28.42006096012205774 ) ) ;
#3484 = DIRECTION ( 'NONE',  ( 0.000000000000000000, 1.000000000000000000, 0.000000000000000000 ) ) ;
#3485 = ORIENTED_EDGE ( 'NONE', *, *, #2086, .T. ) ;
#3486 = CARTESIAN_POINT ( 'NONE',  ( -0.8339860057439844043, -79.37185953011656636, 26.40006096012199066 ) ) ;
#3487 = CARTESIAN_POINT ( 'NONE',  ( 1.687934278630401685, 2.746312075490108029, 30.03606096012201832 ) ) ;
#3488 = CARTESIAN_POINT ( 'NONE',  ( 78.99625524102458485, 2.654469590331347106, 30.03606096012203608 ) ) ;
#3489 = CARTESIAN_POINT ( 'NONE',  ( -0.8670027738125890560, -79.23442872361746936, 28.01206096012198543 ) ) ;
#3490 = CARTESIAN_POINT ( 'NONE',  ( -1.372991371030907848, 1.348650724206302165, 26.36406096012199285 ) ) ;
#3491 = CARTESIAN_POINT ( 'NONE',  ( 79.73357083753757024, -80.59429360831555300, 28.01206096012202451 ) ) ;
#3492 = LINE ( 'NONE', #741, #544 ) ;
#3493 = CARTESIAN_POINT ( 'NONE',  ( 82.75672506928376038, -1.987226715007900379, 27.09846096012200434 ) ) ;
#3494 = CARTESIAN_POINT ( 'NONE',  ( 78.01459279103372069, -81.15147921299588063, 28.01206096012199254 ) ) ;
#3495 = EDGE_CURVE ( 'NONE', #390, #1303, #1712, .T. ) ;
#3496 = FACE_OUTER_BOUND ( 'NONE', #3012, .T. ) ;
#3497 = VECTOR ( 'NONE', #571, 1000.000000000000000 ) ;
#3498 = CARTESIAN_POINT ( 'NONE',  ( 78.99347051091294247, 2.651625604120290358, 30.00006096012200629 ) ) ;
#3499 = LOCAL_TIME ( 11, 53, 39.00000000000000000, #2470 ) ;
#3500 = CARTESIAN_POINT ( 'NONE',  ( -2.628060876872298834, -1.113840312781641639, 27.09846096012201855 ) ) ;
#3501 = CARTESIAN_POINT ( 'NONE',  ( 0.2901761029669947534, -80.64558713176161575, 28.42006096012200800 ) ) ;
#3502 = CARTESIAN_POINT ( 'NONE',  ( 80.73491285195699163, -79.56301805288899232, 28.42006096012206129 ) ) ;
#3503 = ORIENTED_EDGE ( 'NONE', *, *, #51, .T. ) ;
#3504 = ORIENTED_EDGE ( 'NONE', *, *, #3495, .F. ) ;
#3505 = CARTESIAN_POINT ( 'NONE',  ( 1.235331107219788116, -81.05155131425406978, 26.40006096012202264 ) ) ;
#3506 = CALENDAR_DATE ( 2026, 27, 2 ) ;
#3507 = CARTESIAN_POINT ( 'NONE',  ( 79.84913340875539234, 2.387613029100622342, 26.36406096012198219 ) ) ;
#3508 = CARTESIAN_POINT ( 'NONE',  ( -1.064274361885126030, -78.63868439982232417, 28.01206096012198543 ) ) ;
#3509 = CARTESIAN_POINT ( 'NONE',  ( -0.7097057118363147010, 1.724341939915027488, 28.56726096012203087 ) ) ;
#3510 = CARTESIAN_POINT ( 'NONE',  ( 80.07128697648725790, -80.37365812804354448, 28.42006096012206129 ) ) ;
#3511 = CARTESIAN_POINT ( 'NONE',  ( -0.7105444999016360397, 1.905459527178699597, 26.40006096012200132 ) ) ;
#3512 = CARTESIAN_POINT ( 'NONE',  ( 82.69813481169407510, -1.520809477196155779, 27.09846096012201144 ) ) ;
#3513 = CARTESIAN_POINT ( 'NONE',  ( 78.42089632513525999, -81.09841723558518822, 27.60406096012198418 ) ) ;
#3514 = CARTESIAN_POINT ( 'NONE',  ( 1.172980136312990807, 2.674308538806529967, 30.00006096012200274 ) ) ;
#3515 = CARTESIAN_POINT ( 'NONE',  ( 81.04228649733524037, -78.83381574684055693, 26.40006096012202974 ) ) ;
#3516 = CARTESIAN_POINT ( 'NONE',  ( 81.37843150334445852, 1.196488589017012050, 27.09846096012199723 ) ) ;
#3517 = CARTESIAN_POINT ( 'NONE',  ( -2.565494539509778349, -0.8597055306400250840, 29.30166096012202814 ) ) ;
#3518 = CARTESIAN_POINT ( 'NONE',  ( 0.2307098777296325010, -80.54795530272066628, 27.60406096012199839 ) ) ;
#3519 = CARTESIAN_POINT ( 'NONE',  ( 80.76543532394123304, -79.41905569868514192, 27.19606096012200425 ) ) ;
#3520 = CARTESIAN_POINT ( 'NONE',  ( 2.000002540004999663, 2.750006350012999867, 28.80006096012199990 ) ) ;
#3521 = VERTEX_POINT ( 'NONE', #3330 ) ;
#3522 = EDGE_CURVE ( 'NONE', #920, #1321, #3061, .T. ) ;
#3523 = CARTESIAN_POINT ( 'NONE',  ( -0.2606837782104672874, -80.19260655257406256, 28.40006096012200487 ) ) ;
#3524 = CARTESIAN_POINT ( 'NONE',  ( -0.7648168979955493052, -79.50714199353973299, 26.40006096012199421 ) ) ;
#3525 = PERSON_AND_ORGANIZATION ( #902, #3379 ) ;
#3526 = CARTESIAN_POINT ( 'NONE',  ( 79.75971969223810731, 2.296296683818279227, 27.83286096012202293 ) ) ;
#3527 = CARTESIAN_POINT ( 'NONE',  ( -0.8532502050313264252, -79.33379989432197021, 26.38006096012195556 ) ) ;
#3528 = CARTESIAN_POINT ( 'NONE',  ( -0.9966348584569864055, 1.492471522232475145, 28.56726096012202376 ) ) ;
#3529 = CARTESIAN_POINT ( 'NONE',  ( -2.748702614873533179, -1.900002540004999352, 30.00006087831112112 ) ) ;
#3530 = CARTESIAN_POINT ( 'NONE',  ( 77.94037013807212588, -81.15337661520339907, 27.60406096012194865 ) ) ;
#3531 = CARTESIAN_POINT ( 'NONE',  ( 78.82615586890459269, -81.00745395402350368, 27.19606096012197227 ) ) ;
#3532 = CARTESIAN_POINT ( 'NONE',  ( 1.497265056586738474, -81.09523049477458301, 28.01206096012201030 ) ) ;
#3533 = CARTESIAN_POINT ( 'NONE',  ( 82.74885975230635893, -1.900002540005613749, 30.00006087742029592 ) ) ;
#3534 = CARTESIAN_POINT ( 'NONE',  ( 81.95899510461313753, 0.4581773423100106157, 29.30166096012204235 ) ) ;
#3535 = CARTESIAN_POINT ( 'NONE',  ( -2.402071094079917035, -0.2154437629717383951, 30.03606096012202187 ) ) ;
#3536 = CARTESIAN_POINT ( 'NONE',  ( -0.2977811556404886262, -80.15791391626272855, 28.42006096012199734 ) ) ;
#3537 = CARTESIAN_POINT ( 'NONE',  ( 80.87338811278195294, -79.21291511014011633, 26.78806096012199589 ) ) ;
#3538 = ORIENTED_EDGE ( 'NONE', *, *, #842, .F. ) ;
#3539 = ORIENTED_EDGE ( 'NONE', *, *, #3295, .T. ) ;
#3540 = CARTESIAN_POINT ( 'NONE',  ( -0.3441682714577431468, -80.10264924808727471, 26.40006096012201553 ) ) ;
#3541 = DATE_TIME_ROLE ( 'creation_date' ) ;
#3542 = CARTESIAN_POINT ( 'NONE',  ( 79.75972527188051231, 2.296302382082916704, 28.56726096012203442 ) ) ;
#3543 = CARTESIAN_POINT ( 'NONE',  ( -0.9663828382809498407, -78.94525371775192468, 27.19606096012196872 ) ) ;
#3544 = CARTESIAN_POINT ( 'NONE',  ( -0.4888121445861198233, 1.948883780302768542, 29.30166096012204591 ) ) ;
#3545 = CARTESIAN_POINT ( 'NONE',  ( 81.14963618719099259, -1.900002540005000018, 30.00006096012200274 ) ) ;
#3546 = CARTESIAN_POINT ( 'NONE',  ( 78.47540262285247081, -81.08752068121815171, 27.60406096012198063 ) ) ;
#3547 = CARTESIAN_POINT ( 'NONE',  ( 1.656091899214654051, -81.13018987712605679, 28.42006096012202576 ) ) ;
#3548 = CARTESIAN_POINT ( 'NONE',  ( 81.84769100112254137, 0.7921675412642530389, 30.00006096012201340 ) ) ;
#3549 = CARTESIAN_POINT ( 'NONE',  ( 82.41492005371030416, -0.5336635889427155943, 28.56726096012202731 ) ) ;
#3550 = CARTESIAN_POINT ( 'NONE',  ( -2.122914920452880772, 0.1852761408820500777, 27.09846096012201855 ) ) ;
#3551 = CARTESIAN_POINT ( 'NONE',  ( -0.3315720771051174909, -80.11991482398403264, 26.38006096012198043 ) ) ;
#3552 = CIRCLE ( 'NONE', #2742, 1.500000000000001332 ) ;
#3553 = CARTESIAN_POINT ( 'NONE',  ( 81.12323149268705436, -78.43400030913105070, 26.38006096012200530 ) ) ;
#3554 = CARTESIAN_POINT ( 'NONE',  ( 2.000190207092386263, -81.14997362305587103, 28.40006096012201198 ) ) ;
#3555 = ORIENTED_EDGE ( 'NONE', *, *, #1338, .T. ) ;
#3556 = APPROVAL_PERSON_ORGANIZATION ( #1859, #847, #532 ) ;
#3557 = CARTESIAN_POINT ( 'NONE',  ( -1.007229521400901051, -78.93208459202753602, 26.40006096012199421 ) ) ;
#3558 = CARTESIAN_POINT ( 'NONE',  ( -1.128376024118291188, -78.35770452674131548, 28.40006096012200487 ) ) ;
#3559 = APPROVAL_STATUS ( 'not_yet_approved' ) ;
#3560 = CARTESIAN_POINT ( 'NONE',  ( 80.44882346440466847, 1.907883352389923459, 27.83286096012202293 ) ) ;
#3561 = CARTESIAN_POINT ( 'NONE',  ( -1.064252519972367139, -78.63866255790782134, 26.78806096012196747 ) ) ;
#3562 = CARTESIAN_POINT ( 'NONE',  ( -0.2713285917124329538, 2.082348204052697938, 29.30166096012204591 ) ) ;
#3563 = DIRECTION ( 'NONE',  ( 1.000000000000000000, 0.000000000000000000, 0.000000000000000000 ) ) ;
#3564 = ADVANCED_FACE ( 'NONE', ( #531 ), #1769, .T. ) ;
#3565 = CARTESIAN_POINT ( 'NONE',  ( 78.55337676066741892, -81.10009196692215028, 28.42006096012202931 ) ) ;
#3566 = CARTESIAN_POINT ( 'NONE',  ( 1.485666077236978078, -81.10682947414983346, 28.42006096012202221 ) ) ;
#3567 = CARTESIAN_POINT ( 'NONE',  ( 82.50991549814257553, -0.5181353127884197329, 30.00006096012201340 ) ) ;
#3568 = CARTESIAN_POINT ( 'NONE',  ( 82.15480302983331740, 0.04317398420671909876, 28.56726096012203087 ) ) ;
#3569 = AXIS2_PLACEMENT_3D ( 'NONE', #2026, #1393, #339 ) ;
#3570 = CARTESIAN_POINT ( 'NONE',  ( -2.191917268933612828, 0.08123880636144094336, 27.09846096012201855 ) ) ;
#3571 = CARTESIAN_POINT ( 'NONE',  ( -0.06179074078804103198, -80.31139588569065779, 27.60406096012198418 ) ) ;
#3572 = CARTESIAN_POINT ( 'NONE',  ( 81.05903376677575523, -78.64435303946656575, 26.78806096012201721 ) ) ;
#3573 = ORIENTED_EDGE ( 'NONE', *, *, #2881, .T. ) ;
#3574 = CARTESIAN_POINT ( 'NONE',  ( 0.4499961899919999175, -39.95007874015749394, 28.40006096012200132 ) ) ;
#3575 = CALENDAR_DATE ( 2026, 27, 2 ) ;
#3576 = CARTESIAN_POINT ( 'NONE',  ( 80.25429244549066254, -80.20123909095698878, 28.42006096012206129 ) ) ;
#3577 = CARTESIAN_POINT ( 'NONE',  ( 80.54222666013504295, 1.913660181802381288, 27.09846096012200078 ) ) ;
#3578 = CARTESIAN_POINT ( 'NONE',  ( -1.034363838553677972, -78.85322323375767439, 28.40006096012199421 ) ) ;
#3579 = CARTESIAN_POINT ( 'NONE',  ( -1.071029182175150751, -78.55896540490051905, 27.19606096012197582 ) ) ;
#3580 = CARTESIAN_POINT ( 'NONE',  ( -0.9352403083677773843, 1.546227493875454773, 28.56726096012202376 ) ) ;
#3581 = CARTESIAN_POINT ( 'NONE',  ( 40.00007874015749820, -81.15016129031999981, 26.40006096012200132 ) ) ;
ENDSEC;
END-ISO-10303-21;
