T1D54 000:000.467   SEGGER J-Link V8.58 Log File
T1D54 000:000.564   DLL Compiled: Aug  6 2025 12:29:52
T1D54 000:000.568   Logging started @ 2025-11-03 15:38
T1D54 000:000.573   Process: C:\Users\davidwang\.eclipse\com.renesas.platform_2071132055\DebugComp\RA\e2-server-gdb.exe
T1D54 000:000.582 - 0.576ms 
T1D54 000:000.594 JLINK_GetDLLVersion()
T1D54 000:000.599 - 0.005ms returns 85800
T1D54 000:002.567 JLINK_OpenEx(...)
T1D54 000:010.314   Firmware: J-Link V9 compiled May  7 2021 16:26:12
T1D54 000:012.233   Firmware: J-Link V9 compiled May  7 2021 16:26:12
T1D54 000:012.356   Decompressing FW timestamp took 98 us
T1D54 000:020.931   Hardware: V9.70
T1D54 000:020.941   S/N: 602712543
T1D54 000:020.947   OEM: SEGGER
T1D54 000:020.952   Feature(s): GDB, RDI, FlashBP, FlashDL, JFlash
T1D54 000:022.643   Bootloader: (FW returned invalid version)
T1D54 000:024.555   TELNET listener socket opened on port 19021
T1D54 000:024.697   WEBSRV WEBSRV_Init(): Starting webserver thread(s)
T1D54 000:024.838   WEBSRV Webserver running on local port 19080
T1D54 000:024.949   Looking for J-Link GUI Server exe at: C:\Users\davidwang\.eclipse\com.renesas.platform_2071132055\DebugComp\RA\ARM\Segger_v8.58.0\JLinkGUIServer.exe
T1D54 000:025.009   Looking for J-Link GUI Server exe at: E:\Segger\jlink\JLink_V860\JLinkGUIServer.exe
T1D54 000:025.023   Forking J-Link GUI Server: E:\Segger\jlink\JLink_V860\JLinkGUIServer.exe
T1D54 000:046.510   J-Link GUI Server info: "J-Link GUI server V8.60 "
T1D54 000:048.946 - 46.375ms returns "O.K."
T1D54 000:049.040 JLINK_ExecCommand("ProjectFile=G:\AquaGarden\hardware\demo\pump/pump Debug_Flat.jlink", ...). 
T1D54 000:062.532 - 13.491ms returns 0x00
T1D54 000:062.964 JLINK_ExecCommand("device=R7FA6E2BB", ...). 
T1D54 000:063.733   Flash bank @ 0x0100A100: SFL: Parsing sectorization info from ELF file
T1D54 000:063.748     FlashDevice.SectorInfo[0]: .SectorSize = 0x00000010, .SectorStartAddr = 0x00000000
T1D54 000:063.755   FlashBank @0x0100A100: Sectorization info from SFL ELF file ignored because sectorization override from DLL / XML file is active.
T1D54 000:063.897   Flash bank @ 0x60000000: SFL: Parsing sectorization info from ELF file
T1D54 000:063.905     FlashDevice.SectorInfo[0]: .SectorSize = 0x00010000, .SectorStartAddr = 0x00000000
T1D54 000:066.254   Device "R7FA6E2BB" selected.
T1D54 000:066.506 - 3.532ms returns 0x00
T1D54 000:066.522 JLINK_TIF_GetAvailable(...)
T1D54 000:067.086 - 0.563ms 
T1D54 000:067.104 JLINK_TIF_Select(JLINKARM_TIF_SWD)
T1D54 000:069.377 - 2.277ms returns 0x00
T1D54 000:069.397 JLINK_SetSpeed(4000)
T1D54 000:070.034 - 0.640ms 
T1D54 000:070.090 JLINK_ExecCommand("SetCPUConnectIDCODE = FFFFFFFFFFFFFFFFFFFFFFFFFFFFFFFF", ...). 
T1D54 000:070.101 - 0.003ms returns 0x00
T1D54 000:070.117 JLINK_SetEndian(ARM_ENDIAN_LITTLE)
T1D54 000:070.122 - 0.005ms returns 0
T1D54 000:070.128 JLINK_SetInitRegsOnReset(OFF)
T1D54 000:070.132 - 0.005ms returns 1
T1D54 000:070.138 JLINK_SetResetType(JLINKARM_RESET_TYPE_NO_RESET)
T1D54 000:070.142 - 0.004ms returns JLINKARM_RESET_TYPE_NORMAL
T1D54 000:070.148 JLINK_ExecCommand("EnableFlashBPs", ...). 
T1D54 000:070.154 - 0.000ms returns 0x00
T1D54 000:070.159 JLINK_ExecCommand("SetAllowFlashCache = 1", ...). 
T1D54 000:070.165 - 0.000ms returns 0x01
T1D54 000:070.170 JLINK_ExecCommand("SetRestartOnClose = 0", ...). 
T1D54 000:070.176 - 0.001ms returns 0x01
T1D54 000:070.182 JLINK_ExecCommand("SetAllowSimulation = 0", ...). 
T1D54 000:070.188 - 0.002ms returns 0x00
T1D54 000:070.193 JLINK_EnableSoftBPs(ON)
T1D54 000:070.197 - 0.003ms 
T1D54 000:070.203 JLINK_Connect()
T1D54 000:070.999   ConfigTargetSettings() start
T1D54 000:071.013    J-Link Script File: Executing ConfigTargetSettings()
T1D54 000:071.025   Configuring FlashDLNoRMWThreshold=0x200 in order to make sure that option bytes programming is done via read-modify-write
T1D54 000:081.882   ConfigTargetSettings() end - Took 10.8ms
T1D54 000:081.896   InitTarget() start
T1D54 000:081.903    J-Link Script File: Executing InitTarget()
T1D54 000:081.908   SWD selected. Executing JTAG -> SWD switching sequence.
T1D54 000:085.676   DAP initialized successfully.
T1D54 000:087.870   Authentication not required. Skipping authentication process.
T1D54 000:087.890   Determining TrustZone configuration...
T1D54 000:090.324     Secure Debug: Enabled (SSD)
T1D54 000:090.335   Determining currently configured transfer type by reading the AHB-AP CSW register.
T1D54 000:092.214     --> Correct transfer type configured. Done.
T1D54 000:092.223   InitTarget() end - Took 10.3ms
T1D54 000:093.617   Found SW-DP with ID 0x6BA02477
T1D54 000:097.654   DPIDR: 0x6BA02477
T1D54 000:097.664   CoreSight SoC-400 or earlier
T1D54 000:097.670   Scanning AP map to find all available APs
T1D54 000:099.667   AP[2]: Stopped AP scan as end of AP map has been reached
T1D54 000:099.678   AP[0]: AHB-AP (IDR: 0x84770001, ADDR: 0x00000000)
T1D54 000:099.684   AP[1]: APB-AP (IDR: 0x54770002, ADDR: 0x01000000)
T1D54 000:099.690   Iterating through AP map to find AHB-AP to use
T1D54 000:101.130   AP[0]: Core found
T1D54 000:101.137   AP[0]: AHB-AP ROM base: 0xE00FE000
T1D54 000:101.948   CPUID register: 0x410FD214. Implementer code: 0x41 (ARM)
T1D54 000:101.955   Feature set: Mainline
T1D54 000:102.766   Cache: No cache
T1D54 000:102.774   Found Cortex-M33 r0p4, Little endian.
T1D54 000:103.835   -- Max. mem block: 0x00010C40
T1D54 000:105.670   
  ***** Warning: 
T1D54 000:105.681   Cortex-M (ARMv8-M and later): The connected J-Link (S/N 602712543) uses an old firmware module that does not handle I/D-cache correctly. Proper debugging functionality cannot be guaranteed if cache is enabled
T1D54 000:105.697   CPU_ReadMem(4 bytes @ 0xE000EDF0)
T1D54 000:106.444   CPU_WriteMem(4 bytes @ 0xE000EDF0)
T1D54 000:107.031   CPU_ReadMem(4 bytes @ 0xE0002000)
T1D54 000:107.738   FPUnit: 8 code (BP) slots and 0 literal slots
T1D54 000:107.747   CPU_ReadMem(4 bytes @ 0xE000EDFC)
T1D54 000:108.422   CPU_WriteMem(4 bytes @ 0xE000EDFC)
T1D54 000:109.029   CPU_ReadMem(4 bytes @ 0xE0001000)
T1D54 000:109.763   CPU_ReadMem(4 bytes @ 0xE0001000)
T1D54 000:110.484   CPU_ReadMem(4 bytes @ 0xE0001028)
T1D54 000:111.073   CPU_ReadMem(4 bytes @ 0xE0001038)
T1D54 000:111.691   CPU_ReadMem(4 bytes @ 0xE0001048)
T1D54 000:112.370   CPU_ReadMem(4 bytes @ 0xE0001058)
T1D54 000:113.129   CPU_WriteMem(4 bytes @ 0xE0001000)
T1D54 000:113.713   CPU_ReadMem(4 bytes @ 0xE000ED88)
T1D54 000:114.408   CPU_WriteMem(4 bytes @ 0xE000ED88)
T1D54 000:115.090   CPU_ReadMem(4 bytes @ 0xE000ED88)
T1D54 000:115.673   CPU_WriteMem(4 bytes @ 0xE000ED88)
T1D54 000:116.266   CPU_ReadMem(4 bytes @ 0xE000EFB8)
T1D54 000:116.985   Security extension: implemented
T1D54 000:117.011   Secure debug: enabled
T1D54 000:117.017   CoreSight components:
T1D54 000:117.038   ROMTbl[0] @ E00FE000
T1D54 000:117.045   CPU_ReadMem(64 bytes @ 0xE00FE000)
T1D54 000:118.017   CPU_ReadMem(32 bytes @ 0xE0044FE0)
T1D54 000:118.904   CPU_ReadMem(4 bytes @ 0xE0044FBC)
T1D54 000:119.632   CPU_ReadMem(4 bytes @ 0xE0044FCC)
T1D54 000:120.405   [0][0]: E0044000 CID B105900D PID 005BB906 DEVARCH 00000000 DEVTYPE 14 CTI (?)
T1D54 000:120.418   CPU_ReadMem(32 bytes @ 0xE0047FE0)
T1D54 000:121.184   CPU_ReadMem(4 bytes @ 0xE0047FBC)
T1D54 000:121.969   CPU_ReadMem(4 bytes @ 0xE0047FCC)
T1D54 000:122.615   [0][1]: E0047000 CID B105900D PID 003BB908 DEVARCH 00000000 DEVTYPE 12 CSTF
T1D54 000:122.622   CPU_ReadMem(32 bytes @ 0xE0048FE0)
T1D54 000:123.542   CPU_ReadMem(4 bytes @ 0xE0048FBC)
T1D54 000:124.261   CPU_ReadMem(4 bytes @ 0xE0048FCC)
T1D54 000:125.095   [0][2]: E0048000 CID B105900D PID 001BB961 DEVARCH 00000000 DEVTYPE 21 TMC
T1D54 000:125.107   CPU_ReadMem(32 bytes @ 0xE0049FE0)
T1D54 000:126.193   [0][3]: E0049000 CID B105F00D PID 001BB101 TSG
T1D54 000:126.200   CPU_ReadMem(32 bytes @ 0xE0040FE0)
T1D54 000:127.179   CPU_ReadMem(4 bytes @ 0xE0040FBC)
T1D54 000:127.868   CPU_ReadMem(4 bytes @ 0xE0040FCC)
T1D54 000:128.473   [0][4]: E0040000 CID B105900D PID 000BBD21 DEVARCH 00000000 DEVTYPE 11 TPIU
T1D54 000:128.480   CPU_ReadMem(32 bytes @ 0xE00FFFE0)
T1D54 000:129.480   [0][5]: E00FF000 CID B105100D PID 000BB4C9 ROM Table
T1D54 000:129.495   ROMTbl[1] @ E00FF000
T1D54 000:129.502   CPU_ReadMem(64 bytes @ 0xE00FF000)
T1D54 000:130.513   CPU_ReadMem(32 bytes @ 0xE000EFE0)
T1D54 000:131.302   CPU_ReadMem(4 bytes @ 0xE000EFBC)
T1D54 000:131.938   CPU_ReadMem(4 bytes @ 0xE000EFCC)
T1D54 000:132.508   [1][0]: E000E000 CID B105900D PID 000BBD21 DEVARCH 47702A04 DEVTYPE 00 Cortex-M33
T1D54 000:132.516   CPU_ReadMem(32 bytes @ 0xE0001FE0)
T1D54 000:133.289   CPU_ReadMem(4 bytes @ 0xE0001FBC)
T1D54 000:133.998   CPU_ReadMem(4 bytes @ 0xE0001FCC)
T1D54 000:134.774   [1][1]: E0001000 CID B105900D PID 000BBD21 DEVARCH 47701A02 DEVTYPE 00 DWT
T1D54 000:134.789   CPU_ReadMem(32 bytes @ 0xE0002FE0)
T1D54 000:135.526   CPU_ReadMem(4 bytes @ 0xE0002FBC)
T1D54 000:136.237   CPU_ReadMem(4 bytes @ 0xE0002FCC)
T1D54 000:137.006   [1][2]: E0002000 CID B105900D PID 000BBD21 DEVARCH 47701A03 DEVTYPE 00 FPB
T1D54 000:137.012   CPU_ReadMem(32 bytes @ 0xE0000FE0)
T1D54 000:137.969   CPU_ReadMem(4 bytes @ 0xE0000FBC)
T1D54 000:138.766   CPU_ReadMem(4 bytes @ 0xE0000FCC)
T1D54 000:139.486   [1][3]: E0000000 CID B105900D PID 000BBD21 DEVARCH 47701A01 DEVTYPE 43 ITM
T1D54 000:139.496   CPU_ReadMem(32 bytes @ 0xE0041FE0)
T1D54 000:140.409   CPU_ReadMem(4 bytes @ 0xE0041FBC)
T1D54 000:141.068   CPU_ReadMem(4 bytes @ 0xE0041FCC)
T1D54 000:141.743   [1][5]: E0041000 CID B105900D PID 002BBD21 DEVARCH 47724A13 DEVTYPE 13 ETM
T1D54 000:141.750   CPU_ReadMem(32 bytes @ 0xE0042FE0)
T1D54 000:142.491   CPU_ReadMem(4 bytes @ 0xE0042FBC)
T1D54 000:143.239   CPU_ReadMem(4 bytes @ 0xE0042FCC)
T1D54 000:143.874   [1][6]: E0042000 CID B105900D PID 000BBD21 DEVARCH 47701A14 DEVTYPE 14 CSS600-CTI
T1D54 000:143.908 - 73.704ms returns 0x00
T1D54 000:143.926 JLINK_Halt()
T1D54 000:147.340 - 3.413ms returns 0x00
T1D54 000:147.360 JLINK_IsHalted()
T1D54 000:147.370 - 0.010ms returns TRUE
T1D54 000:147.375 JLINK_ResetPullsRESET(ON)
T1D54 000:147.379 - 0.003ms 
T1D54 000:147.441 JLINK_Reset()
T1D54 000:147.457   JLINK_GetResetTypeDesc
T1D54 000:147.461   - 0.004ms 
T1D54 000:147.466   Reset type: CONNECT UNDER RESET (https://wiki.segger.com/J-Link_Reset_Strategies)
T1D54 000:147.473   CPU_WriteMem(4 bytes @ 0xE000EDF0)
T1D54 000:148.221   CPU_ReadMem(4 bytes @ 0xE000ED44)
T1D54 000:149.017   CPU_ReadMem(4 bytes @ 0xE000EE08)
T1D54 000:149.672   CPU_WriteMem(4 bytes @ 0xE000EE08)
T1D54 000:150.347   CPU_ReadMem(4 bytes @ 0xE000EE08)
T1D54 000:151.106   Reset: ARMv8M core with Security Extension enabled detected. Switch to secure domain.
T1D54 000:151.114   CPU_WriteMem(4 bytes @ 0xE000EDFC)
T1D54 000:151.843   Reset: Halt core after reset via DEMCR.VC_CORERESET.
T1D54 000:152.899   Reset: Reset device via AIRCR.SYSRESETREQ.
T1D54 000:152.912   CPU_WriteMem(4 bytes @ 0xE000ED0C)
T1D54 000:208.285   CPU_ReadMem(4 bytes @ 0xE000EDF0)
T1D54 000:209.147   CPU_ReadMem(4 bytes @ 0xE000EDF0)
T1D54 000:209.964   CPU_WriteMem(4 bytes @ 0xE000EDFC)
T1D54 000:216.221   CPU_ReadMem(4 bytes @ 0xE000EDF0)
T1D54 000:220.902   CPU_WriteMem(4 bytes @ 0xE0002000)
T1D54 000:221.676   CPU_ReadMem(4 bytes @ 0xE000EDFC)
T1D54 000:222.405   CPU_ReadMem(4 bytes @ 0xE0001000)
T1D54 000:223.092   CPU_ReadMem(4 bytes @ 0xE000EE08)
T1D54 000:223.772 - 76.331ms 
T1D54 000:223.819 JLINK_ReadMem(0x010080F0, 0x10 Bytes, ...)
T1D54 000:223.828   CPU_ReadMem(16 bytes @ 0x010080F0)
T1D54 000:224.574   Data:  52 37 46 41 36 45 32 42 42 33 43 4E 45 20 20 20
T1D54 000:224.580 - 0.761ms returns 0
T1D54 000:224.591 JLINK_IsHalted()
T1D54 000:224.596 - 0.004ms returns TRUE
T1D54 000:224.865 JLINK_MeasureCPUSpeed(RAMAddr = 0x20000000)
T1D54 000:224.873   CPU_ReadMem(16 bytes @ 0x20000000)
T1D54 000:225.605   CPU_ReadMem(4 bytes @ 0xE000EDFC)
T1D54 000:226.385   CPU_ReadMem(4 bytes @ 0xE0001000)
T1D54 000:227.176   CPU_ReadMem(6 bytes @ 0x20000000)
T1D54 000:228.024   CPU_ReadMem(4 bytes @ 0xE000ED90)
T1D54 000:228.791   CPU_ReadMem(4 bytes @ 0xE000ED94)
T1D54 000:229.515   CPU_WriteMem(16 bytes @ 0x20000000)
T1D54 000:230.241   CPU_WriteMem(6 bytes @ 0x20000000)
T1D54 000:230.911   CPU_ReadMem(6 bytes @ 0x20000000)
T1D54 000:231.573   CPU_ReadMem(4 bytes @ 0xE000EE08)
T1D54 000:232.149   CPU_WriteMem(4 bytes @ 0xE0002008)
T1D54 000:232.159   CPU_WriteMem(4 bytes @ 0xE000200C)
T1D54 000:232.165   CPU_WriteMem(4 bytes @ 0xE0002010)
T1D54 000:232.171   CPU_WriteMem(4 bytes @ 0xE0002014)
T1D54 000:232.176   CPU_WriteMem(4 bytes @ 0xE0002018)
T1D54 000:232.182   CPU_WriteMem(4 bytes @ 0xE000201C)
T1D54 000:232.187   CPU_WriteMem(4 bytes @ 0xE0002020)
T1D54 000:232.193   CPU_WriteMem(4 bytes @ 0xE0002024)
T1D54 000:233.993   CPU_WriteMem(4 bytes @ 0xE0001004)
T1D54 000:241.159   CPU_ReadMem(4 bytes @ 0xE0001004)
T1D54 000:241.849   CPU_ReadMem(4 bytes @ 0xE000EE08)
T1D54 000:242.658   CPU_WriteMem(4 bytes @ 0xE0002008)
T1D54 000:243.319   CPU_WriteMem(4 bytes @ 0xE000200C)
T1D54 000:243.924   CPU_WriteMem(4 bytes @ 0xE0002010)
T1D54 000:244.573   CPU_WriteMem(4 bytes @ 0xE0002014)
T1D54 000:245.493   CPU_WriteMem(4 bytes @ 0xE0002018)
T1D54 000:246.233   CPU_WriteMem(4 bytes @ 0xE000201C)
T1D54 000:246.874   CPU_WriteMem(4 bytes @ 0xE0002020)
T1D54 000:247.473   CPU_WriteMem(4 bytes @ 0xE0002024)
T1D54 000:248.227   CPU_ReadMem(4 bytes @ 0xE000EE08)
T1D54 000:249.036   CPU_ReadMem(4 bytes @ 0xE000EE08)
T1D54 000:249.628   CPU_WriteMem(4 bytes @ 0xE0001004)
T1D54 000:277.486   CPU_ReadMem(4 bytes @ 0xE0001004)
T1D54 000:278.340   CPU_WriteMem(6 bytes @ 0x20000000)
T1D54 000:279.132   ClockFreq: 2092200 Hz
T1D54 000:279.145 - 54.279ms returns 2092200
T1D54 000:279.261 JLINK_ReadReg(XPSR)
T1D54 000:279.278   CPU_ReadMem(4 bytes @ 0xE000EE08)
T1D54 000:279.997 - 0.736ms returns 0xF9000000
T6CB4 002:495.798 JLINK_ResetPullsRESET(ON)
T6CB4 002:495.825 - 0.026ms 
T6CB4 002:495.830 JLINK_Halt()
T6CB4 002:496.675 - 0.844ms returns 0x00
T6CB4 002:496.689 JLINK_IsHalted()
T6CB4 002:496.694 - 0.005ms returns TRUE
T6CB4 002:496.699 JLINK_Reset()
T6CB4 002:496.712   JLINK_GetResetTypeDesc
T6CB4 002:496.716   - 0.004ms 
T6CB4 002:496.721   Reset type: CONNECT UNDER RESET (https://wiki.segger.com/J-Link_Reset_Strategies)
T6CB4 002:496.728   CPU_WriteMem(4 bytes @ 0xE000EDF0)
T6CB4 002:497.440   CPU_ReadMem(4 bytes @ 0xE000ED44)
T6CB4 002:498.152   CPU_ReadMem(4 bytes @ 0xE000EE08)
T6CB4 002:498.789   CPU_WriteMem(4 bytes @ 0xE000EE08)
T6CB4 002:499.484   CPU_ReadMem(4 bytes @ 0xE000EE08)
T6CB4 002:500.262   Reset: ARMv8M core with Security Extension enabled detected. Switch to secure domain.
T6CB4 002:500.273   CPU_WriteMem(4 bytes @ 0xE000EDFC)
T6CB4 002:500.906   Reset: Halt core after reset via DEMCR.VC_CORERESET.
T6CB4 002:501.920   Reset: Reset device via AIRCR.SYSRESETREQ.
T6CB4 002:501.928   CPU_WriteMem(4 bytes @ 0xE000ED0C)
T6CB4 002:557.685   CPU_ReadMem(4 bytes @ 0xE000EDF0)
T6CB4 002:558.439   CPU_ReadMem(4 bytes @ 0xE000EDF0)
T6CB4 002:559.204   CPU_WriteMem(4 bytes @ 0xE000EDFC)
T6CB4 002:566.633   CPU_ReadMem(4 bytes @ 0xE000EDF0)
T6CB4 002:571.034   CPU_WriteMem(4 bytes @ 0xE0002000)
T6CB4 002:571.725   CPU_ReadMem(4 bytes @ 0xE000EDFC)
T6CB4 002:572.467   CPU_ReadMem(4 bytes @ 0xE0001000)
T6CB4 002:573.199   CPU_ReadMem(4 bytes @ 0xE000EE08)
T6CB4 002:573.948 - 77.247ms 
T6CB4 002:573.973 JLINK_SetEndian(ARM_ENDIAN_LITTLE)
T6CB4 002:573.977 - 0.004ms returns 0
T6CB4 002:574.125 JLINK_BeginDownload(Flags = 0x00000000)
T6CB4 002:574.130 - 0.006ms 
T6CB4 002:589.201 JLINK_WriteMem(0x00000000, 0x40 Bytes, ...)
T6CB4 002:589.250   Data:  00 04 00 20 59 0A 00 00 E5 08 00 00 69 0A 00 00 ...
T6CB4 002:589.659   completely In flash
T6CB4 002:589.676 - 0.476ms returns 0x40
T6CB4 002:590.073 JLINK_WriteMem(0x00000040, 0xBD0 Bytes, ...)
T6CB4 002:590.086   Data:  80 B5 6F 46 40 F2 20 45 C2 F2 00 05 44 F2 40 24 ...
T6CB4 002:590.097   completely In flash
T6CB4 002:590.109 - 0.036ms returns 0xBD0
T6CB4 002:590.410 JLINK_WriteMem(0x00000C10, 0x356 Bytes, ...)
T6CB4 002:590.417   Data:  00 28 18 BF 00 F0 A8 F8 00 21 40 F2 34 40 21 60 ...
T6CB4 002:590.473   completely In flash
T6CB4 002:590.479 - 0.069ms returns 0x356
T6CB4 002:591.003 JLINK_WriteMem(0x0100A100, 0x4 Bytes, ...)
T6CB4 002:591.016   Data:  FF FF FF FF
T6CB4 002:591.402   completely In flash
T6CB4 002:591.410 - 0.406ms returns 0x4
T6CB4 002:591.831 JLINK_WriteMem(0x0100A200, 0x4 Bytes, ...)
T6CB4 002:591.840   Data:  FF FD FF FF
T6CB4 002:591.848   completely In flash
T6CB4 002:591.854 - 0.022ms returns 0x4
T6CB4 002:603.139 JLINK_EndDownload()
T6CB4 002:603.864   CPU_ReadMem(4 bytes @ 0xE000ED90)
T6CB4 002:604.556   CPU_ReadMem(4 bytes @ 0xE000ED94)
T6CB4 002:605.321    -- --------------------------------------
T6CB4 002:605.333    -- Start of determining flash info (Bank @ 0x0100A100)
T6CB4 002:605.340    -- End of determining flash info
T6CB4 002:605.347    -- Start of determining dirty areas in flash cache
T6CB4 002:605.355    -- Filling invalid ranges in sector buffer (flash cache) for sector @ 0x0100A100 if necessary
T6CB4 002:605.364    -- Filling invalid ranges in sector buffer (flash cache) for sector @ 0x0100A200 if necessary
T6CB4 002:605.371    -- End of determining dirty areas
T6CB4 002:605.376    -- Start of preparing flash programming
T6CB4 002:605.385    -- Preparing RAMCode
T6CB4 002:605.391    -- Calculating RAM usage
T6CB4 002:605.398    -- RAM usage = 4384 Bytes
T6CB4 002:605.404    -- Preserving CPU registers
T6CB4 002:606.173    -- Preparing memory
T6CB4 002:606.181    -- Determining CPU clock frequency
T6CB4 002:656.289    -- CPU frequency = 2093 kHz
T6CB4 002:656.313    -- Preparing target
T6CB4 002:656.319    -- Preserving target RAM temporarily used for programming
T6CB4 002:677.037    -- Downloading RAMCode
T6CB4 002:701.358    -- Initializing RAMCode (InitType: 3 = Verify)
T6CB4 002:701.386    -- Executing Init(3)
T6CB4 002:717.244    -- End of preparing flash programming
T6CB4 002:722.910   
  ***** Warning: 
T6CB4 002:722.930   CPU is running at low speed (2093 kHz).
T6CB4 002:722.936    -- CPU is running at 2093 kHz.
T6CB4 002:722.945    -- Start of comparing flash
T6CB4 002:722.951    -- Flash algorithm supports a native verify function which is used to compare the flash content.
T6CB4 002:756.202    -- Comparing range 0x100A100 - 0x100A10F (1 Sector, 16 Bytes), using verify function of the RAMCode
T6CB4 002:757.643    -- Data matches for sector 0
T6CB4 002:758.766    -- Comparing range 0x100A200 - 0x100A20F (1 Sector, 16 Bytes), using verify function of the RAMCode
T6CB4 002:760.104    -- Data matches for sector 16
T6CB4 002:760.132    -- End of comparing flash
T6CB4 002:760.143    -- Start of erasing sectors
T6CB4 002:760.152    -- End of erasing sectors
T6CB4 002:760.160    -- Start of flash programming
T6CB4 002:760.168    -- End of flash programming
T6CB4 002:760.176    -- Start of verifying flash
T6CB4 002:760.184    -- End of verifying flash
T6CB4 002:760.192    -- Start of restoring
T6CB4 002:760.202    -- Executing UnInit()
T6CB4 002:766.267    -- Restoring target memory
T6CB4 002:783.054    -- Restoring CPU registers
T6CB4 002:783.912    -- End of restoring
T6CB4 002:783.934    -- Bank 0 @ 0x0100A100: Skipped. Contents already match
T6CB4 002:783.941    -- Bank 0 @ 0x0100A100: Skipped. Contents already match
T6CB4 002:796.313    -- --------------------------------------
T6CB4 002:796.343    -- Flash bank @ 0x00000000: Default: L2 verify disabled because algorithm performs L1 verify
T6CB4 002:796.350    -- Start of determining dirty areas in flash cache
T6CB4 002:796.358    -- Filling invalid ranges in sector buffer (flash cache) for sector @ 0x00000000 if necessary
T6CB4 002:796.403    -- End of determining dirty areas
T6CB4 002:796.409    -- Start of preparing flash programming
T6CB4 002:796.416    -- Calculating RAM usage
T6CB4 002:796.525    -- RAM usage = 3492 Bytes
T6CB4 002:796.531    -- Preserving CPU registers
T6CB4 002:796.588    -- Determining CPU clock frequency
T6CB4 002:843.479    -- Preparing target
T6CB4 002:843.510    -- Preserving target RAM temporarily used for programming
T6CB4 002:860.352    -- Downloading RAMCode
T6CB4 002:880.625    -- Preparing RAMCode
T6CB4 002:894.482    -- CPU frequency = 100000 kHz
T6CB4 002:894.510    -- End of preparing flash programming
T6CB4 002:895.950    -- CPU is running at 100000 kHz.
T6CB4 002:895.965    -- Start of comparing flash
T6CB4 002:895.973    -- CRC check was estimated as fastest method
T6CB4 002:916.726    -- Comparing range 0x0000 - 0x1FFF (1 Sector, 8 KB), using multi-block CRC calculation
T6CB4 002:925.589    -- CRC does not match for sector 0
T6CB4 002:925.624    -- End of comparing flash
T6CB4 002:925.634    -- Start of erasing sectors
T6CB4 002:925.644    -- Erasing range 0x00000000 - 0x00001FFF (  1 Sector, 8 KB)
T6CB4 002:971.854    -- End of erasing sectors
T6CB4 002:971.887    -- Start of flash programming
T6CB4 002:971.895    -- Programming range 0x00000000 - 0x00001FFF (  1 Sector, 8 KB)
T6CB4 003:004.988    -- End of flash programming
T6CB4 003:005.035    -- 0x0000 - 0x1FFF (  1 Sector, 8 KB)
T6CB4 003:005.043    -- Start of restoring
T6CB4 003:005.049    -- Restoring RAMCode
T6CB4 003:016.434    -- Restoring target memory
T6CB4 003:030.027    -- Restore target
T6CB4 003:030.058    -- Restoring CPU registers
T6CB4 003:030.781    -- End of restoring
T6CB4 003:030.792    -- Bank 1 @ 0x00000000: 1 range affected (8192 bytes)
T6CB4 003:030.800    -- Total: 0.234s (Prepare: 0.099s, Compare: 0.029s, Erase: 0.046s, Program & Verify: 0.039s, Restore: 0.019s)
T6CB4 003:030.814    -- Program & Verify speed: 205 KB/s
T6CB4 003:048.738 - 445.598ms returns 8192 (0x2000)
T6CB4 003:049.592 JLINK_WriteReg(R15 (PC), 0x00000A58)
T6CB4 003:049.616 - 0.024ms returns 0
T6CB4 003:049.622 JLINK_WriteReg(XPSR, 0x01000000)
T6CB4 003:049.627 - 0.004ms returns 0
T6CB4 003:050.314 JLINK_ResetPullsRESET(ON)
T6CB4 003:050.333 - 0.019ms 
T6CB4 003:050.340 JLINK_Halt()
T6CB4 003:050.347 - 0.007ms returns 0x00
T6CB4 003:050.355 JLINK_IsHalted()
T6CB4 003:050.362 - 0.007ms returns TRUE
T6CB4 003:050.368 JLINK_Reset()
T6CB4 003:050.383   JLINK_GetResetTypeDesc
T6CB4 003:050.388   - 0.005ms 
T6CB4 003:050.394   Reset type: CONNECT UNDER RESET (https://wiki.segger.com/J-Link_Reset_Strategies)
T6CB4 003:050.403   CPU_WriteMem(4 bytes @ 0xE000EDF0)
T6CB4 003:051.154   CPU_ReadMem(4 bytes @ 0xE000ED44)
T6CB4 003:051.850   CPU_ReadMem(4 bytes @ 0xE000EE08)
T6CB4 003:052.645   CPU_WriteMem(4 bytes @ 0xE000EE08)
T6CB4 003:053.334   CPU_ReadMem(4 bytes @ 0xE000EE08)
T6CB4 003:054.018   Reset: ARMv8M core with Security Extension enabled detected. Switch to secure domain.
T6CB4 003:054.036   CPU_WriteMem(4 bytes @ 0xE000EDFC)
T6CB4 003:054.711   Reset: Halt core after reset via DEMCR.VC_CORERESET.
T6CB4 003:055.912   Reset: Reset device via AIRCR.SYSRESETREQ.
T6CB4 003:055.928   CPU_WriteMem(4 bytes @ 0xE000ED0C)
T6CB4 003:111.594   CPU_ReadMem(4 bytes @ 0xE000EDF0)
T6CB4 003:112.435   CPU_ReadMem(4 bytes @ 0xE000EDF0)
T6CB4 003:113.911   CPU_WriteMem(4 bytes @ 0xE000EDFC)
T6CB4 003:120.960   CPU_ReadMem(4 bytes @ 0xE000EDF0)
T6CB4 003:125.819   CPU_WriteMem(4 bytes @ 0xE0002000)
T6CB4 003:126.583   CPU_ReadMem(4 bytes @ 0xE000EDFC)
T6CB4 003:127.273   CPU_ReadMem(4 bytes @ 0xE0001000)
T6CB4 003:127.869   CPU_ReadMem(4 bytes @ 0xE000EE08)
T6CB4 003:128.526 - 78.156ms 
T6CB4 003:128.550 JLINK_SetEndian(ARM_ENDIAN_LITTLE)
T6CB4 003:128.555 - 0.004ms returns 0
T6CB4 003:150.857 JLINK_ReadMem(0x00000A58, 0x4 Bytes, ...)
T6CB4 003:150.901    -- Read from flash cache (4 bytes @ 0x00000A58)
T6CB4 003:150.908   Data:  80 B5 6F 46
T6CB4 003:150.916 - 0.059ms returns 0
T6CB4 003:163.041 JLINK_ReadMem(0x00000A58, 0x4 Bytes, ...)
T6CB4 003:163.069    -- Read from flash cache (4 bytes @ 0x00000A58)
T6CB4 003:163.076   Data:  80 B5 6F 46
T6CB4 003:163.083 - 0.042ms returns 0
T6CB4 003:508.844 JLINK_GetNumBPUnits(Type = 0xFFFFFF00)
T6CB4 003:508.888 - 0.045ms returns 0x08
T6CB4 003:508.894 JLINK_GetNumWPUnits()
T6CB4 003:508.898 - 0.003ms returns 4
T6CB4 003:508.902 JLINK_GetNumWPUnits()
T6CB4 003:508.910 - 0.007ms returns 4
T6CB4 003:508.918 JLINK_GetNumBPUnits(Type = 0xFFFFFF00)
T6CB4 003:508.924 - 0.005ms returns 0x08
T6CB4 003:508.928 JLINK_GetNumWPUnits()
T6CB4 003:508.932 - 0.003ms returns 4
T6CB4 003:508.937 JLINK_GetNumWPUnits()
T6CB4 003:508.940 - 0.003ms returns 4
T6CB4 003:508.947 JLINK_GetNumBPUnits(Type = 0xFFFFFF00)
T6CB4 003:508.951 - 0.003ms returns 0x08
T6CB4 003:508.955 JLINK_GetNumWPUnits()
T6CB4 003:508.958 - 0.003ms returns 4
T6CB4 003:508.962 JLINK_GetNumWPUnits()
T6CB4 003:508.966 - 0.003ms returns 4
T6CB4 003:508.997 JLINK_SetBPEx(Addr = 0x000000AC, Type = 0xFFFFFF00)
T6CB4 003:509.005 - 0.008ms returns 0x00000001
T6CB4 003:509.011 JLINK_ClrBPEx(BPHandle = 0x00000001)
T6CB4 003:509.015 - 0.004ms returns 0x00
T6CB4 003:509.932 JLINK_ReadMem(0x000000B0, 0x2 Bytes, ...)
T6CB4 003:509.946    -- Read from flash cache (2 bytes @ 0x000000B0)
T6CB4 003:509.952   Data:  FF F7
T6CB4 003:509.958 - 0.026ms returns 0
T6CB4 003:510.179 JLINK_SetBPEx(Addr = 0x000000B0, Type = 0xFFFFFF00)
T6CB4 003:510.191 - 0.012ms returns 0x00000002
T6CB4 003:615.747 JLINK_ReadRegs(NumRegs = 22)
T6CB4 003:615.781   CPU_ReadMem(4 bytes @ 0xE000EE08)
T6CB4 003:616.563   
  R0 (0)        = 0x00                 R1 (1)        = 0x00                 R2 (2)        = 0x00                 R3 (3)        = 0x00              
  R4 (4)        = 0x00                 R5 (5)        = 0x00                 R6 (6)        = 0x00                 R7 (7)        = 0x00              
  R8 (8)        = 0x3C0165FE           R9 (9)        = 0x9B29217            R10 (10)      = 0x9EBDD744           R11 (11)      = 0xA4222580        
  R12 (12)      = 0x20007898           R13 (SP) (13) = 0x20000400           R14 (14)      = 0xFFFFFFFF           R15 (PC) (15) = 0xA58             
  XPSR (16)     = 0xF9000000           MSP (17)      = 0x20000400           PSP (18)      = 0x00                 MSPLIM (86)   = 0x00              
  PSPLIM (87)   = 0x00                 CFBP (20)     = 0x00              
T6CB4 003:616.573 - 0.826ms returns 0x00
T6CB4 003:617.272 JLINK_ReadMem(0x00000A58, 0x4 Bytes, ...)
T6CB4 003:617.292    -- Read from flash cache (4 bytes @ 0x00000A58)
T6CB4 003:617.305   Data:  80 B5 6F 46
T6CB4 003:617.312 - 0.039ms returns 0
T6DC4 003:647.551 JLINK_GetNumBPUnits(Type = 0xFFFFFF00)
T6DC4 003:647.574 - 0.023ms returns 0x08
T6DC4 003:647.579 JLINK_GetNumWPUnits()
T6DC4 003:647.583 - 0.003ms returns 4
T6DC4 003:647.588 JLINK_GetNumWPUnits()
T6DC4 003:647.592 - 0.003ms returns 4
T6DC4 003:647.784 JLINK_GetNumBPUnits(Type = 0xFFFFFF00)
T6DC4 003:647.797 - 0.013ms returns 0x08
T6DC4 003:647.801 JLINK_GetNumWPUnits()
T6DC4 003:647.805 - 0.003ms returns 4
T6DC4 003:647.810 JLINK_GetNumWPUnits()
T6DC4 003:647.814 - 0.004ms returns 4
T6DC4 003:648.395 JLINK_GetNumBPUnits(Type = 0xFFFFFF00)
T6DC4 003:648.408 - 0.013ms returns 0x08
T6DC4 003:648.413 JLINK_GetNumWPUnits()
T6DC4 003:648.417 - 0.003ms returns 4
T6DC4 003:648.421 JLINK_GetNumWPUnits()
T6DC4 003:648.425 - 0.003ms returns 4
T6DC4 003:648.831 JLINK_ReadReg(XPSR)
T6DC4 003:649.656 - 0.825ms returns 0xF9000000
T6DC4 003:649.670 JLINK_ReadReg(R15 (PC))
T6DC4 003:649.675 - 0.004ms returns 0x00000A58
T6DC4 003:649.760 JLINK_GetNumBPUnits(Type = 0xFFFFFF00)
T6DC4 003:649.767 - 0.007ms returns 0x08
T6DC4 003:649.772 JLINK_GetNumWPUnits()
T6DC4 003:649.776 - 0.003ms returns 4
T6DC4 003:649.780 JLINK_GetNumWPUnits()
T6DC4 003:649.784 - 0.003ms returns 4
T6DC4 003:650.025 JLINK_GetNumBPUnits(Type = 0xFFFFFF00)
T6DC4 003:650.042 - 0.017ms returns 0x08
T6DC4 003:650.056 JLINK_GetNumWPUnits()
T6DC4 003:650.061 - 0.005ms returns 4
T6DC4 003:650.067 JLINK_GetNumWPUnits()
T6DC4 003:650.070 - 0.003ms returns 4
T6DC4 003:650.258 JLINK_GetNumBPUnits(Type = 0xFFFFFF00)
T6DC4 003:650.272 - 0.014ms returns 0x08
T6DC4 003:650.278 JLINK_GetNumWPUnits()
T6DC4 003:650.292 - 0.013ms returns 4
T6DC4 003:650.298 JLINK_GetNumWPUnits()
T6DC4 003:650.303 - 0.004ms returns 4
T6DC4 003:650.473 JLINK_GetNumBPUnits(Type = 0xFFFFFF00)
T6DC4 003:650.487 - 0.013ms returns 0x08
T6DC4 003:650.499 JLINK_GetNumWPUnits()
T6DC4 003:650.503 - 0.003ms returns 4
T6DC4 003:650.508 JLINK_GetNumWPUnits()
T6DC4 003:650.512 - 0.003ms returns 4
T6DC4 003:650.700 JLINK_GetNumBPUnits(Type = 0xFFFFFF00)
T6DC4 003:650.711 - 0.011ms returns 0x08
T6DC4 003:650.716 JLINK_GetNumWPUnits()
T6DC4 003:650.720 - 0.003ms returns 4
T6DC4 003:650.724 JLINK_GetNumWPUnits()
T6DC4 003:650.728 - 0.003ms returns 4
T6CB4 003:970.063 JLINK_ReadMem(0x00000A58, 0x4 Bytes, ...)
T6CB4 003:970.109    -- Read from flash cache (4 bytes @ 0x00000A58)
T6CB4 003:970.116   Data:  80 B5 6F 46
T6CB4 003:970.123 - 0.060ms returns 0
T6CB4 008:148.090 JLINK_STRACE_Read(..., NumItems = 0x10000)
T6CB4 008:148.141   Initializing trace type buffer with configured Coresight trace components (* indicates set/detected address):
T6CB4 008:148.156    *TF:   0xE0047000
T6CB4 008:148.160    *TMC:  0xE0048000
T6CB4 008:148.163     ETB:  0x00000000
T6CB4 008:148.166     MTB:  0x00000000
T6CB4 008:148.170    *TPIU: 0xE0040000
T6CB4 008:148.173    *ETM:  0xE0041000
T6CB4 008:148.228     STM:  0x00000000
T6CB4 008:148.231     PTM:  0x00000000
T6CB4 008:148.949 - 0.858ms NumItemsRead = 0x00
T6CB4 008:148.984 JLINK_IsHalted()
T6CB4 008:149.745 - 0.761ms returns TRUE
T6CB4 008:149.761 JLINK_STRACE_Read(..., NumItems = 0x10000)
T6CB4 008:149.780 - 0.019ms NumItemsRead = 0x00
T6CB4 008:149.785 JLINK_GoEx(MaxEmulInsts = 0, Flags = 0x01)
T6CB4 008:149.797   CPU_WriteMem(4 bytes @ 0xE0002000)
T6CB4 008:150.544   CPU_ReadMem(4 bytes @ 0xE0001000)
T6CB4 008:151.411   CPU_WriteMem(4 bytes @ 0xE0002008)
T6CB4 008:151.427   CPU_WriteMem(4 bytes @ 0xE000200C)
T6CB4 008:151.433   CPU_WriteMem(4 bytes @ 0xE0002010)
T6CB4 008:151.439   CPU_WriteMem(4 bytes @ 0xE0002014)
T6CB4 008:151.445   CPU_WriteMem(4 bytes @ 0xE0002018)
T6CB4 008:151.450   CPU_WriteMem(4 bytes @ 0xE000201C)
T6CB4 008:151.457   CPU_WriteMem(4 bytes @ 0xE0002020)
T6CB4 008:151.462   CPU_WriteMem(4 bytes @ 0xE0002024)
T6CB4 008:153.293   CPU_WriteMem(4 bytes @ 0xE0001004)
T6CB4 008:154.708   Memory map 'after startup completion point' is active
T6CB4 008:154.724 - 4.937ms 
T6CB4 008:252.086 JLINK_IsHalted()
T6CB4 008:255.736 - 3.650ms returns TRUE
T6CB4 008:261.258 JLINK_ReadReg(XPSR)
T6CB4 008:261.273   CPU_ReadMem(4 bytes @ 0xE000EE08)
T6CB4 008:261.961 - 0.703ms returns 0x69000000
T6CB4 008:261.973 JLINK_ReadReg(R15 (PC))
T6CB4 008:261.980 - 0.007ms returns 0x000000B0
T6CB4 008:261.987 JLINK_ReadReg(XPSR)
T6CB4 008:261.992 - 0.004ms returns 0x69000000
T6CB4 008:261.996 JLINK_ReadReg(XPSR)
T6CB4 008:262.001 - 0.004ms returns 0x69000000
T6CB4 008:262.005 JLINK_ReadReg(R15 (PC))
T6CB4 008:262.010 - 0.005ms returns 0x000000B0
T6CB4 008:262.017 JLINK_ReadReg(XPSR)
T6CB4 008:262.021 - 0.004ms returns 0x69000000
T6CB4 008:262.031 JLINK_ReadReg(XPSR)
T6CB4 008:262.036 - 0.004ms returns 0x69000000
T6CB4 008:262.041 JLINK_ReadMem(0x000000B0, 0x1 Bytes, ...)
T6CB4 008:262.048    -- Read from flash cache (1 bytes @ 0x000000B0)
T6CB4 008:262.061   Data:  FF
T6CB4 008:262.067 - 0.025ms returns 0
T6CB4 008:262.073 JLINK_IsHalted()
T6CB4 008:262.077 - 0.003ms returns TRUE
T6CB4 008:262.081 JLINK_ReadReg(XPSR)
T6CB4 008:262.085 - 0.004ms returns 0x69000000
T6CB4 008:262.090 JLINK_ReadReg(XPSR)
T6CB4 008:262.096 - 0.005ms returns 0x69000000
T6CB4 008:262.103 JLINK_ReadReg(R15 (PC))
T6CB4 008:262.108 - 0.004ms returns 0x000000B0
T6CB4 008:262.115 JLINK_ReadReg(XPSR)
T6CB4 008:262.120 - 0.004ms returns 0x69000000
T6CB4 008:262.124 JLINK_ReadReg(XPSR)
T6CB4 008:262.128 - 0.004ms returns 0x69000000
T6CB4 008:262.133 JLINK_ReadMem(0x000000B0, 0x1 Bytes, ...)
T6CB4 008:262.137    -- Read from flash cache (1 bytes @ 0x000000B0)
T6CB4 008:262.142   Data:  FF
T6CB4 008:262.147 - 0.014ms returns 0
T6CB4 008:262.207 JLINK_IsHalted()
T6CB4 008:262.212 - 0.004ms returns TRUE
T6CB4 008:262.217 JLINK_ReadReg(XPSR)
T6CB4 008:262.221 - 0.004ms returns 0x69000000
T6CB4 008:262.227 JLINK_ReadReg(R15 (PC))
T6CB4 008:262.231 - 0.004ms returns 0x000000B0
T6CB4 008:262.283 JLINK_ReadReg(XPSR)
T6CB4 008:262.291 - 0.007ms returns 0x69000000
T6CB4 008:262.296 JLINK_ReadReg(XPSR)
T6CB4 008:262.300 - 0.004ms returns 0x69000000
T6CB4 008:262.305 JLINK_ReadReg(R15 (PC))
T6CB4 008:262.309 - 0.004ms returns 0x000000B0
T6CB4 008:262.313 JLINK_ReadReg(XPSR)
T6CB4 008:262.318 - 0.004ms returns 0x69000000
T6CB4 008:262.323 JLINK_ReadReg(XPSR)
T6CB4 008:262.327 - 0.004ms returns 0x69000000
T6CB4 008:262.332 JLINK_ReadMem(0x000000B0, 0x1 Bytes, ...)
T6CB4 008:262.336    -- Read from flash cache (1 bytes @ 0x000000B0)
T6CB4 008:262.341   Data:  FF
T6CB4 008:262.347 - 0.015ms returns 0
T6CB4 008:262.352 JLINK_IsHalted()
T6CB4 008:262.355 - 0.003ms returns TRUE
T6CB4 008:262.360 JLINK_ReadReg(XPSR)
T6CB4 008:262.364 - 0.004ms returns 0x69000000
T6CB4 008:262.369 JLINK_ReadReg(XPSR)
T6CB4 008:262.373 - 0.004ms returns 0x69000000
T6CB4 008:262.377 JLINK_ReadReg(R15 (PC))
T6CB4 008:262.381 - 0.004ms returns 0x000000B0
T6CB4 008:262.386 JLINK_ReadReg(XPSR)
T6CB4 008:262.390 - 0.004ms returns 0x69000000
T6CB4 008:262.395 JLINK_ReadReg(XPSR)
T6CB4 008:262.399 - 0.004ms returns 0x69000000
T6CB4 008:262.404 JLINK_ReadMem(0x000000B0, 0x1 Bytes, ...)
T6CB4 008:262.408    -- Read from flash cache (1 bytes @ 0x000000B0)
T6CB4 008:262.414   Data:  FF
T6CB4 008:262.436 - 0.032ms returns 0
T6CB4 008:263.117 JLINK_ReadRegs(NumRegs = 22)
T6CB4 008:263.171   
  R0 (0)        = 0x00                 R1 (1)        = 0x00                 R2 (2)        = 0xA510               R3 (3)        = 0x10              
  R4 (4)        = 0x00                 R5 (5)        = 0x00                 R6 (6)        = 0x00                 R7 (7)        = 0x200003F0        
  R8 (8)        = 0x3C0165FE           R9 (9)        = 0x9B29217            R10 (10)      = 0x9EBDD744           R11 (11)      = 0xA4222580        
  R12 (12)      = 0x4001E3FE           R13 (SP) (13) = 0x200003F0           R14 (14)      = 0xA65                R15 (PC) (15) = 0xB0              
  XPSR (16)     = 0x69000000           MSP (17)      = 0x200003F0           PSP (18)      = 0x00                 MSPLIM (86)   = 0x20000000        
  PSPLIM (87)   = 0x00                 CFBP (20)     = 0x00              
T6CB4 008:263.177 - 0.060ms returns 0x00
T6CB4 008:264.345 JLINK_ReadMem(0x000000B0, 0x4 Bytes, ...)
T6CB4 008:264.369    -- Read from flash cache (4 bytes @ 0x000000B0)
T6CB4 008:264.375   Data:  FF F7 C6 FF
T6CB4 008:264.381 - 0.036ms returns 0
T6CB4 008:264.993 JLINK_ClrBPEx(BPHandle = 0x00000002)
T6CB4 008:265.006 - 0.013ms returns 0x00
T6CB4 008:287.238 JLINK_ReadMem(0x000000B0, 0x4 Bytes, ...)
T6CB4 008:287.282    -- Read from flash cache (4 bytes @ 0x000000B0)
T6CB4 008:287.289   Data:  FF F7 C6 FF
T6CB4 008:287.295 - 0.058ms returns 0
T6DC4 009:265.935 JLINK_ReadReg(XPSR)
T6DC4 009:266.759 - 0.823ms returns 0x69000000
T6DC4 009:266.880 JLINK_ReadReg(R15 (PC))
T6DC4 009:266.901 - 0.021ms returns 0x000000B0
T6DC4 009:267.882 JLINK_IsHalted()
T6DC4 009:267.900 - 0.017ms returns TRUE
T6DC4 009:267.910 JLINK_ReadReg(XPSR)
T6DC4 009:267.918 - 0.006ms returns 0x69000000
T6DC4 009:267.922 JLINK_ReadReg(R15 (PC))
T6DC4 009:267.927 - 0.004ms returns 0x000000B0
T6DC4 009:267.932 JLINK_ReadReg(XPSR)
T6DC4 009:267.937 - 0.004ms returns 0x69000000
T6DC4 009:267.941 JLINK_ReadReg(XPSR)
T6DC4 009:267.946 - 0.004ms returns 0x69000000
T6DC4 009:267.950 JLINK_ReadReg(R15 (PC))
T6DC4 009:267.954 - 0.004ms returns 0x000000B0
T6DC4 009:267.959 JLINK_ReadReg(XPSR)
T6DC4 009:267.963 - 0.004ms returns 0x69000000
T6DC4 009:267.968 JLINK_ReadReg(XPSR)
T6DC4 009:267.972 - 0.004ms returns 0x69000000
T6DC4 009:267.993 JLINK_ReadMem(0x000000B0, 0x1 Bytes, ...)
T6DC4 009:268.000    -- Read from flash cache (1 bytes @ 0x000000B0)
T6DC4 009:268.006   Data:  FF
T6DC4 009:268.013 - 0.019ms returns 0
T6DC4 009:268.018 JLINK_IsHalted()
T6DC4 009:268.021 - 0.003ms returns TRUE
T6DC4 009:268.026 JLINK_ReadReg(XPSR)
T6DC4 009:268.030 - 0.004ms returns 0x69000000
T6DC4 009:268.035 JLINK_ReadReg(XPSR)
T6DC4 009:268.043 - 0.008ms returns 0x69000000
T6DC4 009:268.051 JLINK_ReadReg(R15 (PC))
T6DC4 009:268.063 - 0.011ms returns 0x000000B0
T6DC4 009:268.067 JLINK_ReadReg(XPSR)
T6DC4 009:268.072 - 0.004ms returns 0x69000000
T6DC4 009:268.076 JLINK_ReadReg(XPSR)
T6DC4 009:268.081 - 0.004ms returns 0x69000000
T6DC4 009:268.085 JLINK_ReadMem(0x000000B0, 0x1 Bytes, ...)
T6DC4 009:268.090    -- Read from flash cache (1 bytes @ 0x000000B0)
T6DC4 009:268.094   Data:  FF
T6DC4 009:268.100 - 0.015ms returns 0
T6DC4 009:268.137 JLINK_ReadMem(0xE0001000, 0x4 Bytes, ...)
T6DC4 009:268.143   CPU_ReadMem(4 bytes @ 0xE0001000)
T6DC4 009:268.888   Data:  01 00 00 40
T6DC4 009:268.902   Debug reg: DWT_CTRL
T6DC4 009:268.909 - 0.771ms returns 0
T6DC4 009:268.941 JLINK_WriteMem(0xE0001FB0, 0x8 Bytes, ...)
T6DC4 009:268.945   Data:  00 00 00 00 55 CE AC C5
T6DC4 009:269.210   CPU_WriteMem(8 bytes @ 0xE0001FB0)
T6DC4 009:270.018 - 1.076ms returns 0x8
T6DC4 009:270.060 JLINK_ReadMem(0xE000EDFC, 0x4 Bytes, ...)
T6DC4 009:270.082   CPU_ReadMem(4 bytes @ 0xE000EDFC)
T6DC4 009:270.871   Data:  00 00 10 01
T6DC4 009:270.906   Debug reg: DEMCR
T6DC4 009:270.923 - 0.864ms returns 0
T6DC4 009:271.143 JLINK_ReadMem(0xE0001004, 0x4 Bytes, ...)
T6DC4 009:271.150   CPU_ReadMem(4 bytes @ 0xE0001004)
T6DC4 009:271.952   Data:  4E 07 02 00
T6DC4 009:271.965   Debug reg: DWT_CYCCNT
T6DC4 009:271.971 - 0.828ms returns 0
T6CB4 010:593.938 JLINK_STRACE_Read(..., NumItems = 0x10000)
T6CB4 010:593.965 - 0.027ms NumItemsRead = 0x00
T6CB4 010:594.112 JLINK_ReadMem(0xE0001004, 0x4 Bytes, ...)
T6CB4 010:594.127   Data:  4E 07 02 00
T6CB4 010:594.134   Debug reg: DWT_CYCCNT
T6CB4 010:594.140 - 0.027ms returns 0
T6CB4 010:594.146 JLINK_IsHalted()
T6CB4 010:594.855 - 0.708ms returns TRUE
T6CB4 010:594.869 JLINK_STRACE_Read(..., NumItems = 0x10000)
T6CB4 010:594.874 - 0.004ms NumItemsRead = 0x00
T6CB4 010:595.014 JLINK_ReadMem(0xE0001004, 0x4 Bytes, ...)
T6CB4 010:595.022   Data:  4E 07 02 00
T6CB4 010:595.027   Debug reg: DWT_CYCCNT
T6CB4 010:595.033 - 0.018ms returns 0
T6CB4 010:595.038 JLINK_GoEx(MaxEmulInsts = 0, Flags = 0x01)
T6CB4 010:595.049   CPU_ReadMem(4 bytes @ 0xE0001000)
T6CB4 010:595.710   CPU_WriteMem(4 bytes @ 0xE0002008)
T6CB4 010:597.300 - 2.262ms 
T6CB4 010:704.950 JLINK_IsHalted()
T6CB4 010:705.837 - 0.887ms returns FALSE
T6CB4 010:705.851 JLINK_IsHalted()
T6CB4 010:706.593 - 0.740ms returns FALSE
T6CB4 010:814.995 JLINK_IsHalted()
T6CB4 010:815.759 - 0.764ms returns FALSE
T6CB4 010:815.774 JLINK_IsHalted()
T6CB4 010:816.518 - 0.741ms returns FALSE
T6CB4 010:924.526 JLINK_IsHalted()
T6CB4 010:925.405 - 0.879ms returns FALSE
T6CB4 010:925.425 JLINK_IsHalted()
T6CB4 010:926.166 - 0.740ms returns FALSE
T6CB4 011:033.229 JLINK_IsHalted()
T6CB4 011:033.893 - 0.665ms returns FALSE
T6CB4 011:033.900 JLINK_IsHalted()
T6CB4 011:034.490 - 0.588ms returns FALSE
T6CB4 011:142.870 JLINK_IsHalted()
T6CB4 011:143.717 - 0.846ms returns FALSE
T6CB4 011:143.724 JLINK_IsHalted()
T6CB4 011:144.476 - 0.751ms returns FALSE
T6CB4 011:251.658 JLINK_IsHalted()
T6CB4 011:252.739 - 1.081ms returns FALSE
T6CB4 011:252.747 JLINK_IsHalted()
T6CB4 011:253.540 - 0.792ms returns FALSE
T6CB4 011:361.110 JLINK_IsHalted()
T6CB4 011:362.046 - 0.936ms returns FALSE
T6CB4 011:362.054 JLINK_IsHalted()
T6CB4 011:362.739 - 0.685ms returns FALSE
T6CB4 011:470.866 JLINK_IsHalted()
T6CB4 011:471.778 - 0.910ms returns FALSE
T6CB4 011:471.784 JLINK_IsHalted()
T6CB4 011:472.619 - 0.835ms returns FALSE
T6CB4 011:580.246 JLINK_IsHalted()
T6CB4 011:581.164 - 0.917ms returns FALSE
T6CB4 011:581.172 JLINK_IsHalted()
T6CB4 011:582.099 - 0.926ms returns FALSE
T6DC4 011:595.735 JLINK_IsHalted()
T6DC4 011:596.572 - 0.834ms returns FALSE
T6DC4 011:596.598 JLINK_IsHalted()
T6DC4 011:597.486 - 0.888ms returns FALSE
T6CB4 011:689.954 JLINK_IsHalted()
T6CB4 011:690.917 - 0.963ms returns FALSE
T6CB4 011:690.923 JLINK_IsHalted()
T6CB4 011:691.752 - 0.827ms returns FALSE
T6CB4 011:799.033 JLINK_IsHalted()
T6CB4 011:799.959 - 0.926ms returns FALSE
T6CB4 011:799.973 JLINK_IsHalted()
T6CB4 011:800.684 - 0.710ms returns FALSE
T6CB4 011:908.418 JLINK_IsHalted()
T6CB4 011:909.249 - 0.830ms returns FALSE
T6CB4 011:909.254 JLINK_IsHalted()
T6CB4 011:909.934 - 0.678ms returns FALSE
T6CB4 012:018.069 JLINK_IsHalted()
T6CB4 012:019.127 - 1.058ms returns FALSE
T6CB4 012:019.144 JLINK_IsHalted()
T6CB4 012:020.180 - 1.035ms returns FALSE
T6CB4 012:126.927 JLINK_IsHalted()
T6CB4 012:127.946 - 1.018ms returns FALSE
T6CB4 012:127.952 JLINK_IsHalted()
T6CB4 012:128.884 - 0.931ms returns FALSE
T6CB4 012:236.312 JLINK_IsHalted()
T6CB4 012:237.019 - 0.706ms returns FALSE
T6CB4 012:237.026 JLINK_IsHalted()
T6CB4 012:237.648 - 0.621ms returns FALSE
T6CB4 012:346.410 JLINK_IsHalted()
T6CB4 012:347.168 - 0.758ms returns FALSE
T6CB4 012:347.175 JLINK_IsHalted()
T6CB4 012:347.850 - 0.674ms returns FALSE
T6CB4 012:455.259 JLINK_IsHalted()
T6CB4 012:456.043 - 0.783ms returns FALSE
T6CB4 012:456.051 JLINK_IsHalted()
T6CB4 012:456.747 - 0.694ms returns FALSE
T6CB4 012:564.991 JLINK_IsHalted()
T6CB4 012:565.686 - 0.691ms returns FALSE
T6CB4 012:565.713 JLINK_IsHalted()
T6CB4 012:566.373 - 0.658ms returns FALSE
T6DC4 012:598.390 JLINK_IsHalted()
T6DC4 012:599.334 - 0.943ms returns FALSE
T6DC4 012:599.350 JLINK_IsHalted()
T6DC4 012:600.265 - 0.914ms returns FALSE
T6CB4 012:673.904 JLINK_IsHalted()
T6CB4 012:674.752 - 0.848ms returns FALSE
T6CB4 012:674.758 JLINK_IsHalted()
T6CB4 012:675.589 - 0.829ms returns FALSE
T6CB4 012:783.803 JLINK_IsHalted()
T6CB4 012:784.783 - 0.979ms returns FALSE
T6CB4 012:784.790 JLINK_IsHalted()
T6CB4 012:785.532 - 0.741ms returns FALSE
T6CB4 012:892.748 JLINK_IsHalted()
T6CB4 012:893.780 - 1.032ms returns FALSE
T6CB4 012:893.790 JLINK_IsHalted()
T6CB4 012:894.742 - 0.952ms returns FALSE
T6CB4 013:002.200 JLINK_IsHalted()
T6CB4 013:003.100 - 0.899ms returns FALSE
T6CB4 013:003.109 JLINK_IsHalted()
T6CB4 013:003.898 - 0.789ms returns FALSE
T6CB4 013:111.432 JLINK_IsHalted()
T6CB4 013:112.266 - 0.833ms returns FALSE
T6CB4 013:112.273 JLINK_IsHalted()
T6CB4 013:113.092 - 0.818ms returns FALSE
T6CB4 013:220.970 JLINK_IsHalted()
T6CB4 013:222.002 - 1.032ms returns FALSE
T6CB4 013:222.009 JLINK_IsHalted()
T6CB4 013:222.917 - 0.907ms returns FALSE
T6CB4 013:330.550 JLINK_IsHalted()
T6CB4 013:331.336 - 0.785ms returns FALSE
T6CB4 013:331.349 JLINK_IsHalted()
T6CB4 013:332.077 - 0.727ms returns FALSE
T6CB4 013:440.344 JLINK_IsHalted()
T6CB4 013:441.414 - 1.070ms returns FALSE
T6CB4 013:441.446 JLINK_IsHalted()
T6CB4 013:442.547 - 1.099ms returns FALSE
T6CB4 013:549.034 JLINK_IsHalted()
T6CB4 013:549.925 - 0.890ms returns FALSE
T6CB4 013:549.933 JLINK_IsHalted()
T6CB4 013:550.794 - 0.860ms returns FALSE
T6DC4 013:600.472 JLINK_IsHalted()
T6DC4 013:601.315 - 0.842ms returns FALSE
T6DC4 013:601.339 JLINK_IsHalted()
T6DC4 013:602.370 - 1.030ms returns FALSE
T6CB4 013:658.413 JLINK_IsHalted()
T6CB4 013:659.336 - 0.922ms returns FALSE
T6CB4 013:659.379 JLINK_IsHalted()
T6CB4 013:660.373 - 0.993ms returns FALSE
T6CB4 013:768.238 JLINK_IsHalted()
T6CB4 013:769.208 - 0.968ms returns FALSE
T6CB4 013:769.218 JLINK_IsHalted()
T6CB4 013:770.078 - 0.861ms returns FALSE
T6CB4 013:877.317 JLINK_IsHalted()
T6CB4 013:878.165 - 0.848ms returns FALSE
T6CB4 013:878.176 JLINK_IsHalted()
T6CB4 013:878.899 - 0.721ms returns FALSE
T6CB4 013:986.806 JLINK_IsHalted()
T6CB4 013:987.778 - 0.970ms returns FALSE
T6CB4 013:987.794 JLINK_IsHalted()
T6CB4 013:988.709 - 0.914ms returns FALSE
T6CB4 014:096.126 JLINK_IsHalted()
T6CB4 014:097.043 - 0.915ms returns FALSE
T6CB4 014:097.050 JLINK_IsHalted()
T6CB4 014:097.758 - 0.709ms returns FALSE
T6CB4 014:205.325 JLINK_IsHalted()
T6CB4 014:206.098 - 0.772ms returns FALSE
T6CB4 014:206.104 JLINK_IsHalted()
T6CB4 014:206.912 - 0.807ms returns FALSE
T6CB4 014:315.083 JLINK_IsHalted()
T6CB4 014:315.878 - 0.795ms returns FALSE
T6CB4 014:315.901 JLINK_IsHalted()
T6CB4 014:316.837 - 0.936ms returns FALSE
T6CB4 014:425.043 JLINK_IsHalted()
T6CB4 014:426.034 - 0.990ms returns FALSE
T6CB4 014:426.056 JLINK_IsHalted()
T6CB4 014:426.917 - 0.860ms returns FALSE
T6CB4 014:532.966 JLINK_IsHalted()
T6CB4 014:534.062 - 1.096ms returns FALSE
T6CB4 014:534.069 JLINK_IsHalted()
T6CB4 014:534.955 - 0.885ms returns FALSE
T6DC4 014:602.742 JLINK_IsHalted()
T6DC4 014:603.606 - 0.865ms returns FALSE
T6DC4 014:603.624 JLINK_IsHalted()
T6DC4 014:604.296 - 0.671ms returns FALSE
T6CB4 014:642.611 JLINK_IsHalted()
T6CB4 014:643.587 - 0.975ms returns FALSE
T6CB4 014:643.600 JLINK_IsHalted()
T6CB4 014:644.576 - 0.975ms returns FALSE
T6CB4 014:751.635 JLINK_IsHalted()
T6CB4 014:752.650 - 1.015ms returns FALSE
T6CB4 014:752.658 JLINK_IsHalted()
T6CB4 014:753.381 - 0.721ms returns FALSE
T6CB4 014:861.962 JLINK_IsHalted()
T6CB4 014:862.850 - 0.887ms returns FALSE
T6CB4 014:862.856 JLINK_IsHalted()
T6CB4 014:863.666 - 0.809ms returns FALSE
T6CB4 014:970.381 JLINK_IsHalted()
T6CB4 014:971.296 - 0.914ms returns FALSE
T6CB4 014:971.302 JLINK_IsHalted()
T6CB4 014:972.133 - 0.829ms returns FALSE
T6CB4 015:081.206 JLINK_IsHalted()
T6CB4 015:082.238 - 1.031ms returns FALSE
T6CB4 015:082.251 JLINK_IsHalted()
T6CB4 015:083.211 - 0.959ms returns FALSE
T6CB4 015:189.261 JLINK_IsHalted()
T6CB4 015:190.128 - 0.867ms returns FALSE
T6CB4 015:190.142 JLINK_IsHalted()
T6CB4 015:190.914 - 0.771ms returns FALSE
T6CB4 015:298.530 JLINK_IsHalted()
T6CB4 015:299.314 - 0.785ms returns FALSE
T6CB4 015:299.322 JLINK_IsHalted()
T6CB4 015:300.126 - 0.802ms returns FALSE
T6CB4 015:408.747 JLINK_IsHalted()
T6CB4 015:409.573 - 0.826ms returns FALSE
T6CB4 015:409.579 JLINK_IsHalted()
T6CB4 015:410.309 - 0.729ms returns FALSE
T6CB4 015:518.733 JLINK_IsHalted()
T6CB4 015:519.722 - 0.989ms returns FALSE
T6CB4 015:519.730 JLINK_IsHalted()
T6CB4 015:520.538 - 0.807ms returns FALSE
T6DC4 015:605.445 JLINK_IsHalted()
T6DC4 015:606.464 - 1.017ms returns FALSE
T6DC4 015:606.480 JLINK_IsHalted()
T6DC4 015:607.341 - 0.861ms returns FALSE
T6CB4 015:626.664 JLINK_IsHalted()
T6CB4 015:627.555 - 0.889ms returns FALSE
T6CB4 015:627.573 JLINK_IsHalted()
T6CB4 015:628.394 - 0.820ms returns FALSE
T6CB4 015:736.251 JLINK_IsHalted()
T6CB4 015:737.206 - 0.954ms returns FALSE
T6CB4 015:737.213 JLINK_IsHalted()
T6CB4 015:738.126 - 0.910ms returns FALSE
T6CB4 015:845.726 JLINK_IsHalted()
T6CB4 015:846.779 - 1.052ms returns FALSE
T6CB4 015:846.787 JLINK_IsHalted()
T6CB4 015:847.723 - 0.937ms returns FALSE
T6CB4 015:955.485 JLINK_IsHalted()
T6CB4 015:956.467 - 0.981ms returns FALSE
T6CB4 015:956.474 JLINK_IsHalted()
T6CB4 015:957.285 - 0.810ms returns FALSE
T6CB4 016:064.378 JLINK_IsHalted()
T6CB4 016:065.290 - 0.910ms returns FALSE
T6CB4 016:065.296 JLINK_IsHalted()
T6CB4 016:066.078 - 0.782ms returns FALSE
T6CB4 016:175.058 JLINK_IsHalted()
T6CB4 016:176.006 - 0.948ms returns FALSE
T6CB4 016:176.022 JLINK_IsHalted()
T6CB4 016:176.944 - 0.921ms returns FALSE
T6CB4 016:283.277 JLINK_IsHalted()
T6CB4 016:284.277 - 1.001ms returns FALSE
T6CB4 016:284.286 JLINK_IsHalted()
T6CB4 016:285.274 - 0.987ms returns FALSE
T6CB4 016:393.130 JLINK_IsHalted()
T6CB4 016:394.115 - 0.984ms returns FALSE
T6CB4 016:394.122 JLINK_IsHalted()
T6CB4 016:394.885 - 0.763ms returns FALSE
T6CB4 016:501.973 JLINK_IsHalted()
T6CB4 016:502.840 - 0.866ms returns FALSE
T6CB4 016:502.856 JLINK_IsHalted()
T6CB4 016:503.757 - 0.901ms returns FALSE
T6DC4 016:608.349 JLINK_IsHalted()
T6DC4 016:609.437 - 1.087ms returns FALSE
T6DC4 016:609.453 JLINK_IsHalted()
T6DC4 016:610.429 - 0.976ms returns FALSE
T6CB4 016:611.504 JLINK_IsHalted()
T6CB4 016:612.530 - 1.025ms returns FALSE
T6CB4 016:612.539 JLINK_IsHalted()
T6CB4 016:613.216 - 0.677ms returns FALSE
T6CB4 016:720.694 JLINK_IsHalted()
T6CB4 016:721.738 - 1.042ms returns FALSE
T6CB4 016:721.752 JLINK_IsHalted()
T6CB4 016:722.696 - 0.943ms returns FALSE
T6CB4 016:830.766 JLINK_IsHalted()
T6CB4 016:831.510 - 0.742ms returns FALSE
T6CB4 016:831.516 JLINK_IsHalted()
T6CB4 016:832.362 - 0.844ms returns FALSE
T6CB4 016:939.708 JLINK_IsHalted()
T6CB4 016:940.596 - 0.888ms returns FALSE
T6CB4 016:940.630 JLINK_IsHalted()
T6CB4 016:941.404 - 0.771ms returns FALSE
T6CB4 017:048.976 JLINK_IsHalted()
T6CB4 017:049.788 - 0.810ms returns FALSE
T6CB4 017:049.812 JLINK_IsHalted()
T6CB4 017:050.470 - 0.658ms returns FALSE
T6CB4 017:158.736 JLINK_IsHalted()
T6CB4 017:159.542 - 0.805ms returns FALSE
T6CB4 017:159.564 JLINK_IsHalted()
T6CB4 017:160.284 - 0.719ms returns FALSE
T6CB4 017:268.108 JLINK_IsHalted()
T6CB4 017:269.046 - 0.936ms returns FALSE
T6CB4 017:269.052 JLINK_IsHalted()
T6CB4 017:269.956 - 0.901ms returns FALSE
T6CB4 017:376.934 JLINK_IsHalted()
T6CB4 017:377.722 - 0.785ms returns FALSE
T6CB4 017:377.740 JLINK_IsHalted()
T6CB4 017:378.422 - 0.683ms returns FALSE
T6CB4 017:487.156 JLINK_IsHalted()
T6CB4 017:487.894 - 0.739ms returns FALSE
T6CB4 017:487.900 JLINK_IsHalted()
T6CB4 017:488.626 - 0.721ms returns FALSE
T6CB4 017:596.438 JLINK_IsHalted()
T6CB4 017:597.230 - 0.790ms returns FALSE
T6CB4 017:597.244 JLINK_IsHalted()
T6CB4 017:597.966 - 0.721ms returns FALSE
T6DC4 017:610.756 JLINK_IsHalted()
T6DC4 017:611.518 - 0.762ms returns FALSE
T6DC4 017:611.524 JLINK_IsHalted()
T6DC4 017:612.158 - 0.632ms returns FALSE
T6CB4 017:705.308 JLINK_IsHalted()
T6CB4 017:706.134 - 0.825ms returns FALSE
T6CB4 017:706.140 JLINK_IsHalted()
T6CB4 017:707.034 - 0.892ms returns FALSE
T6CB4 017:814.820 JLINK_IsHalted()
T6CB4 017:815.724 - 0.906ms returns FALSE
T6CB4 017:815.732 JLINK_IsHalted()
T6CB4 017:816.574 - 0.841ms returns FALSE
T6CB4 017:924.052 JLINK_IsHalted()
T6CB4 017:925.068 - 1.015ms returns FALSE
T6CB4 017:925.108 JLINK_IsHalted()
T6CB4 017:926.170 - 1.059ms returns FALSE
T6CB4 018:033.568 JLINK_IsHalted()
T6CB4 018:034.342 - 0.773ms returns FALSE
T6CB4 018:034.350 JLINK_IsHalted()
T6CB4 018:035.038 - 0.688ms returns FALSE
T6CB4 018:143.218 JLINK_IsHalted()
T6CB4 018:143.970 - 0.752ms returns FALSE
T6CB4 018:143.984 JLINK_IsHalted()
T6CB4 018:144.682 - 0.697ms returns FALSE
T6CB4 018:251.784 JLINK_IsHalted()
T6CB4 018:252.508 - 0.723ms returns FALSE
T6CB4 018:252.522 JLINK_IsHalted()
T6CB4 018:253.206 - 0.683ms returns FALSE
T6CB4 018:361.968 JLINK_IsHalted()
T6CB4 018:362.874 - 0.906ms returns FALSE
T6CB4 018:362.904 JLINK_IsHalted()
T6CB4 018:363.860 - 0.952ms returns FALSE
T6CB4 018:471.296 JLINK_IsHalted()
T6CB4 018:472.068 - 0.773ms returns FALSE
T6CB4 018:472.084 JLINK_IsHalted()
T6CB4 018:472.856 - 0.771ms returns FALSE
T6CB4 018:579.788 JLINK_IsHalted()
T6CB4 018:580.518 - 0.729ms returns FALSE
T6CB4 018:580.532 JLINK_IsHalted()
T6CB4 018:581.142 - 0.610ms returns FALSE
T6DC4 018:612.698 JLINK_IsHalted()
T6DC4 018:613.570 - 0.871ms returns FALSE
T6DC4 018:613.584 JLINK_IsHalted()
T6DC4 018:614.278 - 0.693ms returns FALSE
T6CB4 018:689.788 JLINK_IsHalted()
T6CB4 018:690.692 - 0.902ms returns FALSE
T6CB4 018:690.724 JLINK_IsHalted()
T6CB4 018:691.710 - 0.985ms returns FALSE
T6CB4 018:798.930 JLINK_IsHalted()
T6CB4 018:799.946 - 1.016ms returns FALSE
T6CB4 018:799.952 JLINK_IsHalted()
T6CB4 018:800.942 - 0.989ms returns FALSE
T6CB4 018:908.746 JLINK_IsHalted()
T6CB4 018:909.592 - 0.846ms returns FALSE
T6CB4 018:909.598 JLINK_IsHalted()
T6CB4 018:910.278 - 0.678ms returns FALSE
T6CB4 019:017.600 JLINK_IsHalted()
T6CB4 019:018.524 - 0.922ms returns FALSE
T6CB4 019:018.530 JLINK_IsHalted()
T6CB4 019:019.238 - 0.706ms returns FALSE
T6CB4 019:126.796 JLINK_IsHalted()
T6CB4 019:127.684 - 0.886ms returns FALSE
T6CB4 019:127.692 JLINK_IsHalted()
T6CB4 019:128.450 - 0.759ms returns FALSE
T6CB4 019:236.066 JLINK_IsHalted()
T6CB4 019:237.068 - 1.000ms returns FALSE
T6CB4 019:237.074 JLINK_IsHalted()
T6CB4 019:238.020 - 0.945ms returns FALSE
T6CB4 019:345.544 JLINK_IsHalted()
T6CB4 019:346.544 - 1.000ms returns FALSE
T6CB4 019:346.556 JLINK_IsHalted()
T6CB4 019:347.210 - 0.651ms returns FALSE
T6CB4 019:455.064 JLINK_IsHalted()
T6CB4 019:455.892 - 0.824ms returns FALSE
T6CB4 019:455.908 JLINK_IsHalted()
T6CB4 019:456.692 - 0.782ms returns FALSE
T6CB4 019:564.572 JLINK_IsHalted()
T6CB4 019:565.602 - 1.030ms returns FALSE
T6CB4 019:565.626 JLINK_IsHalted()
T6CB4 019:566.520 - 0.894ms returns FALSE
T6DC4 019:615.050 JLINK_IsHalted()
T6DC4 019:616.088 - 1.037ms returns FALSE
T6DC4 019:616.104 JLINK_IsHalted()
T6DC4 019:617.044 - 0.940ms returns FALSE
T6CB4 019:673.512 JLINK_IsHalted()
T6CB4 019:674.390 - 0.877ms returns FALSE
T6CB4 019:674.396 JLINK_IsHalted()
T6CB4 019:675.278 - 0.880ms returns FALSE
T6CB4 019:783.324 JLINK_IsHalted()
T6CB4 019:784.186 - 0.860ms returns FALSE
T6CB4 019:784.192 JLINK_IsHalted()
T6CB4 019:784.920 - 0.728ms returns FALSE
T6CB4 019:893.162 JLINK_IsHalted()
T6CB4 019:893.972 - 0.810ms returns FALSE
T6CB4 019:893.980 JLINK_IsHalted()
T6CB4 019:894.914 - 0.933ms returns FALSE
T6CB4 020:002.310 JLINK_IsHalted()
T6CB4 020:003.244 - 0.933ms returns FALSE
T6CB4 020:003.260 JLINK_IsHalted()
T6CB4 020:004.152 - 0.892ms returns FALSE
T6CB4 020:112.296 JLINK_IsHalted()
T6CB4 020:113.164 - 0.869ms returns FALSE
T6CB4 020:113.174 JLINK_IsHalted()
T6CB4 020:114.098 - 0.924ms returns FALSE
T6CB4 020:220.998 JLINK_IsHalted()
T6CB4 020:221.898 - 0.897ms returns FALSE
T6CB4 020:221.906 JLINK_IsHalted()
T6CB4 020:222.812 - 0.906ms returns FALSE
T6CB4 020:330.170 JLINK_IsHalted()
T6CB4 020:330.892 - 0.722ms returns FALSE
T6CB4 020:330.906 JLINK_IsHalted()
T6CB4 020:331.642 - 0.735ms returns FALSE
T6CB4 020:439.162 JLINK_IsHalted()
T6CB4 020:440.068 - 0.905ms returns FALSE
T6CB4 020:440.080 JLINK_IsHalted()
T6CB4 020:440.858 - 0.777ms returns FALSE
T6CB4 020:548.502 JLINK_IsHalted()
T6CB4 020:549.316 - 0.813ms returns FALSE
T6CB4 020:549.324 JLINK_IsHalted()
T6CB4 020:550.210 - 0.884ms returns FALSE
T6DC4 020:617.622 JLINK_IsHalted()
T6DC4 020:618.612 - 0.990ms returns FALSE
T6DC4 020:618.628 JLINK_IsHalted()
T6DC4 020:619.442 - 0.810ms returns FALSE
T6CB4 020:657.994 JLINK_IsHalted()
T6CB4 020:658.692 - 0.699ms returns FALSE
T6CB4 020:658.700 JLINK_IsHalted()
T6CB4 020:659.378 - 0.678ms returns FALSE
T6CB4 020:767.492 JLINK_IsHalted()
T6CB4 020:768.384 - 0.890ms returns FALSE
T6CB4 020:768.390 JLINK_IsHalted()
T6CB4 020:769.148 - 0.758ms returns FALSE
T6CB4 020:877.126 JLINK_IsHalted()
T6CB4 020:878.064 - 0.938ms returns FALSE
T6CB4 020:878.084 JLINK_IsHalted()
T6CB4 020:879.044 - 0.958ms returns FALSE
T6CB4 020:986.410 JLINK_IsHalted()
T6CB4 020:987.294 - 0.881ms returns FALSE
T6CB4 020:987.302 JLINK_IsHalted()
T6CB4 020:988.120 - 0.817ms returns FALSE
T6CB4 021:095.914 JLINK_IsHalted()
T6CB4 021:096.636 - 0.747ms returns FALSE
T6CB4 021:096.644 JLINK_IsHalted()
T6CB4 021:097.336 - 0.691ms returns FALSE
T6CB4 021:205.730 JLINK_IsHalted()
T6CB4 021:206.436 - 0.707ms returns FALSE
T6CB4 021:206.444 JLINK_IsHalted()
T6CB4 021:207.076 - 0.632ms returns FALSE
T6CB4 021:315.204 JLINK_IsHalted()
T6CB4 021:316.092 - 0.886ms returns FALSE
T6CB4 021:316.112 JLINK_IsHalted()
T6CB4 021:316.984 - 0.872ms returns FALSE
T6CB4 021:423.744 JLINK_IsHalted()
T6CB4 021:424.476 - 0.733ms returns FALSE
T6CB4 021:424.484 JLINK_IsHalted()
T6CB4 021:425.174 - 0.688ms returns FALSE
T6CB4 021:533.196 JLINK_IsHalted()
T6CB4 021:534.028 - 0.833ms returns FALSE
T6CB4 021:534.044 JLINK_IsHalted()
T6CB4 021:534.892 - 0.849ms returns FALSE
T6DC4 021:619.094 JLINK_IsHalted()
T6DC4 021:619.914 - 0.818ms returns FALSE
T6DC4 021:619.932 JLINK_IsHalted()
T6DC4 021:620.710 - 0.775ms returns FALSE
T6CB4 021:642.988 JLINK_IsHalted()
T6CB4 021:643.726 - 0.737ms returns FALSE
T6CB4 021:643.734 JLINK_IsHalted()
T6CB4 021:644.392 - 0.656ms returns FALSE
T6CB4 021:752.020 JLINK_IsHalted()
T6CB4 021:752.860 - 0.838ms returns FALSE
T6CB4 021:752.896 JLINK_IsHalted()
T6CB4 021:753.636 - 0.741ms returns FALSE
T6CB4 021:861.746 JLINK_IsHalted()
T6CB4 021:862.756 - 1.008ms returns FALSE
T6CB4 021:862.776 JLINK_IsHalted()
T6CB4 021:863.674 - 0.897ms returns FALSE
T6CB4 021:970.816 JLINK_IsHalted()
T6CB4 021:971.804 - 0.988ms returns FALSE
T6CB4 021:971.814 JLINK_IsHalted()
T6CB4 021:972.708 - 0.892ms returns FALSE
T6CB4 022:080.050 JLINK_IsHalted()
T6CB4 022:080.950 - 0.900ms returns FALSE
T6CB4 022:080.958 JLINK_IsHalted()
T6CB4 022:081.674 - 0.715ms returns FALSE
T6CB4 022:189.926 JLINK_IsHalted()
T6CB4 022:190.858 - 0.931ms returns FALSE
T6CB4 022:190.866 JLINK_IsHalted()
T6CB4 022:191.706 - 0.840ms returns FALSE
T6CB4 022:298.742 JLINK_IsHalted()
T6CB4 022:299.660 - 0.916ms returns FALSE
T6CB4 022:299.668 JLINK_IsHalted()
T6CB4 022:300.350 - 0.679ms returns FALSE
T6CB4 022:408.282 JLINK_IsHalted()
T6CB4 022:409.226 - 0.943ms returns FALSE
T6CB4 022:409.234 JLINK_IsHalted()
T6CB4 022:410.086 - 0.851ms returns FALSE
T6CB4 022:517.564 JLINK_IsHalted()
T6CB4 022:518.498 - 0.934ms returns FALSE
T6CB4 022:518.506 JLINK_IsHalted()
T6CB4 022:519.396 - 0.890ms returns FALSE
T6DC4 022:621.224 JLINK_IsHalted()
T6DC4 022:622.140 - 0.915ms returns FALSE
T6DC4 022:622.146 JLINK_IsHalted()
T6DC4 022:622.956 - 0.810ms returns FALSE
T6CB4 022:627.148 JLINK_IsHalted()
T6CB4 022:628.092 - 0.943ms returns FALSE
T6CB4 022:628.108 JLINK_IsHalted()
T6CB4 022:628.872 - 0.763ms returns FALSE
T6CB4 022:736.124 JLINK_IsHalted()
T6CB4 022:736.956 - 0.832ms returns FALSE
T6CB4 022:736.964 JLINK_IsHalted()
T6CB4 022:737.716 - 0.750ms returns FALSE
T6CB4 022:846.856 JLINK_IsHalted()
T6CB4 022:847.984 - 1.128ms returns FALSE
T6CB4 022:848.004 JLINK_IsHalted()
T6CB4 022:848.966 - 0.963ms returns FALSE
T6CB4 022:955.352 JLINK_IsHalted()
T6CB4 022:956.252 - 0.899ms returns FALSE
T6CB4 022:956.260 JLINK_IsHalted()
T6CB4 022:957.164 - 0.902ms returns FALSE
T6CB4 023:064.944 JLINK_IsHalted()
T6CB4 023:065.668 - 0.723ms returns FALSE
T6CB4 023:065.680 JLINK_IsHalted()
T6CB4 023:066.424 - 0.743ms returns FALSE
T6CB4 023:174.106 JLINK_IsHalted()
T6CB4 023:175.120 - 1.013ms returns FALSE
T6CB4 023:175.128 JLINK_IsHalted()
T6CB4 023:175.944 - 0.816ms returns FALSE
T6CB4 023:283.852 JLINK_IsHalted()
T6CB4 023:284.900 - 1.047ms returns FALSE
T6CB4 023:284.908 JLINK_IsHalted()
T6CB4 023:285.838 - 0.931ms returns FALSE
T6CB4 023:392.956 JLINK_IsHalted()
T6CB4 023:393.836 - 0.878ms returns FALSE
T6CB4 023:393.860 JLINK_IsHalted()
T6CB4 023:394.586 - 0.727ms returns FALSE
T6CB4 023:501.828 JLINK_IsHalted()
T6CB4 023:502.696 - 0.865ms returns FALSE
T6CB4 023:502.704 JLINK_IsHalted()
T6CB4 023:503.418 - 0.713ms returns FALSE
T6CB4 023:611.582 JLINK_IsHalted()
T6CB4 023:612.518 - 0.934ms returns FALSE
T6CB4 023:612.534 JLINK_IsHalted()
T6CB4 023:613.356 - 0.823ms returns FALSE
T6DC4 023:623.970 JLINK_IsHalted()
T6DC4 023:624.644 - 0.674ms returns FALSE
T6DC4 023:624.652 JLINK_IsHalted()
T6DC4 023:625.270 - 0.617ms returns FALSE
T6CB4 023:721.142 JLINK_IsHalted()
T6CB4 023:722.006 - 0.864ms returns FALSE
T6CB4 023:722.014 JLINK_IsHalted()
T6CB4 023:722.772 - 0.757ms returns FALSE
T6CB4 023:829.988 JLINK_IsHalted()
T6CB4 023:830.904 - 0.914ms returns FALSE
T6CB4 023:830.912 JLINK_IsHalted()
T6CB4 023:831.854 - 0.940ms returns FALSE
T6CB4 023:939.914 JLINK_IsHalted()
T6CB4 023:940.752 - 0.838ms returns FALSE
T6CB4 023:940.772 JLINK_IsHalted()
T6CB4 023:941.820 - 1.046ms returns FALSE
T6CB4 024:049.168 JLINK_IsHalted()
T6CB4 024:050.036 - 0.867ms returns FALSE
T6CB4 024:050.054 JLINK_IsHalted()
T6CB4 024:050.808 - 0.754ms returns FALSE
T6CB4 024:158.886 JLINK_IsHalted()
T6CB4 024:159.652 - 0.764ms returns FALSE
T6CB4 024:159.674 JLINK_IsHalted()
T6CB4 024:160.534 - 0.861ms returns FALSE
T6CB4 024:267.450 JLINK_IsHalted()
T6CB4 024:268.382 - 0.932ms returns FALSE
T6CB4 024:268.396 JLINK_IsHalted()
T6CB4 024:269.146 - 0.750ms returns FALSE
T6CB4 024:377.316 JLINK_IsHalted()
T6CB4 024:378.226 - 0.911ms returns FALSE
T6CB4 024:378.236 JLINK_IsHalted()
T6CB4 024:379.130 - 0.892ms returns FALSE
T6CB4 024:486.948 JLINK_IsHalted()
T6CB4 024:487.884 - 0.935ms returns FALSE
T6CB4 024:487.892 JLINK_IsHalted()
T6CB4 024:488.954 - 1.061ms returns FALSE
T6CB4 024:595.736 JLINK_IsHalted()
T6CB4 024:596.644 - 0.906ms returns FALSE
T6CB4 024:596.660 JLINK_IsHalted()
T6CB4 024:597.538 - 0.878ms returns FALSE
T6DC4 024:626.180 JLINK_IsHalted()
T6DC4 024:627.204 - 1.024ms returns FALSE
T6DC4 024:627.220 JLINK_IsHalted()
T6DC4 024:628.310 - 1.089ms returns FALSE
T6CB4 024:705.168 JLINK_IsHalted()
T6CB4 024:706.154 - 0.986ms returns FALSE
T6CB4 024:706.162 JLINK_IsHalted()
T6CB4 024:707.142 - 0.979ms returns FALSE
T6CB4 024:815.196 JLINK_IsHalted()
T6CB4 024:816.116 - 0.920ms returns FALSE
T6CB4 024:816.132 JLINK_IsHalted()
T6CB4 024:816.912 - 0.780ms returns FALSE
T6CB4 024:923.646 JLINK_IsHalted()
T6CB4 024:924.532 - 0.886ms returns FALSE
T6CB4 024:924.542 JLINK_IsHalted()
T6CB4 024:925.284 - 0.743ms returns FALSE
T6CB4 025:033.364 JLINK_IsHalted()
T6CB4 025:034.250 - 0.884ms returns FALSE
T6CB4 025:034.256 JLINK_IsHalted()
T6CB4 025:035.074 - 0.817ms returns FALSE
T6CB4 025:142.320 JLINK_IsHalted()
T6CB4 025:143.232 - 0.913ms returns FALSE
T6CB4 025:143.240 JLINK_IsHalted()
T6CB4 025:144.108 - 0.868ms returns FALSE
T6CB4 025:252.112 JLINK_IsHalted()
T6CB4 025:252.934 - 0.822ms returns FALSE
T6CB4 025:252.940 JLINK_IsHalted()
T6CB4 025:253.652 - 0.709ms returns FALSE
T6CB4 025:361.250 JLINK_IsHalted()
T6CB4 025:362.160 - 0.909ms returns FALSE
T6CB4 025:362.178 JLINK_IsHalted()
T6CB4 025:363.080 - 0.902ms returns FALSE
T6CB4 025:471.052 JLINK_IsHalted()
T6CB4 025:471.984 - 0.932ms returns FALSE
T6CB4 025:471.992 JLINK_IsHalted()
T6CB4 025:472.920 - 0.927ms returns FALSE
T6CB4 025:580.696 JLINK_IsHalted()
T6CB4 025:581.548 - 0.851ms returns FALSE
T6CB4 025:581.564 JLINK_IsHalted()
T6CB4 025:582.230 - 0.668ms returns FALSE
T6DC4 025:628.474 JLINK_IsHalted()
T6DC4 025:629.238 - 0.764ms returns FALSE
T6DC4 025:629.252 JLINK_IsHalted()
T6DC4 025:629.980 - 0.727ms returns FALSE
T6CB4 025:689.316 JLINK_IsHalted()
T6CB4 025:690.034 - 0.716ms returns FALSE
T6CB4 025:690.048 JLINK_IsHalted()
T6CB4 025:690.740 - 0.691ms returns FALSE
T6CB4 025:798.580 JLINK_IsHalted()
T6CB4 025:799.356 - 0.773ms returns FALSE
T6CB4 025:799.372 JLINK_IsHalted()
T6CB4 025:800.066 - 0.693ms returns FALSE
T6CB4 025:908.476 JLINK_IsHalted()
T6CB4 025:909.146 - 0.669ms returns FALSE
T6CB4 025:909.154 JLINK_IsHalted()
T6CB4 025:909.780 - 0.625ms returns FALSE
T6CB4 026:017.794 JLINK_IsHalted()
T6CB4 026:018.630 - 0.836ms returns FALSE
T6CB4 026:018.638 JLINK_IsHalted()
T6CB4 026:019.478 - 0.840ms returns FALSE
T6CB4 026:126.928 JLINK_IsHalted()
T6CB4 026:127.716 - 0.787ms returns FALSE
T6CB4 026:127.740 JLINK_IsHalted()
T6CB4 026:128.364 - 0.624ms returns FALSE
T6CB4 026:236.068 JLINK_IsHalted()
T6CB4 026:236.948 - 0.880ms returns FALSE
T6CB4 026:236.956 JLINK_IsHalted()
T6CB4 026:237.798 - 0.841ms returns FALSE
T6CB4 026:346.220 JLINK_IsHalted()
T6CB4 026:347.108 - 0.888ms returns FALSE
T6CB4 026:347.142 JLINK_IsHalted()
T6CB4 026:347.854 - 0.711ms returns FALSE
T6CB4 026:455.570 JLINK_IsHalted()
T6CB4 026:456.564 - 0.995ms returns FALSE
T6CB4 026:456.582 JLINK_IsHalted()
T6CB4 026:457.570 - 0.987ms returns FALSE
T6CB4 026:565.054 JLINK_IsHalted()
T6CB4 026:565.798 - 0.746ms returns FALSE
T6CB4 026:565.812 JLINK_IsHalted()
T6CB4 026:566.502 - 0.690ms returns FALSE
T6DC4 026:631.170 JLINK_IsHalted()
T6DC4 026:632.092 - 0.922ms returns FALSE
T6DC4 026:632.112 JLINK_IsHalted()
T6DC4 026:632.974 - 0.861ms returns FALSE
T6CB4 026:673.976 JLINK_IsHalted()
T6CB4 026:674.780 - 0.804ms returns FALSE
T6CB4 026:674.796 JLINK_IsHalted()
T6CB4 026:675.564 - 0.768ms returns FALSE
T6CB4 026:783.956 JLINK_IsHalted()
T6CB4 026:784.798 - 0.840ms returns FALSE
T6CB4 026:784.816 JLINK_IsHalted()
T6CB4 026:785.588 - 0.771ms returns FALSE
T6CB4 026:893.002 JLINK_IsHalted()
T6CB4 026:893.856 - 0.853ms returns FALSE
T6CB4 026:893.862 JLINK_IsHalted()
T6CB4 026:894.646 - 0.784ms returns FALSE
T6CB4 027:002.614 JLINK_IsHalted()
T6CB4 027:003.440 - 0.825ms returns FALSE
T6CB4 027:003.446 JLINK_IsHalted()
T6CB4 027:004.138 - 0.689ms returns FALSE
T6CB4 027:111.046 JLINK_IsHalted()
T6CB4 027:111.910 - 0.863ms returns FALSE
T6CB4 027:111.916 JLINK_IsHalted()
T6CB4 027:112.630 - 0.714ms returns FALSE
T6CB4 027:220.864 JLINK_IsHalted()
T6CB4 027:221.978 - 1.114ms returns FALSE
T6CB4 027:221.990 JLINK_IsHalted()
T6CB4 027:222.876 - 0.884ms returns FALSE
T6CB4 027:330.166 JLINK_IsHalted()
T6CB4 027:331.114 - 0.947ms returns FALSE
T6CB4 027:331.120 JLINK_IsHalted()
T6CB4 027:331.782 - 0.661ms returns FALSE
T6CB4 027:439.142 JLINK_IsHalted()
T6CB4 027:440.148 - 1.006ms returns FALSE
T6CB4 027:440.156 JLINK_IsHalted()
T6CB4 027:441.098 - 0.941ms returns FALSE
T6CB4 027:549.286 JLINK_IsHalted()
T6CB4 027:550.192 - 0.904ms returns FALSE
T6CB4 027:550.198 JLINK_IsHalted()
T6CB4 027:550.880 - 0.681ms returns FALSE
T6DC4 027:632.564 JLINK_IsHalted()
T6DC4 027:633.484 - 0.921ms returns FALSE
T6DC4 027:633.500 JLINK_IsHalted()
T6DC4 027:634.262 - 0.761ms returns FALSE
T6CB4 027:658.752 JLINK_IsHalted()
T6CB4 027:659.642 - 0.888ms returns FALSE
T6CB4 027:659.648 JLINK_IsHalted()
T6CB4 027:660.378 - 0.729ms returns FALSE
T6CB4 027:768.138 JLINK_IsHalted()
T6CB4 027:769.020 - 0.880ms returns FALSE
T6CB4 027:769.050 JLINK_IsHalted()
T6CB4 027:769.940 - 0.888ms returns FALSE
T6CB4 027:876.666 JLINK_IsHalted()
T6CB4 027:877.578 - 0.914ms returns FALSE
T6CB4 027:877.588 JLINK_IsHalted()
T6CB4 027:878.500 - 0.912ms returns FALSE
T6CB4 027:986.186 JLINK_IsHalted()
T6CB4 027:987.226 - 1.040ms returns FALSE
T6CB4 027:987.280 JLINK_IsHalted()
T6CB4 027:988.292 - 1.009ms returns FALSE
T6CB4 028:096.316 JLINK_IsHalted()
T6CB4 028:097.264 - 0.946ms returns FALSE
T6CB4 028:097.280 JLINK_IsHalted()
T6CB4 028:098.198 - 0.918ms returns FALSE
T6CB4 028:204.870 JLINK_IsHalted()
T6CB4 028:205.632 - 0.761ms returns FALSE
T6CB4 028:205.638 JLINK_IsHalted()
T6CB4 028:206.480 - 0.841ms returns FALSE
T6CB4 028:314.336 JLINK_IsHalted()
T6CB4 028:315.280 - 0.942ms returns FALSE
T6CB4 028:315.322 JLINK_IsHalted()
T6CB4 028:316.156 - 0.834ms returns FALSE
T6CB4 028:424.384 JLINK_IsHalted()
T6CB4 028:425.356 - 0.972ms returns FALSE
T6CB4 028:425.382 JLINK_IsHalted()
T6CB4 028:426.260 - 0.874ms returns FALSE
T6CB4 028:532.896 JLINK_IsHalted()
T6CB4 028:533.850 - 0.953ms returns FALSE
T6CB4 028:533.856 JLINK_IsHalted()
T6CB4 028:534.694 - 0.837ms returns FALSE
T6DC4 028:634.918 JLINK_IsHalted()
T6DC4 028:635.740 - 0.819ms returns FALSE
T6DC4 028:635.748 JLINK_IsHalted()
T6DC4 028:636.444 - 0.697ms returns FALSE
T6CB4 028:642.288 JLINK_IsHalted()
T6CB4 028:642.976 - 0.687ms returns FALSE
T6CB4 028:642.982 JLINK_IsHalted()
T6CB4 028:643.588 - 0.605ms returns FALSE
T6CB4 028:752.596 JLINK_IsHalted()
T6CB4 028:753.398 - 0.803ms returns FALSE
T6CB4 028:753.412 JLINK_IsHalted()
T6CB4 028:754.154 - 0.742ms returns FALSE
T6CB4 028:861.050 JLINK_IsHalted()
T6CB4 028:861.930 - 0.880ms returns FALSE
T6CB4 028:861.948 JLINK_IsHalted()
T6CB4 028:862.774 - 0.823ms returns FALSE
T6CB4 028:971.120 JLINK_IsHalted()
T6CB4 028:972.116 - 0.992ms returns FALSE
T6CB4 028:972.128 JLINK_IsHalted()
T6CB4 028:973.098 - 0.967ms returns FALSE
T6CB4 029:079.952 JLINK_IsHalted()
T6CB4 029:081.020 - 1.068ms returns FALSE
T6CB4 029:081.034 JLINK_IsHalted()
T6CB4 029:081.964 - 0.930ms returns FALSE
T6CB4 029:189.430 JLINK_IsHalted()
T6CB4 029:190.298 - 0.868ms returns FALSE
T6CB4 029:190.304 JLINK_IsHalted()
T6CB4 029:191.088 - 0.781ms returns FALSE
T6CB4 029:298.916 JLINK_IsHalted()
T6CB4 029:299.846 - 0.932ms returns FALSE
T6CB4 029:299.852 JLINK_IsHalted()
T6CB4 029:300.736 - 0.883ms returns FALSE
T6CB4 029:408.128 JLINK_IsHalted()
T6CB4 029:408.972 - 0.845ms returns FALSE
T6CB4 029:408.982 JLINK_IsHalted()
T6CB4 029:409.712 - 0.731ms returns FALSE
T6CB4 029:517.936 JLINK_IsHalted()
T6CB4 029:518.890 - 0.953ms returns FALSE
T6CB4 029:518.900 JLINK_IsHalted()
T6CB4 029:519.834 - 0.934ms returns FALSE
T6CB4 029:627.622 JLINK_IsHalted()
T6CB4 029:628.342 - 0.718ms returns FALSE
T6CB4 029:628.348 JLINK_IsHalted()
T6CB4 029:629.034 - 0.685ms returns FALSE
T6DC4 029:636.432 JLINK_IsHalted()
T6DC4 029:637.220 - 0.786ms returns FALSE
T6DC4 029:637.236 JLINK_IsHalted()
T6DC4 029:638.000 - 0.763ms returns FALSE
T6CB4 029:736.144 JLINK_IsHalted()
T6CB4 029:737.158 - 1.012ms returns FALSE
T6CB4 029:737.164 JLINK_IsHalted()
T6CB4 029:738.092 - 0.928ms returns FALSE
T6CB4 029:846.374 JLINK_IsHalted()
T6CB4 029:847.354 - 0.980ms returns FALSE
T6CB4 029:847.412 JLINK_IsHalted()
T6CB4 029:848.326 - 0.914ms returns FALSE
T6CB4 029:955.388 JLINK_IsHalted()
T6CB4 029:956.444 - 1.056ms returns FALSE
T6CB4 029:956.452 JLINK_IsHalted()
T6CB4 029:957.328 - 0.875ms returns FALSE
T6CB4 030:064.106 JLINK_IsHalted()
T6CB4 030:064.906 - 0.798ms returns FALSE
T6CB4 030:064.922 JLINK_IsHalted()
T6CB4 030:065.652 - 0.729ms returns FALSE
T6CB4 030:173.760 JLINK_IsHalted()
T6CB4 030:174.692 - 0.928ms returns FALSE
T6CB4 030:174.700 JLINK_IsHalted()
T6CB4 030:175.572 - 0.870ms returns FALSE
T6CB4 030:283.702 JLINK_IsHalted()
T6CB4 030:284.688 - 0.984ms returns FALSE
T6CB4 030:284.730 JLINK_IsHalted()
T6CB4 030:285.542 - 0.810ms returns FALSE
T6CB4 030:393.136 JLINK_IsHalted()
T6CB4 030:393.994 - 0.856ms returns FALSE
T6CB4 030:394.000 JLINK_IsHalted()
T6CB4 030:394.892 - 0.891ms returns FALSE
T6CB4 030:501.910 JLINK_IsHalted()
T6CB4 030:502.916 - 1.001ms returns FALSE
T6CB4 030:502.922 JLINK_IsHalted()
T6CB4 030:503.786 - 0.864ms returns FALSE
T6CB4 030:611.904 JLINK_IsHalted()
T6CB4 030:612.852 - 0.949ms returns FALSE
T6CB4 030:612.858 JLINK_IsHalted()
T6CB4 030:613.690 - 0.830ms returns FALSE
T6DC4 030:639.558 JLINK_IsHalted()
T6DC4 030:640.444 - 0.888ms returns FALSE
T6DC4 030:640.460 JLINK_IsHalted()
T6DC4 030:641.324 - 0.865ms returns FALSE
T6CB4 030:720.628 JLINK_IsHalted()
T6CB4 030:721.616 - 0.989ms returns FALSE
T6CB4 030:721.622 JLINK_IsHalted()
T6CB4 030:722.420 - 0.798ms returns FALSE
T6CB4 030:830.924 JLINK_IsHalted()
T6CB4 030:831.962 - 1.018ms returns FALSE
T6CB4 030:831.972 JLINK_IsHalted()
T6CB4 030:832.778 - 0.809ms returns FALSE
T6CB4 030:939.372 JLINK_IsHalted()
T6CB4 030:940.228 - 0.852ms returns FALSE
T6CB4 030:940.234 JLINK_IsHalted()
T6CB4 030:941.194 - 0.958ms returns FALSE
T6CB4 031:049.014 JLINK_IsHalted()
T6CB4 031:049.974 - 0.957ms returns FALSE
T6CB4 031:050.000 JLINK_IsHalted()
T6CB4 031:050.932 - 0.926ms returns FALSE
T6CB4 031:158.358 JLINK_IsHalted()
T6CB4 031:159.158 - 0.799ms returns FALSE
T6CB4 031:159.164 JLINK_IsHalted()
T6CB4 031:159.888 - 0.718ms returns FALSE
T6CB4 031:267.846 JLINK_IsHalted()
T6CB4 031:268.796 - 0.948ms returns FALSE
T6CB4 031:268.812 JLINK_IsHalted()
T6CB4 031:269.796 - 0.982ms returns FALSE
T6CB4 031:376.964 JLINK_IsHalted()
T6CB4 031:377.920 - 0.954ms returns FALSE
T6CB4 031:377.926 JLINK_IsHalted()
T6CB4 031:378.880 - 0.953ms returns FALSE
T6CB4 031:486.758 JLINK_IsHalted()
T6CB4 031:487.728 - 0.969ms returns FALSE
T6CB4 031:487.738 JLINK_IsHalted()
T6CB4 031:488.612 - 0.875ms returns FALSE
T6CB4 031:595.824 JLINK_IsHalted()
T6CB4 031:596.768 - 0.944ms returns FALSE
T6CB4 031:596.794 JLINK_IsHalted()
T6CB4 031:597.488 - 0.694ms returns FALSE
T6DC4 031:641.690 JLINK_IsHalted()
T6DC4 031:642.668 - 0.977ms returns FALSE
T6DC4 031:642.684 JLINK_IsHalted()
T6DC4 031:643.452 - 0.767ms returns FALSE
T6CB4 031:705.436 JLINK_IsHalted()
T6CB4 031:706.256 - 0.819ms returns FALSE
T6CB4 031:706.268 JLINK_IsHalted()
T6CB4 031:707.092 - 0.819ms returns FALSE
T6CB4 031:814.948 JLINK_IsHalted()
T6CB4 031:815.916 - 0.970ms returns FALSE
T6CB4 031:815.930 JLINK_IsHalted()
T6CB4 031:816.922 - 0.992ms returns FALSE
T6CB4 031:923.830 JLINK_IsHalted()
T6CB4 031:924.800 - 0.970ms returns FALSE
T6CB4 031:924.810 JLINK_IsHalted()
T6CB4 031:925.452 - 0.644ms returns FALSE
T6CB4 032:033.120 JLINK_IsHalted()
T6CB4 032:034.116 - 0.992ms returns FALSE
T6CB4 032:034.128 JLINK_IsHalted()
T6CB4 032:035.104 - 0.973ms returns FALSE
T6CB4 032:143.140 JLINK_IsHalted()
T6CB4 032:143.958 - 0.819ms returns FALSE
T6CB4 032:143.964 JLINK_IsHalted()
T6CB4 032:144.668 - 0.702ms returns FALSE
T6CB4 032:252.652 JLINK_IsHalted()
T6CB4 032:253.482 - 0.828ms returns FALSE
T6CB4 032:253.492 JLINK_IsHalted()
T6CB4 032:254.304 - 0.812ms returns FALSE
T6CB4 032:361.028 JLINK_IsHalted()
T6CB4 032:361.940 - 0.909ms returns FALSE
T6CB4 032:361.948 JLINK_IsHalted()
T6CB4 032:362.768 - 0.816ms returns FALSE
T6CB4 032:470.740 JLINK_IsHalted()
T6CB4 032:471.692 - 0.951ms returns FALSE
T6CB4 032:471.700 JLINK_IsHalted()
T6CB4 032:472.486 - 0.787ms returns FALSE
T6CB4 032:580.692 JLINK_IsHalted()
T6CB4 032:581.476 - 0.784ms returns FALSE
T6CB4 032:581.488 JLINK_IsHalted()
T6CB4 032:582.278 - 0.788ms returns FALSE
T6DC4 032:644.310 JLINK_IsHalted()
T6DC4 032:645.236 - 0.924ms returns FALSE
T6DC4 032:645.248 JLINK_IsHalted()
T6DC4 032:646.022 - 0.771ms returns FALSE
T6CB4 032:689.878 JLINK_IsHalted()
T6CB4 032:690.852 - 0.972ms returns FALSE
T6CB4 032:690.860 JLINK_IsHalted()
T6CB4 032:691.712 - 0.851ms returns FALSE
T6CB4 032:799.050 JLINK_IsHalted()
T6CB4 032:803.404 - 4.356ms returns FALSE
T6CB4 032:803.412 JLINK_IsHalted()
T6CB4 032:804.214 - 0.801ms returns FALSE
T6CB4 032:908.276 JLINK_IsHalted()
T6CB4 032:909.328 - 1.052ms returns FALSE
T6CB4 032:909.334 JLINK_IsHalted()
T6CB4 032:910.348 - 1.012ms returns FALSE
T6CB4 033:018.218 JLINK_IsHalted()
T6CB4 033:019.132 - 0.914ms returns FALSE
T6CB4 033:019.152 JLINK_IsHalted()
T6CB4 033:020.138 - 0.982ms returns FALSE
T6CB4 033:127.068 JLINK_IsHalted()
T6CB4 033:128.160 - 1.090ms returns FALSE
T6CB4 033:128.166 JLINK_IsHalted()
T6CB4 033:129.126 - 0.959ms returns FALSE
T6CB4 033:236.164 JLINK_IsHalted()
T6CB4 033:237.084 - 0.922ms returns FALSE
T6CB4 033:237.098 JLINK_IsHalted()
T6CB4 033:238.100 - 0.999ms returns FALSE
T6CB4 033:345.658 JLINK_IsHalted()
T6CB4 033:346.634 - 0.977ms returns FALSE
T6CB4 033:346.640 JLINK_IsHalted()
T6CB4 033:347.476 - 0.831ms returns FALSE
T6CB4 033:454.890 JLINK_IsHalted()
T6CB4 033:455.942 - 1.051ms returns FALSE
T6CB4 033:455.962 JLINK_IsHalted()
T6CB4 033:456.938 - 0.976ms returns FALSE
T6CB4 033:564.952 JLINK_IsHalted()
T6CB4 033:565.996 - 1.044ms returns FALSE
T6CB4 033:566.008 JLINK_IsHalted()
T6CB4 033:566.904 - 0.897ms returns FALSE
T6DC4 033:647.552 JLINK_IsHalted()
T6DC4 033:648.524 - 0.973ms returns FALSE
T6DC4 033:648.536 JLINK_IsHalted()
T6DC4 033:649.380 - 0.837ms returns FALSE
T6CB4 033:674.360 JLINK_IsHalted()
T6CB4 033:675.176 - 0.813ms returns FALSE
T6CB4 033:675.180 JLINK_IsHalted()
T6CB4 033:675.896 - 0.710ms returns FALSE
T6CB4 033:783.840 JLINK_IsHalted()
T6CB4 033:784.856 - 1.016ms returns FALSE
T6CB4 033:784.864 JLINK_IsHalted()
T6CB4 033:785.804 - 0.941ms returns FALSE
T6CB4 033:893.132 JLINK_IsHalted()
T6CB4 033:894.248 - 1.114ms returns FALSE
T6CB4 033:894.252 JLINK_IsHalted()
T6CB4 033:895.260 - 1.006ms returns FALSE
T6CB4 034:001.864 JLINK_IsHalted()
T6CB4 034:002.684 - 0.817ms returns FALSE
T6CB4 034:002.692 JLINK_IsHalted()
T6CB4 034:003.480 - 0.791ms returns FALSE
T6CB4 034:111.712 JLINK_IsHalted()
T6CB4 034:112.724 - 1.010ms returns FALSE
T6CB4 034:112.728 JLINK_IsHalted()
T6CB4 034:113.576 - 0.845ms returns FALSE
T6CB4 034:221.200 JLINK_IsHalted()
T6CB4 034:222.064 - 0.863ms returns FALSE
T6CB4 034:222.072 JLINK_IsHalted()
T6CB4 034:222.928 - 0.856ms returns FALSE
T6CB4 034:330.348 JLINK_IsHalted()
T6CB4 034:331.332 - 0.981ms returns FALSE
T6CB4 034:331.336 JLINK_IsHalted()
T6CB4 034:332.200 - 0.861ms returns FALSE
T6CB4 034:439.784 JLINK_IsHalted()
T6CB4 034:440.616 - 0.830ms returns FALSE
T6CB4 034:440.624 JLINK_IsHalted()
T6CB4 034:441.476 - 0.850ms returns FALSE
T6CB4 034:548.600 JLINK_IsHalted()
T6CB4 034:549.624 - 1.024ms returns FALSE
T6CB4 034:549.632 JLINK_IsHalted()
T6CB4 034:550.616 - 0.984ms returns FALSE
T6DC4 034:650.372 JLINK_IsHalted()
T6DC4 034:651.444 - 1.073ms returns FALSE
T6DC4 034:651.460 JLINK_IsHalted()
T6DC4 034:652.440 - 0.981ms returns FALSE
T6CB4 034:658.288 JLINK_IsHalted()
T6CB4 034:659.144 - 0.854ms returns FALSE
T6CB4 034:659.148 JLINK_IsHalted()
T6CB4 034:660.012 - 0.863ms returns FALSE
T6CB4 034:768.068 JLINK_IsHalted()
T6CB4 034:769.040 - 0.972ms returns FALSE
T6CB4 034:769.048 JLINK_IsHalted()
T6CB4 034:769.952 - 0.905ms returns FALSE
T6CB4 034:877.572 JLINK_IsHalted()
T6CB4 034:878.424 - 0.852ms returns FALSE
T6CB4 034:878.428 JLINK_IsHalted()
T6CB4 034:879.160 - 0.730ms returns FALSE
T6CB4 034:986.328 JLINK_IsHalted()
T6CB4 034:987.240 - 0.908ms returns FALSE
T6CB4 034:987.244 JLINK_IsHalted()
T6CB4 034:988.156 - 0.910ms returns FALSE
T6CB4 035:095.804 JLINK_IsHalted()
T6CB4 035:096.704 - 0.898ms returns FALSE
T6CB4 035:096.712 JLINK_IsHalted()
T6CB4 035:097.656 - 0.940ms returns FALSE
T6CB4 035:205.396 JLINK_IsHalted()
T6CB4 035:206.280 - 0.881ms returns FALSE
T6CB4 035:206.284 JLINK_IsHalted()
T6CB4 035:207.128 - 0.846ms returns FALSE
T6CB4 035:314.512 JLINK_IsHalted()
T6CB4 035:315.364 - 0.851ms returns FALSE
T6CB4 035:315.368 JLINK_IsHalted()
T6CB4 035:316.232 - 0.857ms returns FALSE
T6CB4 035:424.360 JLINK_IsHalted()
T6CB4 035:425.488 - 1.125ms returns FALSE
T6CB4 035:425.520 JLINK_IsHalted()
T6CB4 035:426.384 - 0.863ms returns FALSE
T6CB4 035:533.248 JLINK_IsHalted()
T6CB4 035:534.304 - 1.055ms returns FALSE
T6CB4 035:534.328 JLINK_IsHalted()
T6CB4 035:535.128 - 0.800ms returns FALSE
T6CB4 035:642.396 JLINK_IsHalted()
T6CB4 035:643.300 - 0.901ms returns FALSE
T6CB4 035:643.304 JLINK_IsHalted()
T6CB4 035:644.320 - 1.012ms returns FALSE
T6DC4 035:653.160 JLINK_IsHalted()
T6DC4 035:654.088 - 0.928ms returns FALSE
T6DC4 035:654.104 JLINK_IsHalted()
T6DC4 035:654.976 - 0.875ms returns FALSE
T6CB4 035:751.804 JLINK_IsHalted()
T6CB4 035:752.872 - 1.064ms returns FALSE
T6CB4 035:752.876 JLINK_IsHalted()
T6CB4 035:753.928 - 1.046ms returns FALSE
T6CB4 035:861.752 JLINK_IsHalted()
T6CB4 035:862.776 - 1.026ms returns FALSE
T6CB4 035:862.784 JLINK_IsHalted()
T6CB4 035:863.704 - 0.918ms returns FALSE
T6CB4 035:971.040 JLINK_IsHalted()
T6CB4 035:972.060 - 1.022ms returns FALSE
T6CB4 035:972.068 JLINK_IsHalted()
T6CB4 035:972.952 - 0.882ms returns FALSE
T6CB4 036:080.512 JLINK_IsHalted()
T6CB4 036:081.520 - 1.007ms returns FALSE
T6CB4 036:081.528 JLINK_IsHalted()
T6CB4 036:082.420 - 0.890ms returns FALSE
T6CB4 036:189.600 JLINK_IsHalted()
T6CB4 036:190.512 - 0.911ms returns FALSE
T6CB4 036:190.520 JLINK_IsHalted()
T6CB4 036:191.464 - 0.947ms returns FALSE
T6CB4 036:299.192 JLINK_IsHalted()
T6CB4 036:300.180 - 0.984ms returns FALSE
T6CB4 036:300.184 JLINK_IsHalted()
T6CB4 036:301.096 - 0.910ms returns FALSE
T6CB4 036:408.140 JLINK_IsHalted()
T6CB4 036:409.128 - 0.988ms returns FALSE
T6CB4 036:409.136 JLINK_IsHalted()
T6CB4 036:410.088 - 0.948ms returns FALSE
T6CB4 036:518.120 JLINK_IsHalted()
T6CB4 036:519.084 - 0.961ms returns FALSE
T6CB4 036:519.092 JLINK_IsHalted()
T6CB4 036:520.068 - 0.976ms returns FALSE
T6CB4 036:626.792 JLINK_IsHalted()
T6CB4 036:627.708 - 0.914ms returns FALSE
T6CB4 036:627.720 JLINK_IsHalted()
T6CB4 036:628.456 - 0.741ms returns FALSE
T6DC4 036:655.656 JLINK_IsHalted()
T6DC4 036:656.504 - 0.847ms returns FALSE
T6DC4 036:656.520 JLINK_IsHalted()
T6DC4 036:657.320 - 0.805ms returns FALSE
T6CB4 036:737.248 JLINK_IsHalted()
T6CB4 036:738.060 - 0.813ms returns FALSE
T6CB4 036:738.072 JLINK_IsHalted()
T6CB4 036:738.792 - 0.718ms returns FALSE
T6CB4 036:846.036 JLINK_IsHalted()
T6CB4 036:847.112 - 1.077ms returns FALSE
T6CB4 036:847.120 JLINK_IsHalted()
T6CB4 036:848.104 - 0.980ms returns FALSE
T6CB4 036:955.376 JLINK_IsHalted()
T6CB4 036:956.248 - 0.871ms returns FALSE
T6CB4 036:956.256 JLINK_IsHalted()
T6CB4 036:957.164 - 0.910ms returns FALSE
T6CB4 037:064.328 JLINK_IsHalted()
T6CB4 037:065.368 - 1.040ms returns FALSE
T6CB4 037:065.376 JLINK_IsHalted()
T6CB4 037:066.360 - 0.986ms returns FALSE
T6CB4 037:174.248 JLINK_IsHalted()
T6CB4 037:175.296 - 1.048ms returns FALSE
T6CB4 037:175.304 JLINK_IsHalted()
T6CB4 037:176.264 - 0.958ms returns FALSE
T6CB4 037:283.764 JLINK_IsHalted()
T6CB4 037:284.840 - 1.076ms returns FALSE
T6CB4 037:284.848 JLINK_IsHalted()
T6CB4 037:285.716 - 0.868ms returns FALSE
T6CB4 037:393.248 JLINK_IsHalted()
T6CB4 037:394.264 - 1.018ms returns FALSE
T6CB4 037:394.276 JLINK_IsHalted()
T6CB4 037:395.188 - 0.909ms returns FALSE
T6CB4 037:502.080 JLINK_IsHalted()
T6CB4 037:502.968 - 0.883ms returns FALSE
T6CB4 037:502.984 JLINK_IsHalted()
T6CB4 037:503.836 - 0.849ms returns FALSE
T6CB4 037:611.544 JLINK_IsHalted()
T6CB4 037:612.440 - 0.893ms returns FALSE
T6CB4 037:612.444 JLINK_IsHalted()
T6CB4 037:613.356 - 0.912ms returns FALSE
T6DC4 037:658.588 JLINK_IsHalted()
T6DC4 037:659.492 - 0.900ms returns FALSE
T6DC4 037:659.504 JLINK_IsHalted()
T6DC4 037:660.400 - 0.895ms returns FALSE
T6CB4 037:720.424 JLINK_IsHalted()
T6CB4 037:721.384 - 0.962ms returns FALSE
T6CB4 037:721.396 JLINK_IsHalted()
T6CB4 037:722.228 - 0.833ms returns FALSE
T6CB4 037:829.776 JLINK_IsHalted()
T6CB4 037:830.836 - 1.060ms returns FALSE
T6CB4 037:830.844 JLINK_IsHalted()
T6CB4 037:831.664 - 0.818ms returns FALSE
T6CB4 037:939.196 JLINK_IsHalted()
T6CB4 037:940.280 - 1.081ms returns FALSE
T6CB4 037:940.296 JLINK_IsHalted()
T6CB4 037:940.964 - 0.669ms returns FALSE
T6CB4 038:048.988 JLINK_IsHalted()
T6CB4 038:050.036 - 1.046ms returns FALSE
T6CB4 038:050.092 JLINK_IsHalted()
T6CB4 038:051.040 - 0.949ms returns FALSE
T6CB4 038:158.112 JLINK_IsHalted()
T6CB4 038:159.224 - 1.112ms returns FALSE
T6CB4 038:159.236 JLINK_IsHalted()
T6CB4 038:160.092 - 0.858ms returns FALSE
T6CB4 038:267.888 JLINK_IsHalted()
T6CB4 038:268.760 - 0.873ms returns FALSE
T6CB4 038:268.776 JLINK_IsHalted()
T6CB4 038:269.596 - 0.821ms returns FALSE
T6CB4 038:376.896 JLINK_IsHalted()
T6CB4 038:377.824 - 0.928ms returns FALSE
T6CB4 038:377.848 JLINK_IsHalted()
T6CB4 038:378.488 - 0.640ms returns FALSE
T6CB4 038:486.088 JLINK_IsHalted()
T6CB4 038:486.904 - 0.814ms returns FALSE
T6CB4 038:486.912 JLINK_IsHalted()
T6CB4 038:487.652 - 0.738ms returns FALSE
T6CB4 038:596.024 JLINK_IsHalted()
T6CB4 038:596.932 - 0.908ms returns FALSE
T6CB4 038:596.936 JLINK_IsHalted()
T6CB4 038:597.740 - 0.803ms returns FALSE
T6DC4 038:660.728 JLINK_IsHalted()
T6DC4 038:661.432 - 0.697ms returns FALSE
T6DC4 038:661.444 JLINK_IsHalted()
T6DC4 038:662.136 - 0.692ms returns FALSE
T6CB4 038:705.080 JLINK_IsHalted()
T6CB4 038:705.908 - 0.830ms returns FALSE
T6CB4 038:705.916 JLINK_IsHalted()
T6CB4 038:706.424 - 0.510ms returns FALSE
T6CB4 038:814.968 JLINK_IsHalted()
T6CB4 038:815.784 - 0.816ms returns FALSE
T6CB4 038:815.788 JLINK_IsHalted()
T6CB4 038:816.588 - 0.798ms returns FALSE
T6CB4 038:924.128 JLINK_IsHalted()
T6CB4 038:924.892 - 0.765ms returns FALSE
T6CB4 038:924.904 JLINK_IsHalted()
T6CB4 038:925.704 - 0.801ms returns FALSE
T6CB4 039:033.124 JLINK_IsHalted()
T6CB4 039:033.888 - 0.762ms returns FALSE
T6CB4 039:033.896 JLINK_IsHalted()
T6CB4 039:034.680 - 0.784ms returns FALSE
T6CB4 039:142.620 JLINK_IsHalted()
T6CB4 039:143.384 - 0.759ms returns FALSE
T6CB4 039:143.408 JLINK_IsHalted()
T6CB4 039:144.148 - 0.737ms returns FALSE
T6CB4 039:251.724 JLINK_IsHalted()
T6CB4 039:252.640 - 0.916ms returns FALSE
T6CB4 039:252.648 JLINK_IsHalted()
T6CB4 039:253.492 - 0.842ms returns FALSE
T6CB4 039:361.232 JLINK_IsHalted()
T6CB4 039:361.908 - 0.675ms returns FALSE
T6CB4 039:361.920 JLINK_IsHalted()
T6CB4 039:362.476 - 0.557ms returns FALSE
T6CB4 039:470.832 JLINK_IsHalted()
T6CB4 039:471.568 - 0.736ms returns FALSE
T6CB4 039:471.584 JLINK_IsHalted()
T6CB4 039:472.232 - 0.650ms returns FALSE
T6CB4 039:580.476 JLINK_IsHalted()
T6CB4 039:581.392 - 0.913ms returns FALSE
T6CB4 039:581.400 JLINK_IsHalted()
T6CB4 039:582.156 - 0.756ms returns FALSE
T6DC4 039:663.336 JLINK_IsHalted()
T6DC4 039:664.188 - 0.850ms returns FALSE
T6DC4 039:664.204 JLINK_IsHalted()
T6DC4 039:665.012 - 0.808ms returns FALSE
T6CB4 039:689.128 JLINK_IsHalted()
T6CB4 039:689.888 - 0.756ms returns FALSE
T6CB4 039:689.908 JLINK_IsHalted()
T6CB4 039:690.664 - 0.756ms returns FALSE
T6CB4 039:799.240 JLINK_IsHalted()
T6CB4 039:800.260 - 1.019ms returns FALSE
T6CB4 039:800.268 JLINK_IsHalted()
T6CB4 039:801.320 - 1.050ms returns FALSE
T6CB4 039:908.260 JLINK_IsHalted()
T6CB4 039:909.160 - 0.897ms returns FALSE
T6CB4 039:909.164 JLINK_IsHalted()
T6CB4 039:910.004 - 0.838ms returns FALSE
T6CB4 040:018.028 JLINK_IsHalted()
T6CB4 040:018.916 - 0.888ms returns FALSE
T6CB4 040:018.920 JLINK_IsHalted()
T6CB4 040:019.736 - 0.814ms returns FALSE
T6CB4 040:127.160 JLINK_IsHalted()
T6CB4 040:128.088 - 0.925ms returns FALSE
T6CB4 040:128.096 JLINK_IsHalted()
T6CB4 040:128.904 - 0.809ms returns FALSE
T6CB4 040:236.600 JLINK_IsHalted()
T6CB4 040:237.496 - 0.896ms returns FALSE
T6CB4 040:237.516 JLINK_IsHalted()
T6CB4 040:238.344 - 0.823ms returns FALSE
T6CB4 040:346.384 JLINK_IsHalted()
T6CB4 040:347.364 - 0.979ms returns FALSE
T6CB4 040:347.372 JLINK_IsHalted()
T6CB4 040:348.232 - 0.856ms returns FALSE
T6CB4 040:455.064 JLINK_IsHalted()
T6CB4 040:456.188 - 1.126ms returns FALSE
T6CB4 040:456.204 JLINK_IsHalted()
T6CB4 040:457.164 - 0.958ms returns FALSE
T6CB4 040:565.060 JLINK_IsHalted()
T6CB4 040:565.984 - 0.925ms returns FALSE
T6CB4 040:565.992 JLINK_IsHalted()
T6CB4 040:566.996 - 1.002ms returns FALSE
T6DC4 040:665.244 JLINK_IsHalted()
T6DC4 040:666.240 - 0.993ms returns FALSE
T6DC4 040:666.256 JLINK_IsHalted()
T6DC4 040:667.020 - 0.766ms returns FALSE
T6CB4 040:673.960 JLINK_IsHalted()
T6CB4 040:674.812 - 0.850ms returns FALSE
T6CB4 040:674.836 JLINK_IsHalted()
T6CB4 040:675.496 - 0.660ms returns FALSE
T6CB4 040:783.912 JLINK_IsHalted()
T6CB4 040:784.740 - 0.828ms returns FALSE
T6CB4 040:784.744 JLINK_IsHalted()
T6CB4 040:785.504 - 0.757ms returns FALSE
T6CB4 040:892.984 JLINK_IsHalted()
T6CB4 040:893.888 - 0.902ms returns FALSE
T6CB4 040:893.896 JLINK_IsHalted()
T6CB4 040:894.988 - 1.091ms returns FALSE
T6CB4 041:002.520 JLINK_IsHalted()
T6CB4 041:003.572 - 1.047ms returns FALSE
T6CB4 041:003.588 JLINK_IsHalted()
T6CB4 041:004.396 - 0.811ms returns FALSE
T6CB4 041:111.832 JLINK_IsHalted()
T6CB4 041:112.792 - 0.961ms returns FALSE
T6CB4 041:112.800 JLINK_IsHalted()
T6CB4 041:113.636 - 0.836ms returns FALSE
T6CB4 041:220.616 JLINK_IsHalted()
T6CB4 041:221.624 - 1.003ms returns FALSE
T6CB4 041:221.628 JLINK_IsHalted()
T6CB4 041:222.572 - 0.944ms returns FALSE
T6CB4 041:330.068 JLINK_IsHalted()
T6CB4 041:330.956 - 0.889ms returns FALSE
T6CB4 041:330.964 JLINK_IsHalted()
T6CB4 041:331.640 - 0.674ms returns FALSE
T6CB4 041:439.804 JLINK_IsHalted()
T6CB4 041:440.744 - 0.940ms returns FALSE
T6CB4 041:440.772 JLINK_IsHalted()
T6CB4 041:441.696 - 0.925ms returns FALSE
T6CB4 041:549.448 JLINK_IsHalted()
T6CB4 041:550.280 - 0.829ms returns FALSE
T6CB4 041:550.296 JLINK_IsHalted()
T6CB4 041:551.044 - 0.745ms returns FALSE
T6CB4 041:658.504 JLINK_IsHalted()
T6CB4 041:659.144 - 0.635ms returns FALSE
T6CB4 041:659.156 JLINK_IsHalted()
T6CB4 041:659.736 - 0.580ms returns FALSE
T6DC4 041:667.288 JLINK_IsHalted()
T6DC4 041:668.096 - 0.811ms returns FALSE
T6DC4 041:668.112 JLINK_IsHalted()
T6DC4 041:668.952 - 0.842ms returns FALSE
T6CB4 041:768.084 JLINK_IsHalted()
T6CB4 041:769.008 - 0.927ms returns FALSE
T6CB4 041:769.016 JLINK_IsHalted()
T6CB4 041:769.928 - 0.909ms returns FALSE
T6CB4 041:877.016 JLINK_IsHalted()
T6CB4 041:877.720 - 0.699ms returns FALSE
T6CB4 041:877.724 JLINK_IsHalted()
T6CB4 041:878.380 - 0.658ms returns FALSE
T6CB4 041:986.864 JLINK_IsHalted()
T6CB4 041:987.560 - 0.699ms returns FALSE
T6CB4 041:987.572 JLINK_IsHalted()
T6CB4 041:988.156 - 0.586ms returns FALSE
T6CB4 042:095.768 JLINK_IsHalted()
T6CB4 042:096.524 - 0.757ms returns FALSE
T6CB4 042:096.536 JLINK_IsHalted()
T6CB4 042:097.200 - 0.659ms returns FALSE
T6CB4 042:205.404 JLINK_IsHalted()
T6CB4 042:206.220 - 0.816ms returns FALSE
T6CB4 042:206.228 JLINK_IsHalted()
T6CB4 042:206.956 - 0.730ms returns FALSE
T6CB4 042:314.168 JLINK_IsHalted()
T6CB4 042:315.240 - 1.068ms returns FALSE
T6CB4 042:315.244 JLINK_IsHalted()
T6CB4 042:316.256 - 1.011ms returns FALSE
T6CB4 042:424.280 JLINK_IsHalted()
T6CB4 042:425.160 - 0.880ms returns FALSE
T6CB4 042:425.168 JLINK_IsHalted()
T6CB4 042:425.920 - 0.753ms returns FALSE
T6CB4 042:533.216 JLINK_IsHalted()
T6CB4 042:534.304 - 1.069ms returns FALSE
T6CB4 042:534.356 JLINK_IsHalted()
T6CB4 042:535.368 - 1.008ms returns FALSE
T6CB4 042:643.280 JLINK_IsHalted()
T6CB4 042:644.272 - 0.993ms returns FALSE
T6CB4 042:644.292 JLINK_IsHalted()
T6CB4 042:645.300 - 1.006ms returns FALSE
T6DC4 042:669.820 JLINK_IsHalted()
T6DC4 042:670.596 - 0.773ms returns FALSE
T6DC4 042:670.600 JLINK_IsHalted()
T6DC4 042:671.256 - 0.654ms returns FALSE
T6CB4 042:751.960 JLINK_IsHalted()
T6CB4 042:752.696 - 0.738ms returns FALSE
T6CB4 042:752.712 JLINK_IsHalted()
T6CB4 042:753.384 - 0.667ms returns FALSE
T6CB4 042:861.684 JLINK_IsHalted()
T6CB4 042:862.464 - 0.777ms returns FALSE
T6CB4 042:862.484 JLINK_IsHalted()
T6CB4 042:863.176 - 0.694ms returns FALSE
T6CB4 042:971.088 JLINK_IsHalted()
T6CB4 042:971.968 - 0.880ms returns FALSE
T6CB4 042:971.992 JLINK_IsHalted()
T6CB4 042:972.740 - 0.748ms returns FALSE
T6CB4 043:080.092 JLINK_IsHalted()
T6CB4 043:080.944 - 0.850ms returns FALSE
T6CB4 043:080.952 JLINK_IsHalted()
T6CB4 043:081.596 - 0.640ms returns FALSE
T6CB4 043:189.336 JLINK_IsHalted()
T6CB4 043:190.144 - 0.806ms returns FALSE
T6CB4 043:190.152 JLINK_IsHalted()
T6CB4 043:190.924 - 0.771ms returns FALSE
T6CB4 043:298.544 JLINK_IsHalted()
T6CB4 043:299.276 - 0.730ms returns FALSE
T6CB4 043:299.292 JLINK_IsHalted()
T6CB4 043:299.936 - 0.641ms returns FALSE
T6CB4 043:408.872 JLINK_IsHalted()
T6CB4 043:409.656 - 0.780ms returns FALSE
T6CB4 043:409.676 JLINK_IsHalted()
T6CB4 043:410.472 - 0.793ms returns FALSE
T6CB4 043:517.372 JLINK_IsHalted()
T6CB4 043:518.144 - 0.771ms returns FALSE
T6CB4 043:518.152 JLINK_IsHalted()
T6CB4 043:519.036 - 0.882ms returns FALSE
T6CB4 043:627.200 JLINK_IsHalted()
T6CB4 043:628.044 - 0.841ms returns FALSE
T6CB4 043:628.052 JLINK_IsHalted()
T6CB4 043:628.712 - 0.660ms returns FALSE
T6DC4 043:671.800 JLINK_IsHalted()
T6DC4 043:672.764 - 0.962ms returns FALSE
T6DC4 043:672.776 JLINK_IsHalted()
T6DC4 043:673.464 - 0.686ms returns FALSE
T6CB4 043:736.116 JLINK_IsHalted()
T6CB4 043:736.920 - 0.805ms returns FALSE
T6CB4 043:736.936 JLINK_IsHalted()
T6CB4 043:737.616 - 0.677ms returns FALSE
T6CB4 043:845.552 JLINK_IsHalted()
T6CB4 043:846.592 - 1.038ms returns FALSE
T6CB4 043:846.600 JLINK_IsHalted()
T6CB4 043:847.464 - 0.862ms returns FALSE
T6CB4 043:954.916 JLINK_IsHalted()
T6CB4 043:955.920 - 1.005ms returns FALSE
T6CB4 043:955.928 JLINK_IsHalted()
T6CB4 043:957.584 - 1.654ms returns FALSE
T6CB4 044:064.704 JLINK_IsHalted()
T6CB4 044:065.608 - 0.902ms returns FALSE
T6CB4 044:065.612 JLINK_IsHalted()
T6CB4 044:066.576 - 0.962ms returns FALSE
T6CB4 044:175.060 JLINK_IsHalted()
T6CB4 044:175.900 - 0.842ms returns FALSE
T6CB4 044:175.912 JLINK_IsHalted()
T6CB4 044:176.608 - 0.697ms returns FALSE
T6CB4 044:283.112 JLINK_IsHalted()
T6CB4 044:283.944 - 0.834ms returns FALSE
T6CB4 044:283.952 JLINK_IsHalted()
T6CB4 044:284.704 - 0.752ms returns FALSE
T6CB4 044:393.128 JLINK_IsHalted()
T6CB4 044:393.992 - 0.868ms returns FALSE
T6CB4 044:394.008 JLINK_IsHalted()
T6CB4 044:394.920 - 0.907ms returns FALSE
T6CB4 044:501.700 JLINK_IsHalted()
T6CB4 044:502.556 - 0.857ms returns FALSE
T6CB4 044:502.568 JLINK_IsHalted()
T6CB4 044:503.344 - 0.777ms returns FALSE
T6CB4 044:611.940 JLINK_IsHalted()
T6CB4 044:612.920 - 0.976ms returns FALSE
T6CB4 044:612.936 JLINK_IsHalted()
T6CB4 044:613.736 - 0.804ms returns FALSE
T6DC4 044:673.868 JLINK_IsHalted()
T6DC4 044:674.896 - 1.029ms returns FALSE
T6DC4 044:674.920 JLINK_IsHalted()
T6DC4 044:676.044 - 1.123ms returns FALSE
T6CB4 044:720.996 JLINK_IsHalted()
T6CB4 044:721.740 - 0.744ms returns FALSE
T6CB4 044:721.756 JLINK_IsHalted()
T6CB4 044:722.504 - 0.750ms returns FALSE
T6CB4 044:830.080 JLINK_IsHalted()
T6CB4 044:830.968 - 0.890ms returns FALSE
T6CB4 044:830.976 JLINK_IsHalted()
T6CB4 044:831.944 - 0.965ms returns FALSE
T6CB4 044:939.608 JLINK_IsHalted()
T6CB4 044:940.572 - 0.967ms returns FALSE
T6CB4 044:940.588 JLINK_IsHalted()
T6CB4 044:941.352 - 0.760ms returns FALSE
T6CB4 045:049.108 JLINK_IsHalted()
T6CB4 045:050.108 - 1.002ms returns FALSE
T6CB4 045:050.132 JLINK_IsHalted()
T6CB4 045:050.972 - 0.839ms returns FALSE
T6CB4 045:158.112 JLINK_IsHalted()
T6CB4 045:158.912 - 0.800ms returns FALSE
T6CB4 045:158.920 JLINK_IsHalted()
T6CB4 045:159.704 - 0.780ms returns FALSE
T6CB4 045:268.072 JLINK_IsHalted()
T6CB4 045:268.864 - 0.789ms returns FALSE
T6CB4 045:268.872 JLINK_IsHalted()
T6CB4 045:269.608 - 0.738ms returns FALSE
T6CB4 045:377.280 JLINK_IsHalted()
T6CB4 045:378.248 - 0.965ms returns FALSE
T6CB4 045:378.252 JLINK_IsHalted()
T6CB4 045:379.156 - 0.901ms returns FALSE
T6CB4 045:486.772 JLINK_IsHalted()
T6CB4 045:487.732 - 0.959ms returns FALSE
T6CB4 045:487.736 JLINK_IsHalted()
T6CB4 045:488.776 - 1.034ms returns FALSE
T6CB4 045:596.204 JLINK_IsHalted()
T6CB4 045:597.096 - 0.893ms returns FALSE
T6CB4 045:597.112 JLINK_IsHalted()
T6CB4 045:597.940 - 0.827ms returns FALSE
T6DC4 045:675.812 JLINK_IsHalted()
T6DC4 045:677.012 - 1.198ms returns FALSE
T6DC4 045:677.028 JLINK_IsHalted()
T6DC4 045:678.032 - 1.004ms returns FALSE
T6CB4 045:705.076 JLINK_IsHalted()
T6CB4 045:705.972 - 0.896ms returns FALSE
T6CB4 045:705.988 JLINK_IsHalted()
T6CB4 045:706.696 - 0.709ms returns FALSE
T6CB4 045:814.788 JLINK_IsHalted()
T6CB4 045:815.532 - 0.744ms returns FALSE
T6CB4 045:815.540 JLINK_IsHalted()
T6CB4 045:816.112 - 0.573ms returns FALSE
T6CB4 045:924.212 JLINK_IsHalted()
T6CB4 045:925.200 - 0.989ms returns FALSE
T6CB4 045:925.208 JLINK_IsHalted()
T6CB4 045:926.112 - 0.904ms returns FALSE
T6CB4 046:033.132 JLINK_IsHalted()
T6CB4 046:034.120 - 0.987ms returns FALSE
T6CB4 046:034.128 JLINK_IsHalted()
T6CB4 046:035.072 - 0.942ms returns FALSE
T6CB4 046:142.920 JLINK_IsHalted()
T6CB4 046:143.624 - 0.701ms returns FALSE
T6CB4 046:143.628 JLINK_IsHalted()
T6CB4 046:144.472 - 0.841ms returns FALSE
T6CB4 046:252.280 JLINK_IsHalted()
T6CB4 046:253.128 - 0.846ms returns FALSE
T6CB4 046:253.132 JLINK_IsHalted()
T6CB4 046:254.020 - 0.882ms returns FALSE
T6CB4 046:362.004 JLINK_IsHalted()
T6CB4 046:362.760 - 0.758ms returns FALSE
T6CB4 046:362.768 JLINK_IsHalted()
T6CB4 046:363.468 - 0.700ms returns FALSE
T6CB4 046:470.712 JLINK_IsHalted()
T6CB4 046:471.408 - 0.694ms returns FALSE
T6CB4 046:471.416 JLINK_IsHalted()
T6CB4 046:472.016 - 0.601ms returns FALSE
T6CB4 046:580.576 JLINK_IsHalted()
T6CB4 046:581.352 - 0.772ms returns FALSE
T6CB4 046:581.360 JLINK_IsHalted()
T6CB4 046:582.052 - 0.693ms returns FALSE
T6DC4 046:678.200 JLINK_IsHalted()
T6DC4 046:679.092 - 0.888ms returns FALSE
T6DC4 046:679.108 JLINK_IsHalted()
T6DC4 046:679.932 - 0.824ms returns FALSE
T6CB4 046:690.056 JLINK_IsHalted()
T6CB4 046:690.940 - 0.884ms returns FALSE
T6CB4 046:690.948 JLINK_IsHalted()
T6CB4 046:691.704 - 0.751ms returns FALSE
T6CB4 046:798.780 JLINK_IsHalted()
T6CB4 046:799.684 - 0.902ms returns FALSE
T6CB4 046:799.688 JLINK_IsHalted()
T6CB4 046:800.480 - 0.788ms returns FALSE
T6CB4 046:908.408 JLINK_IsHalted()
T6CB4 046:909.272 - 0.862ms returns FALSE
T6CB4 046:909.280 JLINK_IsHalted()
T6CB4 046:910.008 - 0.729ms returns FALSE
T6CB4 047:017.440 JLINK_IsHalted()
T6CB4 047:018.360 - 0.920ms returns FALSE
T6CB4 047:018.368 JLINK_IsHalted()
T6CB4 047:019.340 - 0.971ms returns FALSE
T6CB4 047:126.920 JLINK_IsHalted()
T6CB4 047:127.896 - 0.974ms returns FALSE
T6CB4 047:127.912 JLINK_IsHalted()
T6CB4 047:128.664 - 0.752ms returns FALSE
T6CB4 047:236.220 JLINK_IsHalted()
T6CB4 047:237.260 - 1.037ms returns FALSE
T6CB4 047:237.268 JLINK_IsHalted()
T6CB4 047:237.964 - 0.696ms returns FALSE
T6CB4 047:345.880 JLINK_IsHalted()
T6CB4 047:346.992 - 1.113ms returns FALSE
T6CB4 047:347.012 JLINK_IsHalted()
T6CB4 047:347.972 - 0.961ms returns FALSE
T6CB4 047:454.788 JLINK_IsHalted()
T6CB4 047:455.748 - 0.960ms returns FALSE
T6CB4 047:455.768 JLINK_IsHalted()
T6CB4 047:456.584 - 0.816ms returns FALSE
T6CB4 047:564.640 JLINK_IsHalted()
T6CB4 047:565.408 - 0.765ms returns FALSE
T6CB4 047:565.416 JLINK_IsHalted()
T6CB4 047:566.016 - 0.602ms returns FALSE
T6CB4 047:673.576 JLINK_IsHalted()
T6CB4 047:674.536 - 0.960ms returns FALSE
T6CB4 047:674.556 JLINK_IsHalted()
T6CB4 047:675.416 - 0.856ms returns FALSE
T6DC4 047:680.516 JLINK_IsHalted()
T6DC4 047:681.552 - 1.037ms returns FALSE
T6DC4 047:681.564 JLINK_IsHalted()
T6DC4 047:682.520 - 0.955ms returns FALSE
T6CB4 047:783.916 JLINK_IsHalted()
T6CB4 047:785.032 - 1.110ms returns FALSE
T6CB4 047:785.064 JLINK_IsHalted()
T6CB4 047:785.948 - 0.881ms returns FALSE
T6CB4 047:892.792 JLINK_IsHalted()
T6CB4 047:893.660 - 0.871ms returns FALSE
T6CB4 047:893.672 JLINK_IsHalted()
T6CB4 047:894.456 - 0.784ms returns FALSE
T6CB4 048:002.204 JLINK_IsHalted()
T6CB4 048:003.084 - 0.880ms returns FALSE
T6CB4 048:003.092 JLINK_IsHalted()
T6CB4 048:003.824 - 0.732ms returns FALSE
T6CB4 048:111.456 JLINK_IsHalted()
T6CB4 048:112.328 - 0.873ms returns FALSE
T6CB4 048:112.336 JLINK_IsHalted()
T6CB4 048:113.132 - 0.798ms returns FALSE
T6CB4 048:220.776 JLINK_IsHalted()
T6CB4 048:221.816 - 1.043ms returns FALSE
T6CB4 048:221.824 JLINK_IsHalted()
T6CB4 048:222.728 - 0.900ms returns FALSE
T6CB4 048:330.408 JLINK_IsHalted()
T6CB4 048:331.220 - 0.810ms returns FALSE
T6CB4 048:331.228 JLINK_IsHalted()
T6CB4 048:331.972 - 0.740ms returns FALSE
T6CB4 048:439.772 JLINK_IsHalted()
T6CB4 048:440.808 - 1.036ms returns FALSE
T6CB4 048:440.816 JLINK_IsHalted()
T6CB4 048:441.688 - 0.868ms returns FALSE
T6CB4 048:549.268 JLINK_IsHalted()
T6CB4 048:550.148 - 0.880ms returns FALSE
T6CB4 048:550.156 JLINK_IsHalted()
T6CB4 048:551.108 - 0.951ms returns FALSE
T6CB4 048:657.928 JLINK_IsHalted()
T6CB4 048:658.868 - 0.934ms returns FALSE
T6CB4 048:658.872 JLINK_IsHalted()
T6CB4 048:659.960 - 1.086ms returns FALSE
T6DC4 048:682.660 JLINK_IsHalted()
T6DC4 048:683.544 - 0.886ms returns FALSE
T6DC4 048:683.564 JLINK_IsHalted()
T6DC4 048:684.576 - 1.010ms returns FALSE
T6CB4 048:768.088 JLINK_IsHalted()
T6CB4 048:768.904 - 0.815ms returns FALSE
T6CB4 048:768.908 JLINK_IsHalted()
T6CB4 048:769.624 - 0.716ms returns FALSE
T6CB4 048:876.984 JLINK_IsHalted()
T6CB4 048:877.912 - 0.925ms returns FALSE
T6CB4 048:877.912 JLINK_IsHalted()
T6CB4 048:878.832 - 0.915ms returns FALSE
T6CB4 048:986.256 JLINK_IsHalted()
T6CB4 048:987.088 - 0.832ms returns FALSE
T6CB4 048:987.096 JLINK_IsHalted()
T6CB4 048:987.904 - 0.810ms returns FALSE
T6CB4 049:095.800 JLINK_IsHalted()
T6CB4 049:096.712 - 0.917ms returns FALSE
T6CB4 049:096.728 JLINK_IsHalted()
T6CB4 049:097.660 - 0.930ms returns FALSE
T6CB4 049:204.988 JLINK_IsHalted()
T6CB4 049:205.756 - 0.767ms returns FALSE
T6CB4 049:205.768 JLINK_IsHalted()
T6CB4 049:206.328 - 0.559ms returns FALSE
T6CB4 049:314.884 JLINK_IsHalted()
T6CB4 049:315.684 - 0.798ms returns FALSE
T6CB4 049:315.688 JLINK_IsHalted()
T6CB4 049:316.484 - 0.792ms returns FALSE
T6CB4 049:424.084 JLINK_IsHalted()
T6CB4 049:424.952 - 0.869ms returns FALSE
T6CB4 049:424.968 JLINK_IsHalted()
T6CB4 049:425.620 - 0.651ms returns FALSE
T6CB4 049:532.992 JLINK_IsHalted()
T6CB4 049:533.744 - 0.751ms returns FALSE
T6CB4 049:533.752 JLINK_IsHalted()
T6CB4 049:534.384 - 0.629ms returns FALSE
T6CB4 049:642.712 JLINK_IsHalted()
T6CB4 049:643.640 - 0.922ms returns FALSE
T6CB4 049:643.644 JLINK_IsHalted()
T6CB4 049:644.548 - 0.901ms returns FALSE
T6DC4 049:685.524 JLINK_IsHalted()
T6DC4 049:686.392 - 0.868ms returns FALSE
T6DC4 049:686.408 JLINK_IsHalted()
T6DC4 049:687.316 - 0.906ms returns FALSE
T6CB4 049:752.408 JLINK_IsHalted()
T6CB4 049:753.304 - 0.891ms returns FALSE
T6CB4 049:753.316 JLINK_IsHalted()
T6CB4 049:754.080 - 0.763ms returns FALSE
T6CB4 049:861.196 JLINK_IsHalted()
T6CB4 049:862.168 - 0.971ms returns FALSE
T6CB4 049:862.176 JLINK_IsHalted()
T6CB4 049:863.016 - 0.837ms returns FALSE
T6CB4 049:971.052 JLINK_IsHalted()
T6CB4 049:971.980 - 0.928ms returns FALSE
T6CB4 049:972.000 JLINK_IsHalted()
T6CB4 049:972.680 - 0.680ms returns FALSE
T6CB4 050:080.616 JLINK_IsHalted()
T6CB4 050:081.396 - 0.775ms returns FALSE
T6CB4 050:081.408 JLINK_IsHalted()
T6CB4 050:082.060 - 0.653ms returns FALSE
T6CB4 050:189.356 JLINK_IsHalted()
T6CB4 050:190.280 - 0.920ms returns FALSE
T6CB4 050:190.284 JLINK_IsHalted()
T6CB4 050:191.100 - 0.813ms returns FALSE
T6CB4 050:298.776 JLINK_IsHalted()
T6CB4 050:299.596 - 0.816ms returns FALSE
T6CB4 050:299.604 JLINK_IsHalted()
T6CB4 050:300.536 - 0.932ms returns FALSE
T6CB4 050:409.120 JLINK_IsHalted()
T6CB4 050:409.960 - 0.837ms returns FALSE
T6CB4 050:409.964 JLINK_IsHalted()
T6CB4 050:410.696 - 0.733ms returns FALSE
T6CB4 050:517.984 JLINK_IsHalted()
T6CB4 050:518.768 - 0.784ms returns FALSE
T6CB4 050:518.776 JLINK_IsHalted()
T6CB4 050:519.536 - 0.761ms returns FALSE
T6CB4 050:626.776 JLINK_IsHalted()
T6CB4 050:627.564 - 0.788ms returns FALSE
T6CB4 050:627.592 JLINK_IsHalted()
T6CB4 050:628.264 - 0.674ms returns FALSE
T6DC4 050:688.200 JLINK_IsHalted()
T6DC4 050:689.220 - 1.019ms returns FALSE
T6DC4 050:689.240 JLINK_IsHalted()
T6DC4 050:690.216 - 0.978ms returns FALSE
T6CB4 050:736.120 JLINK_IsHalted()
T6CB4 050:737.104 - 0.983ms returns FALSE
T6CB4 050:737.112 JLINK_IsHalted()
T6CB4 050:738.060 - 0.949ms returns FALSE
T6CB4 050:845.496 JLINK_IsHalted()
T6CB4 050:846.456 - 0.960ms returns FALSE
T6CB4 050:846.460 JLINK_IsHalted()
T6CB4 050:847.352 - 0.887ms returns FALSE
T6CB4 050:955.064 JLINK_IsHalted()
T6CB4 050:956.052 - 0.990ms returns FALSE
T6CB4 050:956.056 JLINK_IsHalted()
T6CB4 050:956.972 - 0.912ms returns FALSE
T6CB4 051:065.012 JLINK_IsHalted()
T6CB4 051:065.912 - 0.898ms returns FALSE
T6CB4 051:065.928 JLINK_IsHalted()
T6CB4 051:066.736 - 0.808ms returns FALSE
T6CB4 051:174.056 JLINK_IsHalted()
T6CB4 051:174.952 - 0.894ms returns FALSE
T6CB4 051:174.960 JLINK_IsHalted()
T6CB4 051:175.908 - 0.949ms returns FALSE
T6CB4 051:282.992 JLINK_IsHalted()
T6CB4 051:283.856 - 0.865ms returns FALSE
T6CB4 051:283.872 JLINK_IsHalted()
T6CB4 051:284.520 - 0.647ms returns FALSE
T6CB4 051:393.064 JLINK_IsHalted()
T6CB4 051:393.936 - 0.872ms returns FALSE
T6CB4 051:393.944 JLINK_IsHalted()
T6CB4 051:394.744 - 0.801ms returns FALSE
T6CB4 051:502.012 JLINK_IsHalted()
T6CB4 051:502.904 - 0.892ms returns FALSE
T6CB4 051:502.920 JLINK_IsHalted()
T6CB4 051:503.836 - 0.916ms returns FALSE
T6CB4 051:611.352 JLINK_IsHalted()
T6CB4 051:612.136 - 0.785ms returns FALSE
T6CB4 051:612.144 JLINK_IsHalted()
T6CB4 051:613.036 - 0.890ms returns FALSE
T6DC4 051:691.008 JLINK_IsHalted()
T6DC4 051:692.020 - 1.003ms returns FALSE
T6DC4 051:692.036 JLINK_IsHalted()
T6DC4 051:693.024 - 0.988ms returns FALSE
T6CB4 051:721.212 JLINK_IsHalted()
T6CB4 051:722.328 - 1.117ms returns FALSE
T6CB4 051:722.348 JLINK_IsHalted()
T6CB4 051:723.224 - 0.875ms returns FALSE
T6CB4 051:830.184 JLINK_IsHalted()
T6CB4 051:831.220 - 1.034ms returns FALSE
T6CB4 051:831.224 JLINK_IsHalted()
T6CB4 051:831.992 - 0.763ms returns FALSE
T6CB4 051:940.024 JLINK_IsHalted()
T6CB4 051:941.032 - 1.004ms returns FALSE
T6CB4 051:941.044 JLINK_IsHalted()
T6CB4 051:942.024 - 0.980ms returns FALSE
T6CB4 052:049.080 JLINK_IsHalted()
T6CB4 052:050.068 - 0.987ms returns FALSE
T6CB4 052:050.080 JLINK_IsHalted()
T6CB4 052:050.952 - 0.869ms returns FALSE
T6CB4 052:157.876 JLINK_IsHalted()
T6CB4 052:158.792 - 0.912ms returns FALSE
T6CB4 052:158.808 JLINK_IsHalted()
T6CB4 052:159.720 - 0.913ms returns FALSE
T6CB4 052:267.280 JLINK_IsHalted()
T6CB4 052:268.192 - 0.912ms returns FALSE
T6CB4 052:268.200 JLINK_IsHalted()
T6CB4 052:269.108 - 0.904ms returns FALSE
T6CB4 052:377.368 JLINK_IsHalted()
T6CB4 052:378.248 - 0.875ms returns FALSE
T6CB4 052:378.264 JLINK_IsHalted()
T6CB4 052:378.968 - 0.704ms returns FALSE
T6CB4 052:486.812 JLINK_IsHalted()
T6CB4 052:487.664 - 0.848ms returns FALSE
T6CB4 052:487.672 JLINK_IsHalted()
T6CB4 052:488.288 - 0.618ms returns FALSE
T6CB4 052:595.484 JLINK_IsHalted()
T6CB4 052:596.420 - 0.933ms returns FALSE
T6CB4 052:596.432 JLINK_IsHalted()
T6CB4 052:597.440 - 1.008ms returns FALSE
T6DC4 052:693.296 JLINK_IsHalted()
T6DC4 052:694.012 - 0.717ms returns FALSE
T6DC4 052:694.032 JLINK_IsHalted()
T6DC4 052:694.748 - 0.719ms returns FALSE
T6CB4 052:705.304 JLINK_IsHalted()
T6CB4 052:706.112 - 0.809ms returns FALSE
T6CB4 052:706.128 JLINK_IsHalted()
T6CB4 052:706.952 - 0.824ms returns FALSE
T6CB4 052:815.092 JLINK_IsHalted()
T6CB4 052:815.992 - 0.900ms returns FALSE
T6CB4 052:816.008 JLINK_IsHalted()
T6CB4 052:816.896 - 0.891ms returns FALSE
T6CB4 052:924.296 JLINK_IsHalted()
T6CB4 052:925.220 - 0.926ms returns FALSE
T6CB4 052:925.224 JLINK_IsHalted()
T6CB4 052:926.044 - 0.819ms returns FALSE
T6CB4 053:033.200 JLINK_IsHalted()
T6CB4 053:034.104 - 0.907ms returns FALSE
T6CB4 053:034.120 JLINK_IsHalted()
T6CB4 053:035.016 - 0.899ms returns FALSE
T6CB4 053:142.320 JLINK_IsHalted()
T6CB4 053:143.108 - 0.803ms returns FALSE
T6CB4 053:143.128 JLINK_IsHalted()
T6CB4 053:143.984 - 0.856ms returns FALSE
T6CB4 053:251.620 JLINK_IsHalted()
T6CB4 053:252.396 - 0.777ms returns FALSE
T6CB4 053:252.424 JLINK_IsHalted()
T6CB4 053:253.240 - 0.812ms returns FALSE
T6CB4 053:361.076 JLINK_IsHalted()
T6CB4 053:362.152 - 1.078ms returns FALSE
T6CB4 053:362.168 JLINK_IsHalted()
T6CB4 053:363.096 - 0.923ms returns FALSE
T6CB4 053:470.980 JLINK_IsHalted()
T6CB4 053:471.936 - 0.956ms returns FALSE
T6CB4 053:471.948 JLINK_IsHalted()
T6CB4 053:472.980 - 1.029ms returns FALSE
T6CB4 053:580.664 JLINK_IsHalted()
T6CB4 053:581.560 - 0.890ms returns FALSE
T6CB4 053:581.564 JLINK_IsHalted()
T6CB4 053:582.392 - 0.827ms returns FALSE
T6CB4 053:689.248 JLINK_IsHalted()
T6CB4 053:690.232 - 0.989ms returns FALSE
T6CB4 053:690.252 JLINK_IsHalted()
T6CB4 053:691.272 - 1.019ms returns FALSE
T6DC4 053:695.084 JLINK_IsHalted()
T6DC4 053:695.960 - 0.876ms returns FALSE
T6DC4 053:695.976 JLINK_IsHalted()
T6DC4 053:696.948 - 0.974ms returns FALSE
T6CB4 053:799.072 JLINK_IsHalted()
T6CB4 053:800.224 - 1.150ms returns FALSE
T6CB4 053:800.276 JLINK_IsHalted()
T6CB4 053:801.304 - 1.029ms returns FALSE
T6CB4 053:908.032 JLINK_IsHalted()
T6CB4 053:909.044 - 1.008ms returns FALSE
T6CB4 053:909.064 JLINK_IsHalted()
T6CB4 053:909.920 - 0.855ms returns FALSE
T6CB4 054:017.836 JLINK_IsHalted()
T6CB4 054:018.792 - 0.954ms returns FALSE
T6CB4 054:018.796 JLINK_IsHalted()
T6CB4 054:019.672 - 0.876ms returns FALSE
T6CB4 054:127.084 JLINK_IsHalted()
T6CB4 054:127.976 - 0.887ms returns FALSE
T6CB4 054:127.992 JLINK_IsHalted()
T6CB4 054:128.888 - 0.895ms returns FALSE
T6CB4 054:236.468 JLINK_IsHalted()
T6CB4 054:237.332 - 0.864ms returns FALSE
T6CB4 054:237.336 JLINK_IsHalted()
T6CB4 054:238.240 - 0.899ms returns FALSE
T6CB4 054:345.708 JLINK_IsHalted()
T6CB4 054:346.764 - 1.051ms returns FALSE
T6CB4 054:346.816 JLINK_IsHalted()
T6CB4 054:348.480 - 1.663ms returns FALSE
T6CB4 054:454.796 JLINK_IsHalted()
T6CB4 054:455.864 - 1.071ms returns FALSE
T6CB4 054:455.880 JLINK_IsHalted()
T6CB4 054:456.768 - 0.886ms returns FALSE
T6CB4 054:564.552 JLINK_IsHalted()
T6CB4 054:565.608 - 1.055ms returns FALSE
T6CB4 054:565.620 JLINK_IsHalted()
T6CB4 054:566.656 - 1.037ms returns FALSE
T6CB4 054:673.908 JLINK_IsHalted()
T6CB4 054:674.760 - 0.852ms returns FALSE
T6CB4 054:674.764 JLINK_IsHalted()
T6CB4 054:675.512 - 0.745ms returns FALSE
T6DC4 054:697.384 JLINK_IsHalted()
T6DC4 054:698.356 - 0.973ms returns FALSE
T6DC4 054:698.368 JLINK_IsHalted()
T6DC4 054:699.220 - 0.853ms returns FALSE
T6CB4 054:783.304 JLINK_IsHalted()
T6CB4 054:784.232 - 0.924ms returns FALSE
T6CB4 054:784.236 JLINK_IsHalted()
T6CB4 054:784.968 - 0.728ms returns FALSE
T6CB4 054:892.984 JLINK_IsHalted()
T6CB4 054:893.964 - 0.981ms returns FALSE
T6CB4 054:893.976 JLINK_IsHalted()
T6CB4 054:894.680 - 0.704ms returns FALSE
T6CB4 055:002.548 JLINK_IsHalted()
T6CB4 055:003.532 - 0.986ms returns FALSE
T6CB4 055:003.540 JLINK_IsHalted()
T6CB4 055:004.384 - 0.843ms returns FALSE
T6CB4 055:111.980 JLINK_IsHalted()
T6CB4 055:112.884 - 0.897ms returns FALSE
T6CB4 055:112.888 JLINK_IsHalted()
T6CB4 055:113.736 - 0.846ms returns FALSE
T6CB4 055:220.936 JLINK_IsHalted()
T6CB4 055:221.752 - 0.819ms returns FALSE
T6CB4 055:221.760 JLINK_IsHalted()
T6CB4 055:222.432 - 0.671ms returns FALSE
T6CB4 055:330.648 JLINK_IsHalted()
T6CB4 055:331.488 - 0.841ms returns FALSE
T6CB4 055:331.500 JLINK_IsHalted()
T6CB4 055:332.148 - 0.645ms returns FALSE
T6CB4 055:439.148 JLINK_IsHalted()
T6CB4 055:440.200 - 1.050ms returns FALSE
T6CB4 055:440.204 JLINK_IsHalted()
T6CB4 055:440.928 - 0.723ms returns FALSE
T6CB4 055:548.492 JLINK_IsHalted()
T6CB4 055:549.368 - 0.878ms returns FALSE
T6CB4 055:549.384 JLINK_IsHalted()
T6CB4 055:550.328 - 0.952ms returns FALSE
T6CB4 055:658.164 JLINK_IsHalted()
T6CB4 055:658.996 - 0.831ms returns FALSE
T6CB4 055:659.000 JLINK_IsHalted()
T6CB4 055:659.848 - 0.844ms returns FALSE
T6DC4 055:699.592 JLINK_IsHalted()
T6DC4 055:700.544 - 0.954ms returns FALSE
T6DC4 055:700.564 JLINK_IsHalted()
T6DC4 055:701.472 - 0.912ms returns FALSE
T6CB4 055:767.864 JLINK_IsHalted()
T6CB4 055:768.632 - 0.766ms returns FALSE
T6CB4 055:768.664 JLINK_IsHalted()
T6CB4 055:769.408 - 0.740ms returns FALSE
T6CB4 055:876.852 JLINK_IsHalted()
T6CB4 055:877.772 - 0.922ms returns FALSE
T6CB4 055:877.792 JLINK_IsHalted()
T6CB4 055:878.600 - 0.809ms returns FALSE
T6CB4 055:986.664 JLINK_IsHalted()
T6CB4 055:987.476 - 0.814ms returns FALSE
T6CB4 055:987.480 JLINK_IsHalted()
T6CB4 055:988.044 - 0.559ms returns FALSE
T6CB4 056:095.736 JLINK_IsHalted()
T6CB4 056:096.628 - 0.886ms returns FALSE
T6CB4 056:096.632 JLINK_IsHalted()
T6CB4 056:097.608 - 0.975ms returns FALSE
T6CB4 056:205.076 JLINK_IsHalted()
T6CB4 056:205.896 - 0.819ms returns FALSE
T6CB4 056:205.908 JLINK_IsHalted()
T6CB4 056:206.772 - 0.859ms returns FALSE
T6CB4 056:314.232 JLINK_IsHalted()
T6CB4 056:315.064 - 0.830ms returns FALSE
T6CB4 056:315.072 JLINK_IsHalted()
T6CB4 056:315.744 - 0.669ms returns FALSE
T6CB4 056:423.808 JLINK_IsHalted()
T6CB4 056:424.596 - 0.784ms returns FALSE
T6CB4 056:424.608 JLINK_IsHalted()
T6CB4 056:425.272 - 0.662ms returns FALSE
T6CB4 056:532.936 JLINK_IsHalted()
T6CB4 056:533.804 - 0.875ms returns FALSE
T6CB4 056:533.816 JLINK_IsHalted()
T6CB4 056:534.520 - 0.704ms returns FALSE
T6CB4 056:643.092 JLINK_IsHalted()
T6CB4 056:643.880 - 0.786ms returns FALSE
T6CB4 056:643.892 JLINK_IsHalted()
T6CB4 056:644.832 - 0.940ms returns FALSE
T6DC4 056:703.072 JLINK_IsHalted()
T6DC4 056:703.848 - 0.773ms returns FALSE
T6DC4 056:703.860 JLINK_IsHalted()
T6DC4 056:704.576 - 0.713ms returns FALSE
T6CB4 056:752.268 JLINK_IsHalted()
T6CB4 056:753.196 - 0.923ms returns FALSE
T6CB4 056:753.204 JLINK_IsHalted()
T6CB4 056:753.944 - 0.740ms returns FALSE
T6CB4 056:861.464 JLINK_IsHalted()
T6CB4 056:862.356 - 0.893ms returns FALSE
T6CB4 056:862.360 JLINK_IsHalted()
T6CB4 056:862.976 - 0.611ms returns FALSE
T6CB4 056:971.168 JLINK_IsHalted()
T6CB4 056:971.992 - 0.824ms returns FALSE
T6CB4 056:972.000 JLINK_IsHalted()
T6CB4 056:972.904 - 0.899ms returns FALSE
T6CB4 057:079.744 JLINK_IsHalted()
T6CB4 057:080.556 - 0.806ms returns FALSE
T6CB4 057:080.588 JLINK_IsHalted()
T6CB4 057:081.376 - 0.787ms returns FALSE
T6CB4 057:189.272 JLINK_IsHalted()
T6CB4 057:190.120 - 0.846ms returns FALSE
T6CB4 057:190.132 JLINK_IsHalted()
T6CB4 057:190.952 - 0.813ms returns FALSE
T6CB4 057:299.304 JLINK_IsHalted()
T6CB4 057:300.204 - 0.906ms returns FALSE
T6CB4 057:300.216 JLINK_IsHalted()
T6CB4 057:300.928 - 0.713ms returns FALSE
T6CB4 057:408.808 JLINK_IsHalted()
T6CB4 057:409.848 - 1.039ms returns FALSE
T6CB4 057:409.856 JLINK_IsHalted()
T6CB4 057:410.752 - 0.895ms returns FALSE
T6CB4 057:517.856 JLINK_IsHalted()
T6CB4 057:518.816 - 0.957ms returns FALSE
T6CB4 057:518.828 JLINK_IsHalted()
T6CB4 057:519.660 - 0.830ms returns FALSE
T6CB4 057:627.000 JLINK_IsHalted()
T6CB4 057:627.768 - 0.765ms returns FALSE
T6CB4 057:627.776 JLINK_IsHalted()
T6CB4 057:628.480 - 0.704ms returns FALSE
T6DC4 057:705.576 JLINK_IsHalted()
T6DC4 057:706.584 - 1.010ms returns FALSE
T6DC4 057:706.604 JLINK_IsHalted()
T6DC4 057:707.436 - 0.834ms returns FALSE
T6CB4 057:737.304 JLINK_IsHalted()
T6CB4 057:738.280 - 0.975ms returns FALSE
T6CB4 057:738.284 JLINK_IsHalted()
T6CB4 057:739.124 - 0.834ms returns FALSE
T6CB4 057:846.156 JLINK_IsHalted()
T6CB4 057:846.984 - 0.829ms returns FALSE
T6CB4 057:846.988 JLINK_IsHalted()
T6CB4 057:847.744 - 0.749ms returns FALSE
T6CB4 057:955.528 JLINK_IsHalted()
T6CB4 057:956.408 - 0.884ms returns FALSE
T6CB4 057:956.416 JLINK_IsHalted()
T6CB4 057:957.204 - 0.787ms returns FALSE
T6CB4 058:064.524 JLINK_IsHalted()
T6CB4 058:065.432 - 0.905ms returns FALSE
T6CB4 058:065.440 JLINK_IsHalted()
T6CB4 058:066.260 - 0.816ms returns FALSE
T6CB4 058:174.932 JLINK_IsHalted()
T6CB4 058:175.668 - 0.735ms returns FALSE
T6CB4 058:175.680 JLINK_IsHalted()
T6CB4 058:176.360 - 0.677ms returns FALSE
T6CB4 058:283.096 JLINK_IsHalted()
T6CB4 058:283.944 - 0.843ms returns FALSE
T6CB4 058:283.960 JLINK_IsHalted()
T6CB4 058:284.724 - 0.759ms returns FALSE
T6CB4 058:392.908 JLINK_IsHalted()
T6CB4 058:393.816 - 0.913ms returns FALSE
T6CB4 058:393.832 JLINK_IsHalted()
T6CB4 058:394.604 - 0.778ms returns FALSE
T6CB4 058:502.080 JLINK_IsHalted()
T6CB4 058:503.104 - 1.026ms returns FALSE
T6CB4 058:503.116 JLINK_IsHalted()
T6CB4 058:504.084 - 0.966ms returns FALSE
T6CB4 058:611.048 JLINK_IsHalted()
T6CB4 058:611.776 - 0.733ms returns FALSE
T6CB4 058:611.784 JLINK_IsHalted()
T6CB4 058:612.456 - 0.669ms returns FALSE
T6DC4 058:708.440 JLINK_IsHalted()
T6DC4 058:709.248 - 0.804ms returns FALSE
T6DC4 058:709.260 JLINK_IsHalted()
T6DC4 058:709.940 - 0.677ms returns FALSE
T6CB4 058:721.140 JLINK_IsHalted()
T6CB4 058:721.836 - 0.695ms returns FALSE
T6CB4 058:721.844 JLINK_IsHalted()
T6CB4 058:722.496 - 0.650ms returns FALSE
T6CB4 058:831.028 JLINK_IsHalted()
T6CB4 058:831.892 - 0.865ms returns FALSE
T6CB4 058:831.912 JLINK_IsHalted()
T6CB4 058:832.664 - 0.758ms returns FALSE
T6CB4 058:939.616 JLINK_IsHalted()
T6CB4 058:940.524 - 0.905ms returns FALSE
T6CB4 058:940.536 JLINK_IsHalted()
T6CB4 058:941.544 - 1.002ms returns FALSE
T6CB4 059:048.896 JLINK_IsHalted()
T6CB4 059:049.960 - 1.063ms returns FALSE
T6CB4 059:049.992 JLINK_IsHalted()
T6CB4 059:050.944 - 0.954ms returns FALSE
T6CB4 059:158.808 JLINK_IsHalted()
T6CB4 059:159.788 - 0.973ms returns FALSE
T6CB4 059:159.796 JLINK_IsHalted()
T6CB4 059:160.544 - 0.753ms returns FALSE
T6CB4 059:267.560 JLINK_IsHalted()
T6CB4 059:268.576 - 1.020ms returns FALSE
T6CB4 059:268.588 JLINK_IsHalted()
T6CB4 059:269.432 - 0.845ms returns FALSE
T6CB4 059:376.948 JLINK_IsHalted()
T6CB4 059:377.832 - 0.879ms returns FALSE
T6CB4 059:377.836 JLINK_IsHalted()
T6CB4 059:378.604 - 0.766ms returns FALSE
T6CB4 059:486.004 JLINK_IsHalted()
T6CB4 059:487.016 - 1.009ms returns FALSE
T6CB4 059:487.032 JLINK_IsHalted()
T6CB4 059:487.768 - 0.737ms returns FALSE
T6CB4 059:595.680 JLINK_IsHalted()
T6CB4 059:596.632 - 0.957ms returns FALSE
T6CB4 059:596.640 JLINK_IsHalted()
T6CB4 059:597.536 - 0.894ms returns FALSE
T6CB4 059:704.992 JLINK_IsHalted()
T6CB4 059:705.800 - 0.806ms returns FALSE
T6CB4 059:705.812 JLINK_IsHalted()
T6CB4 059:706.616 - 0.809ms returns FALSE
T6DC4 059:711.188 JLINK_IsHalted()
T6DC4 059:712.020 - 0.828ms returns FALSE
T6DC4 059:712.032 JLINK_IsHalted()
T6DC4 059:713.016 - 0.981ms returns FALSE
T6CB4 059:814.216 JLINK_IsHalted()
T6CB4 059:815.016 - 0.802ms returns FALSE
T6CB4 059:815.020 JLINK_IsHalted()
T6CB4 059:815.904 - 0.881ms returns FALSE
T6CB4 059:924.328 JLINK_IsHalted()
T6CB4 059:925.248 - 0.923ms returns FALSE
T6CB4 059:925.256 JLINK_IsHalted()
T6CB4 059:926.216 - 0.958ms returns FALSE
T6CB4 060:033.256 JLINK_IsHalted()
T6CB4 060:034.060 - 0.804ms returns FALSE
T6CB4 060:034.072 JLINK_IsHalted()
T6CB4 060:034.880 - 0.806ms returns FALSE
T6CB4 060:142.752 JLINK_IsHalted()
T6CB4 060:143.752 - 1.000ms returns FALSE
T6CB4 060:143.768 JLINK_IsHalted()
T6CB4 060:144.620 - 0.852ms returns FALSE
T6CB4 060:252.620 JLINK_IsHalted()
T6CB4 060:253.384 - 0.760ms returns FALSE
T6CB4 060:253.388 JLINK_IsHalted()
T6CB4 060:254.132 - 0.738ms returns FALSE
T6CB4 060:361.192 JLINK_IsHalted()
T6CB4 060:361.912 - 0.720ms returns FALSE
T6CB4 060:361.920 JLINK_IsHalted()
T6CB4 060:362.568 - 0.641ms returns FALSE
T6CB4 060:471.192 JLINK_IsHalted()
T6CB4 060:471.916 - 0.722ms returns FALSE
T6CB4 060:471.924 JLINK_IsHalted()
T6CB4 060:472.584 - 0.658ms returns FALSE
T6CB4 060:579.956 JLINK_IsHalted()
T6CB4 060:580.692 - 0.739ms returns FALSE
T6CB4 060:580.696 JLINK_IsHalted()
T6CB4 060:581.320 - 0.615ms returns FALSE
T6CB4 060:689.784 JLINK_IsHalted()
T6CB4 060:690.632 - 0.843ms returns FALSE
T6CB4 060:690.636 JLINK_IsHalted()
T6CB4 060:691.276 - 0.640ms returns FALSE
T6DC4 060:713.320 JLINK_IsHalted()
T6DC4 060:714.056 - 0.733ms returns FALSE
T6DC4 060:714.068 JLINK_IsHalted()
T6DC4 060:714.732 - 0.664ms returns FALSE
T6CB4 060:799.200 JLINK_IsHalted()
T6CB4 060:800.120 - 0.922ms returns FALSE
T6CB4 060:800.128 JLINK_IsHalted()
T6CB4 060:801.044 - 0.913ms returns FALSE
T6CB4 060:908.512 JLINK_IsHalted()
T6CB4 060:909.376 - 0.861ms returns FALSE
T6CB4 060:909.384 JLINK_IsHalted()
T6CB4 060:910.304 - 0.918ms returns FALSE
T6CB4 061:018.208 JLINK_IsHalted()
T6CB4 061:019.156 - 0.929ms returns FALSE
T6CB4 061:019.160 JLINK_IsHalted()
T6CB4 061:020.020 - 0.859ms returns FALSE
T6CB4 061:127.340 JLINK_IsHalted()
T6CB4 061:128.192 - 0.848ms returns FALSE
T6CB4 061:128.204 JLINK_IsHalted()
T6CB4 061:129.128 - 0.925ms returns FALSE
T6CB4 061:236.248 JLINK_IsHalted()
T6CB4 061:237.236 - 0.989ms returns FALSE
T6CB4 061:237.256 JLINK_IsHalted()
T6CB4 061:238.176 - 0.923ms returns FALSE
T6CB4 061:345.600 JLINK_IsHalted()
T6CB4 061:346.476 - 0.874ms returns FALSE
T6CB4 061:346.484 JLINK_IsHalted()
T6CB4 061:347.200 - 0.717ms returns FALSE
T6CB4 061:455.016 JLINK_IsHalted()
T6CB4 061:455.956 - 0.938ms returns FALSE
T6CB4 061:455.968 JLINK_IsHalted()
T6CB4 061:456.744 - 0.769ms returns FALSE
T6CB4 061:564.436 JLINK_IsHalted()
T6CB4 061:565.516 - 1.076ms returns FALSE
T6CB4 061:565.528 JLINK_IsHalted()
T6CB4 061:566.440 - 0.905ms returns FALSE
T6CB4 061:674.476 JLINK_IsHalted()
T6CB4 061:675.468 - 0.991ms returns FALSE
T6CB4 061:675.476 JLINK_IsHalted()
T6CB4 061:676.416 - 0.939ms returns FALSE
T6DC4 061:714.656 JLINK_IsHalted()
T6DC4 061:715.596 - 0.938ms returns FALSE
T6DC4 061:715.640 JLINK_IsHalted()
T6DC4 061:716.584 - 0.941ms returns FALSE
T6CB4 061:783.724 JLINK_IsHalted()
T6CB4 061:784.680 - 0.956ms returns FALSE
T6CB4 061:784.684 JLINK_IsHalted()
T6CB4 061:785.544 - 0.857ms returns FALSE
T6CB4 061:892.564 JLINK_IsHalted()
T6CB4 061:893.492 - 0.926ms returns FALSE
T6CB4 061:893.496 JLINK_IsHalted()
T6CB4 061:894.328 - 0.833ms returns FALSE
T6CB4 062:002.220 JLINK_IsHalted()
T6CB4 062:003.052 - 0.835ms returns FALSE
T6CB4 062:003.060 JLINK_IsHalted()
T6CB4 062:003.752 - 0.688ms returns FALSE
T6CB4 062:111.256 JLINK_IsHalted()
T6CB4 062:112.084 - 0.823ms returns FALSE
T6CB4 062:112.088 JLINK_IsHalted()
T6CB4 062:112.844 - 0.756ms returns FALSE
T6CB4 062:220.440 JLINK_IsHalted()
T6CB4 062:221.536 - 1.093ms returns FALSE
T6CB4 062:221.544 JLINK_IsHalted()
T6CB4 062:222.424 - 0.886ms returns FALSE
T6CB4 062:330.400 JLINK_IsHalted()
T6CB4 062:331.360 - 0.958ms returns FALSE
T6CB4 062:331.368 JLINK_IsHalted()
T6CB4 062:332.232 - 0.866ms returns FALSE
T6CB4 062:439.352 JLINK_IsHalted()
T6CB4 062:440.288 - 0.937ms returns FALSE
T6CB4 062:440.296 JLINK_IsHalted()
T6CB4 062:441.128 - 0.832ms returns FALSE
T6CB4 062:548.920 JLINK_IsHalted()
T6CB4 062:549.832 - 0.910ms returns FALSE
T6CB4 062:549.856 JLINK_IsHalted()
T6CB4 062:550.664 - 0.805ms returns FALSE
T6CB4 062:658.080 JLINK_IsHalted()
T6CB4 062:658.988 - 0.908ms returns FALSE
T6CB4 062:658.996 JLINK_IsHalted()
T6CB4 062:659.944 - 0.949ms returns FALSE
T6DC4 062:717.356 JLINK_IsHalted()
T6DC4 062:718.200 - 0.846ms returns FALSE
T6DC4 062:718.220 JLINK_IsHalted()
T6DC4 062:719.000 - 0.780ms returns FALSE
T6CB4 062:767.768 JLINK_IsHalted()
T6CB4 062:768.716 - 0.946ms returns FALSE
T6CB4 062:768.724 JLINK_IsHalted()
T6CB4 062:769.472 - 0.744ms returns FALSE
T6CB4 062:877.416 JLINK_IsHalted()
T6CB4 062:878.068 - 0.655ms returns FALSE
T6CB4 062:878.072 JLINK_IsHalted()
T6CB4 062:878.644 - 0.571ms returns FALSE
T6CB4 062:986.976 JLINK_IsHalted()
T6CB4 062:987.992 - 1.019ms returns FALSE
T6CB4 062:988.032 JLINK_IsHalted()
T6CB4 062:988.736 - 0.702ms returns FALSE
T6CB4 063:095.616 JLINK_IsHalted()
T6CB4 063:096.524 - 0.904ms returns FALSE
T6CB4 063:096.532 JLINK_IsHalted()
T6CB4 063:097.472 - 0.939ms returns FALSE
T6CB4 063:204.840 JLINK_IsHalted()
T6CB4 063:205.780 - 0.939ms returns FALSE
T6CB4 063:205.784 JLINK_IsHalted()
T6CB4 063:206.504 - 0.717ms returns FALSE
T6CB4 063:314.120 JLINK_IsHalted()
T6CB4 063:315.144 - 1.024ms returns FALSE
T6CB4 063:315.148 JLINK_IsHalted()
T6CB4 063:316.200 - 1.047ms returns FALSE
T6CB4 063:424.088 JLINK_IsHalted()
T6CB4 063:425.080 - 0.992ms returns FALSE
T6CB4 063:425.096 JLINK_IsHalted()
T6CB4 063:425.928 - 0.828ms returns FALSE
T6CB4 063:533.496 JLINK_IsHalted()
T6CB4 063:534.432 - 0.933ms returns FALSE
T6CB4 063:534.444 JLINK_IsHalted()
T6CB4 063:535.276 - 0.826ms returns FALSE
T6CB4 063:642.552 JLINK_IsHalted()
T6CB4 063:643.540 - 0.984ms returns FALSE
T6CB4 063:643.560 JLINK_IsHalted()
T6CB4 063:644.504 - 0.943ms returns FALSE
T6DC4 063:719.864 JLINK_IsHalted()
T6DC4 063:720.884 - 1.017ms returns FALSE
T6DC4 063:720.896 JLINK_IsHalted()
T6DC4 063:721.800 - 0.898ms returns FALSE
T6CB4 063:752.204 JLINK_IsHalted()
T6CB4 063:753.016 - 0.812ms returns FALSE
T6CB4 063:753.024 JLINK_IsHalted()
T6CB4 063:753.952 - 0.924ms returns FALSE
T6CB4 063:861.024 JLINK_IsHalted()
T6CB4 063:861.992 - 0.966ms returns FALSE
T6CB4 063:862.004 JLINK_IsHalted()
T6CB4 063:862.764 - 0.760ms returns FALSE
T6CB4 063:970.676 JLINK_IsHalted()
T6CB4 063:971.444 - 0.769ms returns FALSE
T6CB4 063:971.456 JLINK_IsHalted()
T6CB4 063:972.064 - 0.607ms returns FALSE
T6CB4 064:080.416 JLINK_IsHalted()
T6CB4 064:081.152 - 0.733ms returns FALSE
T6CB4 064:081.160 JLINK_IsHalted()
T6CB4 064:081.908 - 0.747ms returns FALSE
T6CB4 064:189.388 JLINK_IsHalted()
T6CB4 064:190.280 - 0.894ms returns FALSE
T6CB4 064:190.284 JLINK_IsHalted()
T6CB4 064:191.084 - 0.797ms returns FALSE
T6CB4 064:299.476 JLINK_IsHalted()
T6CB4 064:300.364 - 0.886ms returns FALSE
T6CB4 064:300.376 JLINK_IsHalted()
T6CB4 064:301.248 - 0.875ms returns FALSE
T6CB4 064:407.916 JLINK_IsHalted()
T6CB4 064:408.760 - 0.842ms returns FALSE
T6CB4 064:408.768 JLINK_IsHalted()
T6CB4 064:409.472 - 0.706ms returns FALSE
T6CB4 064:517.900 JLINK_IsHalted()
T6CB4 064:518.968 - 1.066ms returns FALSE
T6CB4 064:518.976 JLINK_IsHalted()
T6CB4 064:519.904 - 0.930ms returns FALSE
T6CB4 064:627.072 JLINK_IsHalted()
T6CB4 064:628.032 - 0.955ms returns FALSE
T6CB4 064:628.040 JLINK_IsHalted()
T6CB4 064:628.936 - 0.893ms returns FALSE
T6DC4 064:723.104 JLINK_IsHalted()
T6DC4 064:723.928 - 0.828ms returns FALSE
T6DC4 064:723.948 JLINK_IsHalted()
T6DC4 064:724.672 - 0.722ms returns FALSE
T6CB4 064:736.908 JLINK_IsHalted()
T6CB4 064:737.576 - 0.668ms returns FALSE
T6CB4 064:737.588 JLINK_IsHalted()
T6CB4 064:738.196 - 0.612ms returns FALSE
T6CB4 064:845.588 JLINK_IsHalted()
T6CB4 064:846.316 - 0.727ms returns FALSE
T6CB4 064:846.328 JLINK_IsHalted()
T6CB4 064:847.072 - 0.739ms returns FALSE
T6CB4 064:955.764 JLINK_IsHalted()
T6CB4 064:956.744 - 0.982ms returns FALSE
T6CB4 064:956.756 JLINK_IsHalted()
T6CB4 064:957.652 - 0.898ms returns FALSE
T6CB4 065:064.536 JLINK_IsHalted()
T6CB4 065:065.428 - 0.890ms returns FALSE
T6CB4 065:065.432 JLINK_IsHalted()
T6CB4 065:066.144 - 0.706ms returns FALSE
T6CB4 065:173.560 JLINK_IsHalted()
T6CB4 065:174.600 - 1.033ms returns FALSE
T6CB4 065:174.604 JLINK_IsHalted()
T6CB4 065:175.456 - 0.848ms returns FALSE
T6CB4 065:283.020 JLINK_IsHalted()
T6CB4 065:283.736 - 0.711ms returns FALSE
T6CB4 065:283.744 JLINK_IsHalted()
T6CB4 065:284.440 - 0.698ms returns FALSE
T6CB4 065:392.704 JLINK_IsHalted()
T6CB4 065:393.452 - 0.753ms returns FALSE
T6CB4 065:393.464 JLINK_IsHalted()
T6CB4 065:394.220 - 0.757ms returns FALSE
T6CB4 065:503.016 JLINK_IsHalted()
T6CB4 065:503.756 - 0.744ms returns FALSE
T6CB4 065:503.764 JLINK_IsHalted()
T6CB4 065:504.620 - 0.854ms returns FALSE
T6CB4 065:611.512 JLINK_IsHalted()
T6CB4 065:612.232 - 0.720ms returns FALSE
T6CB4 065:612.248 JLINK_IsHalted()
T6CB4 065:613.036 - 0.785ms returns FALSE
T6CB4 065:721.240 JLINK_IsHalted()
T6CB4 065:722.092 - 0.851ms returns FALSE
T6CB4 065:722.112 JLINK_IsHalted()
T6CB4 065:723.176 - 1.063ms returns FALSE
T6DC4 065:724.664 JLINK_IsHalted()
T6DC4 065:725.408 - 0.741ms returns FALSE
T6DC4 065:725.420 JLINK_IsHalted()
T6DC4 065:726.208 - 0.785ms returns FALSE
T6CB4 065:830.264 JLINK_IsHalted()
T6CB4 065:831.304 - 1.036ms returns FALSE
T6CB4 065:831.308 JLINK_IsHalted()
T6CB4 065:832.216 - 0.908ms returns FALSE
T6CB4 065:939.736 JLINK_IsHalted()
T6CB4 065:940.760 - 1.024ms returns FALSE
T6CB4 065:940.776 JLINK_IsHalted()
T6CB4 065:941.672 - 0.895ms returns FALSE
T6CB4 066:049.056 JLINK_IsHalted()
T6CB4 066:049.908 - 0.853ms returns FALSE
T6CB4 066:049.912 JLINK_IsHalted()
T6CB4 066:050.696 - 0.777ms returns FALSE
T6CB4 066:158.156 JLINK_IsHalted()
T6CB4 066:159.148 - 0.993ms returns FALSE
T6CB4 066:159.156 JLINK_IsHalted()
T6CB4 066:160.084 - 0.926ms returns FALSE
T6CB4 066:267.784 JLINK_IsHalted()
T6CB4 066:268.492 - 0.708ms returns FALSE
T6CB4 066:268.500 JLINK_IsHalted()
T6CB4 066:269.128 - 0.630ms returns FALSE
T6CB4 066:377.384 JLINK_IsHalted()
T6CB4 066:378.260 - 0.875ms returns FALSE
T6CB4 066:378.280 JLINK_IsHalted()
T6CB4 066:379.188 - 0.909ms returns FALSE
T6CB4 066:486.380 JLINK_IsHalted()
T6CB4 066:487.532 - 1.148ms returns FALSE
T6CB4 066:487.564 JLINK_IsHalted()
T6CB4 066:488.460 - 0.896ms returns FALSE
T6CB4 066:595.724 JLINK_IsHalted()
T6CB4 066:596.628 - 0.902ms returns FALSE
T6CB4 066:596.632 JLINK_IsHalted()
T6CB4 066:597.420 - 0.789ms returns FALSE
T6CB4 066:705.352 JLINK_IsHalted()
T6CB4 066:706.368 - 1.015ms returns FALSE
T6CB4 066:706.412 JLINK_IsHalted()
T6CB4 066:707.596 - 1.182ms returns FALSE
T6DC4 066:726.056 JLINK_IsHalted()
T6DC4 066:726.976 - 0.921ms returns FALSE
T6DC4 066:726.988 JLINK_IsHalted()
T6DC4 066:727.904 - 0.915ms returns FALSE
T6CB4 066:815.096 JLINK_IsHalted()
T6CB4 066:816.040 - 0.943ms returns FALSE
T6CB4 066:816.052 JLINK_IsHalted()
T6CB4 066:816.864 - 0.815ms returns FALSE
T6CB4 066:924.440 JLINK_IsHalted()
T6CB4 066:925.460 - 1.014ms returns FALSE
T6CB4 066:925.472 JLINK_IsHalted()
T6CB4 066:926.440 - 0.966ms returns FALSE
T6CB4 067:033.228 JLINK_IsHalted()
T6CB4 067:034.216 - 0.988ms returns FALSE
T6CB4 067:034.220 JLINK_IsHalted()
T6CB4 067:035.096 - 0.876ms returns FALSE
T6CB4 067:143.160 JLINK_IsHalted()
T6CB4 067:143.944 - 0.784ms returns FALSE
T6CB4 067:143.952 JLINK_IsHalted()
T6CB4 067:144.680 - 0.728ms returns FALSE
T6CB4 067:251.744 JLINK_IsHalted()
T6CB4 067:252.624 - 0.882ms returns FALSE
T6CB4 067:252.632 JLINK_IsHalted()
T6CB4 067:253.440 - 0.805ms returns FALSE
T6CB4 067:361.088 JLINK_IsHalted()
T6CB4 067:362.112 - 1.021ms returns FALSE
T6CB4 067:362.120 JLINK_IsHalted()
T6CB4 067:363.016 - 0.895ms returns FALSE
T6CB4 067:471.088 JLINK_IsHalted()
T6CB4 067:471.992 - 0.899ms returns FALSE
T6CB4 067:472.024 JLINK_IsHalted()
T6CB4 067:473.040 - 1.015ms returns FALSE
T6CB4 067:580.368 JLINK_IsHalted()
T6CB4 067:581.200 - 0.831ms returns FALSE
T6CB4 067:581.208 JLINK_IsHalted()
T6CB4 067:582.072 - 0.866ms returns FALSE
T6CB4 067:689.256 JLINK_IsHalted()
T6CB4 067:690.192 - 0.935ms returns FALSE
T6CB4 067:690.224 JLINK_IsHalted()
T6CB4 067:690.880 - 0.653ms returns FALSE
T6DC4 067:728.384 JLINK_IsHalted()
T6DC4 067:729.248 - 0.863ms returns FALSE
T6DC4 067:729.264 JLINK_IsHalted()
T6DC4 067:729.888 - 0.627ms returns FALSE
T6CB4 067:799.280 JLINK_IsHalted()
T6CB4 067:800.128 - 0.847ms returns FALSE
T6CB4 067:800.144 JLINK_IsHalted()
T6CB4 067:800.952 - 0.811ms returns FALSE
T6CB4 067:908.032 JLINK_IsHalted()
T6CB4 067:908.960 - 0.925ms returns FALSE
T6CB4 067:908.968 JLINK_IsHalted()
T6CB4 067:909.816 - 0.848ms returns FALSE
T6CB4 068:017.488 JLINK_IsHalted()
T6CB4 068:018.272 - 0.790ms returns FALSE
T6CB4 068:018.288 JLINK_IsHalted()
T6CB4 068:019.088 - 0.787ms returns FALSE
T6CB4 068:126.728 JLINK_IsHalted()
T6CB4 068:127.392 - 0.668ms returns FALSE
T6CB4 068:127.408 JLINK_IsHalted()
T6CB4 068:128.096 - 0.684ms returns FALSE
T6CB4 068:236.384 JLINK_IsHalted()
T6CB4 068:242.224 - 5.843ms returns FALSE
T6CB4 068:242.256 JLINK_IsHalted()
T6CB4 068:242.920 - 0.665ms returns FALSE
T6CB4 068:345.616 JLINK_IsHalted()
T6CB4 068:346.488 - 0.872ms returns FALSE
T6CB4 068:346.512 JLINK_IsHalted()
T6CB4 068:347.264 - 0.754ms returns FALSE
T6CB4 068:455.552 JLINK_IsHalted()
T6CB4 068:456.256 - 0.702ms returns FALSE
T6CB4 068:456.264 JLINK_IsHalted()
T6CB4 068:456.880 - 0.613ms returns FALSE
T6CB4 068:564.176 JLINK_IsHalted()
T6CB4 068:564.904 - 0.728ms returns FALSE
T6CB4 068:564.912 JLINK_IsHalted()
T6CB4 068:565.544 - 0.632ms returns FALSE
T1D54 068:571.256 JLINK_Halt()
T1D54 068:574.840 - 3.583ms returns 0x00
T1D54 068:574.872 JLINK_ReadReg(XPSR)
T1D54 068:574.880   CPU_ReadMem(4 bytes @ 0xE000EE08)
T1D54 068:575.664 - 0.791ms returns 0x29000000
T1D54 068:576.672 JLINK_Close()
T1D54 068:590.856 - 14.180ms
T1D54 068:590.880   
T1D54 068:590.880   Closed
