T1B7C 000:000.550   SEGGER J-Link V8.58 Log File
T1B7C 000:000.652   DLL Compiled: Aug  6 2025 12:29:52
T1B7C 000:000.656   Logging started @ 2025-11-12 17:24
T1B7C 000:000.660   Process: C:\Users\davidwang\.eclipse\com.renesas.platform_2071132055\DebugComp\RA\e2-server-gdb.exe
T1B7C 000:000.670 - 0.664ms 
T1B7C 000:000.698 JLINK_GetDLLVersion()
T1B7C 000:000.704 - 0.020ms returns 85800
T1B7C 000:003.097 JLINK_OpenEx(...)
T1B7C 000:010.877   Firmware: J-Link V9 compiled May  7 2021 16:26:12
T1B7C 000:013.089   Firmware: J-Link V9 compiled May  7 2021 16:26:12
T1B7C 000:013.225   Decompressing FW timestamp took 106 us
T1B7C 000:022.676   Hardware: V9.70
T1B7C 000:022.703   S/N: 602712543
T1B7C 000:022.709   OEM: SEGGER
T1B7C 000:022.715   Feature(s): GDB, RDI, FlashBP, FlashDL, JFlash
T1B7C 000:024.643   Bootloader: (FW returned invalid version)
T1B7C 000:026.608   TELNET listener socket opened on port 19021
T1B7C 000:026.768   WEBSRV WEBSRV_Init(): Starting webserver thread(s)
T1B7C 000:026.922   WEBSRV Webserver running on local port 19080
T1B7C 000:027.022   Looking for J-Link GUI Server exe at: C:\Users\davidwang\.eclipse\com.renesas.platform_2071132055\DebugComp\RA\ARM\Segger_v8.58.0\JLinkGUIServer.exe
T1B7C 000:027.085   Looking for J-Link GUI Server exe at: E:\Segger\jlink\JLink_V860\JLinkGUIServer.exe
T1B7C 000:027.097   Forking J-Link GUI Server: E:\Segger\jlink\JLink_V860\JLinkGUIServer.exe
T1B7C 000:049.711   J-Link GUI Server info: "J-Link GUI server V8.60 "
T1B7C 000:050.138 - 47.034ms returns "O.K."
T1B7C 000:050.251 JLINK_ExecCommand("ProjectFile=G:\AquaGarden\hardware\demo\water_quality_sensor/water_quality_sensor Debug_Flat.jlink", ...). 
T1B7C 000:064.313 - 14.066ms returns 0x00
T1B7C 000:064.681 JLINK_ExecCommand("device=R7FA6E2BB", ...). 
T1B7C 000:065.400   Flash bank @ 0x0100A100: SFL: Parsing sectorization info from ELF file
T1B7C 000:065.415     FlashDevice.SectorInfo[0]: .SectorSize = 0x00000010, .SectorStartAddr = 0x00000000
T1B7C 000:065.422   FlashBank @0x0100A100: Sectorization info from SFL ELF file ignored because sectorization override from DLL / XML file is active.
T1B7C 000:065.564   Flash bank @ 0x60000000: SFL: Parsing sectorization info from ELF file
T1B7C 000:065.573     FlashDevice.SectorInfo[0]: .SectorSize = 0x00010000, .SectorStartAddr = 0x00000000
T1B7C 000:068.438   Device "R7FA6E2BB" selected.
T1B7C 000:068.787 - 4.095ms returns 0x00
T1B7C 000:068.802 JLINK_TIF_GetAvailable(...)
T1B7C 000:069.569 - 0.766ms 
T1B7C 000:069.588 JLINK_TIF_Select(JLINKARM_TIF_SWD)
T1B7C 000:072.023 - 2.439ms returns 0x00
T1B7C 000:072.044 JLINK_SetSpeed(4000)
T1B7C 000:072.706 - 0.666ms 
T1B7C 000:072.765 JLINK_ExecCommand("SetCPUConnectIDCODE = FFFFFFFFFFFFFFFFFFFFFFFFFFFFFFFF", ...). 
T1B7C 000:072.775 - 0.003ms returns 0x00
T1B7C 000:072.791 JLINK_SetEndian(ARM_ENDIAN_LITTLE)
T1B7C 000:072.796 - 0.004ms returns 0
T1B7C 000:072.802 JLINK_SetInitRegsOnReset(OFF)
T1B7C 000:072.806 - 0.005ms returns 1
T1B7C 000:072.811 JLINK_SetResetType(JLINKARM_RESET_TYPE_NO_RESET)
T1B7C 000:072.815 - 0.004ms returns JLINKARM_RESET_TYPE_NORMAL
T1B7C 000:072.820 JLINK_ExecCommand("EnableFlashBPs", ...). 
T1B7C 000:072.825 - 0.000ms returns 0x00
T1B7C 000:072.831 JLINK_ExecCommand("SetAllowFlashCache = 1", ...). 
T1B7C 000:072.837 - 0.000ms returns 0x01
T1B7C 000:072.842 JLINK_ExecCommand("SetRestartOnClose = 0", ...). 
T1B7C 000:072.848 - 0.001ms returns 0x01
T1B7C 000:072.853 JLINK_ExecCommand("SetAllowSimulation = 0", ...). 
T1B7C 000:072.860 - 0.002ms returns 0x00
T1B7C 000:072.865 JLINK_EnableSoftBPs(ON)
T1B7C 000:072.869 - 0.004ms 
T1B7C 000:072.875 JLINK_Connect()
T1B7C 000:073.649   ConfigTargetSettings() start
T1B7C 000:073.663    J-Link Script File: Executing ConfigTargetSettings()
T1B7C 000:073.675   Configuring FlashDLNoRMWThreshold=0x200 in order to make sure that option bytes programming is done via read-modify-write
T1B7C 000:078.724   ConfigTargetSettings() end - Took 5.06ms
T1B7C 000:078.737   InitTarget() start
T1B7C 000:078.743    J-Link Script File: Executing InitTarget()
T1B7C 000:078.763   SWD selected. Executing JTAG -> SWD switching sequence.
T1B7C 000:082.487   DAP initialized successfully.
T1B7C 000:084.746   Authentication not required. Skipping authentication process.
T1B7C 000:084.754   Determining TrustZone configuration...
T1B7C 000:087.046     Secure Debug: Enabled (SSD)
T1B7C 000:087.062   Determining currently configured transfer type by reading the AHB-AP CSW register.
T1B7C 000:088.830     --> Correct transfer type configured. Done.
T1B7C 000:088.849   InitTarget() end - Took 10.1ms
T1B7C 000:090.291   Found SW-DP with ID 0x6BA02477
T1B7C 000:094.589   DPIDR: 0x6BA02477
T1B7C 000:094.604   CoreSight SoC-400 or earlier
T1B7C 000:094.610   Scanning AP map to find all available APs
T1B7C 000:096.534   AP[2]: Stopped AP scan as end of AP map has been reached
T1B7C 000:096.546   AP[0]: AHB-AP (IDR: 0x84770001, ADDR: 0x00000000)
T1B7C 000:096.551   AP[1]: APB-AP (IDR: 0x54770002, ADDR: 0x01000000)
T1B7C 000:096.557   Iterating through AP map to find AHB-AP to use
T1B7C 000:098.023   AP[0]: Core found
T1B7C 000:098.036   AP[0]: AHB-AP ROM base: 0xE00FE000
T1B7C 000:098.861   CPUID register: 0x410FD214. Implementer code: 0x41 (ARM)
T1B7C 000:098.874   Feature set: Mainline
T1B7C 000:099.674   Cache: No cache
T1B7C 000:099.687   Found Cortex-M33 r0p4, Little endian.
T1B7C 000:100.772   -- Max. mem block: 0x00010C40
T1B7C 000:102.337   
  ***** Warning: 
T1B7C 000:102.349   Cortex-M (ARMv8-M and later): The connected J-Link (S/N 602712543) uses an old firmware module that does not handle I/D-cache correctly. Proper debugging functionality cannot be guaranteed if cache is enabled
T1B7C 000:102.369   CPU_ReadMem(4 bytes @ 0xE000EDF0)
T1B7C 000:103.039   CPU_ReadMem(4 bytes @ 0xE0002000)
T1B7C 000:103.693   FPUnit: 8 code (BP) slots and 0 literal slots
T1B7C 000:103.710   CPU_ReadMem(4 bytes @ 0xE000EDFC)
T1B7C 000:104.390   CPU_ReadMem(4 bytes @ 0xE0001000)
T1B7C 000:105.059   CPU_ReadMem(4 bytes @ 0xE0001000)
T1B7C 000:105.731   CPU_ReadMem(4 bytes @ 0xE0001028)
T1B7C 000:106.360   CPU_ReadMem(4 bytes @ 0xE0001038)
T1B7C 000:107.055   CPU_ReadMem(4 bytes @ 0xE0001048)
T1B7C 000:107.709   CPU_ReadMem(4 bytes @ 0xE0001058)
T1B7C 000:108.418   CPU_WriteMem(4 bytes @ 0xE0001000)
T1B7C 000:109.080   CPU_ReadMem(4 bytes @ 0xE000ED88)
T1B7C 000:109.788   CPU_WriteMem(4 bytes @ 0xE000ED88)
T1B7C 000:110.493   CPU_ReadMem(4 bytes @ 0xE000ED88)
T1B7C 000:111.167   CPU_WriteMem(4 bytes @ 0xE000ED88)
T1B7C 000:111.858   CPU_ReadMem(4 bytes @ 0xE000EFB8)
T1B7C 000:112.502   Security extension: implemented
T1B7C 000:112.514   Secure debug: enabled
T1B7C 000:112.520   CoreSight components:
T1B7C 000:112.526   ROMTbl[0] @ E00FE000
T1B7C 000:112.532   CPU_ReadMem(64 bytes @ 0xE00FE000)
T1B7C 000:113.559   CPU_ReadMem(32 bytes @ 0xE0044FE0)
T1B7C 000:114.313   CPU_ReadMem(4 bytes @ 0xE0044FBC)
T1B7C 000:114.917   CPU_ReadMem(4 bytes @ 0xE0044FCC)
T1B7C 000:115.664   [0][0]: E0044000 CID B105900D PID 005BB906 DEVARCH 00000000 DEVTYPE 14 CTI (?)
T1B7C 000:115.671   CPU_ReadMem(32 bytes @ 0xE0047FE0)
T1B7C 000:116.527   CPU_ReadMem(4 bytes @ 0xE0047FBC)
T1B7C 000:117.137   CPU_ReadMem(4 bytes @ 0xE0047FCC)
T1B7C 000:117.795   [0][1]: E0047000 CID B105900D PID 003BB908 DEVARCH 00000000 DEVTYPE 12 CSTF
T1B7C 000:117.808   CPU_ReadMem(32 bytes @ 0xE0048FE0)
T1B7C 000:118.635   CPU_ReadMem(4 bytes @ 0xE0048FBC)
T1B7C 000:119.325   CPU_ReadMem(4 bytes @ 0xE0048FCC)
T1B7C 000:119.980   [0][2]: E0048000 CID B105900D PID 001BB961 DEVARCH 00000000 DEVTYPE 21 TMC
T1B7C 000:119.988   CPU_ReadMem(32 bytes @ 0xE0049FE0)
T1B7C 000:120.866   [0][3]: E0049000 CID B105F00D PID 001BB101 TSG
T1B7C 000:120.879   CPU_ReadMem(32 bytes @ 0xE0040FE0)
T1B7C 000:121.718   CPU_ReadMem(4 bytes @ 0xE0040FBC)
T1B7C 000:122.362   CPU_ReadMem(4 bytes @ 0xE0040FCC)
T1B7C 000:123.072   [0][4]: E0040000 CID B105900D PID 000BBD21 DEVARCH 00000000 DEVTYPE 11 TPIU
T1B7C 000:123.085   CPU_ReadMem(32 bytes @ 0xE00FFFE0)
T1B7C 000:123.944   [0][5]: E00FF000 CID B105100D PID 000BB4C9 ROM Table
T1B7C 000:123.967   ROMTbl[1] @ E00FF000
T1B7C 000:123.974   CPU_ReadMem(64 bytes @ 0xE00FF000)
T1B7C 000:124.982   CPU_ReadMem(32 bytes @ 0xE000EFE0)
T1B7C 000:125.801   CPU_ReadMem(4 bytes @ 0xE000EFBC)
T1B7C 000:126.522   CPU_ReadMem(4 bytes @ 0xE000EFCC)
T1B7C 000:127.112   [1][0]: E000E000 CID B105900D PID 000BBD21 DEVARCH 47702A04 DEVTYPE 00 Cortex-M33
T1B7C 000:127.119   CPU_ReadMem(32 bytes @ 0xE0001FE0)
T1B7C 000:127.948   CPU_ReadMem(4 bytes @ 0xE0001FBC)
T1B7C 000:128.680   CPU_ReadMem(4 bytes @ 0xE0001FCC)
T1B7C 000:129.379   [1][1]: E0001000 CID B105900D PID 000BBD21 DEVARCH 47701A02 DEVTYPE 00 DWT
T1B7C 000:129.391   CPU_ReadMem(32 bytes @ 0xE0002FE0)
T1B7C 000:130.177   CPU_ReadMem(4 bytes @ 0xE0002FBC)
T1B7C 000:130.828   CPU_ReadMem(4 bytes @ 0xE0002FCC)
T1B7C 000:131.509   [1][2]: E0002000 CID B105900D PID 000BBD21 DEVARCH 47701A03 DEVTYPE 00 FPB
T1B7C 000:131.516   CPU_ReadMem(32 bytes @ 0xE0000FE0)
T1B7C 000:132.323   CPU_ReadMem(4 bytes @ 0xE0000FBC)
T1B7C 000:133.017   CPU_ReadMem(4 bytes @ 0xE0000FCC)
T1B7C 000:133.965   [1][3]: E0000000 CID B105900D PID 000BBD21 DEVARCH 47701A01 DEVTYPE 43 ITM
T1B7C 000:133.977   CPU_ReadMem(32 bytes @ 0xE0041FE0)
T1B7C 000:134.781   CPU_ReadMem(4 bytes @ 0xE0041FBC)
T1B7C 000:135.524   CPU_ReadMem(4 bytes @ 0xE0041FCC)
T1B7C 000:136.300   [1][5]: E0041000 CID B105900D PID 002BBD21 DEVARCH 47724A13 DEVTYPE 13 ETM
T1B7C 000:136.316   CPU_ReadMem(32 bytes @ 0xE0042FE0)
T1B7C 000:137.184   CPU_ReadMem(4 bytes @ 0xE0042FBC)
T1B7C 000:137.874   CPU_ReadMem(4 bytes @ 0xE0042FCC)
T1B7C 000:138.485   [1][6]: E0042000 CID B105900D PID 000BBD21 DEVARCH 47701A14 DEVTYPE 14 CSS600-CTI
T1B7C 000:138.520 - 65.645ms returns 0x00
T1B7C 000:138.539 JLINK_Halt()
T1B7C 000:142.077 - 3.536ms returns 0x00
T1B7C 000:142.119 JLINK_IsHalted()
T1B7C 000:142.130 - 0.010ms returns TRUE
T1B7C 000:142.138 JLINK_ResetPullsRESET(ON)
T1B7C 000:142.142 - 0.004ms 
T1B7C 000:142.186 JLINK_Reset()
T1B7C 000:142.204   JLINK_GetResetTypeDesc
T1B7C 000:142.209   - 0.004ms 
T1B7C 000:142.213   Reset type: CONNECT UNDER RESET (https://wiki.segger.com/J-Link_Reset_Strategies)
T1B7C 000:142.222   CPU_WriteMem(4 bytes @ 0xE000EDF0)
T1B7C 000:142.910   CPU_ReadMem(4 bytes @ 0xE000ED44)
T1B7C 000:143.552   CPU_ReadMem(4 bytes @ 0xE000EE08)
T1B7C 000:144.217   CPU_WriteMem(4 bytes @ 0xE000EE08)
T1B7C 000:144.895   CPU_ReadMem(4 bytes @ 0xE000EE08)
T1B7C 000:145.555   Reset: ARMv8M core with Security Extension enabled detected. Switch to secure domain.
T1B7C 000:145.568   CPU_WriteMem(4 bytes @ 0xE000EDFC)
T1B7C 000:146.229   Reset: Halt core after reset via DEMCR.VC_CORERESET.
T1B7C 000:147.250   Reset: Reset device via AIRCR.SYSRESETREQ.
T1B7C 000:147.262   CPU_WriteMem(4 bytes @ 0xE000ED0C)
T1B7C 000:202.535   CPU_ReadMem(4 bytes @ 0xE000EDF0)
T1B7C 000:203.248   CPU_ReadMem(4 bytes @ 0xE000EDF0)
T1B7C 000:203.930   CPU_WriteMem(4 bytes @ 0xE000EDFC)
T1B7C 000:210.635   CPU_ReadMem(4 bytes @ 0xE000EDF0)
T1B7C 000:215.130   CPU_WriteMem(4 bytes @ 0xE0002000)
T1B7C 000:215.854   CPU_ReadMem(4 bytes @ 0xE000EDFC)
T1B7C 000:216.506   CPU_ReadMem(4 bytes @ 0xE0001000)
T1B7C 000:217.173   CPU_ReadMem(4 bytes @ 0xE000EE08)
T1B7C 000:217.904 - 75.717ms 
T1B7C 000:217.954 JLINK_ReadMem(0x010080F0, 0x10 Bytes, ...)
T1B7C 000:217.964   CPU_ReadMem(16 bytes @ 0x010080F0)
T1B7C 000:218.727   Data:  52 37 46 41 36 45 32 42 42 33 43 4E 45 20 20 20
T1B7C 000:218.734 - 0.779ms returns 0
T1B7C 000:218.742 JLINK_IsHalted()
T1B7C 000:218.747 - 0.004ms returns TRUE
T1B7C 000:219.046 JLINK_MeasureCPUSpeed(RAMAddr = 0x20000000)
T1B7C 000:219.056   CPU_ReadMem(16 bytes @ 0x20000000)
T1B7C 000:219.812   CPU_ReadMem(4 bytes @ 0xE000EDFC)
T1B7C 000:220.488   CPU_ReadMem(4 bytes @ 0xE0001000)
T1B7C 000:221.173   CPU_ReadMem(6 bytes @ 0x20000000)
T1B7C 000:221.837   CPU_ReadMem(4 bytes @ 0xE000ED90)
T1B7C 000:222.488   CPU_ReadMem(4 bytes @ 0xE000ED94)
T1B7C 000:223.148   CPU_WriteMem(16 bytes @ 0x20000000)
T1B7C 000:223.831   CPU_WriteMem(6 bytes @ 0x20000000)
T1B7C 000:224.601   CPU_ReadMem(6 bytes @ 0x20000000)
T1B7C 000:225.278   CPU_ReadMem(4 bytes @ 0xE000EE08)
T1B7C 000:225.974   CPU_WriteMem(4 bytes @ 0xE0002008)
T1B7C 000:225.984   CPU_WriteMem(4 bytes @ 0xE000200C)
T1B7C 000:225.990   CPU_WriteMem(4 bytes @ 0xE0002010)
T1B7C 000:225.996   CPU_WriteMem(4 bytes @ 0xE0002014)
T1B7C 000:226.001   CPU_WriteMem(4 bytes @ 0xE0002018)
T1B7C 000:226.007   CPU_WriteMem(4 bytes @ 0xE000201C)
T1B7C 000:226.015   CPU_WriteMem(4 bytes @ 0xE0002020)
T1B7C 000:226.033   CPU_WriteMem(4 bytes @ 0xE0002024)
T1B7C 000:227.893   CPU_WriteMem(4 bytes @ 0xE0001004)
T1B7C 000:235.630   CPU_ReadMem(4 bytes @ 0xE0001004)
T1B7C 000:236.358   CPU_ReadMem(4 bytes @ 0xE000EE08)
T1B7C 000:237.005   CPU_WriteMem(4 bytes @ 0xE0002008)
T1B7C 000:237.780   CPU_WriteMem(4 bytes @ 0xE000200C)
T1B7C 000:238.511   CPU_WriteMem(4 bytes @ 0xE0002010)
T1B7C 000:239.199   CPU_WriteMem(4 bytes @ 0xE0002014)
T1B7C 000:239.941   CPU_WriteMem(4 bytes @ 0xE0002018)
T1B7C 000:240.701   CPU_WriteMem(4 bytes @ 0xE000201C)
T1B7C 000:241.316   CPU_WriteMem(4 bytes @ 0xE0002020)
T1B7C 000:242.088   CPU_WriteMem(4 bytes @ 0xE0002024)
T1B7C 000:242.845   CPU_ReadMem(4 bytes @ 0xE000EE08)
T1B7C 000:243.473   CPU_ReadMem(4 bytes @ 0xE000EE08)
T1B7C 000:244.113   CPU_WriteMem(4 bytes @ 0xE0001004)
T1B7C 000:271.652   CPU_ReadMem(4 bytes @ 0xE0001004)
T1B7C 000:272.382   CPU_WriteMem(6 bytes @ 0x20000000)
T1B7C 000:273.128   ClockFreq: 2092800 Hz
T1B7C 000:273.137 - 54.090ms returns 2092800
T1B7C 000:273.196 JLINK_ReadReg(XPSR)
T1B7C 000:273.205   CPU_ReadMem(4 bytes @ 0xE000EE08)
T1B7C 000:273.947 - 0.750ms returns 0xF9000000
T3260 002:512.739 JLINK_ResetPullsRESET(ON)
T3260 002:512.773 - 0.034ms 
T3260 002:512.780 JLINK_Halt()
T3260 002:513.574 - 0.794ms returns 0x00
T3260 002:513.591 JLINK_IsHalted()
T3260 002:513.597 - 0.006ms returns TRUE
T3260 002:513.601 JLINK_Reset()
T3260 002:513.614   JLINK_GetResetTypeDesc
T3260 002:513.618   - 0.004ms 
T3260 002:513.622   Reset type: CONNECT UNDER RESET (https://wiki.segger.com/J-Link_Reset_Strategies)
T3260 002:513.629   CPU_WriteMem(4 bytes @ 0xE000EDF0)
T3260 002:514.327   CPU_ReadMem(4 bytes @ 0xE000ED44)
T3260 002:514.984   CPU_ReadMem(4 bytes @ 0xE000EE08)
T3260 002:515.692   CPU_WriteMem(4 bytes @ 0xE000EE08)
T3260 002:516.388   CPU_ReadMem(4 bytes @ 0xE000EE08)
T3260 002:516.979   Reset: ARMv8M core with Security Extension enabled detected. Switch to secure domain.
T3260 002:516.989   CPU_WriteMem(4 bytes @ 0xE000EDFC)
T3260 002:517.661   Reset: Halt core after reset via DEMCR.VC_CORERESET.
T3260 002:518.760   Reset: Reset device via AIRCR.SYSRESETREQ.
T3260 002:518.767   CPU_WriteMem(4 bytes @ 0xE000ED0C)
T3260 002:574.132   CPU_ReadMem(4 bytes @ 0xE000EDF0)
T3260 002:574.867   CPU_ReadMem(4 bytes @ 0xE000EDF0)
T3260 002:575.556   CPU_WriteMem(4 bytes @ 0xE000EDFC)
T3260 002:582.050   CPU_ReadMem(4 bytes @ 0xE000EDF0)
T3260 002:586.592   CPU_WriteMem(4 bytes @ 0xE0002000)
T3260 002:587.318   CPU_ReadMem(4 bytes @ 0xE000EDFC)
T3260 002:587.949   CPU_ReadMem(4 bytes @ 0xE0001000)
T3260 002:588.531   CPU_ReadMem(4 bytes @ 0xE000EE08)
T3260 002:589.156 - 75.554ms 
T3260 002:589.175 JLINK_SetEndian(ARM_ENDIAN_LITTLE)
T3260 002:589.179 - 0.004ms returns 0
T3260 002:589.343 JLINK_BeginDownload(Flags = 0x00000000)
T3260 002:589.348 - 0.005ms 
T3260 002:608.482 JLINK_WriteMem(0x00000000, 0x60 Bytes, ...)
T3260 002:608.509   Data:  20 04 00 20 9D 0C 00 00 09 0B 00 00 AD 0C 00 00 ...
T3260 002:608.732   completely In flash
T3260 002:608.743 - 0.260ms returns 0x60
T3260 002:609.018 JLINK_WriteMem(0x00000060, 0x8 Bytes, ...)
T3260 002:609.031   Data:  40 00 35 00 40 00 35 00
T3260 002:609.040   completely In flash
T3260 002:609.046 - 0.028ms returns 0x8
T3260 002:609.511 JLINK_WriteMem(0x00000068, 0xBB8 Bytes, ...)
T3260 002:609.525   Data:  80 B5 6F 46 40 F2 8C 40 41 F2 44 01 44 F2 40 24 ...
T3260 002:609.545   completely In flash
T3260 002:609.551 - 0.040ms returns 0xBB8
T3260 002:609.776 JLINK_WriteMem(0x00000C20, 0x5BE Bytes, ...)
T3260 002:609.853   Data:  70 47 4E F2 FE 3C C4 F2 01 0C 41 F2 70 12 BC F8 ...
T3260 002:609.862   completely In flash
T3260 002:609.868 - 0.092ms returns 0x5BE
T3260 002:610.260 JLINK_WriteMem(0x0100A100, 0x4 Bytes, ...)
T3260 002:610.268   Data:  FF FF FF FF
T3260 002:610.470   completely In flash
T3260 002:610.479 - 0.218ms returns 0x4
T3260 002:610.818 JLINK_WriteMem(0x0100A200, 0x4 Bytes, ...)
T3260 002:610.825   Data:  FF FD FF FF
T3260 002:610.832   completely In flash
T3260 002:610.841 - 0.023ms returns 0x4
T3260 002:623.330 JLINK_EndDownload()
T3260 002:624.050   CPU_ReadMem(4 bytes @ 0xE000ED90)
T3260 002:624.788   CPU_ReadMem(4 bytes @ 0xE000ED94)
T3260 002:625.512    -- --------------------------------------
T3260 002:625.529    -- Start of determining flash info (Bank @ 0x0100A100)
T3260 002:625.536    -- End of determining flash info
T3260 002:625.543    -- Start of determining dirty areas in flash cache
T3260 002:625.552    -- Filling invalid ranges in sector buffer (flash cache) for sector @ 0x0100A100 if necessary
T3260 002:625.562    -- Filling invalid ranges in sector buffer (flash cache) for sector @ 0x0100A200 if necessary
T3260 002:625.568    -- End of determining dirty areas
T3260 002:625.574    -- Start of preparing flash programming
T3260 002:625.584    -- Preparing RAMCode
T3260 002:625.590    -- Calculating RAM usage
T3260 002:625.596    -- RAM usage = 4384 Bytes
T3260 002:625.602    -- Preserving CPU registers
T3260 002:626.309    -- Preparing memory
T3260 002:626.324    -- Determining CPU clock frequency
T3260 002:676.627    -- CPU frequency = 2090 kHz
T3260 002:676.653    -- Preparing target
T3260 002:676.659    -- Preserving target RAM temporarily used for programming
T3260 002:697.282    -- Downloading RAMCode
T3260 002:721.776    -- Initializing RAMCode (InitType: 3 = Verify)
T3260 002:721.807    -- Executing Init(3)
T3260 002:737.999    -- End of preparing flash programming
T3260 002:744.169   
  ***** Warning: 
T3260 002:744.195   CPU is running at low speed (2090 kHz).
T3260 002:744.208    -- CPU is running at 2090 kHz.
T3260 002:744.216    -- Start of comparing flash
T3260 002:744.223    -- Flash algorithm supports a native verify function which is used to compare the flash content.
T3260 002:781.187    -- Comparing range 0x100A100 - 0x100A10F (1 Sector, 16 Bytes), using verify function of the RAMCode
T3260 002:782.637    -- Data matches for sector 0
T3260 002:784.024    -- Comparing range 0x100A200 - 0x100A20F (1 Sector, 16 Bytes), using verify function of the RAMCode
T3260 002:785.476    -- Data matches for sector 16
T3260 002:785.495    -- End of comparing flash
T3260 002:785.503    -- Start of erasing sectors
T3260 002:785.509    -- End of erasing sectors
T3260 002:785.515    -- Start of flash programming
T3260 002:785.521    -- End of flash programming
T3260 002:785.527    -- Start of verifying flash
T3260 002:785.533    -- End of verifying flash
T3260 002:785.539    -- Start of restoring
T3260 002:785.546    -- Executing UnInit()
T3260 002:790.998    -- Restoring target memory
T3260 002:807.858    -- Restoring CPU registers
T3260 002:808.646    -- End of restoring
T3260 002:808.656    -- Bank 0 @ 0x0100A100: Skipped. Contents already match
T3260 002:808.662    -- Bank 0 @ 0x0100A100: Skipped. Contents already match
T3260 002:817.663    -- --------------------------------------
T3260 002:817.707    -- Flash bank @ 0x00000000: Default: L2 verify disabled because algorithm performs L1 verify
T3260 002:817.714    -- Start of determining dirty areas in flash cache
T3260 002:817.722    -- Filling invalid ranges in sector buffer (flash cache) for sector @ 0x00000000 if necessary
T3260 002:817.763    -- End of determining dirty areas
T3260 002:817.769    -- Start of preparing flash programming
T3260 002:817.776    -- Calculating RAM usage
T3260 002:817.876    -- RAM usage = 3492 Bytes
T3260 002:817.882    -- Preserving CPU registers
T3260 002:817.920    -- Determining CPU clock frequency
T3260 002:865.593    -- Preparing target
T3260 002:865.627    -- Preserving target RAM temporarily used for programming
T3260 002:882.583    -- Downloading RAMCode
T3260 002:902.963    -- Preparing RAMCode
T3260 002:917.379    -- CPU frequency = 100000 kHz
T3260 002:917.409    -- End of preparing flash programming
T3260 002:918.817    -- CPU is running at 100000 kHz.
T3260 002:918.840    -- Start of comparing flash
T3260 002:918.846    -- CRC check was estimated as fastest method
T3260 002:938.965    -- Comparing range 0x0000 - 0x1FFF (1 Sector, 8 KB), using multi-block CRC calculation
T3260 002:950.508    -- CRC does not match for sector 0
T3260 002:950.549    -- End of comparing flash
T3260 002:950.558    -- Start of erasing sectors
T3260 002:950.567    -- Erasing range 0x00000000 - 0x00001FFF (  1 Sector, 8 KB)
T3260 003:001.218    -- End of erasing sectors
T3260 003:001.245    -- Start of flash programming
T3260 003:001.253    -- Programming range 0x00000000 - 0x00001FFF (  1 Sector, 8 KB)
T3260 003:039.856    -- End of flash programming
T3260 003:039.907    -- 0x0000 - 0x1FFF (  1 Sector, 8 KB)
T3260 003:039.916    -- Start of restoring
T3260 003:039.924    -- Restoring RAMCode
T3260 003:052.658    -- Restoring target memory
T3260 003:066.256    -- Restore target
T3260 003:066.287    -- Restoring CPU registers
T3260 003:067.142    -- End of restoring
T3260 003:067.174    -- Bank 1 @ 0x00000000: 1 range affected (8192 bytes)
T3260 003:067.182    -- Total: 0.249s (Prepare: 0.101s, Compare: 0.031s, Erase: 0.050s, Program & Verify: 0.044s, Restore: 0.021s)
T3260 003:067.197    -- Program & Verify speed: 182 KB/s
T3260 003:086.395 - 463.064ms returns 8192 (0x2000)
T3260 003:087.308 JLINK_WriteReg(R15 (PC), 0x00000C9C)
T3260 003:087.338 - 0.031ms returns 0
T3260 003:087.346 JLINK_WriteReg(XPSR, 0x01000000)
T3260 003:087.350 - 0.005ms returns 0
T3260 003:087.934 JLINK_ResetPullsRESET(ON)
T3260 003:087.952 - 0.018ms 
T3260 003:087.957 JLINK_Halt()
T3260 003:088.650 - 0.692ms returns 0x00
T3260 003:088.673 JLINK_IsHalted()
T3260 003:088.680 - 0.006ms returns TRUE
T3260 003:088.686 JLINK_Reset()
T3260 003:088.704   JLINK_GetResetTypeDesc
T3260 003:088.709   - 0.004ms 
T3260 003:088.715   Reset type: CONNECT UNDER RESET (https://wiki.segger.com/J-Link_Reset_Strategies)
T3260 003:088.724   CPU_WriteMem(4 bytes @ 0xE000EDF0)
T3260 003:089.424   CPU_ReadMem(4 bytes @ 0xE000ED44)
T3260 003:090.109   CPU_ReadMem(4 bytes @ 0xE000EE08)
T3260 003:090.734   CPU_WriteMem(4 bytes @ 0xE000EE08)
T3260 003:091.385   CPU_ReadMem(4 bytes @ 0xE000EE08)
T3260 003:091.987   Reset: ARMv8M core with Security Extension enabled detected. Switch to secure domain.
T3260 003:092.000   CPU_WriteMem(4 bytes @ 0xE000EDFC)
T3260 003:092.717   Reset: Halt core after reset via DEMCR.VC_CORERESET.
T3260 003:093.770   Reset: Reset device via AIRCR.SYSRESETREQ.
T3260 003:093.783   CPU_WriteMem(4 bytes @ 0xE000ED0C)
T3260 003:148.738   CPU_ReadMem(4 bytes @ 0xE000EDF0)
T3260 003:149.437   CPU_ReadMem(4 bytes @ 0xE000EDF0)
T3260 003:150.147   CPU_WriteMem(4 bytes @ 0xE000EDFC)
T3260 003:156.488   CPU_ReadMem(4 bytes @ 0xE000EDF0)
T3260 003:160.814   CPU_WriteMem(4 bytes @ 0xE0002000)
T3260 003:161.551   CPU_ReadMem(4 bytes @ 0xE000EDFC)
T3260 003:162.248   CPU_ReadMem(4 bytes @ 0xE0001000)
T3260 003:162.923   CPU_ReadMem(4 bytes @ 0xE000EE08)
T3260 003:163.606 - 74.919ms 
T3260 003:163.623 JLINK_SetEndian(ARM_ENDIAN_LITTLE)
T3260 003:163.627 - 0.004ms returns 0
T3260 003:190.701 JLINK_ReadMem(0x00000C9C, 0x4 Bytes, ...)
T3260 003:190.730    -- Read from flash cache (4 bytes @ 0x00000C9C)
T3260 003:190.736   Data:  80 B5 6F 46
T3260 003:190.743 - 0.043ms returns 0
T3260 003:218.541 JLINK_ReadMem(0x00000C9C, 0x4 Bytes, ...)
T3260 003:218.569    -- Read from flash cache (4 bytes @ 0x00000C9C)
T3260 003:218.576   Data:  80 B5 6F 46
T3260 003:218.582 - 0.044ms returns 0
T3260 003:654.411 JLINK_GetNumBPUnits(Type = 0xFFFFFF00)
T3260 003:654.449 - 0.039ms returns 0x08
T3260 003:654.461 JLINK_GetNumWPUnits()
T3260 003:654.469 - 0.007ms returns 4
T3260 003:654.473 JLINK_GetNumWPUnits()
T3260 003:654.477 - 0.003ms returns 4
T3260 003:654.485 JLINK_GetNumBPUnits(Type = 0xFFFFFF00)
T3260 003:654.489 - 0.004ms returns 0x08
T3260 003:654.494 JLINK_GetNumWPUnits()
T3260 003:654.498 - 0.004ms returns 4
T3260 003:654.502 JLINK_GetNumWPUnits()
T3260 003:654.506 - 0.003ms returns 4
T3260 003:654.513 JLINK_GetNumBPUnits(Type = 0xFFFFFF00)
T3260 003:654.517 - 0.004ms returns 0x08
T3260 003:654.522 JLINK_GetNumWPUnits()
T3260 003:654.526 - 0.003ms returns 4
T3260 003:654.530 JLINK_GetNumWPUnits()
T3260 003:654.534 - 0.003ms returns 4
T3260 003:654.571 JLINK_SetBPEx(Addr = 0x000000DC, Type = 0xFFFFFF00)
T3260 003:654.580 - 0.009ms returns 0x00000001
T3260 003:654.587 JLINK_ClrBPEx(BPHandle = 0x00000001)
T3260 003:654.592 - 0.005ms returns 0x00
T3260 003:670.818 JLINK_ReadMem(0x000000E0, 0x2 Bytes, ...)
T3260 003:670.846    -- Read from flash cache (2 bytes @ 0x000000E0)
T3260 003:670.852   Data:  FF F7
T3260 003:670.859 - 0.041ms returns 0
T3260 003:671.108 JLINK_SetBPEx(Addr = 0x000000E0, Type = 0xFFFFFF00)
T3260 003:671.121 - 0.013ms returns 0x00000002
T3260 003:779.763 JLINK_ReadRegs(NumRegs = 22)
T3260 003:779.803   CPU_ReadMem(4 bytes @ 0xE000EE08)
T3260 003:780.558   
  R0 (0)        = 0x00                 R1 (1)        = 0x00                 R2 (2)        = 0x00                 R3 (3)        = 0x00              
  R4 (4)        = 0x00                 R5 (5)        = 0x00                 R6 (6)        = 0x00                 R7 (7)        = 0x00              
  R8 (8)        = 0x20000440           R9 (9)        = 0x200004E0           R10 (10)      = 0x9EBDD746           R11 (11)      = 0xA4262581        
  R12 (12)      = 0x20007898           R13 (SP) (13) = 0x20000420           R14 (14)      = 0xFFFFFFFF           R15 (PC) (15) = 0xC9C             
  XPSR (16)     = 0xF9000000           MSP (17)      = 0x20000420           PSP (18)      = 0x00                 MSPLIM (86)   = 0x00              
  PSPLIM (87)   = 0x00                 CFBP (20)     = 0x00              
T3260 003:780.576 - 0.813ms returns 0x00
T3260 003:781.276 JLINK_ReadMem(0x00000C9C, 0x4 Bytes, ...)
T3260 003:781.295    -- Read from flash cache (4 bytes @ 0x00000C9C)
T3260 003:781.301   Data:  80 B5 6F 46
T3260 003:781.308 - 0.032ms returns 0
T87C0 003:808.641 JLINK_GetNumBPUnits(Type = 0xFFFFFF00)
T87C0 003:808.664 - 0.023ms returns 0x08
T87C0 003:808.670 JLINK_GetNumWPUnits()
T87C0 003:808.674 - 0.004ms returns 4
T87C0 003:808.679 JLINK_GetNumWPUnits()
T87C0 003:808.683 - 0.003ms returns 4
T87C0 003:808.847 JLINK_GetNumBPUnits(Type = 0xFFFFFF00)
T87C0 003:808.862 - 0.015ms returns 0x08
T87C0 003:808.867 JLINK_GetNumWPUnits()
T87C0 003:808.871 - 0.004ms returns 4
T87C0 003:808.876 JLINK_GetNumWPUnits()
T87C0 003:808.879 - 0.003ms returns 4
T87C0 003:809.087 JLINK_GetNumBPUnits(Type = 0xFFFFFF00)
T87C0 003:809.101 - 0.014ms returns 0x08
T87C0 003:809.106 JLINK_GetNumWPUnits()
T87C0 003:809.110 - 0.003ms returns 4
T87C0 003:809.114 JLINK_GetNumWPUnits()
T87C0 003:809.118 - 0.003ms returns 4
T87C0 003:809.472 JLINK_GetNumBPUnits(Type = 0xFFFFFF00)
T87C0 003:809.484 - 0.012ms returns 0x08
T87C0 003:809.488 JLINK_GetNumWPUnits()
T87C0 003:809.493 - 0.003ms returns 4
T87C0 003:809.497 JLINK_GetNumWPUnits()
T87C0 003:809.501 - 0.003ms returns 4
T87C0 003:809.909 JLINK_GetNumBPUnits(Type = 0xFFFFFF00)
T87C0 003:809.922 - 0.013ms returns 0x08
T87C0 003:809.927 JLINK_GetNumWPUnits()
T87C0 003:809.931 - 0.003ms returns 4
T87C0 003:809.936 JLINK_GetNumWPUnits()
T87C0 003:809.939 - 0.003ms returns 4
T87C0 003:810.036 JLINK_ReadReg(XPSR)
T87C0 003:810.703 - 0.667ms returns 0xF9000000
T87C0 003:810.719 JLINK_ReadReg(R15 (PC))
T87C0 003:810.724 - 0.005ms returns 0x00000C9C
T87C0 003:810.828 JLINK_GetNumBPUnits(Type = 0xFFFFFF00)
T87C0 003:810.834 - 0.007ms returns 0x08
T87C0 003:810.839 JLINK_GetNumWPUnits()
T87C0 003:810.843 - 0.003ms returns 4
T87C0 003:810.848 JLINK_GetNumWPUnits()
T87C0 003:810.856 - 0.007ms returns 4
T87C0 003:811.017 JLINK_GetNumBPUnits(Type = 0xFFFFFF00)
T87C0 003:811.030 - 0.013ms returns 0x08
T87C0 003:811.035 JLINK_GetNumWPUnits()
T87C0 003:811.039 - 0.003ms returns 4
T87C0 003:811.044 JLINK_GetNumWPUnits()
T87C0 003:811.048 - 0.004ms returns 4
T87C0 003:811.161 JLINK_GetNumBPUnits(Type = 0xFFFFFF00)
T87C0 003:811.170 - 0.009ms returns 0x08
T87C0 003:811.177 JLINK_GetNumWPUnits()
T87C0 003:811.182 - 0.005ms returns 4
T87C0 003:811.188 JLINK_GetNumWPUnits()
T87C0 003:811.195 - 0.006ms returns 4
T3260 004:384.667 JLINK_ReadMem(0x00000C9C, 0x4 Bytes, ...)
T3260 004:384.715    -- Read from flash cache (4 bytes @ 0x00000C9C)
T3260 004:384.721   Data:  80 B5 6F 46
T3260 004:384.728 - 0.061ms returns 0
T3260 007:038.703 JLINK_STRACE_Read(..., NumItems = 0x10000)
T3260 007:038.743   Initializing trace type buffer with configured Coresight trace components (* indicates set/detected address):
T3260 007:038.749    *TF:   0xE0047000
T3260 007:038.753    *TMC:  0xE0048000
T3260 007:038.757     ETB:  0x00000000
T3260 007:038.761     MTB:  0x00000000
T3260 007:038.765    *TPIU: 0xE0040000
T3260 007:038.768    *ETM:  0xE0041000
T3260 007:038.772     STM:  0x00000000
T3260 007:038.776     PTM:  0x00000000
T3260 007:039.472 - 0.768ms NumItemsRead = 0x00
T3260 007:039.493 JLINK_IsHalted()
T3260 007:040.165 - 0.671ms returns TRUE
T3260 007:040.182 JLINK_STRACE_Read(..., NumItems = 0x10000)
T3260 007:040.188 - 0.005ms NumItemsRead = 0x00
T3260 007:040.194 JLINK_GoEx(MaxEmulInsts = 0, Flags = 0x01)
T3260 007:040.209   CPU_WriteMem(4 bytes @ 0xE0002000)
T3260 007:040.952   CPU_ReadMem(4 bytes @ 0xE0001000)
T3260 007:041.657   CPU_WriteMem(4 bytes @ 0xE0002008)
T3260 007:041.665   CPU_WriteMem(4 bytes @ 0xE000200C)
T3260 007:041.670   CPU_WriteMem(4 bytes @ 0xE0002010)
T3260 007:041.676   CPU_WriteMem(4 bytes @ 0xE0002014)
T3260 007:041.681   CPU_WriteMem(4 bytes @ 0xE0002018)
T3260 007:041.686   CPU_WriteMem(4 bytes @ 0xE000201C)
T3260 007:041.693   CPU_WriteMem(4 bytes @ 0xE0002020)
T3260 007:041.697   CPU_WriteMem(4 bytes @ 0xE0002024)
T3260 007:043.517   CPU_WriteMem(4 bytes @ 0xE0001004)
T3260 007:044.893   Memory map 'after startup completion point' is active
T3260 007:044.907 - 4.712ms 
T3260 007:144.259 JLINK_IsHalted()
T3260 007:147.987 - 3.727ms returns TRUE
T3260 007:148.010 JLINK_ReadReg(XPSR)
T3260 007:148.020   CPU_ReadMem(4 bytes @ 0xE000EE08)
T3260 007:148.737 - 0.726ms returns 0x69000000
T3260 007:148.745 JLINK_ReadReg(R15 (PC))
T3260 007:148.749 - 0.005ms returns 0x000000E0
T3260 007:148.757 JLINK_ReadReg(XPSR)
T3260 007:148.761 - 0.004ms returns 0x69000000
T3260 007:148.766 JLINK_ReadReg(XPSR)
T3260 007:148.770 - 0.004ms returns 0x69000000
T3260 007:148.775 JLINK_ReadReg(R15 (PC))
T3260 007:148.779 - 0.004ms returns 0x000000E0
T3260 007:148.784 JLINK_ReadReg(XPSR)
T3260 007:148.789 - 0.004ms returns 0x69000000
T3260 007:148.793 JLINK_ReadReg(XPSR)
T3260 007:148.798 - 0.005ms returns 0x69000000
T3260 007:148.816 JLINK_ReadMem(0x000000E0, 0x1 Bytes, ...)
T3260 007:148.822    -- Read from flash cache (1 bytes @ 0x000000E0)
T3260 007:148.828   Data:  FF
T3260 007:148.834 - 0.018ms returns 0
T3260 007:148.840 JLINK_IsHalted()
T3260 007:148.844 - 0.003ms returns TRUE
T3260 007:148.849 JLINK_ReadReg(XPSR)
T3260 007:148.853 - 0.004ms returns 0x69000000
T3260 007:148.857 JLINK_ReadReg(XPSR)
T3260 007:148.861 - 0.004ms returns 0x69000000
T3260 007:148.866 JLINK_ReadReg(R15 (PC))
T3260 007:148.872 - 0.005ms returns 0x000000E0
T3260 007:148.877 JLINK_ReadReg(XPSR)
T3260 007:148.881 - 0.004ms returns 0x69000000
T3260 007:148.885 JLINK_ReadReg(XPSR)
T3260 007:148.889 - 0.004ms returns 0x69000000
T3260 007:148.893 JLINK_ReadMem(0x000000E0, 0x1 Bytes, ...)
T3260 007:148.897    -- Read from flash cache (1 bytes @ 0x000000E0)
T3260 007:148.905   Data:  FF
T3260 007:148.910 - 0.017ms returns 0
T3260 007:148.984 JLINK_IsHalted()
T3260 007:148.989 - 0.004ms returns TRUE
T3260 007:148.993 JLINK_ReadReg(XPSR)
T3260 007:148.997 - 0.004ms returns 0x69000000
T3260 007:149.066 JLINK_ReadReg(R15 (PC))
T3260 007:149.071 - 0.004ms returns 0x000000E0
T3260 007:149.076 JLINK_ReadReg(XPSR)
T3260 007:149.081 - 0.004ms returns 0x69000000
T3260 007:149.085 JLINK_ReadReg(XPSR)
T3260 007:149.089 - 0.004ms returns 0x69000000
T3260 007:149.093 JLINK_ReadReg(R15 (PC))
T3260 007:149.097 - 0.004ms returns 0x000000E0
T3260 007:149.102 JLINK_ReadReg(XPSR)
T3260 007:149.107 - 0.004ms returns 0x69000000
T3260 007:149.111 JLINK_ReadReg(XPSR)
T3260 007:149.115 - 0.004ms returns 0x69000000
T3260 007:149.120 JLINK_ReadMem(0x000000E0, 0x1 Bytes, ...)
T3260 007:149.125    -- Read from flash cache (1 bytes @ 0x000000E0)
T3260 007:149.131   Data:  FF
T3260 007:149.137 - 0.016ms returns 0
T3260 007:149.141 JLINK_IsHalted()
T3260 007:149.148 - 0.006ms returns TRUE
T3260 007:149.153 JLINK_ReadReg(XPSR)
T3260 007:149.157 - 0.004ms returns 0x69000000
T3260 007:149.161 JLINK_ReadReg(XPSR)
T3260 007:149.165 - 0.004ms returns 0x69000000
T3260 007:149.170 JLINK_ReadReg(R15 (PC))
T3260 007:149.174 - 0.004ms returns 0x000000E0
T3260 007:149.179 JLINK_ReadReg(XPSR)
T3260 007:149.184 - 0.004ms returns 0x69000000
T3260 007:149.188 JLINK_ReadReg(XPSR)
T3260 007:149.192 - 0.004ms returns 0x69000000
T3260 007:149.197 JLINK_ReadMem(0x000000E0, 0x1 Bytes, ...)
T3260 007:149.201    -- Read from flash cache (1 bytes @ 0x000000E0)
T3260 007:149.208   Data:  FF
T3260 007:149.213 - 0.016ms returns 0
T3260 007:149.912 JLINK_ReadRegs(NumRegs = 22)
T3260 007:149.939   
  R0 (0)        = 0x00                 R1 (1)        = 0x40006300           R2 (2)        = 0x1B9                R3 (3)        = 0x10              
  R4 (4)        = 0x00                 R5 (5)        = 0x00                 R6 (6)        = 0x00                 R7 (7)        = 0x20000410        
  R8 (8)        = 0x20000440           R9 (9)        = 0x200004E0           R10 (10)      = 0x9EBDD746           R11 (11)      = 0xA4262581        
  R12 (12)      = 0x4001E3FE           R13 (SP) (13) = 0x20000410           R14 (14)      = 0xCA9                R15 (PC) (15) = 0xE0              
  XPSR (16)     = 0x69000000           MSP (17)      = 0x20000410           PSP (18)      = 0x00                 MSPLIM (86)   = 0x20000020        
  PSPLIM (87)   = 0x00                 CFBP (20)     = 0x00              
T3260 007:149.945 - 0.033ms returns 0x00
T3260 007:150.861 JLINK_ReadMem(0x000000E0, 0x4 Bytes, ...)
T3260 007:150.878    -- Read from flash cache (4 bytes @ 0x000000E0)
T3260 007:150.885   Data:  FF F7 C2 FF
T3260 007:150.891 - 0.029ms returns 0
T3260 007:151.501 JLINK_ClrBPEx(BPHandle = 0x00000002)
T3260 007:151.517 - 0.015ms returns 0x00
T3260 007:163.763 JLINK_ReadMem(0x000000E0, 0x4 Bytes, ...)
T3260 007:163.792    -- Read from flash cache (4 bytes @ 0x000000E0)
T3260 007:163.798   Data:  FF F7 C2 FF
T3260 007:163.805 - 0.042ms returns 0
T87C0 008:151.615 JLINK_ReadReg(XPSR)
T87C0 008:152.281 - 0.667ms returns 0x69000000
T87C0 008:152.307 JLINK_ReadReg(R15 (PC))
T87C0 008:152.313 - 0.005ms returns 0x000000E0
T87C0 008:152.574 JLINK_IsHalted()
T87C0 008:152.590 - 0.016ms returns TRUE
T87C0 008:152.596 JLINK_ReadReg(XPSR)
T87C0 008:152.605 - 0.008ms returns 0x69000000
T87C0 008:152.610 JLINK_ReadReg(R15 (PC))
T87C0 008:152.614 - 0.004ms returns 0x000000E0
T87C0 008:152.621 JLINK_ReadReg(XPSR)
T87C0 008:152.625 - 0.004ms returns 0x69000000
T87C0 008:152.630 JLINK_ReadReg(XPSR)
T87C0 008:152.634 - 0.004ms returns 0x69000000
T87C0 008:152.640 JLINK_ReadReg(R15 (PC))
T87C0 008:152.644 - 0.004ms returns 0x000000E0
T87C0 008:152.649 JLINK_ReadReg(XPSR)
T87C0 008:152.653 - 0.004ms returns 0x69000000
T87C0 008:152.658 JLINK_ReadReg(XPSR)
T87C0 008:152.662 - 0.004ms returns 0x69000000
T87C0 008:152.668 JLINK_ReadMem(0x000000E0, 0x1 Bytes, ...)
T87C0 008:152.677    -- Read from flash cache (1 bytes @ 0x000000E0)
T87C0 008:152.683   Data:  FF
T87C0 008:152.689 - 0.020ms returns 0
T87C0 008:152.693 JLINK_IsHalted()
T87C0 008:152.697 - 0.003ms returns TRUE
T87C0 008:152.702 JLINK_ReadReg(XPSR)
T87C0 008:152.713 - 0.010ms returns 0x69000000
T87C0 008:152.717 JLINK_ReadReg(XPSR)
T87C0 008:152.721 - 0.004ms returns 0x69000000
T87C0 008:152.726 JLINK_ReadReg(R15 (PC))
T87C0 008:152.731 - 0.004ms returns 0x000000E0
T87C0 008:152.736 JLINK_ReadReg(XPSR)
T87C0 008:152.740 - 0.004ms returns 0x69000000
T87C0 008:152.744 JLINK_ReadReg(XPSR)
T87C0 008:152.749 - 0.004ms returns 0x69000000
T87C0 008:152.753 JLINK_ReadMem(0x000000E0, 0x1 Bytes, ...)
T87C0 008:152.764    -- Read from flash cache (1 bytes @ 0x000000E0)
T87C0 008:152.769   Data:  FF
T87C0 008:152.775 - 0.022ms returns 0
T87C0 008:152.815 JLINK_ReadMem(0xE0001000, 0x4 Bytes, ...)
T87C0 008:152.821   CPU_ReadMem(4 bytes @ 0xE0001000)
T87C0 008:153.498   Data:  01 00 00 40
T87C0 008:153.512   Debug reg: DWT_CTRL
T87C0 008:153.517 - 0.702ms returns 0
T87C0 008:153.530 JLINK_WriteMem(0xE0001FB0, 0x8 Bytes, ...)
T87C0 008:153.534   Data:  00 00 00 00 55 CE AC C5
T87C0 008:153.733   CPU_WriteMem(8 bytes @ 0xE0001FB0)
T87C0 008:154.495 - 0.964ms returns 0x8
T87C0 008:154.509 JLINK_ReadMem(0xE000EDFC, 0x4 Bytes, ...)
T87C0 008:154.517   CPU_ReadMem(4 bytes @ 0xE000EDFC)
T87C0 008:155.205   Data:  00 00 10 01
T87C0 008:155.218   Debug reg: DEMCR
T87C0 008:155.224 - 0.715ms returns 0
T87C0 008:155.480 JLINK_ReadMem(0xE0001004, 0x4 Bytes, ...)
T87C0 008:155.489   CPU_ReadMem(4 bytes @ 0xE0001004)
T87C0 008:156.169   Data:  DB 18 02 00
T87C0 008:156.177   Debug reg: DWT_CYCCNT
T87C0 008:156.183 - 0.703ms returns 0
T3260 009:382.998 JLINK_STRACE_Read(..., NumItems = 0x10000)
T3260 009:383.033 - 0.035ms NumItemsRead = 0x00
T3260 009:383.179 JLINK_ReadMem(0xE0001004, 0x4 Bytes, ...)
T3260 009:383.194   Data:  DB 18 02 00
T3260 009:383.200   Debug reg: DWT_CYCCNT
T3260 009:383.206 - 0.026ms returns 0
T3260 009:383.213 JLINK_IsHalted()
T3260 009:383.863 - 0.650ms returns TRUE
T3260 009:383.884 JLINK_STRACE_Read(..., NumItems = 0x10000)
T3260 009:383.892 - 0.007ms NumItemsRead = 0x00
T3260 009:384.046 JLINK_ReadMem(0xE0001004, 0x4 Bytes, ...)
T3260 009:384.058   Data:  DB 18 02 00
T3260 009:384.064   Debug reg: DWT_CYCCNT
T3260 009:384.070 - 0.024ms returns 0
T3260 009:384.078 JLINK_GoEx(MaxEmulInsts = 0, Flags = 0x01)
T3260 009:384.091   CPU_ReadMem(4 bytes @ 0xE0001000)
T3260 009:384.840   CPU_WriteMem(4 bytes @ 0xE0002008)
T3260 009:386.414 - 2.336ms 
T3260 009:488.454 JLINK_IsHalted()
T3260 009:489.205 - 0.750ms returns FALSE
T3260 009:489.219 JLINK_IsHalted()
T3260 009:489.882 - 0.662ms returns FALSE
T3260 009:597.204 JLINK_IsHalted()
T3260 009:597.936 - 0.731ms returns FALSE
T3260 009:597.947 JLINK_IsHalted()
T3260 009:598.613 - 0.666ms returns FALSE
T3260 009:706.572 JLINK_IsHalted()
T3260 009:707.292 - 0.719ms returns FALSE
T3260 009:707.299 JLINK_IsHalted()
T3260 009:708.028 - 0.728ms returns FALSE
T3260 009:815.958 JLINK_IsHalted()
T3260 009:816.728 - 0.770ms returns FALSE
T3260 009:816.738 JLINK_IsHalted()
T3260 009:817.514 - 0.776ms returns FALSE
T3260 009:925.580 JLINK_IsHalted()
T3260 009:926.294 - 0.714ms returns FALSE
T3260 009:926.301 JLINK_IsHalted()
T3260 009:926.926 - 0.625ms returns FALSE
T3260 010:034.738 JLINK_IsHalted()
T3260 010:035.533 - 0.792ms returns FALSE
T3260 010:035.553 JLINK_IsHalted()
T3260 010:036.234 - 0.681ms returns FALSE
T3260 010:144.318 JLINK_IsHalted()
T3260 010:145.149 - 0.829ms returns FALSE
T3260 010:145.171 JLINK_IsHalted()
T3260 010:145.848 - 0.675ms returns FALSE
T3260 010:253.574 JLINK_IsHalted()
T3260 010:254.326 - 0.750ms returns FALSE
T3260 010:254.332 JLINK_IsHalted()
T3260 010:255.070 - 0.735ms returns FALSE
T3260 010:362.545 JLINK_IsHalted()
T3260 010:363.246 - 0.701ms returns FALSE
T3260 010:363.254 JLINK_IsHalted()
T3260 010:363.882 - 0.626ms returns FALSE
T87C0 010:384.419 JLINK_IsHalted()
T87C0 010:385.118 - 0.700ms returns FALSE
T87C0 010:385.126 JLINK_IsHalted()
T87C0 010:385.762 - 0.635ms returns FALSE
T3260 010:472.019 JLINK_IsHalted()
T3260 010:472.736 - 0.717ms returns FALSE
T3260 010:472.743 JLINK_IsHalted()
T3260 010:473.393 - 0.648ms returns FALSE
T3260 010:582.007 JLINK_IsHalted()
T3260 010:582.720 - 0.712ms returns FALSE
T3260 010:582.731 JLINK_IsHalted()
T3260 010:583.358 - 0.626ms returns FALSE
T3260 010:690.848 JLINK_IsHalted()
T3260 010:691.588 - 0.740ms returns FALSE
T3260 010:691.598 JLINK_IsHalted()
T3260 010:692.213 - 0.614ms returns FALSE
T3260 010:800.371 JLINK_IsHalted()
T3260 010:801.063 - 0.691ms returns FALSE
T3260 010:801.080 JLINK_IsHalted()
T3260 010:801.879 - 0.798ms returns FALSE
T3260 010:910.194 JLINK_IsHalted()
T3260 010:910.976 - 0.781ms returns FALSE
T3260 010:911.003 JLINK_IsHalted()
T3260 010:911.732 - 0.729ms returns FALSE
T3260 011:020.147 JLINK_IsHalted()
T3260 011:020.898 - 0.750ms returns FALSE
T3260 011:020.910 JLINK_IsHalted()
T3260 011:021.565 - 0.653ms returns FALSE
T3260 011:128.550 JLINK_IsHalted()
T3260 011:129.394 - 0.843ms returns FALSE
T3260 011:129.414 JLINK_IsHalted()
T3260 011:130.178 - 0.764ms returns FALSE
T3260 011:237.542 JLINK_IsHalted()
T3260 011:238.297 - 0.753ms returns FALSE
T3260 011:238.310 JLINK_IsHalted()
T3260 011:238.973 - 0.661ms returns FALSE
T3260 011:347.618 JLINK_IsHalted()
T3260 011:348.360 - 0.741ms returns FALSE
T3260 011:348.375 JLINK_IsHalted()
T3260 011:349.044 - 0.668ms returns FALSE
T87C0 011:385.818 JLINK_IsHalted()
T87C0 011:386.542 - 0.723ms returns FALSE
T87C0 011:386.554 JLINK_IsHalted()
T87C0 011:387.238 - 0.684ms returns FALSE
T3260 011:456.499 JLINK_IsHalted()
T3260 011:457.146 - 0.644ms returns FALSE
T3260 011:457.167 JLINK_IsHalted()
T3260 011:457.831 - 0.664ms returns FALSE
T3260 011:566.437 JLINK_IsHalted()
T3260 011:567.370 - 0.932ms returns FALSE
T3260 011:567.376 JLINK_IsHalted()
T3260 011:568.232 - 0.855ms returns FALSE
T3260 011:675.037 JLINK_IsHalted()
T3260 011:675.785 - 0.748ms returns FALSE
T3260 011:675.792 JLINK_IsHalted()
T3260 011:676.515 - 0.723ms returns FALSE
T3260 011:784.348 JLINK_IsHalted()
T3260 011:785.096 - 0.747ms returns FALSE
T3260 011:785.103 JLINK_IsHalted()
T3260 011:785.763 - 0.658ms returns FALSE
T3260 011:893.807 JLINK_IsHalted()
T3260 011:894.561 - 0.753ms returns FALSE
T3260 011:894.568 JLINK_IsHalted()
T3260 011:895.208 - 0.639ms returns FALSE
T3260 012:003.425 JLINK_IsHalted()
T3260 012:004.129 - 0.704ms returns FALSE
T3260 012:004.136 JLINK_IsHalted()
T3260 012:004.822 - 0.685ms returns FALSE
T3260 012:113.212 JLINK_IsHalted()
T3260 012:113.918 - 0.706ms returns FALSE
T3260 012:113.926 JLINK_IsHalted()
T3260 012:114.615 - 0.689ms returns FALSE
T3260 012:222.862 JLINK_IsHalted()
T3260 012:223.658 - 0.795ms returns FALSE
T3260 012:223.666 JLINK_IsHalted()
T3260 012:224.356 - 0.690ms returns FALSE
T3260 012:332.299 JLINK_IsHalted()
T3260 012:333.037 - 0.735ms returns FALSE
T3260 012:333.045 JLINK_IsHalted()
T3260 012:333.743 - 0.698ms returns FALSE
T87C0 012:387.062 JLINK_IsHalted()
T87C0 012:387.781 - 0.717ms returns FALSE
T87C0 012:387.788 JLINK_IsHalted()
T87C0 012:388.514 - 0.725ms returns FALSE
T3260 012:441.130 JLINK_IsHalted()
T3260 012:441.886 - 0.754ms returns FALSE
T3260 012:441.893 JLINK_IsHalted()
T3260 012:442.630 - 0.736ms returns FALSE
T3260 012:550.346 JLINK_IsHalted()
T3260 012:551.222 - 0.874ms returns FALSE
T3260 012:551.229 JLINK_IsHalted()
T3260 012:552.020 - 0.790ms returns FALSE
T3260 012:660.228 JLINK_IsHalted()
T3260 012:660.899 - 0.669ms returns FALSE
T3260 012:660.912 JLINK_IsHalted()
T3260 012:661.599 - 0.687ms returns FALSE
T3260 012:769.592 JLINK_IsHalted()
T3260 012:770.333 - 0.739ms returns FALSE
T3260 012:770.346 JLINK_IsHalted()
T3260 012:771.068 - 0.720ms returns FALSE
T3260 012:878.541 JLINK_IsHalted()
T3260 012:879.505 - 0.963ms returns FALSE
T3260 012:879.519 JLINK_IsHalted()
T3260 012:880.259 - 0.739ms returns FALSE
T3260 012:987.492 JLINK_IsHalted()
T3260 012:988.187 - 0.695ms returns FALSE
T3260 012:988.202 JLINK_IsHalted()
T3260 012:988.880 - 0.677ms returns FALSE
T3260 013:096.912 JLINK_IsHalted()
T3260 013:097.762 - 0.849ms returns FALSE
T3260 013:097.771 JLINK_IsHalted()
T3260 013:098.507 - 0.735ms returns FALSE
T3260 013:206.318 JLINK_IsHalted()
T3260 013:207.030 - 0.711ms returns FALSE
T3260 013:207.046 JLINK_IsHalted()
T3260 013:207.720 - 0.673ms returns FALSE
T3260 013:316.037 JLINK_IsHalted()
T3260 013:316.750 - 0.710ms returns FALSE
T3260 013:316.764 JLINK_IsHalted()
T3260 013:317.426 - 0.661ms returns FALSE
T87C0 013:388.514 JLINK_IsHalted()
T87C0 013:389.252 - 0.738ms returns FALSE
T87C0 013:389.262 JLINK_IsHalted()
T87C0 013:389.865 - 0.602ms returns FALSE
T3260 013:425.173 JLINK_IsHalted()
T3260 013:425.874 - 0.699ms returns FALSE
T3260 013:425.888 JLINK_IsHalted()
T3260 013:426.488 - 0.599ms returns FALSE
T3260 013:534.917 JLINK_IsHalted()
T3260 013:535.666 - 0.749ms returns FALSE
T3260 013:535.674 JLINK_IsHalted()
T3260 013:536.366 - 0.692ms returns FALSE
T3260 013:644.139 JLINK_IsHalted()
T3260 013:645.002 - 0.862ms returns FALSE
T3260 013:645.010 JLINK_IsHalted()
T3260 013:645.680 - 0.670ms returns FALSE
T3260 013:753.861 JLINK_IsHalted()
T3260 013:754.637 - 0.775ms returns FALSE
T3260 013:754.643 JLINK_IsHalted()
T3260 013:755.386 - 0.742ms returns FALSE
T3260 013:863.070 JLINK_IsHalted()
T3260 013:863.813 - 0.741ms returns FALSE
T3260 013:863.819 JLINK_IsHalted()
T3260 013:864.504 - 0.684ms returns FALSE
T3260 013:972.035 JLINK_IsHalted()
T3260 013:972.910 - 0.874ms returns FALSE
T3260 013:972.938 JLINK_IsHalted()
T3260 013:973.658 - 0.719ms returns FALSE
T3260 014:081.869 JLINK_IsHalted()
T3260 014:082.758 - 0.890ms returns FALSE
T3260 014:082.765 JLINK_IsHalted()
T3260 014:083.584 - 0.817ms returns FALSE
T3260 014:191.429 JLINK_IsHalted()
T3260 014:192.168 - 0.740ms returns FALSE
T3260 014:192.176 JLINK_IsHalted()
T3260 014:192.827 - 0.650ms returns FALSE
T3260 014:300.296 JLINK_IsHalted()
T3260 014:301.005 - 0.708ms returns FALSE
T3260 014:301.018 JLINK_IsHalted()
T3260 014:301.754 - 0.734ms returns FALSE
T87C0 014:389.922 JLINK_IsHalted()
T87C0 014:390.794 - 0.872ms returns FALSE
T87C0 014:390.808 JLINK_IsHalted()
T87C0 014:391.579 - 0.769ms returns FALSE
T3260 014:410.384 JLINK_IsHalted()
T3260 014:411.274 - 0.889ms returns FALSE
T3260 014:411.307 JLINK_IsHalted()
T3260 014:412.147 - 0.840ms returns FALSE
T3260 014:519.445 JLINK_IsHalted()
T3260 014:520.229 - 0.783ms returns FALSE
T3260 014:520.235 JLINK_IsHalted()
T3260 014:520.922 - 0.686ms returns FALSE
T3260 014:628.226 JLINK_IsHalted()
T3260 014:628.923 - 0.697ms returns FALSE
T3260 014:628.931 JLINK_IsHalted()
T3260 014:629.587 - 0.655ms returns FALSE
T3260 014:738.242 JLINK_IsHalted()
T3260 014:739.146 - 0.904ms returns FALSE
T3260 014:739.152 JLINK_IsHalted()
T3260 014:739.894 - 0.741ms returns FALSE
T3260 014:847.613 JLINK_IsHalted()
T3260 014:848.371 - 0.758ms returns FALSE
T3260 014:848.379 JLINK_IsHalted()
T3260 014:849.032 - 0.652ms returns FALSE
T3260 014:956.480 JLINK_IsHalted()
T3260 014:957.342 - 0.860ms returns FALSE
T3260 014:957.349 JLINK_IsHalted()
T3260 014:958.107 - 0.757ms returns FALSE
T3260 015:066.470 JLINK_IsHalted()
T3260 015:067.339 - 0.869ms returns FALSE
T3260 015:067.360 JLINK_IsHalted()
T3260 015:068.026 - 0.664ms returns FALSE
T3260 015:175.389 JLINK_IsHalted()
T3260 015:176.128 - 0.737ms returns FALSE
T3260 015:176.141 JLINK_IsHalted()
T3260 015:177.005 - 0.862ms returns FALSE
T3260 015:284.838 JLINK_IsHalted()
T3260 015:285.544 - 0.706ms returns FALSE
T3260 015:285.571 JLINK_IsHalted()
T3260 015:286.274 - 0.702ms returns FALSE
T87C0 015:391.688 JLINK_IsHalted()
T87C0 015:392.613 - 0.925ms returns FALSE
T87C0 015:392.630 JLINK_IsHalted()
T87C0 015:393.446 - 0.816ms returns FALSE
T3260 015:394.445 JLINK_IsHalted()
T3260 015:395.266 - 0.820ms returns FALSE
T3260 015:395.280 JLINK_IsHalted()
T3260 015:396.024 - 0.742ms returns FALSE
T3260 015:503.515 JLINK_IsHalted()
T3260 015:504.250 - 0.732ms returns FALSE
T3260 015:504.269 JLINK_IsHalted()
T3260 015:504.958 - 0.688ms returns FALSE
T3260 015:612.550 JLINK_IsHalted()
T3260 015:613.344 - 0.794ms returns FALSE
T3260 015:613.363 JLINK_IsHalted()
T3260 015:614.037 - 0.673ms returns FALSE
T3260 015:722.229 JLINK_IsHalted()
T3260 015:722.941 - 0.712ms returns FALSE
T3260 015:722.963 JLINK_IsHalted()
T3260 015:723.642 - 0.678ms returns FALSE
T3260 015:831.298 JLINK_IsHalted()
T3260 015:832.026 - 0.728ms returns FALSE
T3260 015:832.048 JLINK_IsHalted()
T3260 015:832.747 - 0.699ms returns FALSE
T3260 015:940.701 JLINK_IsHalted()
T3260 015:941.365 - 0.663ms returns FALSE
T3260 015:941.378 JLINK_IsHalted()
T3260 015:942.080 - 0.701ms returns FALSE
T3260 016:050.787 JLINK_IsHalted()
T3260 016:051.518 - 0.730ms returns FALSE
T3260 016:051.539 JLINK_IsHalted()
T3260 016:052.186 - 0.645ms returns FALSE
T3260 016:159.558 JLINK_IsHalted()
T3260 016:160.373 - 0.813ms returns FALSE
T3260 016:160.390 JLINK_IsHalted()
T3260 016:161.056 - 0.664ms returns FALSE
T3260 016:268.794 JLINK_IsHalted()
T3260 016:269.618 - 0.823ms returns FALSE
T3260 016:269.624 JLINK_IsHalted()
T3260 016:270.307 - 0.682ms returns FALSE
T3260 016:378.693 JLINK_IsHalted()
T3260 016:379.550 - 0.856ms returns FALSE
T3260 016:379.570 JLINK_IsHalted()
T3260 016:380.262 - 0.693ms returns FALSE
T87C0 016:393.958 JLINK_IsHalted()
T87C0 016:394.678 - 0.719ms returns FALSE
T87C0 016:394.701 JLINK_IsHalted()
T87C0 016:395.347 - 0.646ms returns FALSE
T3260 016:487.525 JLINK_IsHalted()
T3260 016:488.274 - 0.747ms returns FALSE
T3260 016:488.291 JLINK_IsHalted()
T3260 016:488.957 - 0.666ms returns FALSE
T3260 016:597.754 JLINK_IsHalted()
T3260 016:598.709 - 0.955ms returns FALSE
T3260 016:598.717 JLINK_IsHalted()
T3260 016:599.498 - 0.781ms returns FALSE
T3260 016:706.968 JLINK_IsHalted()
T3260 016:707.747 - 0.777ms returns FALSE
T3260 016:707.762 JLINK_IsHalted()
T3260 016:708.490 - 0.726ms returns FALSE
T3260 016:816.488 JLINK_IsHalted()
T3260 016:817.274 - 0.786ms returns FALSE
T3260 016:817.296 JLINK_IsHalted()
T3260 016:817.998 - 0.702ms returns FALSE
T3260 016:925.060 JLINK_IsHalted()
T3260 016:926.064 - 1.002ms returns FALSE
T3260 016:926.094 JLINK_IsHalted()
T3260 016:926.954 - 0.858ms returns FALSE
T3260 017:035.146 JLINK_IsHalted()
T3260 017:035.876 - 0.729ms returns FALSE
T3260 017:035.894 JLINK_IsHalted()
T3260 017:036.548 - 0.653ms returns FALSE
T3260 017:144.252 JLINK_IsHalted()
T3260 017:144.984 - 0.730ms returns FALSE
T3260 017:145.006 JLINK_IsHalted()
T3260 017:145.738 - 0.731ms returns FALSE
T3260 017:253.634 JLINK_IsHalted()
T3260 017:254.426 - 0.788ms returns FALSE
T3260 017:254.434 JLINK_IsHalted()
T3260 017:255.058 - 0.622ms returns FALSE
T3260 017:362.658 JLINK_IsHalted()
T3260 017:363.382 - 0.722ms returns FALSE
T3260 017:363.404 JLINK_IsHalted()
T3260 017:364.100 - 0.692ms returns FALSE
T87C0 017:395.612 JLINK_IsHalted()
T87C0 017:396.294 - 0.683ms returns FALSE
T87C0 017:396.316 JLINK_IsHalted()
T87C0 017:397.028 - 0.710ms returns FALSE
T3260 017:472.548 JLINK_IsHalted()
T3260 017:473.260 - 0.712ms returns FALSE
T3260 017:473.300 JLINK_IsHalted()
T3260 017:474.002 - 0.702ms returns FALSE
T3260 017:581.978 JLINK_IsHalted()
T3260 017:582.720 - 0.742ms returns FALSE
T3260 017:582.738 JLINK_IsHalted()
T3260 017:583.492 - 0.754ms returns FALSE
T3260 017:691.362 JLINK_IsHalted()
T3260 017:692.228 - 0.865ms returns FALSE
T3260 017:692.246 JLINK_IsHalted()
T3260 017:692.922 - 0.673ms returns FALSE
T3260 017:800.532 JLINK_IsHalted()
T3260 017:801.252 - 0.719ms returns FALSE
T3260 017:801.270 JLINK_IsHalted()
T3260 017:801.924 - 0.653ms returns FALSE
T3260 017:909.840 JLINK_IsHalted()
T3260 017:910.718 - 0.879ms returns FALSE
T3260 017:910.740 JLINK_IsHalted()
T3260 017:911.652 - 0.909ms returns FALSE
T3260 018:018.956 JLINK_IsHalted()
T3260 018:019.716 - 0.761ms returns FALSE
T3260 018:019.736 JLINK_IsHalted()
T3260 018:020.402 - 0.664ms returns FALSE
T3260 018:128.338 JLINK_IsHalted()
T3260 018:129.092 - 0.753ms returns FALSE
T3260 018:129.110 JLINK_IsHalted()
T3260 018:129.878 - 0.766ms returns FALSE
T3260 018:238.454 JLINK_IsHalted()
T3260 018:239.472 - 1.018ms returns FALSE
T3260 018:239.516 JLINK_IsHalted()
T3260 018:240.174 - 0.657ms returns FALSE
T3260 018:347.436 JLINK_IsHalted()
T3260 018:348.166 - 0.731ms returns FALSE
T3260 018:348.186 JLINK_IsHalted()
T3260 018:348.834 - 0.647ms returns FALSE
T87C0 018:396.604 JLINK_IsHalted()
T87C0 018:397.284 - 0.678ms returns FALSE
T87C0 018:397.302 JLINK_IsHalted()
T87C0 018:398.012 - 0.707ms returns FALSE
T3260 018:456.444 JLINK_IsHalted()
T3260 018:457.172 - 0.728ms returns FALSE
T3260 018:457.196 JLINK_IsHalted()
T3260 018:457.858 - 0.661ms returns FALSE
T3260 018:566.334 JLINK_IsHalted()
T3260 018:567.068 - 0.733ms returns FALSE
T3260 018:567.086 JLINK_IsHalted()
T3260 018:567.742 - 0.654ms returns FALSE
T3260 018:675.482 JLINK_IsHalted()
T3260 018:676.224 - 0.742ms returns FALSE
T3260 018:676.246 JLINK_IsHalted()
T3260 018:676.892 - 0.645ms returns FALSE
T3260 018:785.244 JLINK_IsHalted()
T3260 018:785.988 - 0.744ms returns FALSE
T3260 018:785.998 JLINK_IsHalted()
T3260 018:786.642 - 0.643ms returns FALSE
T3260 018:894.222 JLINK_IsHalted()
T3260 018:894.956 - 0.733ms returns FALSE
T3260 018:894.978 JLINK_IsHalted()
T3260 018:895.678 - 0.699ms returns FALSE
T3260 019:004.536 JLINK_IsHalted()
T3260 019:005.304 - 0.769ms returns FALSE
T3260 019:005.320 JLINK_IsHalted()
T3260 019:006.042 - 0.721ms returns FALSE
T3260 019:113.482 JLINK_IsHalted()
T3260 019:114.336 - 0.853ms returns FALSE
T3260 019:114.344 JLINK_IsHalted()
T3260 019:115.116 - 0.771ms returns FALSE
T3260 019:223.194 JLINK_IsHalted()
T3260 019:224.056 - 0.862ms returns FALSE
T3260 019:224.076 JLINK_IsHalted()
T3260 019:224.924 - 0.847ms returns FALSE
T3260 019:331.770 JLINK_IsHalted()
T3260 019:332.508 - 0.737ms returns FALSE
T3260 019:332.532 JLINK_IsHalted()
T3260 019:333.218 - 0.684ms returns FALSE
T87C0 019:398.198 JLINK_IsHalted()
T87C0 019:398.936 - 0.737ms returns FALSE
T87C0 019:398.950 JLINK_IsHalted()
T87C0 019:399.690 - 0.738ms returns FALSE
T3260 019:441.148 JLINK_IsHalted()
T3260 019:441.936 - 0.787ms returns FALSE
T3260 019:441.944 JLINK_IsHalted()
T3260 019:442.830 - 0.886ms returns FALSE
T3260 019:550.416 JLINK_IsHalted()
T3260 019:551.224 - 0.806ms returns FALSE
T3260 019:551.240 JLINK_IsHalted()
T3260 019:551.922 - 0.680ms returns FALSE
T3260 019:660.428 JLINK_IsHalted()
T3260 019:661.180 - 0.750ms returns FALSE
T3260 019:661.200 JLINK_IsHalted()
T3260 019:661.872 - 0.670ms returns FALSE
T3260 019:769.718 JLINK_IsHalted()
T3260 019:770.562 - 0.842ms returns FALSE
T3260 019:770.586 JLINK_IsHalted()
T3260 019:771.446 - 0.859ms returns FALSE
T3260 019:878.286 JLINK_IsHalted()
T3260 019:879.028 - 0.740ms returns FALSE
T3260 019:879.048 JLINK_IsHalted()
T3260 019:879.720 - 0.671ms returns FALSE
T3260 019:988.308 JLINK_IsHalted()
T3260 019:989.046 - 0.738ms returns FALSE
T3260 019:989.056 JLINK_IsHalted()
T3260 019:989.752 - 0.695ms returns FALSE
T3260 020:097.556 JLINK_IsHalted()
T3260 020:098.578 - 1.022ms returns FALSE
T3260 020:098.596 JLINK_IsHalted()
T3260 020:099.472 - 0.876ms returns FALSE
T3260 020:206.946 JLINK_IsHalted()
T3260 020:207.750 - 0.804ms returns FALSE
T3260 020:207.772 JLINK_IsHalted()
T3260 020:208.424 - 0.652ms returns FALSE
T3260 020:316.340 JLINK_IsHalted()
T3260 020:317.102 - 0.760ms returns FALSE
T3260 020:317.124 JLINK_IsHalted()
T3260 020:317.810 - 0.687ms returns FALSE
T87C0 020:400.324 JLINK_IsHalted()
T87C0 020:401.174 - 0.850ms returns FALSE
T87C0 020:401.196 JLINK_IsHalted()
T87C0 020:402.026 - 0.829ms returns FALSE
T3260 020:425.334 JLINK_IsHalted()
T3260 020:426.340 - 1.004ms returns FALSE
T3260 020:426.388 JLINK_IsHalted()
T3260 020:427.302 - 0.912ms returns FALSE
T3260 020:535.408 JLINK_IsHalted()
T3260 020:536.148 - 0.738ms returns FALSE
T3260 020:536.170 JLINK_IsHalted()
T3260 020:536.846 - 0.677ms returns FALSE
T3260 020:644.532 JLINK_IsHalted()
T3260 020:645.248 - 0.717ms returns FALSE
T3260 020:645.266 JLINK_IsHalted()
T3260 020:645.928 - 0.661ms returns FALSE
T3260 020:753.962 JLINK_IsHalted()
T3260 020:754.902 - 0.940ms returns FALSE
T3260 020:754.942 JLINK_IsHalted()
T3260 020:755.890 - 0.944ms returns FALSE
T3260 020:863.212 JLINK_IsHalted()
T3260 020:863.946 - 0.733ms returns FALSE
T3260 020:863.966 JLINK_IsHalted()
T3260 020:864.674 - 0.707ms returns FALSE
T3260 020:972.316 JLINK_IsHalted()
T3260 020:973.022 - 0.704ms returns FALSE
T3260 020:973.036 JLINK_IsHalted()
T3260 020:973.846 - 0.810ms returns FALSE
T3260 021:081.568 JLINK_IsHalted()
T3260 021:082.296 - 0.727ms returns FALSE
T3260 021:082.330 JLINK_IsHalted()
T3260 021:083.060 - 0.730ms returns FALSE
T3260 021:191.184 JLINK_IsHalted()
T3260 021:191.932 - 0.746ms returns FALSE
T3260 021:191.948 JLINK_IsHalted()
T3260 021:192.666 - 0.716ms returns FALSE
T3260 021:300.864 JLINK_IsHalted()
T3260 021:301.716 - 0.851ms returns FALSE
T3260 021:301.734 JLINK_IsHalted()
T3260 021:302.586 - 0.850ms returns FALSE
T87C0 021:402.852 JLINK_IsHalted()
T87C0 021:403.724 - 0.869ms returns FALSE
T87C0 021:403.740 JLINK_IsHalted()
T87C0 021:404.552 - 0.809ms returns FALSE
T3260 021:410.108 JLINK_IsHalted()
T3260 021:410.824 - 0.714ms returns FALSE
T3260 021:410.838 JLINK_IsHalted()
T3260 021:411.674 - 0.835ms returns FALSE
T3260 021:519.356 JLINK_IsHalted()
T3260 021:520.058 - 0.702ms returns FALSE
T3260 021:520.076 JLINK_IsHalted()
T3260 021:520.732 - 0.656ms returns FALSE
T3260 021:628.302 JLINK_IsHalted()
T3260 021:629.012 - 0.707ms returns FALSE
T3260 021:629.032 JLINK_IsHalted()
T3260 021:629.746 - 0.713ms returns FALSE
T3260 021:737.902 JLINK_IsHalted()
T3260 021:738.724 - 0.820ms returns FALSE
T3260 021:738.732 JLINK_IsHalted()
T3260 021:739.544 - 0.813ms returns FALSE
T3260 021:847.172 JLINK_IsHalted()
T3260 021:847.858 - 0.686ms returns FALSE
T3260 021:847.878 JLINK_IsHalted()
T3260 021:848.602 - 0.722ms returns FALSE
T3260 021:956.994 JLINK_IsHalted()
T3260 021:957.926 - 0.931ms returns FALSE
T3260 021:957.972 JLINK_IsHalted()
T3260 021:958.860 - 0.886ms returns FALSE
T3260 022:066.290 JLINK_IsHalted()
T3260 022:067.036 - 0.745ms returns FALSE
T3260 022:067.060 JLINK_IsHalted()
T3260 022:067.788 - 0.727ms returns FALSE
T3260 022:174.998 JLINK_IsHalted()
T3260 022:175.788 - 0.790ms returns FALSE
T3260 022:175.796 JLINK_IsHalted()
T3260 022:176.540 - 0.744ms returns FALSE
T3260 022:284.740 JLINK_IsHalted()
T3260 022:285.608 - 0.869ms returns FALSE
T3260 022:285.642 JLINK_IsHalted()
T3260 022:286.388 - 0.744ms returns FALSE
T3260 022:394.306 JLINK_IsHalted()
T3260 022:395.040 - 0.734ms returns FALSE
T3260 022:395.058 JLINK_IsHalted()
T3260 022:395.864 - 0.805ms returns FALSE
T87C0 022:404.406 JLINK_IsHalted()
T87C0 022:405.106 - 0.699ms returns FALSE
T87C0 022:405.124 JLINK_IsHalted()
T87C0 022:405.800 - 0.676ms returns FALSE
T3260 022:503.594 JLINK_IsHalted()
T3260 022:504.372 - 0.778ms returns FALSE
T3260 022:504.412 JLINK_IsHalted()
T3260 022:505.096 - 0.682ms returns FALSE
T3260 022:612.670 JLINK_IsHalted()
T3260 022:613.542 - 0.871ms returns FALSE
T3260 022:613.564 JLINK_IsHalted()
T3260 022:614.252 - 0.689ms returns FALSE
T3260 022:722.766 JLINK_IsHalted()
T3260 022:723.500 - 0.734ms returns FALSE
T3260 022:723.524 JLINK_IsHalted()
T3260 022:724.174 - 0.648ms returns FALSE
T3260 022:831.716 JLINK_IsHalted()
T3260 022:832.508 - 0.793ms returns FALSE
T3260 022:832.526 JLINK_IsHalted()
T3260 022:833.274 - 0.747ms returns FALSE
T3260 022:941.068 JLINK_IsHalted()
T3260 022:941.810 - 0.739ms returns FALSE
T3260 022:941.828 JLINK_IsHalted()
T3260 022:942.504 - 0.677ms returns FALSE
T3260 023:050.160 JLINK_IsHalted()
T3260 023:050.982 - 0.822ms returns FALSE
T3260 023:050.990 JLINK_IsHalted()
T3260 023:051.732 - 0.739ms returns FALSE
T3260 023:160.106 JLINK_IsHalted()
T3260 023:160.836 - 0.728ms returns FALSE
T3260 023:160.860 JLINK_IsHalted()
T3260 023:161.552 - 0.691ms returns FALSE
T3260 023:269.170 JLINK_IsHalted()
T3260 023:269.852 - 0.681ms returns FALSE
T3260 023:269.868 JLINK_IsHalted()
T3260 023:270.564 - 0.695ms returns FALSE
T3260 023:378.402 JLINK_IsHalted()
T3260 023:379.104 - 0.701ms returns FALSE
T3260 023:379.116 JLINK_IsHalted()
T3260 023:380.002 - 0.883ms returns FALSE
T87C0 023:405.984 JLINK_IsHalted()
T87C0 023:406.708 - 0.724ms returns FALSE
T87C0 023:406.730 JLINK_IsHalted()
T87C0 023:407.580 - 0.851ms returns FALSE
T3260 023:488.416 JLINK_IsHalted()
T3260 023:489.236 - 0.818ms returns FALSE
T3260 023:489.254 JLINK_IsHalted()
T3260 023:490.028 - 0.773ms returns FALSE
T3260 023:597.850 JLINK_IsHalted()
T3260 023:598.684 - 0.835ms returns FALSE
T3260 023:598.706 JLINK_IsHalted()
T3260 023:599.396 - 0.687ms returns FALSE
T3260 023:706.362 JLINK_IsHalted()
T3260 023:707.102 - 0.741ms returns FALSE
T3260 023:707.114 JLINK_IsHalted()
T3260 023:707.812 - 0.695ms returns FALSE
T3260 023:815.870 JLINK_IsHalted()
T3260 023:816.604 - 0.732ms returns FALSE
T3260 023:816.624 JLINK_IsHalted()
T3260 023:817.298 - 0.674ms returns FALSE
T3260 023:925.290 JLINK_IsHalted()
T3260 023:926.028 - 0.739ms returns FALSE
T3260 023:926.038 JLINK_IsHalted()
T3260 023:926.662 - 0.623ms returns FALSE
T3260 024:034.532 JLINK_IsHalted()
T3260 024:035.268 - 0.737ms returns FALSE
T3260 024:035.292 JLINK_IsHalted()
T3260 024:035.974 - 0.681ms returns FALSE
T3260 024:144.286 JLINK_IsHalted()
T3260 024:145.000 - 0.713ms returns FALSE
T3260 024:145.020 JLINK_IsHalted()
T3260 024:145.748 - 0.726ms returns FALSE
T3260 024:253.546 JLINK_IsHalted()
T3260 024:254.358 - 0.813ms returns FALSE
T3260 024:254.376 JLINK_IsHalted()
T3260 024:255.164 - 0.786ms returns FALSE
T3260 024:362.860 JLINK_IsHalted()
T3260 024:363.672 - 0.811ms returns FALSE
T3260 024:363.686 JLINK_IsHalted()
T3260 024:364.418 - 0.729ms returns FALSE
T87C0 024:408.204 JLINK_IsHalted()
T87C0 024:409.000 - 0.795ms returns FALSE
T87C0 024:409.018 JLINK_IsHalted()
T87C0 024:409.748 - 0.728ms returns FALSE
T3260 024:472.636 JLINK_IsHalted()
T3260 024:473.478 - 0.841ms returns FALSE
T3260 024:473.502 JLINK_IsHalted()
T3260 024:474.258 - 0.754ms returns FALSE
T3260 024:581.668 JLINK_IsHalted()
T3260 024:582.460 - 0.794ms returns FALSE
T3260 024:582.480 JLINK_IsHalted()
T3260 024:583.254 - 0.774ms returns FALSE
T3260 024:691.388 JLINK_IsHalted()
T3260 024:692.130 - 0.739ms returns FALSE
T3260 024:692.166 JLINK_IsHalted()
T3260 024:692.812 - 0.644ms returns FALSE
T3260 024:800.432 JLINK_IsHalted()
T3260 024:801.164 - 0.729ms returns FALSE
T3260 024:801.180 JLINK_IsHalted()
T3260 024:801.858 - 0.676ms returns FALSE
T3260 024:910.154 JLINK_IsHalted()
T3260 024:910.924 - 0.767ms returns FALSE
T3260 024:910.936 JLINK_IsHalted()
T3260 024:911.680 - 0.743ms returns FALSE
T3260 025:019.106 JLINK_IsHalted()
T3260 025:019.818 - 0.712ms returns FALSE
T3260 025:019.836 JLINK_IsHalted()
T3260 025:020.542 - 0.704ms returns FALSE
T3260 025:128.484 JLINK_IsHalted()
T3260 025:129.230 - 0.747ms returns FALSE
T3260 025:129.252 JLINK_IsHalted()
T3260 025:129.940 - 0.686ms returns FALSE
T3260 025:237.706 JLINK_IsHalted()
T3260 025:238.616 - 0.909ms returns FALSE
T3260 025:238.640 JLINK_IsHalted()
T3260 025:239.532 - 0.891ms returns FALSE
T3260 025:347.536 JLINK_IsHalted()
T3260 025:348.252 - 0.715ms returns FALSE
T3260 025:348.278 JLINK_IsHalted()
T3260 025:348.944 - 0.665ms returns FALSE
T87C0 025:409.616 JLINK_IsHalted()
T87C0 025:410.344 - 0.727ms returns FALSE
T87C0 025:410.364 JLINK_IsHalted()
T87C0 025:411.020 - 0.654ms returns FALSE
T3260 025:456.642 JLINK_IsHalted()
T3260 025:457.406 - 0.763ms returns FALSE
T3260 025:457.442 JLINK_IsHalted()
T3260 025:458.114 - 0.670ms returns FALSE
T3260 025:566.354 JLINK_IsHalted()
T3260 025:567.164 - 0.811ms returns FALSE
T3260 025:567.172 JLINK_IsHalted()
T3260 025:567.816 - 0.642ms returns FALSE
T3260 025:675.412 JLINK_IsHalted()
T3260 025:676.092 - 0.679ms returns FALSE
T3260 025:676.114 JLINK_IsHalted()
T3260 025:676.752 - 0.637ms returns FALSE
T3260 025:784.696 JLINK_IsHalted()
T3260 025:785.512 - 0.815ms returns FALSE
T3260 025:785.528 JLINK_IsHalted()
T3260 025:786.188 - 0.658ms returns FALSE
T3260 025:895.306 JLINK_IsHalted()
T3260 025:896.150 - 0.845ms returns FALSE
T3260 025:896.170 JLINK_IsHalted()
T3260 025:896.942 - 0.772ms returns FALSE
T3260 026:003.108 JLINK_IsHalted()
T3260 026:003.812 - 0.703ms returns FALSE
T3260 026:003.834 JLINK_IsHalted()
T3260 026:004.502 - 0.668ms returns FALSE
T3260 026:112.836 JLINK_IsHalted()
T3260 026:113.550 - 0.715ms returns FALSE
T3260 026:113.570 JLINK_IsHalted()
T3260 026:114.240 - 0.670ms returns FALSE
T3260 026:222.628 JLINK_IsHalted()
T3260 026:223.582 - 0.954ms returns FALSE
T3260 026:223.618 JLINK_IsHalted()
T3260 026:224.556 - 0.937ms returns FALSE
T3260 026:332.126 JLINK_IsHalted()
T3260 026:332.908 - 0.782ms returns FALSE
T3260 026:332.932 JLINK_IsHalted()
T3260 026:333.608 - 0.675ms returns FALSE
T87C0 026:411.034 JLINK_IsHalted()
T87C0 026:411.820 - 0.787ms returns FALSE
T87C0 026:411.838 JLINK_IsHalted()
T87C0 026:412.500 - 0.661ms returns FALSE
T3260 026:441.486 JLINK_IsHalted()
T3260 026:442.212 - 0.724ms returns FALSE
T3260 026:442.234 JLINK_IsHalted()
T3260 026:442.918 - 0.683ms returns FALSE
T3260 026:550.308 JLINK_IsHalted()
T3260 026:551.158 - 0.849ms returns FALSE
T3260 026:551.180 JLINK_IsHalted()
T3260 026:551.948 - 0.769ms returns FALSE
T3260 026:659.698 JLINK_IsHalted()
T3260 026:660.428 - 0.730ms returns FALSE
T3260 026:660.448 JLINK_IsHalted()
T3260 026:661.144 - 0.695ms returns FALSE
T3260 026:769.326 JLINK_IsHalted()
T3260 026:770.144 - 0.818ms returns FALSE
T3260 026:770.156 JLINK_IsHalted()
T3260 026:770.832 - 0.676ms returns FALSE
T3260 026:879.222 JLINK_IsHalted()
T3260 026:880.000 - 0.777ms returns FALSE
T3260 026:880.026 JLINK_IsHalted()
T3260 026:880.858 - 0.831ms returns FALSE
T3260 026:988.454 JLINK_IsHalted()
T3260 026:989.260 - 0.803ms returns FALSE
T3260 026:989.286 JLINK_IsHalted()
T3260 026:989.990 - 0.705ms returns FALSE
T3260 027:097.620 JLINK_IsHalted()
T3260 027:098.368 - 0.749ms returns FALSE
T3260 027:098.374 JLINK_IsHalted()
T3260 027:099.020 - 0.644ms returns FALSE
T3260 027:206.490 JLINK_IsHalted()
T3260 027:207.344 - 0.854ms returns FALSE
T3260 027:207.366 JLINK_IsHalted()
T3260 027:208.198 - 0.831ms returns FALSE
T3260 027:316.380 JLINK_IsHalted()
T3260 027:317.152 - 0.770ms returns FALSE
T3260 027:317.168 JLINK_IsHalted()
T3260 027:317.828 - 0.657ms returns FALSE
T87C0 027:413.510 JLINK_IsHalted()
T87C0 027:414.240 - 0.728ms returns FALSE
T87C0 027:414.260 JLINK_IsHalted()
T87C0 027:414.950 - 0.690ms returns FALSE
T3260 027:425.484 JLINK_IsHalted()
T3260 027:426.230 - 0.746ms returns FALSE
T3260 027:426.236 JLINK_IsHalted()
T3260 027:426.938 - 0.700ms returns FALSE
T3260 027:535.412 JLINK_IsHalted()
T3260 027:536.292 - 0.879ms returns FALSE
T3260 027:536.310 JLINK_IsHalted()
T3260 027:537.152 - 0.843ms returns FALSE
T3260 027:644.572 JLINK_IsHalted()
T3260 027:645.328 - 0.751ms returns FALSE
T3260 027:645.348 JLINK_IsHalted()
T3260 027:646.022 - 0.673ms returns FALSE
T3260 027:753.212 JLINK_IsHalted()
T3260 027:753.990 - 0.775ms returns FALSE
T3260 027:753.996 JLINK_IsHalted()
T3260 027:754.698 - 0.697ms returns FALSE
T3260 027:863.338 JLINK_IsHalted()
T3260 027:864.166 - 0.827ms returns FALSE
T3260 027:864.186 JLINK_IsHalted()
T3260 027:864.860 - 0.674ms returns FALSE
T3260 027:972.324 JLINK_IsHalted()
T3260 027:973.052 - 0.727ms returns FALSE
T3260 027:973.072 JLINK_IsHalted()
T3260 027:973.744 - 0.672ms returns FALSE
T3260 028:082.332 JLINK_IsHalted()
T3260 028:083.276 - 0.940ms returns FALSE
T3260 028:083.318 JLINK_IsHalted()
T3260 028:084.188 - 0.868ms returns FALSE
T3260 028:190.684 JLINK_IsHalted()
T3260 028:191.508 - 0.821ms returns FALSE
T3260 028:191.526 JLINK_IsHalted()
T3260 028:192.202 - 0.675ms returns FALSE
T3260 028:300.444 JLINK_IsHalted()
T3260 028:301.178 - 0.729ms returns FALSE
T3260 028:301.200 JLINK_IsHalted()
T3260 028:301.860 - 0.659ms returns FALSE
T3260 028:409.484 JLINK_IsHalted()
T3260 028:410.192 - 0.705ms returns FALSE
T3260 028:410.202 JLINK_IsHalted()
T3260 028:410.828 - 0.625ms returns FALSE
T87C0 028:415.180 JLINK_IsHalted()
T87C0 028:415.900 - 0.717ms returns FALSE
T87C0 028:415.910 JLINK_IsHalted()
T87C0 028:416.596 - 0.685ms returns FALSE
T3260 028:519.300 JLINK_IsHalted()
T3260 028:520.006 - 0.706ms returns FALSE
T3260 028:520.026 JLINK_IsHalted()
T3260 028:520.730 - 0.702ms returns FALSE
T3260 028:628.460 JLINK_IsHalted()
T3260 028:629.318 - 0.858ms returns FALSE
T3260 028:629.340 JLINK_IsHalted()
T3260 028:630.042 - 0.699ms returns FALSE
T3260 028:737.770 JLINK_IsHalted()
T3260 028:738.502 - 0.733ms returns FALSE
T3260 028:738.518 JLINK_IsHalted()
T3260 028:739.222 - 0.703ms returns FALSE
T3260 028:847.748 JLINK_IsHalted()
T3260 028:848.522 - 0.776ms returns FALSE
T3260 028:848.538 JLINK_IsHalted()
T3260 028:849.260 - 0.724ms returns FALSE
T3260 028:956.388 JLINK_IsHalted()
T3260 028:957.178 - 0.792ms returns FALSE
T3260 028:957.184 JLINK_IsHalted()
T3260 028:957.878 - 0.693ms returns FALSE
T3260 029:066.716 JLINK_IsHalted()
T3260 029:067.616 - 0.896ms returns FALSE
T3260 029:067.638 JLINK_IsHalted()
T3260 029:068.314 - 0.675ms returns FALSE
T3260 029:175.168 JLINK_IsHalted()
T3260 029:175.952 - 0.782ms returns FALSE
T3260 029:175.974 JLINK_IsHalted()
T3260 029:176.700 - 0.726ms returns FALSE
T3260 029:284.602 JLINK_IsHalted()
T3260 029:285.546 - 0.939ms returns FALSE
T3260 029:285.604 JLINK_IsHalted()
T3260 029:286.444 - 0.841ms returns FALSE
T3260 029:393.958 JLINK_IsHalted()
T3260 029:394.768 - 0.810ms returns FALSE
T3260 029:394.790 JLINK_IsHalted()
T3260 029:395.524 - 0.730ms returns FALSE
T87C0 029:416.236 JLINK_IsHalted()
T87C0 029:416.982 - 0.744ms returns FALSE
T87C0 029:416.998 JLINK_IsHalted()
T87C0 029:417.668 - 0.668ms returns FALSE
T3260 029:503.856 JLINK_IsHalted()
T3260 029:504.596 - 0.739ms returns FALSE
T3260 029:504.608 JLINK_IsHalted()
T3260 029:505.292 - 0.681ms returns FALSE
T3260 029:613.316 JLINK_IsHalted()
T3260 029:614.352 - 1.035ms returns FALSE
T3260 029:614.388 JLINK_IsHalted()
T3260 029:615.302 - 0.915ms returns FALSE
T3260 029:722.512 JLINK_IsHalted()
T3260 029:723.242 - 0.727ms returns FALSE
T3260 029:723.254 JLINK_IsHalted()
T3260 029:723.910 - 0.655ms returns FALSE
T3260 029:831.254 JLINK_IsHalted()
T3260 029:831.994 - 0.739ms returns FALSE
T3260 029:832.020 JLINK_IsHalted()
T3260 029:832.764 - 0.744ms returns FALSE
T3260 029:940.912 JLINK_IsHalted()
T3260 029:941.696 - 0.784ms returns FALSE
T3260 029:941.716 JLINK_IsHalted()
T3260 029:942.374 - 0.656ms returns FALSE
T3260 030:050.432 JLINK_IsHalted()
T3260 030:051.164 - 0.730ms returns FALSE
T3260 030:051.188 JLINK_IsHalted()
T3260 030:051.904 - 0.717ms returns FALSE
T3260 030:159.622 JLINK_IsHalted()
T3260 030:160.352 - 0.730ms returns FALSE
T3260 030:160.362 JLINK_IsHalted()
T3260 030:160.966 - 0.606ms returns FALSE
T3260 030:269.114 JLINK_IsHalted()
T3260 030:269.882 - 0.766ms returns FALSE
T3260 030:269.900 JLINK_IsHalted()
T3260 030:270.652 - 0.751ms returns FALSE
T3260 030:378.652 JLINK_IsHalted()
T3260 030:379.372 - 0.718ms returns FALSE
T3260 030:379.396 JLINK_IsHalted()
T3260 030:380.092 - 0.695ms returns FALSE
T87C0 030:417.664 JLINK_IsHalted()
T87C0 030:418.432 - 0.767ms returns FALSE
T87C0 030:418.452 JLINK_IsHalted()
T87C0 030:419.156 - 0.702ms returns FALSE
T3260 030:488.112 JLINK_IsHalted()
T3260 030:488.874 - 0.760ms returns FALSE
T3260 030:488.884 JLINK_IsHalted()
T3260 030:489.622 - 0.738ms returns FALSE
T3260 030:597.670 JLINK_IsHalted()
T3260 030:598.442 - 0.771ms returns FALSE
T3260 030:598.480 JLINK_IsHalted()
T3260 030:599.206 - 0.724ms returns FALSE
T3260 030:707.162 JLINK_IsHalted()
T3260 030:707.882 - 0.719ms returns FALSE
T3260 030:707.898 JLINK_IsHalted()
T3260 030:708.682 - 0.784ms returns FALSE
T3260 030:816.032 JLINK_IsHalted()
T3260 030:816.790 - 0.755ms returns FALSE
T3260 030:816.796 JLINK_IsHalted()
T3260 030:817.514 - 0.716ms returns FALSE
T3260 030:925.792 JLINK_IsHalted()
T3260 030:926.522 - 0.730ms returns FALSE
T3260 030:926.544 JLINK_IsHalted()
T3260 030:927.220 - 0.675ms returns FALSE
T3260 031:035.180 JLINK_IsHalted()
T3260 031:035.952 - 0.770ms returns FALSE
T3260 031:035.968 JLINK_IsHalted()
T3260 031:036.714 - 0.746ms returns FALSE
T3260 031:144.128 JLINK_IsHalted()
T3260 031:144.876 - 0.748ms returns FALSE
T3260 031:144.890 JLINK_IsHalted()
T3260 031:145.590 - 0.697ms returns FALSE
T3260 031:253.482 JLINK_IsHalted()
T3260 031:254.276 - 0.794ms returns FALSE
T3260 031:254.294 JLINK_IsHalted()
T3260 031:254.954 - 0.658ms returns FALSE
T3260 031:362.736 JLINK_IsHalted()
T3260 031:363.514 - 0.777ms returns FALSE
T3260 031:363.532 JLINK_IsHalted()
T3260 031:364.214 - 0.681ms returns FALSE
T87C0 031:419.376 JLINK_IsHalted()
T87C0 031:420.092 - 0.714ms returns FALSE
T87C0 031:420.108 JLINK_IsHalted()
T87C0 031:420.758 - 0.647ms returns FALSE
T3260 031:472.870 JLINK_IsHalted()
T3260 031:473.770 - 0.900ms returns FALSE
T3260 031:473.788 JLINK_IsHalted()
T3260 031:474.538 - 0.749ms returns FALSE
T3260 031:581.702 JLINK_IsHalted()
T3260 031:582.516 - 0.812ms returns FALSE
T3260 031:582.538 JLINK_IsHalted()
T3260 031:583.228 - 0.692ms returns FALSE
T3260 031:691.542 JLINK_IsHalted()
T3260 031:692.420 - 0.874ms returns FALSE
T3260 031:692.442 JLINK_IsHalted()
T3260 031:693.162 - 0.719ms returns FALSE
T3260 031:800.586 JLINK_IsHalted()
T3260 031:801.472 - 0.886ms returns FALSE
T3260 031:801.492 JLINK_IsHalted()
T3260 031:802.250 - 0.757ms returns FALSE
T3260 031:909.802 JLINK_IsHalted()
T3260 031:910.528 - 0.726ms returns FALSE
T3260 031:910.564 JLINK_IsHalted()
T3260 031:911.264 - 0.699ms returns FALSE
T3260 032:019.276 JLINK_IsHalted()
T3260 032:020.054 - 0.773ms returns FALSE
T3260 032:020.074 JLINK_IsHalted()
T3260 032:020.752 - 0.676ms returns FALSE
T3260 032:128.794 JLINK_IsHalted()
T3260 032:129.702 - 0.908ms returns FALSE
T3260 032:129.712 JLINK_IsHalted()
T3260 032:130.534 - 0.823ms returns FALSE
T3260 032:237.482 JLINK_IsHalted()
T3260 032:238.416 - 0.932ms returns FALSE
T3260 032:238.422 JLINK_IsHalted()
T3260 032:239.238 - 0.812ms returns FALSE
T3260 032:347.526 JLINK_IsHalted()
T3260 032:348.260 - 0.730ms returns FALSE
T3260 032:348.278 JLINK_IsHalted()
T3260 032:348.932 - 0.653ms returns FALSE
T87C0 032:421.062 JLINK_IsHalted()
T87C0 032:422.038 - 0.973ms returns FALSE
T87C0 032:422.058 JLINK_IsHalted()
T87C0 032:422.922 - 0.862ms returns FALSE
T3260 032:457.136 JLINK_IsHalted()
T3260 032:457.856 - 0.719ms returns FALSE
T3260 032:457.862 JLINK_IsHalted()
T3260 032:458.506 - 0.642ms returns FALSE
T3260 032:565.754 JLINK_IsHalted()
T3260 032:566.502 - 0.747ms returns FALSE
T3260 032:566.524 JLINK_IsHalted()
T3260 032:567.364 - 0.839ms returns FALSE
T3260 032:675.780 JLINK_IsHalted()
T3260 032:676.550 - 0.770ms returns FALSE
T3260 032:676.570 JLINK_IsHalted()
T3260 032:677.392 - 0.821ms returns FALSE
T3260 032:784.560 JLINK_IsHalted()
T3260 032:785.440 - 0.879ms returns FALSE
T3260 032:785.456 JLINK_IsHalted()
T3260 032:786.394 - 0.937ms returns FALSE
T3260 032:894.588 JLINK_IsHalted()
T3260 032:895.462 - 0.872ms returns FALSE
T3260 032:895.494 JLINK_IsHalted()
T3260 032:896.234 - 0.736ms returns FALSE
T3260 033:004.348 JLINK_IsHalted()
T3260 033:005.126 - 0.775ms returns FALSE
T3260 033:005.146 JLINK_IsHalted()
T3260 033:005.818 - 0.671ms returns FALSE
T3260 033:113.398 JLINK_IsHalted()
T3260 033:114.122 - 0.724ms returns FALSE
T3260 033:114.132 JLINK_IsHalted()
T3260 033:114.762 - 0.630ms returns FALSE
T3260 033:222.460 JLINK_IsHalted()
T3260 033:223.216 - 0.754ms returns FALSE
T3260 033:223.236 JLINK_IsHalted()
T3260 033:224.006 - 0.770ms returns FALSE
T3260 033:331.952 JLINK_IsHalted()
T3260 033:332.758 - 0.805ms returns FALSE
T3260 033:332.774 JLINK_IsHalted()
T3260 033:333.444 - 0.665ms returns FALSE
T87C0 033:422.772 JLINK_IsHalted()
T87C0 033:423.530 - 0.759ms returns FALSE
T87C0 033:423.552 JLINK_IsHalted()
T87C0 033:424.218 - 0.665ms returns FALSE
T3260 033:441.456 JLINK_IsHalted()
T3260 033:442.228 - 0.770ms returns FALSE
T3260 033:442.252 JLINK_IsHalted()
T3260 033:442.918 - 0.665ms returns FALSE
T3260 033:550.044 JLINK_IsHalted()
T3260 033:550.886 - 0.841ms returns FALSE
T3260 033:550.912 JLINK_IsHalted()
T3260 033:551.596 - 0.682ms returns FALSE
T3260 033:660.120 JLINK_IsHalted()
T3260 033:660.896 - 0.773ms returns FALSE
T3260 033:660.916 JLINK_IsHalted()
T3260 033:661.688 - 0.769ms returns FALSE
T3260 033:769.176 JLINK_IsHalted()
T3260 033:769.924 - 0.745ms returns FALSE
T3260 033:769.948 JLINK_IsHalted()
T3260 033:770.636 - 0.686ms returns FALSE
T3260 033:878.200 JLINK_IsHalted()
T3260 033:878.992 - 0.792ms returns FALSE
T3260 033:879.016 JLINK_IsHalted()
T3260 033:879.788 - 0.773ms returns FALSE
T3260 033:987.828 JLINK_IsHalted()
T3260 033:988.616 - 0.791ms returns FALSE
T3260 033:988.632 JLINK_IsHalted()
T3260 033:989.304 - 0.668ms returns FALSE
T3260 034:097.800 JLINK_IsHalted()
T3260 034:098.568 - 0.768ms returns FALSE
T3260 034:098.576 JLINK_IsHalted()
T3260 034:099.272 - 0.697ms returns FALSE
T3260 034:206.664 JLINK_IsHalted()
T3260 034:207.292 - 0.631ms returns FALSE
T3260 034:207.304 JLINK_IsHalted()
T3260 034:208.072 - 0.765ms returns FALSE
T3260 034:316.148 JLINK_IsHalted()
T3260 034:316.920 - 0.770ms returns FALSE
T3260 034:316.940 JLINK_IsHalted()
T3260 034:317.620 - 0.675ms returns FALSE
T87C0 034:424.644 JLINK_IsHalted()
T87C0 034:425.452 - 0.808ms returns FALSE
T87C0 034:425.480 JLINK_IsHalted()
T87C0 034:426.140 - 0.662ms returns FALSE
T3260 034:426.168 JLINK_IsHalted()
T3260 034:426.840 - 0.670ms returns FALSE
T3260 034:426.852 JLINK_IsHalted()
T3260 034:427.548 - 0.696ms returns FALSE
T3260 034:535.644 JLINK_IsHalted()
T3260 034:536.444 - 0.797ms returns FALSE
T3260 034:536.468 JLINK_IsHalted()
T3260 034:537.208 - 0.737ms returns FALSE
T3260 034:644.448 JLINK_IsHalted()
T3260 034:645.200 - 0.753ms returns FALSE
T3260 034:645.224 JLINK_IsHalted()
T3260 034:645.948 - 0.726ms returns FALSE
T3260 034:753.128 JLINK_IsHalted()
T3260 034:753.860 - 0.732ms returns FALSE
T3260 034:753.864 JLINK_IsHalted()
T3260 034:754.532 - 0.663ms returns FALSE
T3260 034:863.084 JLINK_IsHalted()
T3260 034:863.944 - 0.858ms returns FALSE
T3260 034:863.964 JLINK_IsHalted()
T3260 034:864.760 - 0.793ms returns FALSE
T3260 034:972.148 JLINK_IsHalted()
T3260 034:972.968 - 0.817ms returns FALSE
T3260 034:972.984 JLINK_IsHalted()
T3260 034:973.688 - 0.701ms returns FALSE
T3260 035:081.564 JLINK_IsHalted()
T3260 035:082.456 - 0.894ms returns FALSE
T3260 035:082.468 JLINK_IsHalted()
T3260 035:083.264 - 0.797ms returns FALSE
T3260 035:191.404 JLINK_IsHalted()
T3260 035:192.120 - 0.713ms returns FALSE
T3260 035:192.136 JLINK_IsHalted()
T3260 035:192.828 - 0.688ms returns FALSE
T3260 035:300.448 JLINK_IsHalted()
T3260 035:301.240 - 0.794ms returns FALSE
T3260 035:301.264 JLINK_IsHalted()
T3260 035:301.968 - 0.702ms returns FALSE
T3260 035:410.028 JLINK_IsHalted()
T3260 035:410.884 - 0.852ms returns FALSE
T3260 035:410.936 JLINK_IsHalted()
T3260 035:411.744 - 0.808ms returns FALSE
T87C0 035:426.192 JLINK_IsHalted()
T87C0 035:426.948 - 0.753ms returns FALSE
T87C0 035:426.984 JLINK_IsHalted()
T87C0 035:427.856 - 0.869ms returns FALSE
T3260 035:519.112 JLINK_IsHalted()
T3260 035:519.860 - 0.743ms returns FALSE
T3260 035:519.872 JLINK_IsHalted()
T3260 035:520.520 - 0.642ms returns FALSE
T3260 035:628.444 JLINK_IsHalted()
T3260 035:629.256 - 0.811ms returns FALSE
T3260 035:629.284 JLINK_IsHalted()
T3260 035:629.980 - 0.696ms returns FALSE
T3260 035:738.432 JLINK_IsHalted()
T3260 035:739.208 - 0.772ms returns FALSE
T3260 035:739.212 JLINK_IsHalted()
T3260 035:739.980 - 0.764ms returns FALSE
T3260 035:847.304 JLINK_IsHalted()
T3260 035:848.040 - 0.734ms returns FALSE
T3260 035:848.060 JLINK_IsHalted()
T3260 035:848.784 - 0.723ms returns FALSE
T3260 035:956.712 JLINK_IsHalted()
T3260 035:957.468 - 0.757ms returns FALSE
T3260 035:957.488 JLINK_IsHalted()
T3260 035:958.164 - 0.675ms returns FALSE
T3260 036:065.804 JLINK_IsHalted()
T3260 036:066.772 - 0.964ms returns FALSE
T3260 036:066.848 JLINK_IsHalted()
T3260 036:067.816 - 0.967ms returns FALSE
T3260 036:175.208 JLINK_IsHalted()
T3260 036:175.904 - 0.695ms returns FALSE
T3260 036:175.928 JLINK_IsHalted()
T3260 036:176.612 - 0.684ms returns FALSE
T3260 036:284.632 JLINK_IsHalted()
T3260 036:285.460 - 0.825ms returns FALSE
T3260 036:285.508 JLINK_IsHalted()
T3260 036:286.384 - 0.875ms returns FALSE
T3260 036:394.088 JLINK_IsHalted()
T3260 036:394.780 - 0.692ms returns FALSE
T3260 036:394.796 JLINK_IsHalted()
T3260 036:395.548 - 0.751ms returns FALSE
T87C0 036:428.768 JLINK_IsHalted()
T87C0 036:429.528 - 0.756ms returns FALSE
T87C0 036:429.540 JLINK_IsHalted()
T87C0 036:430.236 - 0.697ms returns FALSE
T3260 036:503.292 JLINK_IsHalted()
T3260 036:504.200 - 0.910ms returns FALSE
T3260 036:504.228 JLINK_IsHalted()
T3260 036:504.976 - 0.750ms returns FALSE
T3260 036:612.936 JLINK_IsHalted()
T3260 036:613.748 - 0.814ms returns FALSE
T3260 036:613.756 JLINK_IsHalted()
T3260 036:614.400 - 0.643ms returns FALSE
T3260 036:721.992 JLINK_IsHalted()
T3260 036:722.784 - 0.788ms returns FALSE
T3260 036:722.804 JLINK_IsHalted()
T3260 036:723.428 - 0.622ms returns FALSE
T3260 036:831.268 JLINK_IsHalted()
T3260 036:832.036 - 0.768ms returns FALSE
T3260 036:832.056 JLINK_IsHalted()
T3260 036:832.740 - 0.685ms returns FALSE
T3260 036:941.256 JLINK_IsHalted()
T3260 036:941.976 - 0.716ms returns FALSE
T3260 036:941.984 JLINK_IsHalted()
T3260 036:942.764 - 0.779ms returns FALSE
T3260 037:050.124 JLINK_IsHalted()
T3260 037:050.832 - 0.706ms returns FALSE
T3260 037:050.856 JLINK_IsHalted()
T3260 037:051.516 - 0.662ms returns FALSE
T3260 037:159.728 JLINK_IsHalted()
T3260 037:160.516 - 0.786ms returns FALSE
T3260 037:160.540 JLINK_IsHalted()
T3260 037:161.284 - 0.741ms returns FALSE
T3260 037:269.200 JLINK_IsHalted()
T3260 037:269.924 - 0.722ms returns FALSE
T3260 037:269.940 JLINK_IsHalted()
T3260 037:270.616 - 0.673ms returns FALSE
T3260 037:378.660 JLINK_IsHalted()
T3260 037:379.384 - 0.725ms returns FALSE
T3260 037:379.408 JLINK_IsHalted()
T3260 037:380.092 - 0.685ms returns FALSE
T87C0 037:431.312 JLINK_IsHalted()
T87C0 037:432.008 - 0.692ms returns FALSE
T87C0 037:432.032 JLINK_IsHalted()
T87C0 037:432.752 - 0.718ms returns FALSE
T3260 037:488.488 JLINK_IsHalted()
T3260 037:489.276 - 0.785ms returns FALSE
T3260 037:489.284 JLINK_IsHalted()
T3260 037:489.996 - 0.711ms returns FALSE
T3260 037:597.276 JLINK_IsHalted()
T3260 037:598.000 - 0.724ms returns FALSE
T3260 037:598.024 JLINK_IsHalted()
T3260 037:598.752 - 0.727ms returns FALSE
T3260 037:706.664 JLINK_IsHalted()
T3260 037:707.392 - 0.728ms returns FALSE
T3260 037:707.412 JLINK_IsHalted()
T3260 037:708.096 - 0.686ms returns FALSE
T3260 037:815.904 JLINK_IsHalted()
T3260 037:816.740 - 0.837ms returns FALSE
T3260 037:816.760 JLINK_IsHalted()
T3260 037:817.528 - 0.771ms returns FALSE
T3260 037:925.344 JLINK_IsHalted()
T3260 037:926.040 - 0.697ms returns FALSE
T3260 037:926.064 JLINK_IsHalted()
T3260 037:926.772 - 0.707ms returns FALSE
T3260 038:035.276 JLINK_IsHalted()
T3260 038:036.076 - 0.799ms returns FALSE
T3260 038:036.104 JLINK_IsHalted()
T3260 038:036.776 - 0.671ms returns FALSE
T3260 038:144.580 JLINK_IsHalted()
T3260 038:145.572 - 0.991ms returns FALSE
T3260 038:145.608 JLINK_IsHalted()
T3260 038:146.532 - 0.925ms returns FALSE
T3260 038:253.148 JLINK_IsHalted()
T3260 038:254.004 - 0.852ms returns FALSE
T3260 038:254.020 JLINK_IsHalted()
T3260 038:254.756 - 0.734ms returns FALSE
T3260 038:362.516 JLINK_IsHalted()
T3260 038:363.260 - 0.748ms returns FALSE
T3260 038:363.296 JLINK_IsHalted()
T3260 038:363.980 - 0.682ms returns FALSE
T87C0 038:432.996 JLINK_IsHalted()
T87C0 038:433.932 - 0.937ms returns FALSE
T87C0 038:433.952 JLINK_IsHalted()
T87C0 038:434.816 - 0.861ms returns FALSE
T3260 038:472.096 JLINK_IsHalted()
T3260 038:473.068 - 0.972ms returns FALSE
T3260 038:473.084 JLINK_IsHalted()
T3260 038:473.784 - 0.697ms returns FALSE
T3260 038:581.764 JLINK_IsHalted()
T3260 038:582.524 - 0.764ms returns FALSE
T3260 038:582.548 JLINK_IsHalted()
T3260 038:583.240 - 0.695ms returns FALSE
T3260 038:691.152 JLINK_IsHalted()
T3260 038:691.888 - 0.734ms returns FALSE
T3260 038:691.908 JLINK_IsHalted()
T3260 038:692.556 - 0.650ms returns FALSE
T3260 038:800.780 JLINK_IsHalted()
T3260 038:801.520 - 0.737ms returns FALSE
T3260 038:801.544 JLINK_IsHalted()
T3260 038:802.332 - 0.792ms returns FALSE
T3260 038:909.812 JLINK_IsHalted()
T3260 038:910.568 - 0.756ms returns FALSE
T3260 038:910.580 JLINK_IsHalted()
T3260 038:911.296 - 0.715ms returns FALSE
T3260 039:019.464 JLINK_IsHalted()
T3260 039:020.220 - 0.754ms returns FALSE
T3260 039:020.244 JLINK_IsHalted()
T3260 039:020.904 - 0.660ms returns FALSE
T3260 039:128.136 JLINK_IsHalted()
T3260 039:129.100 - 0.961ms returns FALSE
T3260 039:129.120 JLINK_IsHalted()
T3260 039:129.824 - 0.702ms returns FALSE
T3260 039:237.564 JLINK_IsHalted()
T3260 039:238.268 - 0.722ms returns FALSE
T3260 039:238.296 JLINK_IsHalted()
T3260 039:238.980 - 0.682ms returns FALSE
T3260 039:347.588 JLINK_IsHalted()
T3260 039:348.296 - 0.705ms returns FALSE
T3260 039:348.312 JLINK_IsHalted()
T3260 039:349.004 - 0.688ms returns FALSE
T87C0 039:436.568 JLINK_IsHalted()
T87C0 039:437.288 - 0.717ms returns FALSE
T87C0 039:437.304 JLINK_IsHalted()
T87C0 039:438.164 - 0.861ms returns FALSE
T3260 039:457.188 JLINK_IsHalted()
T3260 039:457.880 - 0.690ms returns FALSE
T3260 039:457.908 JLINK_IsHalted()
T3260 039:458.684 - 0.777ms returns FALSE
T3260 039:566.280 JLINK_IsHalted()
T3260 039:567.156 - 0.875ms returns FALSE
T3260 039:567.176 JLINK_IsHalted()
T3260 039:567.912 - 0.735ms returns FALSE
T3260 039:675.416 JLINK_IsHalted()
T3260 039:676.168 - 0.752ms returns FALSE
T3260 039:676.192 JLINK_IsHalted()
T3260 039:676.868 - 0.672ms returns FALSE
T3260 039:785.096 JLINK_IsHalted()
T3260 039:785.856 - 0.756ms returns FALSE
T3260 039:785.864 JLINK_IsHalted()
T3260 039:786.552 - 0.687ms returns FALSE
T3260 039:894.408 JLINK_IsHalted()
T3260 039:895.156 - 0.746ms returns FALSE
T3260 039:895.184 JLINK_IsHalted()
T3260 039:895.892 - 0.707ms returns FALSE
T3260 040:003.280 JLINK_IsHalted()
T3260 040:003.988 - 0.704ms returns FALSE
T3260 040:003.996 JLINK_IsHalted()
T3260 040:004.724 - 0.724ms returns FALSE
T3260 040:112.776 JLINK_IsHalted()
T3260 040:113.544 - 0.760ms returns FALSE
T3260 040:113.556 JLINK_IsHalted()
T3260 040:114.244 - 0.690ms returns FALSE
T3260 040:222.344 JLINK_IsHalted()
T3260 040:223.096 - 0.747ms returns FALSE
T3260 040:223.112 JLINK_IsHalted()
T3260 040:223.764 - 0.648ms returns FALSE
T3260 040:332.092 JLINK_IsHalted()
T3260 040:332.860 - 0.768ms returns FALSE
T3260 040:332.884 JLINK_IsHalted()
T3260 040:333.616 - 0.731ms returns FALSE
T87C0 040:439.644 JLINK_IsHalted()
T87C0 040:440.436 - 0.790ms returns FALSE
T87C0 040:440.456 JLINK_IsHalted()
T87C0 040:441.116 - 0.659ms returns FALSE
T3260 040:441.408 JLINK_IsHalted()
T3260 040:442.124 - 0.716ms returns FALSE
T3260 040:442.136 JLINK_IsHalted()
T3260 040:442.844 - 0.709ms returns FALSE
T3260 040:550.316 JLINK_IsHalted()
T3260 040:551.072 - 0.755ms returns FALSE
T3260 040:551.096 JLINK_IsHalted()
T3260 040:551.768 - 0.672ms returns FALSE
T3260 040:659.656 JLINK_IsHalted()
T3260 040:660.388 - 0.728ms returns FALSE
T3260 040:660.404 JLINK_IsHalted()
T3260 040:661.124 - 0.717ms returns FALSE
T3260 040:769.352 JLINK_IsHalted()
T3260 040:770.112 - 0.761ms returns FALSE
T3260 040:770.132 JLINK_IsHalted()
T3260 040:770.840 - 0.705ms returns FALSE
T3260 040:878.724 JLINK_IsHalted()
T3260 040:879.508 - 0.784ms returns FALSE
T3260 040:879.528 JLINK_IsHalted()
T3260 040:880.208 - 0.677ms returns FALSE
T3260 040:988.488 JLINK_IsHalted()
T3260 040:989.340 - 0.851ms returns FALSE
T3260 040:989.356 JLINK_IsHalted()
T3260 040:990.184 - 0.825ms returns FALSE
T3260 041:096.988 JLINK_IsHalted()
T3260 041:097.768 - 0.779ms returns FALSE
T3260 041:097.792 JLINK_IsHalted()
T3260 041:098.528 - 0.735ms returns FALSE
T3260 041:207.528 JLINK_IsHalted()
T3260 041:208.264 - 0.731ms returns FALSE
T3260 041:208.280 JLINK_IsHalted()
T3260 041:208.980 - 0.698ms returns FALSE
T3260 041:315.848 JLINK_IsHalted()
T3260 041:316.696 - 0.848ms returns FALSE
T3260 041:316.704 JLINK_IsHalted()
T3260 041:317.380 - 0.672ms returns FALSE
T3260 041:425.292 JLINK_IsHalted()
T3260 041:426.028 - 0.736ms returns FALSE
T3260 041:426.044 JLINK_IsHalted()
T3260 041:426.596 - 0.549ms returns FALSE
T87C0 041:441.520 JLINK_IsHalted()
T87C0 041:442.320 - 0.802ms returns FALSE
T87C0 041:442.348 JLINK_IsHalted()
T87C0 041:443.048 - 0.701ms returns FALSE
T3260 041:534.860 JLINK_IsHalted()
T3260 041:535.588 - 0.724ms returns FALSE
T3260 041:535.608 JLINK_IsHalted()
T3260 041:536.320 - 0.713ms returns FALSE
T3260 041:644.512 JLINK_IsHalted()
T3260 041:645.252 - 0.737ms returns FALSE
T3260 041:645.256 JLINK_IsHalted()
T3260 041:645.976 - 0.717ms returns FALSE
T3260 041:753.492 JLINK_IsHalted()
T3260 041:754.216 - 0.723ms returns FALSE
T3260 041:754.232 JLINK_IsHalted()
T3260 041:755.080 - 0.848ms returns FALSE
T3260 041:863.448 JLINK_IsHalted()
T3260 041:864.176 - 0.726ms returns FALSE
T3260 041:864.192 JLINK_IsHalted()
T3260 041:864.876 - 0.685ms returns FALSE
T3260 041:972.344 JLINK_IsHalted()
T3260 041:973.132 - 0.791ms returns FALSE
T3260 041:973.152 JLINK_IsHalted()
T3260 041:973.864 - 0.709ms returns FALSE
T3260 042:081.268 JLINK_IsHalted()
T3260 042:081.976 - 0.709ms returns FALSE
T3260 042:081.996 JLINK_IsHalted()
T3260 042:082.716 - 0.721ms returns FALSE
T3260 042:191.148 JLINK_IsHalted()
T3260 042:191.884 - 0.738ms returns FALSE
T3260 042:191.912 JLINK_IsHalted()
T3260 042:192.664 - 0.751ms returns FALSE
T3260 042:300.580 JLINK_IsHalted()
T3260 042:301.484 - 0.903ms returns FALSE
T3260 042:301.544 JLINK_IsHalted()
T3260 042:302.352 - 0.810ms returns FALSE
T3260 042:409.584 JLINK_IsHalted()
T3260 042:410.296 - 0.711ms returns FALSE
T3260 042:410.312 JLINK_IsHalted()
T3260 042:411.064 - 0.747ms returns FALSE
T87C0 042:442.800 JLINK_IsHalted()
T87C0 042:443.732 - 0.930ms returns FALSE
T87C0 042:443.752 JLINK_IsHalted()
T87C0 042:444.532 - 0.778ms returns FALSE
T3260 042:519.512 JLINK_IsHalted()
T3260 042:520.268 - 0.761ms returns FALSE
T3260 042:520.288 JLINK_IsHalted()
T3260 042:520.980 - 0.691ms returns FALSE
T3260 042:628.836 JLINK_IsHalted()
T3260 042:629.736 - 0.903ms returns FALSE
T3260 042:629.776 JLINK_IsHalted()
T3260 042:630.540 - 0.764ms returns FALSE
T3260 042:737.696 JLINK_IsHalted()
T3260 042:738.408 - 0.713ms returns FALSE
T3260 042:738.424 JLINK_IsHalted()
T3260 042:739.104 - 0.679ms returns FALSE
T3260 042:847.352 JLINK_IsHalted()
T3260 042:848.044 - 0.688ms returns FALSE
T3260 042:848.064 JLINK_IsHalted()
T3260 042:848.764 - 0.699ms returns FALSE
T3260 042:957.328 JLINK_IsHalted()
T3260 042:958.136 - 0.810ms returns FALSE
T3260 042:958.160 JLINK_IsHalted()
T3260 042:958.856 - 0.694ms returns FALSE
T3260 043:066.156 JLINK_IsHalted()
T3260 043:066.912 - 0.754ms returns FALSE
T3260 043:066.964 JLINK_IsHalted()
T3260 043:067.612 - 0.650ms returns FALSE
T3260 043:175.072 JLINK_IsHalted()
T3260 043:175.816 - 0.740ms returns FALSE
T3260 043:175.836 JLINK_IsHalted()
T3260 043:176.520 - 0.680ms returns FALSE
T3260 043:284.784 JLINK_IsHalted()
T3260 043:285.644 - 0.859ms returns FALSE
T3260 043:285.660 JLINK_IsHalted()
T3260 043:286.408 - 0.745ms returns FALSE
T3260 043:394.232 JLINK_IsHalted()
T3260 043:394.872 - 0.638ms returns FALSE
T3260 043:394.888 JLINK_IsHalted()
T3260 043:395.552 - 0.663ms returns FALSE
T87C0 043:444.824 JLINK_IsHalted()
T87C0 043:445.620 - 0.794ms returns FALSE
T87C0 043:445.640 JLINK_IsHalted()
T87C0 043:446.312 - 0.674ms returns FALSE
T3260 043:503.400 JLINK_IsHalted()
T3260 043:504.140 - 0.742ms returns FALSE
T3260 043:504.160 JLINK_IsHalted()
T3260 043:504.816 - 0.656ms returns FALSE
T3260 043:613.900 JLINK_IsHalted()
T3260 043:614.844 - 0.944ms returns FALSE
T3260 043:614.956 JLINK_IsHalted()
T3260 043:615.848 - 0.890ms returns FALSE
T3260 043:722.228 JLINK_IsHalted()
T3260 043:722.932 - 0.702ms returns FALSE
T3260 043:722.952 JLINK_IsHalted()
T3260 043:723.676 - 0.724ms returns FALSE
T3260 043:831.688 JLINK_IsHalted()
T3260 043:832.400 - 0.709ms returns FALSE
T3260 043:832.420 JLINK_IsHalted()
T3260 043:833.108 - 0.689ms returns FALSE
T3260 043:941.176 JLINK_IsHalted()
T3260 043:941.920 - 0.746ms returns FALSE
T3260 043:941.940 JLINK_IsHalted()
T3260 043:942.552 - 0.610ms returns FALSE
T3260 044:050.416 JLINK_IsHalted()
T3260 044:051.120 - 0.703ms returns FALSE
T3260 044:051.136 JLINK_IsHalted()
T3260 044:051.828 - 0.690ms returns FALSE
T3260 044:159.464 JLINK_IsHalted()
T3260 044:160.212 - 0.744ms returns FALSE
T3260 044:160.236 JLINK_IsHalted()
T3260 044:160.860 - 0.625ms returns FALSE
T3260 044:269.036 JLINK_IsHalted()
T3260 044:270.084 - 1.047ms returns FALSE
T3260 044:270.120 JLINK_IsHalted()
T3260 044:271.016 - 0.891ms returns FALSE
T3260 044:378.552 JLINK_IsHalted()
T3260 044:379.308 - 0.754ms returns FALSE
T3260 044:379.328 JLINK_IsHalted()
T3260 044:379.992 - 0.665ms returns FALSE
T87C0 044:445.808 JLINK_IsHalted()
T87C0 044:446.564 - 0.756ms returns FALSE
T87C0 044:446.584 JLINK_IsHalted()
T87C0 044:447.256 - 0.673ms returns FALSE
T3260 044:488.224 JLINK_IsHalted()
T3260 044:488.936 - 0.710ms returns FALSE
T3260 044:488.956 JLINK_IsHalted()
T3260 044:489.700 - 0.742ms returns FALSE
T3260 044:597.864 JLINK_IsHalted()
T3260 044:598.700 - 0.836ms returns FALSE
T3260 044:598.708 JLINK_IsHalted()
T3260 044:599.480 - 0.767ms returns FALSE
T3260 044:706.632 JLINK_IsHalted()
T3260 044:707.344 - 0.711ms returns FALSE
T3260 044:707.368 JLINK_IsHalted()
T3260 044:708.048 - 0.679ms returns FALSE
T3260 044:816.396 JLINK_IsHalted()
T3260 044:817.124 - 0.724ms returns FALSE
T3260 044:817.144 JLINK_IsHalted()
T3260 044:817.836 - 0.690ms returns FALSE
T3260 044:925.052 JLINK_IsHalted()
T3260 044:925.896 - 0.845ms returns FALSE
T3260 044:925.904 JLINK_IsHalted()
T3260 044:926.668 - 0.762ms returns FALSE
T3260 045:034.480 JLINK_IsHalted()
T3260 045:035.316 - 0.832ms returns FALSE
T3260 045:035.336 JLINK_IsHalted()
T3260 045:036.024 - 0.688ms returns FALSE
T3260 045:143.960 JLINK_IsHalted()
T3260 045:144.696 - 0.734ms returns FALSE
T3260 045:144.712 JLINK_IsHalted()
T3260 045:145.368 - 0.656ms returns FALSE
T3260 045:253.144 JLINK_IsHalted()
T3260 045:254.052 - 0.908ms returns FALSE
T3260 045:254.124 JLINK_IsHalted()
T3260 045:254.924 - 0.797ms returns FALSE
T3260 045:362.976 JLINK_IsHalted()
T3260 045:363.692 - 0.716ms returns FALSE
T3260 045:363.712 JLINK_IsHalted()
T3260 045:364.372 - 0.660ms returns FALSE
T87C0 045:447.400 JLINK_IsHalted()
T87C0 045:448.088 - 0.692ms returns FALSE
T87C0 045:448.104 JLINK_IsHalted()
T87C0 045:448.840 - 0.735ms returns FALSE
T3260 045:471.868 JLINK_IsHalted()
T3260 045:472.624 - 0.754ms returns FALSE
T3260 045:472.648 JLINK_IsHalted()
T3260 045:473.308 - 0.663ms returns FALSE
T3260 045:581.240 JLINK_IsHalted()
T3260 045:582.080 - 0.837ms returns FALSE
T3260 045:582.092 JLINK_IsHalted()
T3260 045:582.792 - 0.696ms returns FALSE
T3260 045:691.268 JLINK_IsHalted()
T3260 045:692.056 - 0.785ms returns FALSE
T3260 045:692.080 JLINK_IsHalted()
T3260 045:692.776 - 0.694ms returns FALSE
T3260 045:800.748 JLINK_IsHalted()
T3260 045:801.528 - 0.775ms returns FALSE
T3260 045:801.544 JLINK_IsHalted()
T3260 045:802.240 - 0.693ms returns FALSE
T3260 045:910.116 JLINK_IsHalted()
T3260 045:910.932 - 0.813ms returns FALSE
T3260 045:910.944 JLINK_IsHalted()
T3260 045:911.688 - 0.739ms returns FALSE
T3260 046:019.584 JLINK_IsHalted()
T3260 046:020.332 - 0.746ms returns FALSE
T3260 046:020.352 JLINK_IsHalted()
T3260 046:021.048 - 0.699ms returns FALSE
T3260 046:128.372 JLINK_IsHalted()
T3260 046:129.104 - 0.731ms returns FALSE
T3260 046:129.124 JLINK_IsHalted()
T3260 046:129.812 - 0.684ms returns FALSE
T3260 046:237.560 JLINK_IsHalted()
T3260 046:238.284 - 0.728ms returns FALSE
T3260 046:238.296 JLINK_IsHalted()
T3260 046:239.116 - 0.820ms returns FALSE
T3260 046:347.108 JLINK_IsHalted()
T3260 046:347.832 - 0.724ms returns FALSE
T3260 046:347.848 JLINK_IsHalted()
T3260 046:348.608 - 0.758ms returns FALSE
T87C0 046:449.404 JLINK_IsHalted()
T87C0 046:450.140 - 0.734ms returns FALSE
T87C0 046:450.164 JLINK_IsHalted()
T87C0 046:450.864 - 0.700ms returns FALSE
T3260 046:456.764 JLINK_IsHalted()
T3260 046:457.520 - 0.754ms returns FALSE
T3260 046:457.536 JLINK_IsHalted()
T3260 046:458.208 - 0.671ms returns FALSE
T3260 046:565.884 JLINK_IsHalted()
T3260 046:566.616 - 0.732ms returns FALSE
T3260 046:566.644 JLINK_IsHalted()
T3260 046:567.320 - 0.680ms returns FALSE
T3260 046:675.928 JLINK_IsHalted()
T3260 046:676.692 - 0.762ms returns FALSE
T3260 046:676.712 JLINK_IsHalted()
T3260 046:677.408 - 0.696ms returns FALSE
T3260 046:785.220 JLINK_IsHalted()
T3260 046:785.928 - 0.710ms returns FALSE
T3260 046:785.944 JLINK_IsHalted()
T3260 046:786.656 - 0.712ms returns FALSE
T3260 046:894.676 JLINK_IsHalted()
T3260 046:895.424 - 0.745ms returns FALSE
T3260 046:895.444 JLINK_IsHalted()
T3260 046:896.260 - 0.815ms returns FALSE
T3260 047:004.392 JLINK_IsHalted()
T3260 047:005.128 - 0.736ms returns FALSE
T3260 047:005.144 JLINK_IsHalted()
T3260 047:005.820 - 0.674ms returns FALSE
T3260 047:112.576 JLINK_IsHalted()
T3260 047:113.324 - 0.747ms returns FALSE
T3260 047:113.344 JLINK_IsHalted()
T3260 047:114.028 - 0.683ms returns FALSE
T3260 047:222.272 JLINK_IsHalted()
T3260 047:223.136 - 0.862ms returns FALSE
T3260 047:223.168 JLINK_IsHalted()
T3260 047:223.832 - 0.663ms returns FALSE
T3260 047:331.264 JLINK_IsHalted()
T3260 047:331.984 - 0.720ms returns FALSE
T3260 047:332.008 JLINK_IsHalted()
T3260 047:332.684 - 0.677ms returns FALSE
T3260 047:440.648 JLINK_IsHalted()
T3260 047:444.376 - 3.726ms returns FALSE
T3260 047:444.392 JLINK_IsHalted()
T3260 047:445.096 - 0.701ms returns FALSE
T87C0 047:451.384 JLINK_IsHalted()
T87C0 047:452.092 - 0.708ms returns FALSE
T87C0 047:452.108 JLINK_IsHalted()
T87C0 047:452.780 - 0.670ms returns FALSE
T3260 047:550.512 JLINK_IsHalted()
T3260 047:551.508 - 0.993ms returns FALSE
T3260 047:551.576 JLINK_IsHalted()
T3260 047:552.440 - 0.860ms returns FALSE
T3260 047:659.408 JLINK_IsHalted()
T3260 047:660.168 - 0.758ms returns FALSE
T3260 047:660.188 JLINK_IsHalted()
T3260 047:660.848 - 0.656ms returns FALSE
T3260 047:769.732 JLINK_IsHalted()
T3260 047:770.536 - 0.803ms returns FALSE
T3260 047:770.556 JLINK_IsHalted()
T3260 047:771.228 - 0.669ms returns FALSE
T3260 047:879.500 JLINK_IsHalted()
T3260 047:880.460 - 0.958ms returns FALSE
T3260 047:880.500 JLINK_IsHalted()
T3260 047:881.384 - 0.881ms returns FALSE
T3260 047:988.628 JLINK_IsHalted()
T3260 047:989.392 - 0.764ms returns FALSE
T3260 047:989.416 JLINK_IsHalted()
T3260 047:990.144 - 0.728ms returns FALSE
T3260 048:097.796 JLINK_IsHalted()
T3260 048:098.592 - 0.796ms returns FALSE
T3260 048:098.616 JLINK_IsHalted()
T3260 048:099.284 - 0.665ms returns FALSE
T3260 048:206.408 JLINK_IsHalted()
T3260 048:207.192 - 0.783ms returns FALSE
T3260 048:207.208 JLINK_IsHalted()
T3260 048:208.088 - 0.882ms returns FALSE
T3260 048:316.552 JLINK_IsHalted()
T3260 048:317.396 - 0.840ms returns FALSE
T3260 048:317.416 JLINK_IsHalted()
T3260 048:318.236 - 0.816ms returns FALSE
T3260 048:425.192 JLINK_IsHalted()
T3260 048:426.028 - 0.837ms returns FALSE
T3260 048:426.036 JLINK_IsHalted()
T3260 048:426.752 - 0.717ms returns FALSE
T87C0 048:452.892 JLINK_IsHalted()
T87C0 048:453.788 - 0.896ms returns FALSE
T87C0 048:453.812 JLINK_IsHalted()
T87C0 048:454.544 - 0.734ms returns FALSE
T3260 048:534.516 JLINK_IsHalted()
T3260 048:535.484 - 0.970ms returns FALSE
T3260 048:535.528 JLINK_IsHalted()
T3260 048:536.284 - 0.758ms returns FALSE
T3260 048:644.408 JLINK_IsHalted()
T3260 048:645.184 - 0.775ms returns FALSE
T3260 048:645.204 JLINK_IsHalted()
T3260 048:645.908 - 0.702ms returns FALSE
T3260 048:753.600 JLINK_IsHalted()
T3260 048:754.408 - 0.810ms returns FALSE
T3260 048:754.428 JLINK_IsHalted()
T3260 048:755.172 - 0.739ms returns FALSE
T3260 048:862.640 JLINK_IsHalted()
T3260 048:863.512 - 0.871ms returns FALSE
T3260 048:863.528 JLINK_IsHalted()
T3260 048:864.184 - 0.653ms returns FALSE
T3260 048:972.392 JLINK_IsHalted()
T3260 048:973.236 - 0.839ms returns FALSE
T3260 048:973.256 JLINK_IsHalted()
T3260 048:974.000 - 0.744ms returns FALSE
T3260 049:082.136 JLINK_IsHalted()
T3260 049:083.028 - 0.894ms returns FALSE
T3260 049:083.056 JLINK_IsHalted()
T3260 049:083.884 - 0.828ms returns FALSE
T3260 049:191.468 JLINK_IsHalted()
T3260 049:192.280 - 0.811ms returns FALSE
T3260 049:192.308 JLINK_IsHalted()
T3260 049:193.040 - 0.730ms returns FALSE
T3260 049:300.028 JLINK_IsHalted()
T3260 049:300.868 - 0.837ms returns FALSE
T3260 049:300.884 JLINK_IsHalted()
T3260 049:301.636 - 0.749ms returns FALSE
T3260 049:409.368 JLINK_IsHalted()
T3260 049:410.300 - 0.929ms returns FALSE
T3260 049:410.320 JLINK_IsHalted()
T3260 049:411.060 - 0.740ms returns FALSE
T87C0 049:454.724 JLINK_IsHalted()
T87C0 049:455.820 - 1.095ms returns FALSE
T87C0 049:455.860 JLINK_IsHalted()
T87C0 049:456.772 - 0.909ms returns FALSE
T3260 049:519.228 JLINK_IsHalted()
T3260 049:519.976 - 0.745ms returns FALSE
T3260 049:519.996 JLINK_IsHalted()
T3260 049:520.784 - 0.786ms returns FALSE
T3260 049:628.148 JLINK_IsHalted()
T3260 049:628.928 - 0.780ms returns FALSE
T3260 049:628.948 JLINK_IsHalted()
T3260 049:629.692 - 0.747ms returns FALSE
T3260 049:738.320 JLINK_IsHalted()
T3260 049:739.052 - 0.730ms returns FALSE
T3260 049:739.064 JLINK_IsHalted()
T3260 049:739.784 - 0.721ms returns FALSE
T3260 049:847.180 JLINK_IsHalted()
T3260 049:847.992 - 0.813ms returns FALSE
T3260 049:848.008 JLINK_IsHalted()
T3260 049:848.728 - 0.716ms returns FALSE
T3260 049:956.872 JLINK_IsHalted()
T3260 049:957.564 - 0.690ms returns FALSE
T3260 049:957.592 JLINK_IsHalted()
T3260 049:958.248 - 0.659ms returns FALSE
T3260 050:066.488 JLINK_IsHalted()
T3260 050:067.264 - 0.771ms returns FALSE
T3260 050:067.300 JLINK_IsHalted()
T3260 050:067.992 - 0.692ms returns FALSE
T3260 050:175.008 JLINK_IsHalted()
T3260 050:175.828 - 0.818ms returns FALSE
T3260 050:175.848 JLINK_IsHalted()
T3260 050:176.520 - 0.677ms returns FALSE
T3260 050:285.228 JLINK_IsHalted()
T3260 050:286.120 - 0.889ms returns FALSE
T3260 050:286.136 JLINK_IsHalted()
T3260 050:286.856 - 0.722ms returns FALSE
T3260 050:393.972 JLINK_IsHalted()
T3260 050:394.764 - 0.793ms returns FALSE
T3260 050:394.788 JLINK_IsHalted()
T3260 050:395.520 - 0.732ms returns FALSE
T87C0 050:457.280 JLINK_IsHalted()
T87C0 050:458.068 - 0.785ms returns FALSE
T87C0 050:458.092 JLINK_IsHalted()
T87C0 050:458.760 - 0.663ms returns FALSE
T3260 050:503.300 JLINK_IsHalted()
T3260 050:504.028 - 0.729ms returns FALSE
T3260 050:504.048 JLINK_IsHalted()
T3260 050:504.784 - 0.733ms returns FALSE
T3260 050:612.656 JLINK_IsHalted()
T3260 050:613.392 - 0.735ms returns FALSE
T3260 050:613.408 JLINK_IsHalted()
T3260 050:614.104 - 0.693ms returns FALSE
T3260 050:722.688 JLINK_IsHalted()
T3260 050:723.652 - 0.964ms returns FALSE
T3260 050:723.668 JLINK_IsHalted()
T3260 050:724.524 - 0.856ms returns FALSE
T3260 050:832.104 JLINK_IsHalted()
T3260 050:832.840 - 0.732ms returns FALSE
T3260 050:832.860 JLINK_IsHalted()
T3260 050:833.688 - 0.825ms returns FALSE
T3260 050:941.900 JLINK_IsHalted()
T3260 050:942.768 - 0.867ms returns FALSE
T3260 050:942.788 JLINK_IsHalted()
T3260 050:943.612 - 0.824ms returns FALSE
T3260 051:050.000 JLINK_IsHalted()
T3260 051:050.776 - 0.774ms returns FALSE
T3260 051:050.792 JLINK_IsHalted()
T3260 051:051.588 - 0.793ms returns FALSE
T3260 051:159.500 JLINK_IsHalted()
T3260 051:160.272 - 0.772ms returns FALSE
T3260 051:160.288 JLINK_IsHalted()
T3260 051:160.920 - 0.629ms returns FALSE
T3260 051:269.728 JLINK_IsHalted()
T3260 051:270.532 - 0.802ms returns FALSE
T3260 051:270.560 JLINK_IsHalted()
T3260 051:271.288 - 0.729ms returns FALSE
T3260 051:378.784 JLINK_IsHalted()
T3260 051:379.556 - 0.771ms returns FALSE
T3260 051:379.576 JLINK_IsHalted()
T3260 051:380.240 - 0.666ms returns FALSE
T87C0 051:458.912 JLINK_IsHalted()
T87C0 051:459.688 - 0.775ms returns FALSE
T87C0 051:459.708 JLINK_IsHalted()
T87C0 051:460.376 - 0.664ms returns FALSE
T3260 051:487.880 JLINK_IsHalted()
T3260 051:488.620 - 0.743ms returns FALSE
T3260 051:488.636 JLINK_IsHalted()
T3260 051:489.364 - 0.726ms returns FALSE
T3260 051:597.912 JLINK_IsHalted()
T3260 051:598.752 - 0.841ms returns FALSE
T3260 051:598.772 JLINK_IsHalted()
T3260 051:599.572 - 0.801ms returns FALSE
T3260 051:706.404 JLINK_IsHalted()
T3260 051:707.160 - 0.754ms returns FALSE
T3260 051:707.172 JLINK_IsHalted()
T3260 051:707.784 - 0.612ms returns FALSE
T3260 051:816.496 JLINK_IsHalted()
T3260 051:817.268 - 0.769ms returns FALSE
T3260 051:817.284 JLINK_IsHalted()
T3260 051:818.000 - 0.715ms returns FALSE
T3260 051:925.880 JLINK_IsHalted()
T3260 051:926.712 - 0.829ms returns FALSE
T3260 051:926.720 JLINK_IsHalted()
T3260 051:927.396 - 0.674ms returns FALSE
T3260 052:035.176 JLINK_IsHalted()
T3260 052:035.936 - 0.760ms returns FALSE
T3260 052:035.952 JLINK_IsHalted()
T3260 052:036.604 - 0.651ms returns FALSE
T3260 052:144.168 JLINK_IsHalted()
T3260 052:144.948 - 0.782ms returns FALSE
T3260 052:144.968 JLINK_IsHalted()
T3260 052:145.692 - 0.723ms returns FALSE
T3260 052:254.104 JLINK_IsHalted()
T3260 052:254.792 - 0.690ms returns FALSE
T3260 052:254.812 JLINK_IsHalted()
T3260 052:255.572 - 0.759ms returns FALSE
T3260 052:363.196 JLINK_IsHalted()
T3260 052:363.896 - 0.698ms returns FALSE
T3260 052:363.912 JLINK_IsHalted()
T3260 052:364.636 - 0.723ms returns FALSE
T87C0 052:460.432 JLINK_IsHalted()
T87C0 052:461.200 - 0.768ms returns FALSE
T87C0 052:461.236 JLINK_IsHalted()
T87C0 052:461.924 - 0.687ms returns FALSE
T3260 052:472.752 JLINK_IsHalted()
T3260 052:473.516 - 0.764ms returns FALSE
T3260 052:473.528 JLINK_IsHalted()
T3260 052:474.168 - 0.637ms returns FALSE
T3260 052:582.028 JLINK_IsHalted()
T3260 052:582.908 - 0.881ms returns FALSE
T3260 052:582.924 JLINK_IsHalted()
T3260 052:583.704 - 0.780ms returns FALSE
T3260 052:690.936 JLINK_IsHalted()
T3260 052:691.692 - 0.753ms returns FALSE
T3260 052:691.712 JLINK_IsHalted()
T3260 052:692.396 - 0.681ms returns FALSE
T3260 052:800.644 JLINK_IsHalted()
T3260 052:801.408 - 0.762ms returns FALSE
T3260 052:801.420 JLINK_IsHalted()
T3260 052:802.080 - 0.656ms returns FALSE
T3260 052:909.576 JLINK_IsHalted()
T3260 052:910.440 - 0.863ms returns FALSE
T3260 052:910.444 JLINK_IsHalted()
T3260 052:911.268 - 0.820ms returns FALSE
T3260 053:019.080 JLINK_IsHalted()
T3260 053:019.828 - 0.746ms returns FALSE
T3260 053:019.848 JLINK_IsHalted()
T3260 053:020.516 - 0.665ms returns FALSE
T3260 053:128.804 JLINK_IsHalted()
T3260 053:129.564 - 0.759ms returns FALSE
T3260 053:129.584 JLINK_IsHalted()
T3260 053:130.424 - 0.837ms returns FALSE
T3260 053:238.092 JLINK_IsHalted()
T3260 053:238.992 - 0.896ms returns FALSE
T3260 053:239.016 JLINK_IsHalted()
T3260 053:239.712 - 0.694ms returns FALSE
T3260 053:346.960 JLINK_IsHalted()
T3260 053:347.768 - 0.804ms returns FALSE
T3260 053:347.784 JLINK_IsHalted()
T3260 053:348.508 - 0.724ms returns FALSE
T3260 053:456.384 JLINK_IsHalted()
T3260 053:457.172 - 0.786ms returns FALSE
T3260 053:457.188 JLINK_IsHalted()
T3260 053:457.892 - 0.704ms returns FALSE
T87C0 053:461.560 JLINK_IsHalted()
T87C0 053:462.260 - 0.695ms returns FALSE
T87C0 053:462.272 JLINK_IsHalted()
T87C0 053:462.908 - 0.635ms returns FALSE
T3260 053:565.832 JLINK_IsHalted()
T3260 053:566.704 - 0.871ms returns FALSE
T3260 053:566.748 JLINK_IsHalted()
T3260 053:567.528 - 0.776ms returns FALSE
T3260 053:675.572 JLINK_IsHalted()
T3260 053:676.268 - 0.697ms returns FALSE
T3260 053:676.288 JLINK_IsHalted()
T3260 053:676.976 - 0.688ms returns FALSE
T3260 053:784.728 JLINK_IsHalted()
T3260 053:785.524 - 0.795ms returns FALSE
T3260 053:785.544 JLINK_IsHalted()
T3260 053:786.344 - 0.799ms returns FALSE
T3260 053:894.156 JLINK_IsHalted()
T3260 053:894.996 - 0.836ms returns FALSE
T3260 053:895.032 JLINK_IsHalted()
T3260 053:895.832 - 0.801ms returns FALSE
T3260 054:003.648 JLINK_IsHalted()
T3260 054:004.376 - 0.727ms returns FALSE
T3260 054:004.404 JLINK_IsHalted()
T3260 054:005.160 - 0.751ms returns FALSE
T3260 054:112.756 JLINK_IsHalted()
T3260 054:113.832 - 1.071ms returns FALSE
T3260 054:113.848 JLINK_IsHalted()
T3260 054:114.784 - 0.935ms returns FALSE
T3260 054:222.548 JLINK_IsHalted()
T3260 054:223.264 - 0.718ms returns FALSE
T3260 054:223.276 JLINK_IsHalted()
T3260 054:224.076 - 0.797ms returns FALSE
T3260 054:332.672 JLINK_IsHalted()
T3260 054:333.440 - 0.769ms returns FALSE
T3260 054:333.460 JLINK_IsHalted()
T3260 054:334.168 - 0.706ms returns FALSE
T3260 054:441.388 JLINK_IsHalted()
T3260 054:442.228 - 0.835ms returns FALSE
T3260 054:442.240 JLINK_IsHalted()
T3260 054:443.116 - 0.872ms returns FALSE
T87C0 054:463.128 JLINK_IsHalted()
T87C0 054:464.072 - 0.936ms returns FALSE
T87C0 054:464.084 JLINK_IsHalted()
T87C0 054:464.844 - 0.760ms returns FALSE
T3260 054:550.132 JLINK_IsHalted()
T3260 054:550.880 - 0.748ms returns FALSE
T3260 054:550.892 JLINK_IsHalted()
T3260 054:551.560 - 0.665ms returns FALSE
T3260 054:660.312 JLINK_IsHalted()
T3260 054:661.192 - 0.879ms returns FALSE
T3260 054:661.208 JLINK_IsHalted()
T3260 054:661.856 - 0.647ms returns FALSE
T3260 054:769.576 JLINK_IsHalted()
T3260 054:770.356 - 0.781ms returns FALSE
T3260 054:770.376 JLINK_IsHalted()
T3260 054:771.096 - 0.719ms returns FALSE
T3260 054:878.508 JLINK_IsHalted()
T3260 054:879.252 - 0.739ms returns FALSE
T3260 054:879.264 JLINK_IsHalted()
T3260 054:879.916 - 0.647ms returns FALSE
T3260 054:988.384 JLINK_IsHalted()
T3260 054:989.120 - 0.735ms returns FALSE
T3260 054:989.144 JLINK_IsHalted()
T3260 054:989.824 - 0.678ms returns FALSE
T3260 055:097.064 JLINK_IsHalted()
T3260 055:097.780 - 0.719ms returns FALSE
T3260 055:097.800 JLINK_IsHalted()
T3260 055:098.536 - 0.732ms returns FALSE
T3260 055:207.176 JLINK_IsHalted()
T3260 055:207.916 - 0.742ms returns FALSE
T3260 055:207.936 JLINK_IsHalted()
T3260 055:208.616 - 0.679ms returns FALSE
T3260 055:315.732 JLINK_IsHalted()
T3260 055:316.664 - 0.931ms returns FALSE
T3260 055:316.692 JLINK_IsHalted()
T3260 055:317.556 - 0.861ms returns FALSE
T3260 055:425.240 JLINK_IsHalted()
T3260 055:425.912 - 0.677ms returns FALSE
T3260 055:425.932 JLINK_IsHalted()
T3260 055:426.560 - 0.629ms returns FALSE
T87C0 055:465.612 JLINK_IsHalted()
T87C0 055:466.312 - 0.697ms returns FALSE
T87C0 055:466.328 JLINK_IsHalted()
T87C0 055:467.020 - 0.685ms returns FALSE
T3260 055:535.208 JLINK_IsHalted()
T3260 055:535.944 - 0.730ms returns FALSE
T3260 055:535.960 JLINK_IsHalted()
T3260 055:536.680 - 0.718ms returns FALSE
T3260 055:644.192 JLINK_IsHalted()
T3260 055:644.888 - 0.702ms returns FALSE
T3260 055:644.904 JLINK_IsHalted()
T3260 055:645.504 - 0.602ms returns FALSE
T3260 055:753.228 JLINK_IsHalted()
T3260 055:753.960 - 0.734ms returns FALSE
T3260 055:753.976 JLINK_IsHalted()
T3260 055:754.668 - 0.691ms returns FALSE
T3260 055:863.372 JLINK_IsHalted()
T3260 055:864.072 - 0.700ms returns FALSE
T3260 055:864.088 JLINK_IsHalted()
T3260 055:864.712 - 0.620ms returns FALSE
T3260 055:971.896 JLINK_IsHalted()
T3260 055:972.632 - 0.734ms returns FALSE
T3260 055:972.652 JLINK_IsHalted()
T3260 055:973.324 - 0.674ms returns FALSE
T3260 056:081.928 JLINK_IsHalted()
T3260 056:082.636 - 0.709ms returns FALSE
T3260 056:082.656 JLINK_IsHalted()
T3260 056:083.340 - 0.684ms returns FALSE
T3260 056:190.752 JLINK_IsHalted()
T3260 056:191.540 - 0.787ms returns FALSE
T3260 056:191.544 JLINK_IsHalted()
T3260 056:192.212 - 0.662ms returns FALSE
T3260 056:300.480 JLINK_IsHalted()
T3260 056:301.256 - 0.775ms returns FALSE
T3260 056:301.272 JLINK_IsHalted()
T3260 056:301.964 - 0.686ms returns FALSE
T3260 056:409.452 JLINK_IsHalted()
T3260 056:410.156 - 0.700ms returns FALSE
T3260 056:410.168 JLINK_IsHalted()
T3260 056:410.856 - 0.686ms returns FALSE
T87C0 056:466.772 JLINK_IsHalted()
T87C0 056:467.544 - 0.773ms returns FALSE
T87C0 056:467.572 JLINK_IsHalted()
T87C0 056:468.236 - 0.669ms returns FALSE
T3260 056:519.384 JLINK_IsHalted()
T3260 056:520.192 - 0.803ms returns FALSE
T3260 056:520.244 JLINK_IsHalted()
T3260 056:521.012 - 0.768ms returns FALSE
T3260 056:628.760 JLINK_IsHalted()
T3260 056:629.516 - 0.758ms returns FALSE
T3260 056:629.536 JLINK_IsHalted()
T3260 056:630.220 - 0.683ms returns FALSE
T3260 056:738.440 JLINK_IsHalted()
T3260 056:739.156 - 0.714ms returns FALSE
T3260 056:739.176 JLINK_IsHalted()
T3260 056:739.884 - 0.711ms returns FALSE
T3260 056:847.144 JLINK_IsHalted()
T3260 056:848.000 - 0.861ms returns FALSE
T3260 056:848.032 JLINK_IsHalted()
T3260 056:848.808 - 0.770ms returns FALSE
T3260 056:956.564 JLINK_IsHalted()
T3260 056:957.304 - 0.745ms returns FALSE
T3260 056:957.332 JLINK_IsHalted()
T3260 056:958.016 - 0.686ms returns FALSE
T3260 057:066.008 JLINK_IsHalted()
T3260 057:066.760 - 0.748ms returns FALSE
T3260 057:066.776 JLINK_IsHalted()
T3260 057:067.532 - 0.754ms returns FALSE
T3260 057:175.296 JLINK_IsHalted()
T3260 057:176.256 - 0.959ms returns FALSE
T3260 057:176.300 JLINK_IsHalted()
T3260 057:177.408 - 1.104ms returns FALSE
T3260 057:284.480 JLINK_IsHalted()
T3260 057:285.280 - 0.805ms returns FALSE
T3260 057:285.300 JLINK_IsHalted()
T3260 057:285.932 - 0.628ms returns FALSE
T3260 057:393.920 JLINK_IsHalted()
T3260 057:394.924 - 1.001ms returns FALSE
T3260 057:394.956 JLINK_IsHalted()
T3260 057:395.744 - 0.786ms returns FALSE
T87C0 057:468.504 JLINK_IsHalted()
T87C0 057:469.320 - 0.811ms returns FALSE
T87C0 057:469.336 JLINK_IsHalted()
T87C0 057:470.248 - 0.910ms returns FALSE
T3260 057:503.320 JLINK_IsHalted()
T3260 057:504.084 - 0.756ms returns FALSE
T3260 057:504.104 JLINK_IsHalted()
T3260 057:504.760 - 0.658ms returns FALSE
T3260 057:612.584 JLINK_IsHalted()
T3260 057:613.288 - 0.699ms returns FALSE
T3260 057:613.300 JLINK_IsHalted()
T3260 057:613.976 - 0.676ms returns FALSE
T3260 057:722.156 JLINK_IsHalted()
T3260 057:722.932 - 0.772ms returns FALSE
T3260 057:722.936 JLINK_IsHalted()
T3260 057:723.736 - 0.799ms returns FALSE
T3260 057:831.256 JLINK_IsHalted()
T3260 057:831.980 - 0.728ms returns FALSE
T3260 057:832.000 JLINK_IsHalted()
T3260 057:832.704 - 0.700ms returns FALSE
T3260 057:940.780 JLINK_IsHalted()
T3260 057:941.644 - 0.862ms returns FALSE
T3260 057:941.676 JLINK_IsHalted()
T3260 057:942.360 - 0.685ms returns FALSE
T3260 058:050.976 JLINK_IsHalted()
T3260 058:051.800 - 0.832ms returns FALSE
T3260 058:051.832 JLINK_IsHalted()
T3260 058:052.728 - 0.899ms returns FALSE
T3260 058:159.488 JLINK_IsHalted()
T3260 058:160.200 - 0.714ms returns FALSE
T3260 058:160.224 JLINK_IsHalted()
T3260 058:160.928 - 0.705ms returns FALSE
T3260 058:269.652 JLINK_IsHalted()
T3260 058:270.344 - 0.686ms returns FALSE
T3260 058:270.360 JLINK_IsHalted()
T3260 058:271.064 - 0.705ms returns FALSE
T3260 058:378.744 JLINK_IsHalted()
T3260 058:379.896 - 1.154ms returns FALSE
T3260 058:379.924 JLINK_IsHalted()
T3260 058:380.556 - 0.636ms returns FALSE
T87C0 058:470.648 JLINK_IsHalted()
T87C0 058:471.360 - 0.709ms returns FALSE
T87C0 058:471.372 JLINK_IsHalted()
T87C0 058:472.024 - 0.650ms returns FALSE
T3260 058:487.616 JLINK_IsHalted()
T3260 058:488.376 - 0.764ms returns FALSE
T3260 058:488.396 JLINK_IsHalted()
T3260 058:489.056 - 0.660ms returns FALSE
T3260 058:597.432 JLINK_IsHalted()
T3260 058:598.188 - 0.749ms returns FALSE
T3260 058:598.208 JLINK_IsHalted()
T3260 058:598.904 - 0.697ms returns FALSE
T3260 058:706.828 JLINK_IsHalted()
T3260 058:707.692 - 0.866ms returns FALSE
T3260 058:707.700 JLINK_IsHalted()
T3260 058:708.520 - 0.816ms returns FALSE
T3260 058:815.912 JLINK_IsHalted()
T3260 058:816.712 - 0.800ms returns FALSE
T3260 058:816.728 JLINK_IsHalted()
T3260 058:817.376 - 0.646ms returns FALSE
T3260 058:924.980 JLINK_IsHalted()
T3260 058:925.792 - 0.808ms returns FALSE
T3260 058:925.812 JLINK_IsHalted()
T3260 058:926.528 - 0.715ms returns FALSE
T3260 059:035.148 JLINK_IsHalted()
T3260 059:035.988 - 0.834ms returns FALSE
T3260 059:036.000 JLINK_IsHalted()
T3260 059:036.716 - 0.714ms returns FALSE
T3260 059:144.588 JLINK_IsHalted()
T3260 059:145.320 - 0.732ms returns FALSE
T3260 059:145.344 JLINK_IsHalted()
T3260 059:146.028 - 0.685ms returns FALSE
T3260 059:253.216 JLINK_IsHalted()
T3260 059:253.920 - 0.703ms returns FALSE
T3260 059:253.932 JLINK_IsHalted()
T3260 059:254.572 - 0.636ms returns FALSE
T3260 059:363.468 JLINK_IsHalted()
T3260 059:364.212 - 0.743ms returns FALSE
T3260 059:364.216 JLINK_IsHalted()
T3260 059:364.916 - 0.698ms returns FALSE
T3260 059:472.396 JLINK_IsHalted()
T3260 059:473.132 - 0.736ms returns FALSE
T3260 059:473.160 JLINK_IsHalted()
T3260 059:473.752 - 0.596ms returns FALSE
T87C0 059:473.804 JLINK_IsHalted()
T87C0 059:474.536 - 0.728ms returns FALSE
T87C0 059:474.552 JLINK_IsHalted()
T87C0 059:475.264 - 0.712ms returns FALSE
T3260 059:581.896 JLINK_IsHalted()
T3260 059:582.648 - 0.752ms returns FALSE
T3260 059:582.664 JLINK_IsHalted()
T3260 059:583.328 - 0.669ms returns FALSE
T3260 059:691.028 JLINK_IsHalted()
T3260 059:691.784 - 0.756ms returns FALSE
T3260 059:691.796 JLINK_IsHalted()
T3260 059:692.524 - 0.724ms returns FALSE
T3260 059:800.536 JLINK_IsHalted()
T3260 059:801.288 - 0.745ms returns FALSE
T3260 059:801.304 JLINK_IsHalted()
T3260 059:801.996 - 0.691ms returns FALSE
T3260 059:909.492 JLINK_IsHalted()
T3260 059:910.196 - 0.705ms returns FALSE
T3260 059:910.216 JLINK_IsHalted()
T3260 059:910.904 - 0.694ms returns FALSE
T3260 060:019.584 JLINK_IsHalted()
T3260 060:020.416 - 0.827ms returns FALSE
T3260 060:020.424 JLINK_IsHalted()
T3260 060:021.112 - 0.686ms returns FALSE
T3260 060:128.776 JLINK_IsHalted()
T3260 060:129.528 - 0.758ms returns FALSE
T3260 060:129.536 JLINK_IsHalted()
T3260 060:130.260 - 0.720ms returns FALSE
T3260 060:237.720 JLINK_IsHalted()
T3260 060:238.412 - 0.709ms returns FALSE
T3260 060:238.424 JLINK_IsHalted()
T3260 060:239.092 - 0.664ms returns FALSE
T3260 060:347.244 JLINK_IsHalted()
T3260 060:347.936 - 0.690ms returns FALSE
T3260 060:347.944 JLINK_IsHalted()
T3260 060:348.596 - 0.651ms returns FALSE
T3260 060:456.524 JLINK_IsHalted()
T3260 060:457.248 - 0.726ms returns FALSE
T3260 060:457.260 JLINK_IsHalted()
T3260 060:457.908 - 0.645ms returns FALSE
T87C0 060:475.764 JLINK_IsHalted()
T87C0 060:476.512 - 0.753ms returns FALSE
T87C0 060:476.520 JLINK_IsHalted()
T87C0 060:477.132 - 0.611ms returns FALSE
T3260 060:565.920 JLINK_IsHalted()
T3260 060:566.708 - 0.789ms returns FALSE
T3260 060:566.712 JLINK_IsHalted()
T3260 060:567.432 - 0.712ms returns FALSE
T3260 060:675.444 JLINK_IsHalted()
T3260 060:676.288 - 0.847ms returns FALSE
T3260 060:676.308 JLINK_IsHalted()
T3260 060:677.044 - 0.734ms returns FALSE
T3260 060:785.240 JLINK_IsHalted()
T3260 060:785.952 - 0.708ms returns FALSE
T3260 060:785.960 JLINK_IsHalted()
T3260 060:786.616 - 0.656ms returns FALSE
T3260 060:894.168 JLINK_IsHalted()
T3260 060:894.964 - 0.793ms returns FALSE
T3260 060:894.968 JLINK_IsHalted()
T3260 060:895.732 - 0.759ms returns FALSE
T3260 061:003.144 JLINK_IsHalted()
T3260 061:003.832 - 0.688ms returns FALSE
T3260 061:003.840 JLINK_IsHalted()
T3260 061:004.440 - 0.599ms returns FALSE
T3260 061:112.940 JLINK_IsHalted()
T3260 061:113.716 - 0.773ms returns FALSE
T3260 061:113.736 JLINK_IsHalted()
T3260 061:114.420 - 0.685ms returns FALSE
T3260 061:222.432 JLINK_IsHalted()
T3260 061:223.124 - 0.692ms returns FALSE
T3260 061:223.128 JLINK_IsHalted()
T3260 061:223.808 - 0.679ms returns FALSE
T3260 061:331.744 JLINK_IsHalted()
T3260 061:332.712 - 0.968ms returns FALSE
T3260 061:332.716 JLINK_IsHalted()
T3260 061:333.384 - 0.665ms returns FALSE
T3260 061:441.184 JLINK_IsHalted()
T3260 061:441.896 - 0.712ms returns FALSE
T3260 061:441.900 JLINK_IsHalted()
T3260 061:442.540 - 0.637ms returns FALSE
T87C0 061:477.388 JLINK_IsHalted()
T87C0 061:478.156 - 0.768ms returns FALSE
T87C0 061:478.168 JLINK_IsHalted()
T87C0 061:478.856 - 0.682ms returns FALSE
T3260 061:550.784 JLINK_IsHalted()
T3260 061:551.768 - 0.987ms returns FALSE
T3260 061:551.776 JLINK_IsHalted()
T3260 061:552.404 - 0.627ms returns FALSE
T3260 061:660.128 JLINK_IsHalted()
T3260 061:660.856 - 0.729ms returns FALSE
T3260 061:660.872 JLINK_IsHalted()
T3260 061:661.560 - 0.696ms returns FALSE
T3260 061:768.904 JLINK_IsHalted()
T3260 061:769.780 - 0.879ms returns FALSE
T3260 061:769.784 JLINK_IsHalted()
T3260 061:770.784 - 0.996ms returns FALSE
T3260 061:878.324 JLINK_IsHalted()
T3260 061:879.240 - 0.911ms returns FALSE
T3260 061:879.256 JLINK_IsHalted()
T3260 061:879.904 - 0.649ms returns FALSE
T3260 061:988.384 JLINK_IsHalted()
T3260 061:989.324 - 0.944ms returns FALSE
T3260 061:989.336 JLINK_IsHalted()
T3260 061:990.156 - 0.824ms returns FALSE
T3260 062:097.748 JLINK_IsHalted()
T3260 062:098.560 - 0.816ms returns FALSE
T3260 062:098.572 JLINK_IsHalted()
T3260 062:099.208 - 0.631ms returns FALSE
T3260 062:206.952 JLINK_IsHalted()
T3260 062:207.796 - 0.840ms returns FALSE
T3260 062:207.800 JLINK_IsHalted()
T3260 062:208.664 - 0.860ms returns FALSE
T3260 062:316.460 JLINK_IsHalted()
T3260 062:317.272 - 0.809ms returns FALSE
T3260 062:317.280 JLINK_IsHalted()
T3260 062:318.156 - 0.877ms returns FALSE
T3260 062:425.388 JLINK_IsHalted()
T3260 062:426.312 - 0.922ms returns FALSE
T3260 062:426.316 JLINK_IsHalted()
T3260 062:427.040 - 0.719ms returns FALSE
T87C0 062:478.472 JLINK_IsHalted()
T87C0 062:479.240 - 0.770ms returns FALSE
T87C0 062:479.256 JLINK_IsHalted()
T87C0 062:480.224 - 0.971ms returns FALSE
T3260 062:534.504 JLINK_IsHalted()
T3260 062:535.432 - 0.924ms returns FALSE
T3260 062:535.436 JLINK_IsHalted()
T3260 062:536.328 - 0.885ms returns FALSE
T3260 062:644.352 JLINK_IsHalted()
T3260 062:645.248 - 0.893ms returns FALSE
T3260 062:645.256 JLINK_IsHalted()
T3260 062:646.072 - 0.817ms returns FALSE
T3260 062:753.368 JLINK_IsHalted()
T3260 062:754.196 - 0.824ms returns FALSE
T3260 062:754.208 JLINK_IsHalted()
T3260 062:754.968 - 0.757ms returns FALSE
T3260 062:862.784 JLINK_IsHalted()
T3260 062:863.860 - 1.077ms returns FALSE
T3260 062:863.864 JLINK_IsHalted()
T3260 062:864.736 - 0.865ms returns FALSE
T3260 062:972.308 JLINK_IsHalted()
T3260 062:973.384 - 1.075ms returns FALSE
T3260 062:973.408 JLINK_IsHalted()
T3260 062:974.336 - 0.929ms returns FALSE
T3260 063:081.356 JLINK_IsHalted()
T3260 063:082.072 - 0.720ms returns FALSE
T3260 063:082.088 JLINK_IsHalted()
T3260 063:082.760 - 0.668ms returns FALSE
T3260 063:191.540 JLINK_IsHalted()
T3260 063:192.504 - 0.968ms returns FALSE
T3260 063:192.520 JLINK_IsHalted()
T3260 063:193.384 - 0.864ms returns FALSE
T3260 063:300.024 JLINK_IsHalted()
T3260 063:300.972 - 0.945ms returns FALSE
T3260 063:300.980 JLINK_IsHalted()
T3260 063:301.804 - 0.825ms returns FALSE
T3260 063:409.928 JLINK_IsHalted()
T3260 063:410.712 - 0.782ms returns FALSE
T3260 063:410.728 JLINK_IsHalted()
T3260 063:411.400 - 0.669ms returns FALSE
T87C0 063:480.744 JLINK_IsHalted()
T87C0 063:481.524 - 0.779ms returns FALSE
T87C0 063:481.528 JLINK_IsHalted()
T87C0 063:482.156 - 0.622ms returns FALSE
T3260 063:518.732 JLINK_IsHalted()
T3260 063:519.808 - 1.075ms returns FALSE
T3260 063:519.816 JLINK_IsHalted()
T3260 063:520.840 - 1.024ms returns FALSE
T3260 063:628.276 JLINK_IsHalted()
T3260 063:629.288 - 1.010ms returns FALSE
T3260 063:629.292 JLINK_IsHalted()
T3260 063:630.168 - 0.870ms returns FALSE
T3260 063:738.360 JLINK_IsHalted()
T3260 063:739.252 - 0.892ms returns FALSE
T3260 063:739.264 JLINK_IsHalted()
T3260 063:740.008 - 0.739ms returns FALSE
T3260 063:847.392 JLINK_IsHalted()
T3260 063:848.308 - 0.917ms returns FALSE
T3260 063:848.312 JLINK_IsHalted()
T3260 063:849.000 - 0.685ms returns FALSE
T3260 063:956.864 JLINK_IsHalted()
T3260 063:957.740 - 0.878ms returns FALSE
T3260 063:957.752 JLINK_IsHalted()
T3260 063:958.664 - 0.911ms returns FALSE
T3260 064:066.488 JLINK_IsHalted()
T3260 064:067.244 - 0.751ms returns FALSE
T3260 064:067.252 JLINK_IsHalted()
T3260 064:067.832 - 0.582ms returns FALSE
T3260 064:175.304 JLINK_IsHalted()
T3260 064:176.268 - 0.966ms returns FALSE
T3260 064:176.296 JLINK_IsHalted()
T3260 064:177.120 - 0.823ms returns FALSE
T3260 064:285.352 JLINK_IsHalted()
T3260 064:286.280 - 0.928ms returns FALSE
T3260 064:286.284 JLINK_IsHalted()
T3260 064:287.064 - 0.774ms returns FALSE
T3260 064:393.792 JLINK_IsHalted()
T3260 064:394.552 - 0.763ms returns FALSE
T3260 064:394.560 JLINK_IsHalted()
T3260 064:395.256 - 0.696ms returns FALSE
T87C0 064:482.676 JLINK_IsHalted()
T87C0 064:483.456 - 0.782ms returns FALSE
T87C0 064:483.476 JLINK_IsHalted()
T87C0 064:484.244 - 0.768ms returns FALSE
T3260 064:504.064 JLINK_IsHalted()
T3260 064:504.780 - 0.715ms returns FALSE
T3260 064:504.788 JLINK_IsHalted()
T3260 064:505.452 - 0.667ms returns FALSE
T3260 064:613.428 JLINK_IsHalted()
T3260 064:614.540 - 1.110ms returns FALSE
T3260 064:614.548 JLINK_IsHalted()
T3260 064:615.592 - 1.045ms returns FALSE
T3260 064:722.572 JLINK_IsHalted()
T3260 064:723.416 - 0.842ms returns FALSE
T3260 064:723.424 JLINK_IsHalted()
T3260 064:724.224 - 0.799ms returns FALSE
T3260 064:831.924 JLINK_IsHalted()
T3260 064:832.824 - 0.903ms returns FALSE
T3260 064:832.832 JLINK_IsHalted()
T3260 064:833.684 - 0.853ms returns FALSE
T3260 064:941.196 JLINK_IsHalted()
T3260 064:942.188 - 0.991ms returns FALSE
T3260 064:942.196 JLINK_IsHalted()
T3260 064:943.224 - 1.027ms returns FALSE
T3260 065:050.240 JLINK_IsHalted()
T3260 065:051.020 - 0.777ms returns FALSE
T3260 065:051.028 JLINK_IsHalted()
T3260 065:051.712 - 0.683ms returns FALSE
T3260 065:160.104 JLINK_IsHalted()
T3260 065:162.452 - 2.350ms returns FALSE
T3260 065:162.464 JLINK_IsHalted()
T3260 065:163.180 - 0.717ms returns FALSE
T3260 065:269.580 JLINK_IsHalted()
T3260 065:270.456 - 0.881ms returns FALSE
T3260 065:270.464 JLINK_IsHalted()
T3260 065:271.256 - 0.787ms returns FALSE
T3260 065:378.432 JLINK_IsHalted()
T3260 065:379.256 - 0.819ms returns FALSE
T3260 065:379.264 JLINK_IsHalted()
T3260 065:380.052 - 0.788ms returns FALSE
T87C0 065:484.544 JLINK_IsHalted()
T87C0 065:485.452 - 0.910ms returns FALSE
T87C0 065:485.472 JLINK_IsHalted()
T87C0 065:486.156 - 0.685ms returns FALSE
T3260 065:488.352 JLINK_IsHalted()
T3260 065:489.068 - 0.713ms returns FALSE
T3260 065:489.080 JLINK_IsHalted()
T3260 065:489.800 - 0.715ms returns FALSE
T3260 065:597.728 JLINK_IsHalted()
T3260 065:598.648 - 0.921ms returns FALSE
T3260 065:598.664 JLINK_IsHalted()
T3260 065:599.412 - 0.753ms returns FALSE
T3260 065:706.644 JLINK_IsHalted()
T3260 065:707.412 - 0.773ms returns FALSE
T3260 065:707.416 JLINK_IsHalted()
T3260 065:708.084 - 0.662ms returns FALSE
T3260 065:816.024 JLINK_IsHalted()
T3260 065:816.788 - 0.762ms returns FALSE
T3260 065:816.800 JLINK_IsHalted()
T3260 065:817.544 - 0.742ms returns FALSE
T3260 065:925.388 JLINK_IsHalted()
T3260 065:926.488 - 1.097ms returns FALSE
T3260 065:926.496 JLINK_IsHalted()
T3260 065:927.464 - 0.966ms returns FALSE
T3260 066:034.484 JLINK_IsHalted()
T3260 066:035.392 - 0.913ms returns FALSE
T3260 066:035.400 JLINK_IsHalted()
T3260 066:036.236 - 0.835ms returns FALSE
T3260 066:153.664 JLINK_IsHalted()
T3260 066:154.440 - 0.776ms returns FALSE
T3260 066:154.456 JLINK_IsHalted()
T3260 066:155.240 - 0.778ms returns FALSE
T3260 066:265.568 JLINK_IsHalted()
T3260 066:266.392 - 0.819ms returns FALSE
T3260 066:266.444 JLINK_IsHalted()
T3260 066:267.328 - 0.884ms returns FALSE
T3260 066:376.960 JLINK_IsHalted()
T3260 066:377.704 - 0.745ms returns FALSE
T3260 066:377.716 JLINK_IsHalted()
T3260 066:378.360 - 0.641ms returns FALSE
T3260 066:472.584 JLINK_IsHalted()
T3260 066:473.472 - 0.894ms returns FALSE
T3260 066:473.496 JLINK_IsHalted()
T3260 066:474.208 - 0.710ms returns FALSE
T87C0 066:488.532 JLINK_IsHalted()
T87C0 066:489.272 - 0.744ms returns FALSE
T87C0 066:489.288 JLINK_IsHalted()
T87C0 066:490.004 - 0.715ms returns FALSE
T3260 066:583.840 JLINK_IsHalted()
T3260 066:584.884 - 1.043ms returns FALSE
T3260 066:584.928 JLINK_IsHalted()
T3260 066:585.856 - 0.928ms returns FALSE
T3260 066:695.220 JLINK_IsHalted()
T3260 066:696.168 - 0.948ms returns FALSE
T3260 066:696.180 JLINK_IsHalted()
T3260 066:696.876 - 0.691ms returns FALSE
T3260 066:807.444 JLINK_IsHalted()
T3260 066:808.268 - 0.820ms returns FALSE
T3260 066:808.300 JLINK_IsHalted()
T3260 066:808.992 - 0.693ms returns FALSE
T3260 066:918.636 JLINK_IsHalted()
T3260 066:919.736 - 1.101ms returns FALSE
T3260 066:919.776 JLINK_IsHalted()
T3260 066:920.936 - 1.151ms returns FALSE
T3260 067:029.524 JLINK_IsHalted()
T3260 067:030.296 - 0.774ms returns FALSE
T3260 067:030.316 JLINK_IsHalted()
T3260 067:030.996 - 0.672ms returns FALSE
T3260 067:141.152 JLINK_IsHalted()
T3260 067:142.008 - 0.855ms returns FALSE
T3260 067:142.032 JLINK_IsHalted()
T3260 067:142.800 - 0.773ms returns FALSE
T3260 067:252.048 JLINK_IsHalted()
T3260 067:253.056 - 1.016ms returns FALSE
T3260 067:253.096 JLINK_IsHalted()
T3260 067:254.096 - 1.004ms returns FALSE
T3260 067:348.040 JLINK_IsHalted()
T3260 067:348.960 - 0.926ms returns FALSE
T3260 067:348.976 JLINK_IsHalted()
T3260 067:349.776 - 0.806ms returns FALSE
T3260 067:465.056 JLINK_IsHalted()
T3260 067:465.960 - 0.900ms returns FALSE
T3260 067:465.984 JLINK_IsHalted()
T3260 067:466.704 - 0.711ms returns FALSE
T87C0 067:497.272 JLINK_IsHalted()
T87C0 067:498.128 - 0.853ms returns FALSE
T87C0 067:498.160 JLINK_IsHalted()
T87C0 067:498.864 - 0.706ms returns FALSE
T3260 067:577.312 JLINK_IsHalted()
T3260 067:578.240 - 0.934ms returns FALSE
T3260 067:578.272 JLINK_IsHalted()
T3260 067:579.152 - 0.879ms returns FALSE
T3260 067:689.168 JLINK_IsHalted()
T3260 067:689.912 - 0.740ms returns FALSE
T3260 067:689.944 JLINK_IsHalted()
T3260 067:690.760 - 0.811ms returns FALSE
T3260 067:785.112 JLINK_IsHalted()
T3260 067:785.896 - 0.778ms returns FALSE
T3260 067:785.904 JLINK_IsHalted()
T3260 067:786.568 - 0.655ms returns FALSE
T3260 067:895.584 JLINK_IsHalted()
T3260 067:902.288 - 6.704ms returns FALSE
T3260 067:902.296 JLINK_IsHalted()
T3260 067:903.056 - 0.750ms returns FALSE
T3260 068:007.920 JLINK_IsHalted()
T3260 068:008.880 - 0.959ms returns FALSE
T3260 068:008.936 JLINK_IsHalted()
T3260 068:009.808 - 0.868ms returns FALSE
T3260 068:119.376 JLINK_IsHalted()
T3260 068:120.112 - 0.739ms returns FALSE
T3260 068:120.128 JLINK_IsHalted()
T3260 068:121.144 - 1.015ms returns FALSE
T3260 068:231.376 JLINK_IsHalted()
T3260 068:232.216 - 0.840ms returns FALSE
T3260 068:232.240 JLINK_IsHalted()
T3260 068:233.040 - 0.805ms returns FALSE
T3260 068:343.672 JLINK_IsHalted()
T3260 068:344.728 - 1.051ms returns FALSE
T3260 068:344.768 JLINK_IsHalted()
T3260 068:345.560 - 0.795ms returns FALSE
T3260 068:455.408 JLINK_IsHalted()
T3260 068:456.176 - 0.769ms returns FALSE
T3260 068:456.200 JLINK_IsHalted()
T3260 068:457.128 - 0.930ms returns FALSE
T87C0 068:503.568 JLINK_IsHalted()
T87C0 068:504.304 - 0.738ms returns FALSE
T87C0 068:504.328 JLINK_IsHalted()
T87C0 068:504.984 - 0.660ms returns FALSE
T3260 068:551.112 JLINK_IsHalted()
T3260 068:551.840 - 0.730ms returns FALSE
T3260 068:551.856 JLINK_IsHalted()
T3260 068:552.560 - 0.710ms returns FALSE
T3260 068:663.712 JLINK_IsHalted()
T3260 068:664.856 - 1.142ms returns FALSE
T3260 068:664.912 JLINK_IsHalted()
T3260 068:665.928 - 1.009ms returns FALSE
T3260 068:775.440 JLINK_IsHalted()
T3260 068:776.240 - 0.802ms returns FALSE
T3260 068:776.272 JLINK_IsHalted()
T3260 068:777.072 - 0.801ms returns FALSE
T3260 068:887.280 JLINK_IsHalted()
T3260 068:888.288 - 1.009ms returns FALSE
T3260 068:888.304 JLINK_IsHalted()
T3260 068:889.008 - 0.695ms returns FALSE
T3260 068:997.664 JLINK_IsHalted()
T3260 068:998.792 - 1.124ms returns FALSE
T3260 068:998.840 JLINK_IsHalted()
T3260 068:999.984 - 1.138ms returns FALSE
T3260 069:108.952 JLINK_IsHalted()
T3260 069:109.944 - 0.991ms returns FALSE
T3260 069:109.952 JLINK_IsHalted()
T3260 069:110.624 - 0.668ms returns FALSE
T3260 069:219.792 JLINK_IsHalted()
T3260 069:220.528 - 0.740ms returns FALSE
T3260 069:220.552 JLINK_IsHalted()
T3260 069:221.296 - 0.740ms returns FALSE
T3260 069:330.816 JLINK_IsHalted()
T3260 069:331.736 - 0.921ms returns FALSE
T3260 069:331.776 JLINK_IsHalted()
T3260 069:332.576 - 0.803ms returns FALSE
T3260 069:426.424 JLINK_IsHalted()
T3260 069:427.344 - 0.914ms returns FALSE
T3260 069:427.376 JLINK_IsHalted()
T3260 069:428.152 - 0.774ms returns FALSE
T87C0 069:505.600 JLINK_IsHalted()
T87C0 069:506.408 - 0.801ms returns FALSE
T87C0 069:506.416 JLINK_IsHalted()
T87C0 069:507.120 - 0.706ms returns FALSE
T3260 069:536.752 JLINK_IsHalted()
T3260 069:537.576 - 0.825ms returns FALSE
T3260 069:537.592 JLINK_IsHalted()
T3260 069:538.376 - 0.779ms returns FALSE
T3260 069:647.384 JLINK_IsHalted()
T3260 069:648.440 - 1.047ms returns FALSE
T3260 069:648.472 JLINK_IsHalted()
T3260 069:649.312 - 0.836ms returns FALSE
T3260 069:758.512 JLINK_IsHalted()
T3260 069:759.712 - 1.195ms returns FALSE
T3260 069:759.760 JLINK_IsHalted()
T3260 069:760.528 - 0.774ms returns FALSE
T3260 069:870.072 JLINK_IsHalted()
T3260 069:870.832 - 0.760ms returns FALSE
T3260 069:870.864 JLINK_IsHalted()
T3260 069:871.496 - 0.635ms returns FALSE
T3260 069:982.008 JLINK_IsHalted()
T3260 069:982.760 - 0.750ms returns FALSE
T3260 069:982.776 JLINK_IsHalted()
T3260 069:983.536 - 0.757ms returns FALSE
T3260 070:094.312 JLINK_IsHalted()
T3260 070:095.352 - 1.044ms returns FALSE
T3260 070:095.400 JLINK_IsHalted()
T3260 070:096.552 - 1.147ms returns FALSE
T3260 070:206.064 JLINK_IsHalted()
T3260 070:206.848 - 0.780ms returns FALSE
T3260 070:206.872 JLINK_IsHalted()
T3260 070:207.576 - 0.700ms returns FALSE
T3260 070:302.280 JLINK_IsHalted()
T3260 070:303.080 - 0.799ms returns FALSE
T3260 070:303.088 JLINK_IsHalted()
T3260 070:303.792 - 0.696ms returns FALSE
T3260 070:414.432 JLINK_IsHalted()
T3260 070:415.448 - 1.019ms returns FALSE
T3260 070:415.504 JLINK_IsHalted()
T3260 070:416.360 - 0.857ms returns FALSE
T87C0 070:510.360 JLINK_IsHalted()
T87C0 070:510.880 - 0.515ms returns FALSE
T87C0 070:510.896 JLINK_IsHalted()
T87C0 070:511.568 - 0.667ms returns FALSE
T3260 070:526.160 JLINK_IsHalted()
T3260 070:526.896 - 0.733ms returns FALSE
T3260 070:526.912 JLINK_IsHalted()
T3260 070:527.624 - 0.709ms returns FALSE
T3260 070:636.376 JLINK_IsHalted()
T3260 070:637.264 - 0.883ms returns FALSE
T3260 070:637.272 JLINK_IsHalted()
T3260 070:637.968 - 0.687ms returns FALSE
T3260 070:748.904 JLINK_IsHalted()
T3260 070:750.056 - 1.152ms returns FALSE
T3260 070:750.112 JLINK_IsHalted()
T3260 070:751.344 - 1.229ms returns FALSE
T3260 070:860.496 JLINK_IsHalted()
T3260 070:861.432 - 0.936ms returns FALSE
T3260 070:861.456 JLINK_IsHalted()
T3260 070:862.232 - 0.779ms returns FALSE
T3260 070:956.384 JLINK_IsHalted()
T3260 070:957.152 - 0.768ms returns FALSE
T3260 070:957.176 JLINK_IsHalted()
T3260 070:957.904 - 0.724ms returns FALSE
T3260 071:068.848 JLINK_IsHalted()
T3260 071:069.808 - 0.962ms returns FALSE
T3260 071:069.872 JLINK_IsHalted()
T3260 071:070.784 - 0.908ms returns FALSE
T3260 071:180.384 JLINK_IsHalted()
T3260 071:181.304 - 0.921ms returns FALSE
T3260 071:181.328 JLINK_IsHalted()
T3260 071:182.064 - 0.734ms returns FALSE
T3260 071:292.400 JLINK_IsHalted()
T3260 071:293.192 - 0.787ms returns FALSE
T3260 071:293.208 JLINK_IsHalted()
T3260 071:293.984 - 0.778ms returns FALSE
T3260 071:404.600 JLINK_IsHalted()
T3260 071:405.680 - 1.071ms returns FALSE
T3260 071:405.728 JLINK_IsHalted()
T3260 071:406.752 - 1.026ms returns FALSE
T3260 071:516.736 JLINK_IsHalted()
T3260 071:517.616 - 0.881ms returns FALSE
T3260 071:517.632 JLINK_IsHalted()
T3260 071:518.408 - 0.771ms returns FALSE
T87C0 071:518.488 JLINK_IsHalted()
T87C0 071:519.248 - 0.752ms returns FALSE
T87C0 071:519.256 JLINK_IsHalted()
T87C0 071:520.040 - 0.784ms returns FALSE
T3260 071:628.576 JLINK_IsHalted()
T3260 071:629.400 - 0.821ms returns FALSE
T3260 071:629.424 JLINK_IsHalted()
T3260 071:630.112 - 0.689ms returns FALSE
T3260 071:740.432 JLINK_IsHalted()
T3260 071:741.360 - 0.925ms returns FALSE
T3260 071:741.368 JLINK_IsHalted()
T3260 071:742.128 - 0.756ms returns FALSE
T3260 071:851.400 JLINK_IsHalted()
T3260 071:852.560 - 1.163ms returns FALSE
T3260 071:852.608 JLINK_IsHalted()
T3260 071:853.608 - 1.000ms returns FALSE
T3260 071:962.352 JLINK_IsHalted()
T3260 071:963.136 - 0.782ms returns FALSE
T3260 071:963.184 JLINK_IsHalted()
T3260 071:964.016 - 0.841ms returns FALSE
T3260 072:073.352 JLINK_IsHalted()
T3260 072:074.184 - 0.831ms returns FALSE
T3260 072:074.232 JLINK_IsHalted()
T3260 072:074.912 - 0.680ms returns FALSE
T3260 072:184.688 JLINK_IsHalted()
T3260 072:185.848 - 1.157ms returns FALSE
T3260 072:185.944 JLINK_IsHalted()
T3260 072:186.968 - 1.024ms returns FALSE
T3260 072:297.008 JLINK_IsHalted()
T3260 072:297.968 - 0.964ms returns FALSE
T3260 072:298.016 JLINK_IsHalted()
T3260 072:298.824 - 0.804ms returns FALSE
T3260 072:409.040 JLINK_IsHalted()
T3260 072:409.912 - 0.881ms returns FALSE
T3260 072:409.936 JLINK_IsHalted()
T3260 072:410.632 - 0.690ms returns FALSE
T3260 072:505.520 JLINK_IsHalted()
T3260 072:506.784 - 1.263ms returns FALSE
T3260 072:506.848 JLINK_IsHalted()
T3260 072:507.920 - 1.074ms returns FALSE
T87C0 072:521.944 JLINK_IsHalted()
T87C0 072:523.080 - 1.131ms returns FALSE
T87C0 072:523.136 JLINK_IsHalted()
T87C0 072:524.104 - 0.970ms returns FALSE
T3260 072:616.856 JLINK_IsHalted()
T3260 072:617.728 - 0.873ms returns FALSE
T3260 072:617.776 JLINK_IsHalted()
T3260 072:618.544 - 0.767ms returns FALSE
T3260 072:728.280 JLINK_IsHalted()
T3260 072:729.168 - 0.888ms returns FALSE
T3260 072:729.200 JLINK_IsHalted()
T3260 072:730.064 - 0.865ms returns FALSE
T3260 072:839.632 JLINK_IsHalted()
T3260 072:840.552 - 0.923ms returns FALSE
T3260 072:840.568 JLINK_IsHalted()
T3260 072:841.536 - 0.964ms returns FALSE
T3260 072:951.328 JLINK_IsHalted()
T3260 072:952.080 - 0.748ms returns FALSE
T3260 072:952.088 JLINK_IsHalted()
T3260 072:952.776 - 0.680ms returns FALSE
T3260 073:063.304 JLINK_IsHalted()
T3260 073:064.128 - 0.822ms returns FALSE
T3260 073:064.144 JLINK_IsHalted()
T3260 073:064.888 - 0.738ms returns FALSE
T3260 073:159.656 JLINK_IsHalted()
T3260 073:160.592 - 0.939ms returns FALSE
T3260 073:160.608 JLINK_IsHalted()
T3260 073:161.488 - 0.878ms returns FALSE
T3260 073:271.312 JLINK_IsHalted()
T3260 073:272.304 - 0.980ms returns FALSE
T3260 073:272.368 JLINK_IsHalted()
T3260 073:273.168 - 0.800ms returns FALSE
T3260 073:383.344 JLINK_IsHalted()
T3260 073:384.320 - 0.974ms returns FALSE
T3260 073:384.336 JLINK_IsHalted()
T3260 073:385.136 - 0.799ms returns FALSE
T3260 073:495.344 JLINK_IsHalted()
T3260 073:496.320 - 0.975ms returns FALSE
T3260 073:496.336 JLINK_IsHalted()
T3260 073:497.192 - 0.852ms returns FALSE
T87C0 073:527.896 JLINK_IsHalted()
T87C0 073:528.984 - 1.085ms returns FALSE
T87C0 073:529.040 JLINK_IsHalted()
T87C0 073:529.936 - 0.890ms returns FALSE
T3260 073:606.760 JLINK_IsHalted()
T3260 073:607.664 - 0.910ms returns FALSE
T3260 073:607.680 JLINK_IsHalted()
T3260 073:608.552 - 0.866ms returns FALSE
T3260 073:718.608 JLINK_IsHalted()
T3260 073:719.424 - 0.809ms returns FALSE
T3260 073:719.440 JLINK_IsHalted()
T3260 073:720.176 - 0.737ms returns FALSE
T3260 073:829.248 JLINK_IsHalted()
T3260 073:829.984 - 0.739ms returns FALSE
T3260 073:830.000 JLINK_IsHalted()
T3260 073:830.800 - 0.791ms returns FALSE
T3260 073:940.208 JLINK_IsHalted()
T3260 073:941.168 - 0.965ms returns FALSE
T3260 073:941.192 JLINK_IsHalted()
T3260 073:942.128 - 0.935ms returns FALSE
T3260 074:035.400 JLINK_IsHalted()
T3260 074:036.232 - 0.832ms returns FALSE
T3260 074:036.248 JLINK_IsHalted()
T3260 074:036.992 - 0.741ms returns FALSE
T3260 074:145.560 JLINK_IsHalted()
T3260 074:146.096 - 0.527ms returns FALSE
T3260 074:146.112 JLINK_IsHalted()
T3260 074:146.736 - 0.628ms returns FALSE
T3260 074:256.240 JLINK_IsHalted()
T3260 074:257.136 - 0.893ms returns FALSE
T3260 074:257.160 JLINK_IsHalted()
T3260 074:257.872 - 0.709ms returns FALSE
T3260 074:367.392 JLINK_IsHalted()
T3260 074:368.176 - 0.785ms returns FALSE
T3260 074:368.200 JLINK_IsHalted()
T3260 074:368.976 - 0.774ms returns FALSE
T3260 074:478.576 JLINK_IsHalted()
T3260 074:479.312 - 0.734ms returns FALSE
T3260 074:479.328 JLINK_IsHalted()
T3260 074:480.032 - 0.701ms returns FALSE
T87C0 074:542.304 JLINK_IsHalted()
T87C0 074:543.056 - 0.749ms returns FALSE
T87C0 074:543.072 JLINK_IsHalted()
T87C0 074:543.792 - 0.717ms returns FALSE
T3260 074:590.288 JLINK_IsHalted()
T3260 074:591.248 - 0.964ms returns FALSE
T3260 074:591.304 JLINK_IsHalted()
T3260 074:592.160 - 0.859ms returns FALSE
T3260 074:702.072 JLINK_IsHalted()
T3260 074:709.008 - 6.933ms returns FALSE
T3260 074:709.016 JLINK_IsHalted()
T3260 074:709.912 - 0.892ms returns FALSE
T3260 074:829.680 JLINK_IsHalted()
T3260 074:830.568 - 0.885ms returns FALSE
T3260 074:830.592 JLINK_IsHalted()
T3260 074:831.400 - 0.803ms returns FALSE
T3260 074:940.512 JLINK_IsHalted()
T3260 074:941.592 - 1.081ms returns FALSE
T3260 074:941.632 JLINK_IsHalted()
T3260 074:942.504 - 0.871ms returns FALSE
T3260 075:036.504 JLINK_IsHalted()
T3260 075:037.440 - 0.934ms returns FALSE
T3260 075:037.464 JLINK_IsHalted()
T3260 075:038.272 - 0.810ms returns FALSE
T3260 075:148.296 JLINK_IsHalted()
T3260 075:149.200 - 0.906ms returns FALSE
T3260 075:149.232 JLINK_IsHalted()
T3260 075:150.072 - 0.842ms returns FALSE
T3260 075:260.432 JLINK_IsHalted()
T3260 075:261.288 - 0.850ms returns FALSE
T3260 075:261.304 JLINK_IsHalted()
T3260 075:262.008 - 0.707ms returns FALSE
T3260 075:372.400 JLINK_IsHalted()
T3260 075:373.256 - 0.854ms returns FALSE
T3260 075:373.280 JLINK_IsHalted()
T3260 075:374.024 - 0.737ms returns FALSE
T3260 075:484.536 JLINK_IsHalted()
T3260 075:485.272 - 0.727ms returns FALSE
T3260 075:485.296 JLINK_IsHalted()
T3260 075:486.064 - 0.761ms returns FALSE
T87C0 075:548.392 JLINK_IsHalted()
T87C0 075:549.144 - 0.752ms returns FALSE
T87C0 075:549.160 JLINK_IsHalted()
T87C0 075:549.880 - 0.720ms returns FALSE
T3260 075:596.720 JLINK_IsHalted()
T3260 075:597.488 - 0.762ms returns FALSE
T3260 075:597.496 JLINK_IsHalted()
T3260 075:598.320 - 0.817ms returns FALSE
T3260 075:692.656 JLINK_IsHalted()
T3260 075:693.848 - 1.193ms returns FALSE
T3260 075:693.904 JLINK_IsHalted()
T3260 075:694.880 - 0.979ms returns FALSE
T3260 075:804.560 JLINK_IsHalted()
T3260 075:805.392 - 0.836ms returns FALSE
T3260 075:805.416 JLINK_IsHalted()
T3260 075:806.216 - 0.796ms returns FALSE
T3260 075:916.248 JLINK_IsHalted()
T3260 075:916.984 - 0.738ms returns FALSE
T3260 075:917.008 JLINK_IsHalted()
T3260 075:917.672 - 0.662ms returns FALSE
T3260 076:028.544 JLINK_IsHalted()
T3260 076:029.616 - 1.069ms returns FALSE
T3260 076:029.664 JLINK_IsHalted()
T3260 076:030.640 - 0.978ms returns FALSE
T3260 076:140.464 JLINK_IsHalted()
T3260 076:141.336 - 0.876ms returns FALSE
T3260 076:141.360 JLINK_IsHalted()
T3260 076:142.072 - 0.714ms returns FALSE
T3260 076:252.376 JLINK_IsHalted()
T3260 076:253.112 - 0.734ms returns FALSE
T3260 076:253.136 JLINK_IsHalted()
T3260 076:253.864 - 0.722ms returns FALSE
T3260 076:348.392 JLINK_IsHalted()
T3260 076:349.352 - 0.960ms returns FALSE
T3260 076:349.360 JLINK_IsHalted()
T3260 076:350.248 - 0.882ms returns FALSE
T3260 076:459.728 JLINK_IsHalted()
T3260 076:460.432 - 0.696ms returns FALSE
T3260 076:460.464 JLINK_IsHalted()
T3260 076:461.288 - 0.823ms returns FALSE
T87C0 076:555.224 JLINK_IsHalted()
T87C0 076:555.992 - 0.762ms returns FALSE
T87C0 076:556.008 JLINK_IsHalted()
T87C0 076:556.712 - 0.697ms returns FALSE
T3260 076:571.032 JLINK_IsHalted()
T3260 076:571.496 - 0.460ms returns FALSE
T3260 076:571.504 JLINK_IsHalted()
T3260 076:571.984 - 0.472ms returns FALSE
T3260 076:681.504 JLINK_IsHalted()
T3260 076:682.592 - 1.092ms returns FALSE
T3260 076:682.632 JLINK_IsHalted()
T3260 076:683.656 - 1.016ms returns FALSE
T3260 076:792.448 JLINK_IsHalted()
T3260 076:793.168 - 0.723ms returns FALSE
T3260 076:793.192 JLINK_IsHalted()
T3260 076:793.848 - 0.653ms returns FALSE
T3260 076:903.192 JLINK_IsHalted()
T3260 076:903.952 - 0.761ms returns FALSE
T3260 076:903.976 JLINK_IsHalted()
T3260 076:904.728 - 0.754ms returns FALSE
T3260 077:015.688 JLINK_IsHalted()
T3260 077:016.456 - 0.771ms returns FALSE
T3260 077:016.472 JLINK_IsHalted()
T3260 077:017.224 - 0.747ms returns FALSE
T3260 077:127.488 JLINK_IsHalted()
T3260 077:128.304 - 0.815ms returns FALSE
T3260 077:128.336 JLINK_IsHalted()
T3260 077:129.200 - 0.874ms returns FALSE
T3260 077:223.272 JLINK_IsHalted()
T3260 077:224.048 - 0.775ms returns FALSE
T3260 077:224.080 JLINK_IsHalted()
T3260 077:224.776 - 0.695ms returns FALSE
T3260 077:335.216 JLINK_IsHalted()
T3260 077:335.968 - 0.752ms returns FALSE
T3260 077:335.992 JLINK_IsHalted()
T3260 077:336.840 - 0.844ms returns FALSE
T3260 077:447.608 JLINK_IsHalted()
T3260 077:448.504 - 0.896ms returns FALSE
T3260 077:448.536 JLINK_IsHalted()
T3260 077:449.472 - 0.937ms returns FALSE
T3260 077:559.208 JLINK_IsHalted()
T3260 077:560.056 - 0.845ms returns FALSE
T3260 077:560.080 JLINK_IsHalted()
T3260 077:560.848 - 0.777ms returns FALSE
T87C0 077:560.912 JLINK_IsHalted()
T87C0 077:561.632 - 0.722ms returns FALSE
T87C0 077:561.648 JLINK_IsHalted()
T87C0 077:562.336 - 0.688ms returns FALSE
T3260 077:671.352 JLINK_IsHalted()
T3260 077:672.016 - 0.669ms returns FALSE
T3260 077:672.048 JLINK_IsHalted()
T3260 077:672.704 - 0.663ms returns FALSE
T3260 077:783.512 JLINK_IsHalted()
T3260 077:784.960 - 1.446ms returns FALSE
T3260 077:784.984 JLINK_IsHalted()
T3260 077:785.720 - 0.734ms returns FALSE
T3260 077:879.552 JLINK_IsHalted()
T3260 077:880.296 - 0.746ms returns FALSE
T3260 077:880.312 JLINK_IsHalted()
T3260 077:880.976 - 0.664ms returns FALSE
T3260 077:991.568 JLINK_IsHalted()
T3260 077:992.272 - 0.696ms returns FALSE
T3260 077:992.296 JLINK_IsHalted()
T3260 077:993.104 - 0.803ms returns FALSE
T3260 078:103.664 JLINK_IsHalted()
T3260 078:104.624 - 0.957ms returns FALSE
T3260 078:104.656 JLINK_IsHalted()
T3260 078:105.592 - 0.937ms returns FALSE
T3260 078:215.376 JLINK_IsHalted()
T3260 078:216.096 - 0.720ms returns FALSE
T3260 078:216.144 JLINK_IsHalted()
T3260 078:217.056 - 0.913ms returns FALSE
T3260 078:327.352 JLINK_IsHalted()
T3260 078:328.176 - 0.817ms returns FALSE
T3260 078:328.184 JLINK_IsHalted()
T3260 078:328.912 - 0.718ms returns FALSE
T3260 078:439.648 JLINK_IsHalted()
T3260 078:440.920 - 1.269ms returns FALSE
T3260 078:440.952 JLINK_IsHalted()
T3260 078:441.976 - 1.022ms returns FALSE
T3260 078:535.584 JLINK_IsHalted()
T3260 078:536.456 - 0.870ms returns FALSE
T3260 078:536.472 JLINK_IsHalted()
T3260 078:537.320 - 0.844ms returns FALSE
T87C0 078:567.496 JLINK_IsHalted()
T87C0 078:568.240 - 0.745ms returns FALSE
T87C0 078:568.264 JLINK_IsHalted()
T87C0 078:568.944 - 0.689ms returns FALSE
T3260 078:647.312 JLINK_IsHalted()
T3260 078:648.096 - 0.779ms returns FALSE
T3260 078:648.112 JLINK_IsHalted()
T3260 078:648.784 - 0.665ms returns FALSE
T3260 078:759.504 JLINK_IsHalted()
T3260 078:760.496 - 0.985ms returns FALSE
T3260 078:760.552 JLINK_IsHalted()
T3260 078:761.520 - 0.962ms returns FALSE
T3260 078:871.472 JLINK_IsHalted()
T3260 078:872.384 - 0.901ms returns FALSE
T3260 078:872.408 JLINK_IsHalted()
T3260 078:873.144 - 0.735ms returns FALSE
T3260 078:983.200 JLINK_IsHalted()
T3260 078:984.032 - 0.834ms returns FALSE
T3260 078:984.064 JLINK_IsHalted()
T3260 078:984.752 - 0.685ms returns FALSE
T3260 079:095.112 JLINK_IsHalted()
T3260 079:095.928 - 0.817ms returns FALSE
T3260 079:095.952 JLINK_IsHalted()
T3260 079:096.824 - 0.868ms returns FALSE
T3260 079:191.280 JLINK_IsHalted()
T3260 079:192.168 - 0.886ms returns FALSE
T3260 079:192.176 JLINK_IsHalted()
T3260 079:193.248 - 1.066ms returns FALSE
T3260 079:303.272 JLINK_IsHalted()
T3260 079:304.064 - 0.790ms returns FALSE
T3260 079:304.096 JLINK_IsHalted()
T3260 079:304.784 - 0.693ms returns FALSE
T3260 079:415.304 JLINK_IsHalted()
T3260 079:415.992 - 0.691ms returns FALSE
T3260 079:416.016 JLINK_IsHalted()
T3260 079:416.776 - 0.760ms returns FALSE
T3260 079:527.312 JLINK_IsHalted()
T3260 079:528.208 - 0.893ms returns FALSE
T3260 079:528.256 JLINK_IsHalted()
T3260 079:529.096 - 0.841ms returns FALSE
T87C0 079:575.568 JLINK_IsHalted()
T87C0 079:576.288 - 0.715ms returns FALSE
T87C0 079:576.304 JLINK_IsHalted()
T87C0 079:576.984 - 0.676ms returns FALSE
T3260 079:639.160 JLINK_IsHalted()
T3260 079:640.176 - 1.008ms returns FALSE
T3260 079:640.208 JLINK_IsHalted()
T3260 079:640.928 - 0.719ms returns FALSE
T3260 079:751.568 JLINK_IsHalted()
T3260 079:752.536 - 0.974ms returns FALSE
T3260 079:752.584 JLINK_IsHalted()
T3260 079:753.416 - 0.828ms returns FALSE
T3260 079:862.544 JLINK_IsHalted()
T3260 079:863.408 - 0.862ms returns FALSE
T3260 079:863.440 JLINK_IsHalted()
T3260 079:864.128 - 0.686ms returns FALSE
T3260 079:973.624 JLINK_IsHalted()
T3260 079:974.336 - 0.708ms returns FALSE
T3260 079:974.352 JLINK_IsHalted()
T3260 079:975.024 - 0.677ms returns FALSE
T3260 080:085.248 JLINK_IsHalted()
T3260 080:086.080 - 0.831ms returns FALSE
T3260 080:086.120 JLINK_IsHalted()
T3260 080:086.848 - 0.732ms returns FALSE
T3260 080:196.616 JLINK_IsHalted()
T3260 080:197.336 - 0.724ms returns FALSE
T3260 080:197.360 JLINK_IsHalted()
T3260 080:198.184 - 0.821ms returns FALSE
T3260 080:307.632 JLINK_IsHalted()
T3260 080:308.360 - 0.724ms returns FALSE
T3260 080:308.384 JLINK_IsHalted()
T3260 080:309.080 - 0.699ms returns FALSE
T3260 080:417.992 JLINK_IsHalted()
T3260 080:418.824 - 0.831ms returns FALSE
T3260 080:418.856 JLINK_IsHalted()
T3260 080:419.568 - 0.718ms returns FALSE
T3260 080:529.440 JLINK_IsHalted()
T3260 080:530.248 - 0.809ms returns FALSE
T3260 080:530.264 JLINK_IsHalted()
T3260 080:531.216 - 0.948ms returns FALSE
T87C0 080:577.672 JLINK_IsHalted()
T87C0 080:578.384 - 0.714ms returns FALSE
T87C0 080:578.400 JLINK_IsHalted()
T87C0 080:579.104 - 0.705ms returns FALSE
T3260 080:640.680 JLINK_IsHalted()
T3260 080:641.504 - 0.822ms returns FALSE
T3260 080:641.520 JLINK_IsHalted()
T3260 080:642.224 - 0.697ms returns FALSE
T3260 080:751.008 JLINK_IsHalted()
T3260 080:751.848 - 0.844ms returns FALSE
T3260 080:751.880 JLINK_IsHalted()
T3260 080:752.688 - 0.808ms returns FALSE
T3260 080:862.152 JLINK_IsHalted()
T3260 080:862.944 - 0.788ms returns FALSE
T3260 080:862.960 JLINK_IsHalted()
T3260 080:863.664 - 0.708ms returns FALSE
T3260 080:958.384 JLINK_IsHalted()
T3260 080:959.392 - 1.002ms returns FALSE
T3260 080:959.408 JLINK_IsHalted()
T3260 080:960.296 - 0.887ms returns FALSE
T3260 081:069.984 JLINK_IsHalted()
T3260 081:070.792 - 0.804ms returns FALSE
T3260 081:070.816 JLINK_IsHalted()
T3260 081:071.536 - 0.718ms returns FALSE
T3260 081:181.928 JLINK_IsHalted()
T3260 081:182.704 - 0.776ms returns FALSE
T3260 081:182.720 JLINK_IsHalted()
T3260 081:183.408 - 0.685ms returns FALSE
T3260 081:294.192 JLINK_IsHalted()
T3260 081:294.992 - 0.796ms returns FALSE
T3260 081:295.016 JLINK_IsHalted()
T3260 081:295.792 - 0.786ms returns FALSE
T3260 081:406.192 JLINK_IsHalted()
T3260 081:407.152 - 0.962ms returns FALSE
T3260 081:407.168 JLINK_IsHalted()
T3260 081:408.040 - 0.866ms returns FALSE
T3260 081:517.984 JLINK_IsHalted()
T3260 081:518.768 - 0.776ms returns FALSE
T3260 081:524.048 JLINK_IsHalted()
T3260 081:524.776 - 0.729ms returns FALSE
T87C0 081:582.208 JLINK_IsHalted()
T87C0 081:582.960 - 0.754ms returns FALSE
T87C0 081:582.984 JLINK_IsHalted()
T87C0 081:583.784 - 0.795ms returns FALSE
T3260 081:614.160 JLINK_IsHalted()
T3260 081:615.056 - 0.891ms returns FALSE
T3260 081:615.088 JLINK_IsHalted()
T3260 081:615.856 - 0.767ms returns FALSE
T3260 081:725.768 JLINK_IsHalted()
T3260 081:726.600 - 0.829ms returns FALSE
T3260 081:726.616 JLINK_IsHalted()
T3260 081:727.400 - 0.786ms returns FALSE
T3260 081:836.184 JLINK_IsHalted()
T3260 081:836.944 - 0.762ms returns FALSE
T3260 081:836.976 JLINK_IsHalted()
T3260 081:837.800 - 0.821ms returns FALSE
T3260 081:948.608 JLINK_IsHalted()
T3260 081:949.488 - 0.879ms returns FALSE
T3260 081:949.520 JLINK_IsHalted()
T3260 081:950.352 - 0.830ms returns FALSE
T3260 082:060.240 JLINK_IsHalted()
T3260 082:061.288 - 1.044ms returns FALSE
T3260 082:061.296 JLINK_IsHalted()
T3260 082:062.368 - 1.067ms returns FALSE
T3260 082:172.408 JLINK_IsHalted()
T3260 082:173.248 - 0.837ms returns FALSE
T3260 082:173.264 JLINK_IsHalted()
T3260 082:174.008 - 0.742ms returns FALSE
T3260 082:284.336 JLINK_IsHalted()
T3260 082:285.088 - 0.751ms returns FALSE
T3260 082:285.128 JLINK_IsHalted()
T3260 082:285.832 - 0.701ms returns FALSE
T3260 082:380.656 JLINK_IsHalted()
T3260 082:381.536 - 0.878ms returns FALSE
T3260 082:381.552 JLINK_IsHalted()
T3260 082:382.376 - 0.828ms returns FALSE
T3260 082:492.688 JLINK_IsHalted()
T3260 082:493.616 - 0.922ms returns FALSE
T3260 082:493.664 JLINK_IsHalted()
T3260 082:494.624 - 0.960ms returns FALSE
T87C0 082:589.264 JLINK_IsHalted()
T87C0 082:590.136 - 0.879ms returns FALSE
T87C0 082:590.160 JLINK_IsHalted()
T87C0 082:591.040 - 0.879ms returns FALSE
T3260 082:604.368 JLINK_IsHalted()
T3260 082:605.296 - 0.929ms returns FALSE
T3260 082:605.320 JLINK_IsHalted()
T3260 082:606.080 - 0.761ms returns FALSE
T3260 082:716.560 JLINK_IsHalted()
T3260 082:717.328 - 0.772ms returns FALSE
T3260 082:717.344 JLINK_IsHalted()
T3260 082:718.000 - 0.647ms returns FALSE
T3260 082:828.616 JLINK_IsHalted()
T3260 082:829.360 - 0.752ms returns FALSE
T3260 082:829.376 JLINK_IsHalted()
T3260 082:830.048 - 0.676ms returns FALSE
T3260 082:940.288 JLINK_IsHalted()
T3260 082:941.000 - 0.714ms returns FALSE
T3260 082:941.024 JLINK_IsHalted()
T3260 082:941.736 - 0.712ms returns FALSE
T3260 083:037.360 JLINK_IsHalted()
T3260 083:038.096 - 0.745ms returns FALSE
T3260 083:038.128 JLINK_IsHalted()
T3260 083:038.800 - 0.678ms returns FALSE
T3260 083:148.368 JLINK_IsHalted()
T3260 083:149.104 - 0.738ms returns FALSE
T3260 083:149.136 JLINK_IsHalted()
T3260 083:149.816 - 0.685ms returns FALSE
T3260 083:259.160 JLINK_IsHalted()
T3260 083:260.088 - 0.933ms returns FALSE
T3260 083:260.112 JLINK_IsHalted()
T3260 083:260.888 - 0.776ms returns FALSE
T3260 083:369.712 JLINK_IsHalted()
T3260 083:370.448 - 0.735ms returns FALSE
T3260 083:370.472 JLINK_IsHalted()
T3260 083:371.152 - 0.684ms returns FALSE
T3260 083:481.256 JLINK_IsHalted()
T3260 083:482.016 - 0.764ms returns FALSE
T3260 083:482.032 JLINK_IsHalted()
T3260 083:482.784 - 0.747ms returns FALSE
T3260 083:592.936 JLINK_IsHalted()
T3260 083:593.712 - 0.781ms returns FALSE
T3260 083:593.736 JLINK_IsHalted()
T3260 083:594.440 - 0.700ms returns FALSE
T87C0 083:594.488 JLINK_IsHalted()
T87C0 083:595.168 - 0.672ms returns FALSE
T87C0 083:595.184 JLINK_IsHalted()
T87C0 083:595.792 - 0.611ms returns FALSE
T3260 083:704.336 JLINK_IsHalted()
T3260 083:705.232 - 0.900ms returns FALSE
T3260 083:705.264 JLINK_IsHalted()
T3260 083:706.112 - 0.854ms returns FALSE
T3260 083:815.736 JLINK_IsHalted()
T3260 083:816.560 - 0.817ms returns FALSE
T3260 083:816.592 JLINK_IsHalted()
T3260 083:817.376 - 0.783ms returns FALSE
T3260 083:911.344 JLINK_IsHalted()
T3260 083:912.216 - 0.877ms returns FALSE
T3260 083:912.240 JLINK_IsHalted()
T3260 083:913.032 - 0.781ms returns FALSE
T3260 084:023.152 JLINK_IsHalted()
T3260 084:023.840 - 0.692ms returns FALSE
T3260 084:023.864 JLINK_IsHalted()
T3260 084:024.552 - 0.682ms returns FALSE
T3260 084:135.440 JLINK_IsHalted()
T3260 084:136.216 - 0.769ms returns FALSE
T3260 084:136.240 JLINK_IsHalted()
T3260 084:136.944 - 0.697ms returns FALSE
T3260 084:247.440 JLINK_IsHalted()
T3260 084:248.208 - 0.774ms returns FALSE
T3260 084:253.544 JLINK_IsHalted()
T3260 084:254.184 - 0.640ms returns FALSE
T3260 084:359.392 JLINK_IsHalted()
T3260 084:360.072 - 0.679ms returns FALSE
T3260 084:360.088 JLINK_IsHalted()
T3260 084:360.824 - 0.736ms returns FALSE
T3260 084:471.504 JLINK_IsHalted()
T3260 084:472.344 - 0.844ms returns FALSE
T3260 084:472.392 JLINK_IsHalted()
T3260 084:473.184 - 0.798ms returns FALSE
T3260 084:567.368 JLINK_IsHalted()
T3260 084:568.112 - 0.737ms returns FALSE
T3260 084:568.128 JLINK_IsHalted()
T3260 084:568.824 - 0.692ms returns FALSE
T87C0 084:599.536 JLINK_IsHalted()
T87C0 084:600.416 - 0.883ms returns FALSE
T87C0 084:600.432 JLINK_IsHalted()
T87C0 084:601.104 - 0.659ms returns FALSE
T3260 084:679.288 JLINK_IsHalted()
T3260 084:680.144 - 0.850ms returns FALSE
T3260 084:680.176 JLINK_IsHalted()
T3260 084:680.944 - 0.772ms returns FALSE
T3260 084:791.648 JLINK_IsHalted()
T3260 084:792.632 - 0.983ms returns FALSE
T3260 084:792.688 JLINK_IsHalted()
T3260 084:793.568 - 0.884ms returns FALSE
T3260 084:902.432 JLINK_IsHalted()
T3260 084:903.216 - 0.788ms returns FALSE
T3260 084:903.248 JLINK_IsHalted()
T3260 084:904.016 - 0.773ms returns FALSE
T3260 085:012.856 JLINK_IsHalted()
T3260 085:013.720 - 0.859ms returns FALSE
T3260 085:013.752 JLINK_IsHalted()
T3260 085:014.520 - 0.771ms returns FALSE
T3260 085:124.008 JLINK_IsHalted()
T3260 085:124.784 - 0.770ms returns FALSE
T3260 085:124.808 JLINK_IsHalted()
T3260 085:125.536 - 0.729ms returns FALSE
T3260 085:234.616 JLINK_IsHalted()
T3260 085:235.344 - 0.729ms returns FALSE
T3260 085:235.368 JLINK_IsHalted()
T3260 085:236.048 - 0.680ms returns FALSE
T3260 085:345.408 JLINK_IsHalted()
T3260 085:346.152 - 0.739ms returns FALSE
T3260 085:346.168 JLINK_IsHalted()
T3260 085:346.800 - 0.632ms returns FALSE
T3260 085:456.120 JLINK_IsHalted()
T3260 085:457.016 - 0.886ms returns FALSE
T3260 085:457.040 JLINK_IsHalted()
T3260 085:457.800 - 0.762ms returns FALSE
T3260 085:550.872 JLINK_IsHalted()
T3260 085:551.584 - 0.707ms returns FALSE
T3260 085:551.600 JLINK_IsHalted()
T3260 085:552.272 - 0.667ms returns FALSE
T87C0 085:614.576 JLINK_IsHalted()
T87C0 085:620.984 - 6.410ms returns FALSE
T87C0 085:621.000 JLINK_IsHalted()
T87C0 085:621.712 - 0.717ms returns FALSE
T3260 085:662.624 JLINK_IsHalted()
T3260 085:663.408 - 0.785ms returns FALSE
T3260 085:663.432 JLINK_IsHalted()
T3260 085:664.136 - 0.702ms returns FALSE
T3260 085:774.416 JLINK_IsHalted()
T3260 085:775.392 - 0.969ms returns FALSE
T3260 085:775.496 JLINK_IsHalted()
T3260 085:776.416 - 0.917ms returns FALSE
T3260 085:884.304 JLINK_IsHalted()
T3260 085:885.064 - 0.761ms returns FALSE
T3260 085:885.080 JLINK_IsHalted()
T3260 085:885.840 - 0.755ms returns FALSE
T3260 085:996.376 JLINK_IsHalted()
T3260 085:997.040 - 0.658ms returns FALSE
T3260 085:997.064 JLINK_IsHalted()
T3260 085:997.496 - 0.435ms returns FALSE
T3260 086:108.560 JLINK_IsHalted()
T3260 086:109.392 - 0.835ms returns FALSE
T3260 086:109.424 JLINK_IsHalted()
T3260 086:110.192 - 0.769ms returns FALSE
T3260 086:220.176 JLINK_IsHalted()
T3260 086:220.880 - 0.701ms returns FALSE
T3260 086:220.912 JLINK_IsHalted()
T3260 086:221.616 - 0.712ms returns FALSE
T3260 086:316.592 JLINK_IsHalted()
T3260 086:317.416 - 0.817ms returns FALSE
T3260 086:317.432 JLINK_IsHalted()
T3260 086:318.128 - 0.685ms returns FALSE
T3260 086:428.696 JLINK_IsHalted()
T3260 086:429.576 - 0.874ms returns FALSE
T3260 086:429.600 JLINK_IsHalted()
T3260 086:430.392 - 0.792ms returns FALSE
T3260 086:540.416 JLINK_IsHalted()
T3260 086:541.232 - 0.813ms returns FALSE
T3260 086:541.256 JLINK_IsHalted()
T3260 086:541.912 - 0.659ms returns FALSE
T87C0 086:636.640 JLINK_IsHalted()
T87C0 086:637.392 - 0.746ms returns FALSE
T87C0 086:637.408 JLINK_IsHalted()
T87C0 086:638.184 - 0.772ms returns FALSE
T3260 086:652.336 JLINK_IsHalted()
T3260 086:653.056 - 0.722ms returns FALSE
T3260 086:653.072 JLINK_IsHalted()
T3260 086:653.776 - 0.704ms returns FALSE
T3260 086:764.688 JLINK_IsHalted()
T3260 086:765.888 - 1.194ms returns FALSE
T3260 086:765.976 JLINK_IsHalted()
T3260 086:766.976 - 1.001ms returns FALSE
T3260 086:876.608 JLINK_IsHalted()
T3260 086:877.184 - 0.572ms returns FALSE
T3260 086:877.200 JLINK_IsHalted()
T3260 086:877.808 - 0.607ms returns FALSE
T3260 086:972.368 JLINK_IsHalted()
T3260 086:973.648 - 1.268ms returns FALSE
T3260 086:973.680 JLINK_IsHalted()
T3260 086:974.328 - 0.648ms returns FALSE
T3260 087:084.688 JLINK_IsHalted()
T3260 087:085.424 - 0.735ms returns FALSE
T3260 087:085.440 JLINK_IsHalted()
T3260 087:086.112 - 0.670ms returns FALSE
T3260 087:196.352 JLINK_IsHalted()
T3260 087:197.248 - 0.900ms returns FALSE
T3260 087:197.280 JLINK_IsHalted()
T3260 087:197.984 - 0.699ms returns FALSE
T3260 087:308.416 JLINK_IsHalted()
T3260 087:309.352 - 0.938ms returns FALSE
T3260 087:309.376 JLINK_IsHalted()
T3260 087:310.008 - 0.635ms returns FALSE
T3260 087:420.720 JLINK_IsHalted()
T3260 087:421.416 - 0.697ms returns FALSE
T3260 087:421.424 JLINK_IsHalted()
T3260 087:422.120 - 0.690ms returns FALSE
T3260 087:532.208 JLINK_IsHalted()
T3260 087:533.048 - 0.848ms returns FALSE
T3260 087:533.072 JLINK_IsHalted()
T3260 087:533.744 - 0.666ms returns FALSE
T3260 087:628.416 JLINK_IsHalted()
T3260 087:629.192 - 0.774ms returns FALSE
T3260 087:629.200 JLINK_IsHalted()
T3260 087:629.856 - 0.651ms returns FALSE
T87C0 087:644.792 JLINK_IsHalted()
T87C0 087:645.672 - 0.875ms returns FALSE
T87C0 087:645.704 JLINK_IsHalted()
T87C0 087:646.408 - 0.704ms returns FALSE
T3260 087:740.336 JLINK_IsHalted()
T3260 087:741.424 - 1.086ms returns FALSE
T3260 087:741.488 JLINK_IsHalted()
T3260 087:742.512 - 1.019ms returns FALSE
T3260 087:853.224 JLINK_IsHalted()
T3260 087:853.952 - 0.728ms returns FALSE
T3260 087:853.968 JLINK_IsHalted()
T3260 087:854.680 - 0.713ms returns FALSE
T3260 087:964.352 JLINK_IsHalted()
T3260 087:965.120 - 0.764ms returns FALSE
T3260 087:965.152 JLINK_IsHalted()
T3260 087:965.856 - 0.703ms returns FALSE
T3260 088:076.424 JLINK_IsHalted()
T3260 088:077.296 - 0.878ms returns FALSE
T3260 088:077.320 JLINK_IsHalted()
T3260 088:078.056 - 0.733ms returns FALSE
T3260 088:187.200 JLINK_IsHalted()
T3260 088:188.080 - 0.881ms returns FALSE
T3260 088:188.112 JLINK_IsHalted()
T3260 088:188.856 - 0.747ms returns FALSE
T3260 088:297.872 JLINK_IsHalted()
T3260 088:298.712 - 0.838ms returns FALSE
T3260 088:298.736 JLINK_IsHalted()
T3260 088:299.440 - 0.702ms returns FALSE
T3260 088:409.496 JLINK_IsHalted()
T3260 088:410.352 - 0.853ms returns FALSE
T3260 088:410.392 JLINK_IsHalted()
T3260 088:411.096 - 0.703ms returns FALSE
T3260 088:521.096 JLINK_IsHalted()
T3260 088:521.872 - 0.771ms returns FALSE
T3260 088:521.896 JLINK_IsHalted()
T3260 088:522.736 - 0.840ms returns FALSE
T3260 088:632.912 JLINK_IsHalted()
T3260 088:633.744 - 0.829ms returns FALSE
T3260 088:633.760 JLINK_IsHalted()
T3260 088:634.448 - 0.685ms returns FALSE
T87C0 088:649.136 JLINK_IsHalted()
T87C0 088:649.896 - 0.752ms returns FALSE
T87C0 088:649.904 JLINK_IsHalted()
T87C0 088:650.592 - 0.682ms returns FALSE
T3260 088:745.040 JLINK_IsHalted()
T3260 088:746.008 - 0.968ms returns FALSE
T3260 088:746.032 JLINK_IsHalted()
T3260 088:746.960 - 0.931ms returns FALSE
T3260 088:856.384 JLINK_IsHalted()
T3260 088:857.104 - 0.726ms returns FALSE
T3260 088:857.128 JLINK_IsHalted()
T3260 088:857.792 - 0.664ms returns FALSE
T3260 088:967.376 JLINK_IsHalted()
T3260 088:968.232 - 0.856ms returns FALSE
T3260 088:968.256 JLINK_IsHalted()
T3260 088:969.056 - 0.803ms returns FALSE
T3260 089:079.600 JLINK_IsHalted()
T3260 089:080.632 - 1.039ms returns FALSE
T3260 089:080.680 JLINK_IsHalted()
T3260 089:081.680 - 1.005ms returns FALSE
T3260 089:175.440 JLINK_IsHalted()
T3260 089:176.360 - 0.909ms returns FALSE
T3260 089:176.376 JLINK_IsHalted()
T3260 089:177.152 - 0.774ms returns FALSE
T3260 089:287.152 JLINK_IsHalted()
T3260 089:287.936 - 0.778ms returns FALSE
T3260 089:287.952 JLINK_IsHalted()
T3260 089:288.600 - 0.644ms returns FALSE
T3260 089:399.496 JLINK_IsHalted()
T3260 089:400.592 - 1.101ms returns FALSE
T3260 089:400.656 JLINK_IsHalted()
T3260 089:401.784 - 1.133ms returns FALSE
T3260 089:511.296 JLINK_IsHalted()
T3260 089:512.032 - 0.733ms returns FALSE
T3260 089:512.048 JLINK_IsHalted()
T3260 089:512.800 - 0.745ms returns FALSE
T3260 089:623.312 JLINK_IsHalted()
T3260 089:624.112 - 0.807ms returns FALSE
T3260 089:624.136 JLINK_IsHalted()
T3260 089:624.864 - 0.727ms returns FALSE
T87C0 089:655.664 JLINK_IsHalted()
T87C0 089:656.352 - 0.685ms returns FALSE
T87C0 089:656.368 JLINK_IsHalted()
T87C0 089:657.048 - 0.680ms returns FALSE
T3260 089:735.776 JLINK_IsHalted()
T3260 089:736.752 - 0.970ms returns FALSE
T3260 089:736.760 JLINK_IsHalted()
T3260 089:737.664 - 0.898ms returns FALSE
T3260 089:847.288 JLINK_IsHalted()
T3260 089:848.008 - 0.713ms returns FALSE
T3260 089:848.032 JLINK_IsHalted()
T3260 089:848.752 - 0.725ms returns FALSE
T3260 089:959.488 JLINK_IsHalted()
T3260 089:960.336 - 0.843ms returns FALSE
T3260 089:960.368 JLINK_IsHalted()
T3260 089:961.144 - 0.782ms returns FALSE
T3260 090:071.760 JLINK_IsHalted()
T3260 090:072.544 - 0.779ms returns FALSE
T3260 090:072.592 JLINK_IsHalted()
T3260 090:073.408 - 0.822ms returns FALSE
T3260 090:183.312 JLINK_IsHalted()
T3260 090:184.056 - 0.745ms returns FALSE
T3260 090:184.080 JLINK_IsHalted()
T3260 090:184.752 - 0.669ms returns FALSE
T3260 090:295.392 JLINK_IsHalted()
T3260 090:296.144 - 0.751ms returns FALSE
T3260 090:296.176 JLINK_IsHalted()
T3260 090:296.960 - 0.781ms returns FALSE
T3260 090:407.696 JLINK_IsHalted()
T3260 090:408.640 - 0.941ms returns FALSE
T3260 090:408.656 JLINK_IsHalted()
T3260 090:409.656 - 1.002ms returns FALSE
T3260 090:519.280 JLINK_IsHalted()
T3260 090:519.944 - 0.662ms returns FALSE
T3260 090:519.968 JLINK_IsHalted()
T3260 090:520.800 - 0.832ms returns FALSE
T3260 090:631.104 JLINK_IsHalted()
T3260 090:631.936 - 0.833ms returns FALSE
T3260 090:631.968 JLINK_IsHalted()
T3260 090:632.776 - 0.806ms returns FALSE
T87C0 090:663.824 JLINK_IsHalted()
T87C0 090:664.616 - 0.790ms returns FALSE
T87C0 090:664.640 JLINK_IsHalted()
T87C0 090:665.416 - 0.773ms returns FALSE
T3260 090:743.456 JLINK_IsHalted()
T3260 090:744.416 - 0.959ms returns FALSE
T3260 090:744.432 JLINK_IsHalted()
T3260 090:745.176 - 0.744ms returns FALSE
T3260 090:855.640 JLINK_IsHalted()
T3260 090:856.624 - 0.974ms returns FALSE
T3260 090:856.656 JLINK_IsHalted()
T3260 090:857.560 - 0.906ms returns FALSE
T3260 090:967.408 JLINK_IsHalted()
T3260 090:968.392 - 0.983ms returns FALSE
T3260 090:968.416 JLINK_IsHalted()
T3260 090:969.104 - 0.691ms returns FALSE
T3260 091:079.392 JLINK_IsHalted()
T3260 091:080.680 - 1.286ms returns FALSE
T3260 091:080.752 JLINK_IsHalted()
T3260 091:081.616 - 0.870ms returns FALSE
T3260 091:175.312 JLINK_IsHalted()
T3260 091:176.192 - 0.886ms returns FALSE
T3260 091:176.264 JLINK_IsHalted()
T3260 091:177.152 - 0.884ms returns FALSE
T3260 091:287.280 JLINK_IsHalted()
T3260 091:288.224 - 0.942ms returns FALSE
T3260 091:288.240 JLINK_IsHalted()
T3260 091:289.136 - 0.898ms returns FALSE
T3260 091:399.544 JLINK_IsHalted()
T3260 091:400.376 - 0.833ms returns FALSE
T3260 091:400.400 JLINK_IsHalted()
T3260 091:401.232 - 0.840ms returns FALSE
T3260 091:511.296 JLINK_IsHalted()
T3260 091:512.144 - 0.845ms returns FALSE
T3260 091:512.152 JLINK_IsHalted()
T3260 091:513.008 - 0.851ms returns FALSE
T3260 091:623.400 JLINK_IsHalted()
T3260 091:624.240 - 0.841ms returns FALSE
T3260 091:624.272 JLINK_IsHalted()
T3260 091:625.040 - 0.762ms returns FALSE
T87C0 091:671.728 JLINK_IsHalted()
T87C0 091:672.624 - 0.895ms returns FALSE
T87C0 091:672.656 JLINK_IsHalted()
T87C0 091:673.384 - 0.722ms returns FALSE
T3260 091:735.280 JLINK_IsHalted()
T3260 091:735.992 - 0.711ms returns FALSE
T3260 091:736.008 JLINK_IsHalted()
T3260 091:737.024 - 1.014ms returns FALSE
T3260 091:847.296 JLINK_IsHalted()
T3260 091:848.128 - 0.829ms returns FALSE
T3260 091:848.144 JLINK_IsHalted()
T3260 091:848.912 - 0.770ms returns FALSE
T3260 091:959.184 JLINK_IsHalted()
T3260 091:959.968 - 0.781ms returns FALSE
T3260 091:959.984 JLINK_IsHalted()
T3260 091:960.640 - 0.657ms returns FALSE
T3260 092:071.488 JLINK_IsHalted()
T3260 092:072.496 - 1.007ms returns FALSE
T3260 092:072.608 JLINK_IsHalted()
T3260 092:073.512 - 0.898ms returns FALSE
T3260 092:183.472 JLINK_IsHalted()
T3260 092:184.352 - 0.877ms returns FALSE
T3260 092:184.368 JLINK_IsHalted()
T3260 092:185.224 - 0.855ms returns FALSE
T3260 092:295.440 JLINK_IsHalted()
T3260 092:296.272 - 0.826ms returns FALSE
T3260 092:296.304 JLINK_IsHalted()
T3260 092:297.024 - 0.715ms returns FALSE
T3260 092:407.136 JLINK_IsHalted()
T3260 092:408.120 - 0.985ms returns FALSE
T3260 092:408.160 JLINK_IsHalted()
T3260 092:409.160 - 0.997ms returns FALSE
T3260 092:503.400 JLINK_IsHalted()
T3260 092:504.336 - 0.929ms returns FALSE
T3260 092:504.344 JLINK_IsHalted()
T3260 092:505.024 - 0.678ms returns FALSE
T3260 092:615.552 JLINK_IsHalted()
T3260 092:616.528 - 0.981ms returns FALSE
T3260 092:616.560 JLINK_IsHalted()
T3260 092:617.376 - 0.819ms returns FALSE
T87C0 092:679.688 JLINK_IsHalted()
T87C0 092:680.832 - 1.145ms returns FALSE
T87C0 092:680.864 JLINK_IsHalted()
T87C0 092:681.808 - 0.935ms returns FALSE
T3260 092:727.456 JLINK_IsHalted()
T3260 092:728.520 - 1.061ms returns FALSE
T3260 092:728.544 JLINK_IsHalted()
T3260 092:729.208 - 0.666ms returns FALSE
T3260 092:839.352 JLINK_IsHalted()
T3260 092:840.192 - 0.836ms returns FALSE
T3260 092:840.232 JLINK_IsHalted()
T3260 092:841.128 - 0.896ms returns FALSE
T3260 092:951.672 JLINK_IsHalted()
T3260 092:952.200 - 0.519ms returns FALSE
T3260 092:952.208 JLINK_IsHalted()
T3260 092:952.808 - 0.592ms returns FALSE
T3260 093:063.808 JLINK_IsHalted()
T3260 093:064.912 - 1.102ms returns FALSE
T3260 093:064.960 JLINK_IsHalted()
T3260 093:066.024 - 1.060ms returns FALSE
T3260 093:175.352 JLINK_IsHalted()
T3260 093:176.216 - 0.862ms returns FALSE
T3260 093:176.240 JLINK_IsHalted()
T3260 093:177.064 - 0.819ms returns FALSE
T3260 093:287.208 JLINK_IsHalted()
T3260 093:287.952 - 0.747ms returns FALSE
T3260 093:287.960 JLINK_IsHalted()
T3260 093:288.728 - 0.763ms returns FALSE
T3260 093:399.488 JLINK_IsHalted()
T3260 093:400.480 - 0.988ms returns FALSE
T3260 093:400.520 JLINK_IsHalted()
T3260 093:401.392 - 0.865ms returns FALSE
T3260 093:511.672 JLINK_IsHalted()
T3260 093:512.464 - 0.785ms returns FALSE
T3260 093:512.520 JLINK_IsHalted()
T3260 093:513.216 - 0.692ms returns FALSE
T3260 093:623.464 JLINK_IsHalted()
T3260 093:624.400 - 0.939ms returns FALSE
T3260 093:624.424 JLINK_IsHalted()
T3260 093:625.088 - 0.665ms returns FALSE
T87C0 093:687.520 JLINK_IsHalted()
T87C0 093:688.624 - 1.103ms returns FALSE
T87C0 093:688.648 JLINK_IsHalted()
T87C0 093:689.520 - 0.872ms returns FALSE
T3260 093:735.696 JLINK_IsHalted()
T3260 093:736.784 - 1.087ms returns FALSE
T3260 093:736.816 JLINK_IsHalted()
T3260 093:737.776 - 0.966ms returns FALSE
T3260 093:847.192 JLINK_IsHalted()
T3260 093:848.072 - 0.879ms returns FALSE
T3260 093:848.128 JLINK_IsHalted()
T3260 093:849.048 - 0.918ms returns FALSE
T3260 093:959.488 JLINK_IsHalted()
T3260 093:960.360 - 0.869ms returns FALSE
T3260 093:960.368 JLINK_IsHalted()
T3260 093:961.104 - 0.727ms returns FALSE
T3260 094:071.600 JLINK_IsHalted()
T3260 094:072.584 - 0.984ms returns FALSE
T3260 094:072.600 JLINK_IsHalted()
T3260 094:073.528 - 0.928ms returns FALSE
T3260 094:184.624 JLINK_IsHalted()
T3260 094:185.656 - 1.036ms returns FALSE
T3260 094:185.680 JLINK_IsHalted()
T3260 094:186.896 - 1.214ms returns FALSE
T3260 094:295.560 JLINK_IsHalted()
T3260 094:296.368 - 0.815ms returns FALSE
T3260 094:296.408 JLINK_IsHalted()
T3260 094:297.208 - 0.797ms returns FALSE
T3260 094:407.368 JLINK_IsHalted()
T3260 094:408.264 - 0.898ms returns FALSE
T3260 094:408.280 JLINK_IsHalted()
T3260 094:409.240 - 0.959ms returns FALSE
T3260 094:503.792 JLINK_IsHalted()
T3260 094:504.856 - 1.059ms returns FALSE
T3260 094:504.912 JLINK_IsHalted()
T3260 094:505.936 - 1.033ms returns FALSE
T3260 094:615.424 JLINK_IsHalted()
T3260 094:616.288 - 0.863ms returns FALSE
T3260 094:616.304 JLINK_IsHalted()
T3260 094:617.264 - 0.957ms returns FALSE
T87C0 094:695.456 JLINK_IsHalted()
T87C0 094:696.280 - 0.826ms returns FALSE
T87C0 094:696.320 JLINK_IsHalted()
T87C0 094:697.120 - 0.797ms returns FALSE
T3260 094:727.216 JLINK_IsHalted()
T3260 094:727.936 - 0.726ms returns FALSE
T3260 094:727.960 JLINK_IsHalted()
T3260 094:728.672 - 0.712ms returns FALSE
T3260 094:839.696 JLINK_IsHalted()
T3260 094:840.688 - 0.998ms returns FALSE
T3260 094:840.736 JLINK_IsHalted()
T3260 094:841.696 - 0.958ms returns FALSE
T3260 094:951.296 JLINK_IsHalted()
T3260 094:952.200 - 0.903ms returns FALSE
T3260 094:952.240 JLINK_IsHalted()
T3260 094:953.000 - 0.755ms returns FALSE
T3260 095:063.512 JLINK_IsHalted()
T3260 095:064.352 - 0.843ms returns FALSE
T3260 095:064.376 JLINK_IsHalted()
T3260 095:065.192 - 0.810ms returns FALSE
T3260 095:175.352 JLINK_IsHalted()
T3260 095:176.248 - 0.892ms returns FALSE
T3260 095:176.264 JLINK_IsHalted()
T3260 095:177.136 - 0.872ms returns FALSE
T3260 095:287.608 JLINK_IsHalted()
T3260 095:288.520 - 0.913ms returns FALSE
T3260 095:288.536 JLINK_IsHalted()
T3260 095:289.408 - 0.867ms returns FALSE
T3260 095:399.216 JLINK_IsHalted()
T3260 095:400.040 - 0.815ms returns FALSE
T3260 095:400.096 JLINK_IsHalted()
T3260 095:400.928 - 0.831ms returns FALSE
T3260 095:511.688 JLINK_IsHalted()
T3260 095:512.664 - 0.977ms returns FALSE
T3260 095:512.688 JLINK_IsHalted()
T3260 095:513.640 - 0.952ms returns FALSE
T3260 095:623.408 JLINK_IsHalted()
T3260 095:624.280 - 0.872ms returns FALSE
T3260 095:624.344 JLINK_IsHalted()
T3260 095:625.168 - 0.829ms returns FALSE
T87C0 095:703.496 JLINK_IsHalted()
T87C0 095:704.368 - 0.869ms returns FALSE
T87C0 095:704.384 JLINK_IsHalted()
T87C0 095:705.080 - 0.693ms returns FALSE
T3260 095:735.200 JLINK_IsHalted()
T3260 095:735.968 - 0.765ms returns FALSE
T3260 095:735.984 JLINK_IsHalted()
T3260 095:736.784 - 0.798ms returns FALSE
T3260 095:831.368 JLINK_IsHalted()
T3260 095:832.240 - 0.877ms returns FALSE
T3260 095:832.296 JLINK_IsHalted()
T3260 095:833.040 - 0.738ms returns FALSE
T3260 095:943.496 JLINK_IsHalted()
T3260 095:944.400 - 0.900ms returns FALSE
T3260 095:944.424 JLINK_IsHalted()
T3260 095:945.304 - 0.882ms returns FALSE
T3260 096:055.272 JLINK_IsHalted()
T3260 096:056.008 - 0.740ms returns FALSE
T3260 096:056.032 JLINK_IsHalted()
T3260 096:056.768 - 0.734ms returns FALSE
T3260 096:167.144 JLINK_IsHalted()
T3260 096:168.016 - 0.882ms returns FALSE
T3260 096:168.040 JLINK_IsHalted()
T3260 096:168.880 - 0.842ms returns FALSE
T3260 096:279.352 JLINK_IsHalted()
T3260 096:280.368 - 1.007ms returns FALSE
T3260 096:280.400 JLINK_IsHalted()
T3260 096:281.296 - 0.899ms returns FALSE
T3260 096:392.312 JLINK_IsHalted()
T3260 096:393.104 - 0.792ms returns FALSE
T3260 096:393.136 JLINK_IsHalted()
T3260 096:393.872 - 0.741ms returns FALSE
T3260 096:503.312 JLINK_IsHalted()
T3260 096:504.152 - 0.842ms returns FALSE
T3260 096:504.168 JLINK_IsHalted()
T3260 096:504.888 - 0.716ms returns FALSE
T3260 096:615.440 JLINK_IsHalted()
T3260 096:616.536 - 1.101ms returns FALSE
T3260 096:616.584 JLINK_IsHalted()
T3260 096:617.528 - 0.947ms returns FALSE
T87C0 096:711.688 JLINK_IsHalted()
T87C0 096:712.624 - 0.942ms returns FALSE
T87C0 096:712.672 JLINK_IsHalted()
T87C0 096:713.560 - 0.889ms returns FALSE
T3260 096:727.216 JLINK_IsHalted()
T3260 096:728.024 - 0.814ms returns FALSE
T3260 096:728.056 JLINK_IsHalted()
T3260 096:728.752 - 0.694ms returns FALSE
T3260 096:839.096 JLINK_IsHalted()
T3260 096:840.008 - 0.905ms returns FALSE
T3260 096:840.032 JLINK_IsHalted()
T3260 096:840.848 - 0.817ms returns FALSE
T3260 096:949.776 JLINK_IsHalted()
T3260 096:950.488 - 0.711ms returns FALSE
T3260 096:950.512 JLINK_IsHalted()
T3260 096:951.304 - 0.797ms returns FALSE
T3260 097:060.272 JLINK_IsHalted()
T3260 097:061.016 - 0.744ms returns FALSE
T3260 097:061.040 JLINK_IsHalted()
T3260 097:061.712 - 0.670ms returns FALSE
T3260 097:170.800 JLINK_IsHalted()
T3260 097:171.664 - 0.860ms returns FALSE
T3260 097:171.688 JLINK_IsHalted()
T3260 097:172.392 - 0.704ms returns FALSE
T3260 097:282.192 JLINK_IsHalted()
T3260 097:283.200 - 1.006ms returns FALSE
T3260 097:283.248 JLINK_IsHalted()
T3260 097:284.240 - 0.993ms returns FALSE
T3260 097:393.352 JLINK_IsHalted()
T3260 097:394.256 - 0.899ms returns FALSE
T3260 097:394.272 JLINK_IsHalted()
T3260 097:395.048 - 0.775ms returns FALSE
T3260 097:503.232 JLINK_IsHalted()
T3260 097:503.928 - 0.700ms returns FALSE
T3260 097:503.952 JLINK_IsHalted()
T3260 097:504.712 - 0.752ms returns FALSE
T3260 097:614.224 JLINK_IsHalted()
T3260 097:615.312 - 1.081ms returns FALSE
T3260 097:615.344 JLINK_IsHalted()
T3260 097:616.352 - 1.001ms returns FALSE
T3260 097:726.128 JLINK_IsHalted()
T3260 097:726.920 - 0.789ms returns FALSE
T3260 097:726.944 JLINK_IsHalted()
T3260 097:727.632 - 0.695ms returns FALSE
T87C0 097:727.688 JLINK_IsHalted()
T87C0 097:728.344 - 0.656ms returns FALSE
T87C0 097:728.360 JLINK_IsHalted()
T87C0 097:729.008 - 0.642ms returns FALSE
T3260 097:837.992 JLINK_IsHalted()
T3260 097:838.832 - 0.843ms returns FALSE
T3260 097:838.856 JLINK_IsHalted()
T3260 097:839.728 - 0.865ms returns FALSE
T3260 097:950.240 JLINK_IsHalted()
T3260 097:951.072 - 0.832ms returns FALSE
T3260 097:951.088 JLINK_IsHalted()
T3260 097:951.872 - 0.781ms returns FALSE
T3260 098:061.352 JLINK_IsHalted()
T3260 098:062.336 - 0.981ms returns FALSE
T3260 098:062.352 JLINK_IsHalted()
T3260 098:063.096 - 0.744ms returns FALSE
T3260 098:172.344 JLINK_IsHalted()
T3260 098:173.408 - 1.059ms returns FALSE
T3260 098:173.424 JLINK_IsHalted()
T3260 098:174.368 - 0.939ms returns FALSE
T3260 098:283.928 JLINK_IsHalted()
T3260 098:284.960 - 1.030ms returns FALSE
T3260 098:284.976 JLINK_IsHalted()
T3260 098:285.936 - 0.956ms returns FALSE
T3260 098:378.696 JLINK_IsHalted()
T3260 098:379.552 - 0.855ms returns FALSE
T3260 098:379.584 JLINK_IsHalted()
T3260 098:380.416 - 0.832ms returns FALSE
T3260 098:489.968 JLINK_IsHalted()
T3260 098:490.840 - 0.876ms returns FALSE
T3260 098:490.864 JLINK_IsHalted()
T3260 098:491.608 - 0.747ms returns FALSE
T3260 098:601.352 JLINK_IsHalted()
T3260 098:602.192 - 0.837ms returns FALSE
T3260 098:602.208 JLINK_IsHalted()
T3260 098:602.960 - 0.755ms returns FALSE
T3260 098:713.000 JLINK_IsHalted()
T3260 098:713.792 - 0.797ms returns FALSE
T3260 098:713.840 JLINK_IsHalted()
T3260 098:714.448 - 0.615ms returns FALSE
T87C0 098:729.168 JLINK_IsHalted()
T87C0 098:729.880 - 0.719ms returns FALSE
T87C0 098:729.904 JLINK_IsHalted()
T87C0 098:730.544 - 0.637ms returns FALSE
T3260 098:824.824 JLINK_IsHalted()
T3260 098:825.568 - 0.744ms returns FALSE
T3260 098:825.584 JLINK_IsHalted()
T3260 098:826.336 - 0.743ms returns FALSE
T3260 098:937.112 JLINK_IsHalted()
T3260 098:938.056 - 0.938ms returns FALSE
T3260 098:938.072 JLINK_IsHalted()
T3260 098:938.896 - 0.822ms returns FALSE
T3260 099:049.008 JLINK_IsHalted()
T3260 099:049.984 - 0.968ms returns FALSE
T3260 099:050.000 JLINK_IsHalted()
T3260 099:050.800 - 0.797ms returns FALSE
T3260 099:144.368 JLINK_IsHalted()
T3260 099:144.904 - 0.533ms returns FALSE
T3260 099:144.920 JLINK_IsHalted()
T3260 099:145.544 - 0.618ms returns FALSE
T3260 099:255.600 JLINK_IsHalted()
T3260 099:256.384 - 0.779ms returns FALSE
T3260 099:256.400 JLINK_IsHalted()
T3260 099:257.136 - 0.741ms returns FALSE
T3260 099:367.288 JLINK_IsHalted()
T3260 099:367.984 - 0.697ms returns FALSE
T3260 099:368.016 JLINK_IsHalted()
T3260 099:368.880 - 0.867ms returns FALSE
T3260 099:479.432 JLINK_IsHalted()
T3260 099:480.440 - 1.010ms returns FALSE
T3260 099:480.472 JLINK_IsHalted()
T3260 099:481.280 - 0.805ms returns FALSE
T3260 099:591.400 JLINK_IsHalted()
T3260 099:592.224 - 0.824ms returns FALSE
T3260 099:592.240 JLINK_IsHalted()
T3260 099:592.944 - 0.704ms returns FALSE
T3260 099:703.416 JLINK_IsHalted()
T3260 099:704.424 - 1.006ms returns FALSE
T3260 099:704.480 JLINK_IsHalted()
T3260 099:705.296 - 0.813ms returns FALSE
T87C0 099:735.376 JLINK_IsHalted()
T87C0 099:736.064 - 0.686ms returns FALSE
T87C0 099:736.080 JLINK_IsHalted()
T87C0 099:736.880 - 0.800ms returns FALSE
T3260 099:815.368 JLINK_IsHalted()
T3260 099:816.144 - 0.777ms returns FALSE
T3260 099:816.168 JLINK_IsHalted()
T3260 099:816.864 - 0.695ms returns FALSE
T3260 099:911.264 JLINK_IsHalted()
T3260 099:912.216 - 0.951ms returns FALSE
T3260 099:912.240 JLINK_IsHalted()
T3260 099:913.048 - 0.808ms returns FALSE
T3260 100:023.416 JLINK_IsHalted()
T3260 100:024.392 - 0.999ms returns FALSE
T3260 100:024.472 JLINK_IsHalted()
T3260 100:025.712 - 1.238ms returns FALSE
T3260 100:135.240 JLINK_IsHalted()
T3260 100:135.920 - 0.686ms returns FALSE
T3260 100:135.944 JLINK_IsHalted()
T3260 100:136.624 - 0.681ms returns FALSE
T3260 100:247.456 JLINK_IsHalted()
T3260 100:248.208 - 0.748ms returns FALSE
T3260 100:248.224 JLINK_IsHalted()
T3260 100:249.168 - 0.947ms returns FALSE
T3260 100:359.688 JLINK_IsHalted()
T3260 100:360.640 - 0.955ms returns FALSE
T3260 100:360.688 JLINK_IsHalted()
T3260 100:361.856 - 1.166ms returns FALSE
T3260 100:471.440 JLINK_IsHalted()
T3260 100:472.368 - 0.929ms returns FALSE
T3260 100:472.392 JLINK_IsHalted()
T3260 100:473.136 - 0.745ms returns FALSE
T3260 100:567.264 JLINK_IsHalted()
T3260 100:568.040 - 0.774ms returns FALSE
T3260 100:568.048 JLINK_IsHalted()
T3260 100:568.768 - 0.710ms returns FALSE
T3260 100:679.632 JLINK_IsHalted()
T3260 100:680.728 - 1.092ms returns FALSE
T3260 100:680.784 JLINK_IsHalted()
T3260 100:681.920 - 1.133ms returns FALSE
T87C0 100:744.000 JLINK_IsHalted()
T87C0 100:744.984 - 0.986ms returns FALSE
T87C0 100:745.016 JLINK_IsHalted()
T87C0 100:745.784 - 0.769ms returns FALSE
T3260 100:791.328 JLINK_IsHalted()
T3260 100:792.072 - 0.743ms returns FALSE
T3260 100:792.096 JLINK_IsHalted()
T3260 100:792.720 - 0.625ms returns FALSE
T3260 100:903.184 JLINK_IsHalted()
T3260 100:904.040 - 0.852ms returns FALSE
T3260 100:904.080 JLINK_IsHalted()
T3260 100:904.856 - 0.780ms returns FALSE
T3260 101:015.440 JLINK_IsHalted()
T3260 101:016.224 - 0.789ms returns FALSE
T3260 101:016.256 JLINK_IsHalted()
T3260 101:016.952 - 0.698ms returns FALSE
T3260 101:127.384 JLINK_IsHalted()
T3260 101:128.064 - 0.677ms returns FALSE
T3260 101:128.096 JLINK_IsHalted()
T3260 101:128.912 - 0.819ms returns FALSE
T3260 101:223.280 JLINK_IsHalted()
T3260 101:223.984 - 0.706ms returns FALSE
T3260 101:224.008 JLINK_IsHalted()
T3260 101:224.688 - 0.689ms returns FALSE
T3260 101:334.064 JLINK_IsHalted()
T3260 101:334.968 - 0.908ms returns FALSE
T3260 101:334.984 JLINK_IsHalted()
T3260 101:335.776 - 0.794ms returns FALSE
T3260 101:445.624 JLINK_IsHalted()
T3260 101:446.416 - 0.789ms returns FALSE
T3260 101:446.448 JLINK_IsHalted()
T3260 101:447.408 - 0.954ms returns FALSE
T3260 101:556.552 JLINK_IsHalted()
T3260 101:557.504 - 0.952ms returns FALSE
T3260 101:557.536 JLINK_IsHalted()
T3260 101:558.288 - 0.746ms returns FALSE
T3260 101:666.888 JLINK_IsHalted()
T3260 101:667.704 - 0.816ms returns FALSE
T3260 101:667.728 JLINK_IsHalted()
T3260 101:668.456 - 0.726ms returns FALSE
T87C0 101:746.768 JLINK_IsHalted()
T87C0 101:747.760 - 1.006ms returns FALSE
T87C0 101:747.784 JLINK_IsHalted()
T87C0 101:748.664 - 0.883ms returns FALSE
T3260 101:778.384 JLINK_IsHalted()
T3260 101:779.272 - 0.886ms returns FALSE
T3260 101:779.320 JLINK_IsHalted()
T3260 101:780.112 - 0.785ms returns FALSE
T3260 101:889.064 JLINK_IsHalted()
T3260 101:889.920 - 0.857ms returns FALSE
T3260 101:889.944 JLINK_IsHalted()
T3260 101:890.864 - 0.918ms returns FALSE
T3260 102:000.296 JLINK_IsHalted()
T3260 102:001.296 - 0.996ms returns FALSE
T3260 102:001.336 JLINK_IsHalted()
T3260 102:002.272 - 0.931ms returns FALSE
T3260 102:111.728 JLINK_IsHalted()
T3260 102:112.584 - 0.854ms returns FALSE
T3260 102:112.600 JLINK_IsHalted()
T3260 102:113.288 - 0.683ms returns FALSE
T3260 102:222.104 JLINK_IsHalted()
T3260 102:222.880 - 0.768ms returns FALSE
T3260 102:222.896 JLINK_IsHalted()
T3260 102:223.592 - 0.688ms returns FALSE
T3260 102:334.184 JLINK_IsHalted()
T3260 102:335.176 - 0.991ms returns FALSE
T3260 102:335.200 JLINK_IsHalted()
T3260 102:336.120 - 0.918ms returns FALSE
T3260 102:445.976 JLINK_IsHalted()
T3260 102:446.800 - 0.818ms returns FALSE
T3260 102:446.840 JLINK_IsHalted()
T3260 102:447.560 - 0.717ms returns FALSE
T3260 102:557.920 JLINK_IsHalted()
T3260 102:558.704 - 0.784ms returns FALSE
T3260 102:558.728 JLINK_IsHalted()
T3260 102:559.552 - 0.827ms returns FALSE
T3260 102:668.432 JLINK_IsHalted()
T3260 102:669.224 - 0.788ms returns FALSE
T3260 102:669.240 JLINK_IsHalted()
T3260 102:669.960 - 0.717ms returns FALSE
T87C0 102:748.744 JLINK_IsHalted()
T87C0 102:749.592 - 0.850ms returns FALSE
T87C0 102:749.640 JLINK_IsHalted()
T87C0 102:750.504 - 0.862ms returns FALSE
T3260 102:780.392 JLINK_IsHalted()
T3260 102:781.200 - 0.795ms returns FALSE
T3260 102:781.224 JLINK_IsHalted()
T3260 102:782.128 - 0.910ms returns FALSE
T3260 102:892.664 JLINK_IsHalted()
T3260 102:893.712 - 1.045ms returns FALSE
T3260 102:893.776 JLINK_IsHalted()
T3260 102:894.640 - 0.857ms returns FALSE
T3260 102:988.768 JLINK_IsHalted()
T3260 102:989.880 - 1.117ms returns FALSE
T3260 102:989.904 JLINK_IsHalted()
T3260 102:990.800 - 0.895ms returns FALSE
T3260 103:100.584 JLINK_IsHalted()
T3260 103:101.328 - 0.744ms returns FALSE
T3260 103:101.344 JLINK_IsHalted()
T3260 103:102.032 - 0.683ms returns FALSE
T3260 103:212.480 JLINK_IsHalted()
T3260 103:213.456 - 0.973ms returns FALSE
T3260 103:213.472 JLINK_IsHalted()
T3260 103:214.416 - 0.936ms returns FALSE
T3260 103:324.200 JLINK_IsHalted()
T3260 103:324.944 - 0.737ms returns FALSE
T3260 103:330.224 JLINK_IsHalted()
T3260 103:330.912 - 0.682ms returns FALSE
T3260 103:436.416 JLINK_IsHalted()
T3260 103:437.368 - 0.950ms returns FALSE
T3260 103:437.384 JLINK_IsHalted()
T3260 103:438.264 - 0.884ms returns FALSE
T3260 103:548.376 JLINK_IsHalted()
T3260 103:549.400 - 1.017ms returns FALSE
T3260 103:549.432 JLINK_IsHalted()
T3260 103:550.368 - 0.936ms returns FALSE
T3260 103:644.656 JLINK_IsHalted()
T3260 103:645.488 - 0.830ms returns FALSE
T3260 103:645.504 JLINK_IsHalted()
T3260 103:646.392 - 0.884ms returns FALSE
T3260 103:756.464 JLINK_IsHalted()
T3260 103:757.360 - 0.906ms returns FALSE
T3260 103:757.392 JLINK_IsHalted()
T3260 103:758.168 - 0.775ms returns FALSE
T87C0 103:758.256 JLINK_IsHalted()
T87C0 103:758.992 - 0.731ms returns FALSE
T87C0 103:759.000 JLINK_IsHalted()
T87C0 103:759.728 - 0.731ms returns FALSE
T3260 103:869.224 JLINK_IsHalted()
T3260 103:869.952 - 0.732ms returns FALSE
T3260 103:869.976 JLINK_IsHalted()
T3260 103:870.640 - 0.666ms returns FALSE
T3260 103:980.416 JLINK_IsHalted()
T3260 103:981.312 - 0.893ms returns FALSE
T3260 103:981.344 JLINK_IsHalted()
T3260 103:982.128 - 0.780ms returns FALSE
T3260 104:092.344 JLINK_IsHalted()
T3260 104:093.112 - 0.767ms returns FALSE
T3260 104:093.136 JLINK_IsHalted()
T3260 104:093.776 - 0.641ms returns FALSE
T3260 104:204.344 JLINK_IsHalted()
T3260 104:205.152 - 0.803ms returns FALSE
T3260 104:205.168 JLINK_IsHalted()
T3260 104:205.896 - 0.724ms returns FALSE
T3260 104:300.640 JLINK_IsHalted()
T3260 104:301.600 - 0.959ms returns FALSE
T3260 104:301.616 JLINK_IsHalted()
T3260 104:302.400 - 0.783ms returns FALSE
T3260 104:412.400 JLINK_IsHalted()
T3260 104:413.200 - 0.803ms returns FALSE
T3260 104:413.232 JLINK_IsHalted()
T3260 104:414.040 - 0.808ms returns FALSE
T3260 104:524.360 JLINK_IsHalted()
T3260 104:525.200 - 0.836ms returns FALSE
T3260 104:525.216 JLINK_IsHalted()
T3260 104:525.968 - 0.756ms returns FALSE
T3260 104:636.696 JLINK_IsHalted()
T3260 104:637.640 - 0.940ms returns FALSE
T3260 104:637.648 JLINK_IsHalted()
T3260 104:638.616 - 0.963ms returns FALSE
T3260 104:746.800 JLINK_IsHalted()
T3260 104:747.560 - 0.759ms returns FALSE
T3260 104:747.568 JLINK_IsHalted()
T3260 104:748.256 - 0.683ms returns FALSE
T87C0 104:763.032 JLINK_IsHalted()
T87C0 104:763.792 - 0.754ms returns FALSE
T87C0 104:763.808 JLINK_IsHalted()
T87C0 104:764.464 - 0.653ms returns FALSE
T3260 104:858.928 JLINK_IsHalted()
T3260 104:859.744 - 0.819ms returns FALSE
T3260 104:859.792 JLINK_IsHalted()
T3260 104:860.464 - 0.670ms returns FALSE
T3260 104:970.232 JLINK_IsHalted()
T3260 104:971.088 - 0.857ms returns FALSE
T3260 104:971.136 JLINK_IsHalted()
T3260 104:971.864 - 0.731ms returns FALSE
T3260 105:081.248 JLINK_IsHalted()
T3260 105:081.776 - 0.530ms returns FALSE
T3260 105:081.792 JLINK_IsHalted()
T3260 105:082.448 - 0.654ms returns FALSE
T3260 105:177.032 JLINK_IsHalted()
T3260 105:177.792 - 0.767ms returns FALSE
T3260 105:177.824 JLINK_IsHalted()
T3260 105:178.544 - 0.719ms returns FALSE
T3260 105:289.168 JLINK_IsHalted()
T3260 105:290.040 - 0.868ms returns FALSE
T3260 105:290.056 JLINK_IsHalted()
T3260 105:290.840 - 0.790ms returns FALSE
T3260 105:400.888 JLINK_IsHalted()
T3260 105:401.648 - 0.752ms returns FALSE
T3260 105:401.680 JLINK_IsHalted()
T3260 105:402.352 - 0.680ms returns FALSE
T3260 105:512.880 JLINK_IsHalted()
T3260 105:513.648 - 0.759ms returns FALSE
T3260 105:513.664 JLINK_IsHalted()
T3260 105:514.368 - 0.707ms returns FALSE
T3260 105:624.632 JLINK_IsHalted()
T3260 105:625.624 - 0.995ms returns FALSE
T3260 105:625.648 JLINK_IsHalted()
T3260 105:626.336 - 0.680ms returns FALSE
T3260 105:736.168 JLINK_IsHalted()
T3260 105:736.944 - 0.774ms returns FALSE
T3260 105:736.960 JLINK_IsHalted()
T3260 105:737.616 - 0.656ms returns FALSE
T87C0 105:768.272 JLINK_IsHalted()
T87C0 105:768.960 - 0.687ms returns FALSE
T87C0 105:768.976 JLINK_IsHalted()
T87C0 105:769.792 - 0.808ms returns FALSE
T3260 105:847.296 JLINK_IsHalted()
T3260 105:848.048 - 0.758ms returns FALSE
T3260 105:848.072 JLINK_IsHalted()
T3260 105:848.776 - 0.704ms returns FALSE
T3260 105:958.960 JLINK_IsHalted()
T3260 105:960.160 - 1.197ms returns FALSE
T3260 105:960.240 JLINK_IsHalted()
T3260 105:961.240 - 1.001ms returns FALSE
T3260 106:069.520 JLINK_IsHalted()
T3260 106:070.352 - 0.827ms returns FALSE
T3260 106:070.368 JLINK_IsHalted()
T3260 106:071.088 - 0.722ms returns FALSE
T3260 106:180.504 JLINK_IsHalted()
T3260 106:181.504 - 0.994ms returns FALSE
T3260 106:181.520 JLINK_IsHalted()
T3260 106:182.464 - 0.938ms returns FALSE
T3260 106:291.376 JLINK_IsHalted()
T3260 106:292.272 - 0.894ms returns FALSE
T3260 106:292.296 JLINK_IsHalted()
T3260 106:293.144 - 0.845ms returns FALSE
T3260 106:402.352 JLINK_IsHalted()
T3260 106:403.352 - 1.009ms returns FALSE
T3260 106:403.408 JLINK_IsHalted()
T3260 106:404.272 - 0.859ms returns FALSE
T3260 106:513.088 JLINK_IsHalted()
T3260 106:513.928 - 0.836ms returns FALSE
T3260 106:513.960 JLINK_IsHalted()
T3260 106:514.704 - 0.742ms returns FALSE
T3260 106:624.712 JLINK_IsHalted()
T3260 106:625.648 - 0.939ms returns FALSE
T3260 106:625.712 JLINK_IsHalted()
T3260 106:626.656 - 0.942ms returns FALSE
T3260 106:736.240 JLINK_IsHalted()
T3260 106:737.040 - 0.802ms returns FALSE
T3260 106:737.072 JLINK_IsHalted()
T3260 106:737.832 - 0.764ms returns FALSE
T87C0 106:768.336 JLINK_IsHalted()
T87C0 106:769.200 - 0.858ms returns FALSE
T87C0 106:769.224 JLINK_IsHalted()
T87C0 106:770.064 - 0.838ms returns FALSE
T3260 106:831.728 JLINK_IsHalted()
T3260 106:832.432 - 0.700ms returns FALSE
T3260 106:832.464 JLINK_IsHalted()
T3260 106:833.168 - 0.699ms returns FALSE
T3260 106:942.992 JLINK_IsHalted()
T3260 106:944.048 - 1.049ms returns FALSE
T3260 106:944.088 JLINK_IsHalted()
T3260 106:945.088 - 0.992ms returns FALSE
T3260 107:054.136 JLINK_IsHalted()
T3260 107:054.888 - 0.748ms returns FALSE
T3260 107:054.904 JLINK_IsHalted()
T3260 107:055.552 - 0.643ms returns FALSE
T3260 107:164.504 JLINK_IsHalted()
T3260 107:165.224 - 0.719ms returns FALSE
T3260 107:165.240 JLINK_IsHalted()
T3260 107:165.912 - 0.674ms returns FALSE
T3260 107:276.648 JLINK_IsHalted()
T3260 107:277.816 - 1.174ms returns FALSE
T3260 107:277.872 JLINK_IsHalted()
T3260 107:278.744 - 0.877ms returns FALSE
T3260 107:388.584 JLINK_IsHalted()
T3260 107:389.480 - 0.893ms returns FALSE
T3260 107:389.488 JLINK_IsHalted()
T3260 107:390.296 - 0.806ms returns FALSE
T3260 107:500.632 JLINK_IsHalted()
T3260 107:501.392 - 0.752ms returns FALSE
T3260 107:501.440 JLINK_IsHalted()
T3260 107:502.208 - 0.767ms returns FALSE
T3260 107:612.376 JLINK_IsHalted()
T3260 107:613.248 - 0.866ms returns FALSE
T3260 107:613.312 JLINK_IsHalted()
T3260 107:614.144 - 0.831ms returns FALSE
T3260 107:708.544 JLINK_IsHalted()
T3260 107:709.208 - 0.665ms returns FALSE
T3260 107:709.232 JLINK_IsHalted()
T3260 107:709.904 - 0.672ms returns FALSE
T87C0 107:772.544 JLINK_IsHalted()
T87C0 107:773.296 - 0.753ms returns FALSE
T87C0 107:773.328 JLINK_IsHalted()
T87C0 107:774.144 - 0.816ms returns FALSE
T3260 107:819.584 JLINK_IsHalted()
T3260 107:820.288 - 0.697ms returns FALSE
T3260 107:820.304 JLINK_IsHalted()
T3260 107:821.056 - 0.745ms returns FALSE
T3260 107:931.304 JLINK_IsHalted()
T3260 107:932.200 - 0.888ms returns FALSE
T3260 107:932.224 JLINK_IsHalted()
T3260 107:933.040 - 0.812ms returns FALSE
T3260 108:042.288 JLINK_IsHalted()
T3260 108:043.176 - 0.885ms returns FALSE
T3260 108:043.216 JLINK_IsHalted()
T3260 108:043.944 - 0.740ms returns FALSE
T3260 108:153.624 JLINK_IsHalted()
T3260 108:154.560 - 0.942ms returns FALSE
T3260 108:154.600 JLINK_IsHalted()
T3260 108:155.480 - 0.880ms returns FALSE
T3260 108:265.176 JLINK_IsHalted()
T3260 108:265.920 - 0.748ms returns FALSE
T3260 108:265.944 JLINK_IsHalted()
T3260 108:266.704 - 0.755ms returns FALSE
T3260 108:377.112 JLINK_IsHalted()
T3260 108:377.968 - 0.854ms returns FALSE
T3260 108:378.000 JLINK_IsHalted()
T3260 108:378.800 - 0.803ms returns FALSE
T3260 108:474.128 JLINK_IsHalted()
T3260 108:475.112 - 0.986ms returns FALSE
T3260 108:475.120 JLINK_IsHalted()
T3260 108:476.048 - 0.924ms returns FALSE
T3260 108:585.112 JLINK_IsHalted()
T3260 108:585.808 - 0.692ms returns FALSE
T3260 108:585.832 JLINK_IsHalted()
T3260 108:586.560 - 0.736ms returns FALSE
T3260 108:696.408 JLINK_IsHalted()
T3260 108:697.304 - 0.891ms returns FALSE
T3260 108:697.320 JLINK_IsHalted()
T3260 108:698.112 - 0.793ms returns FALSE
T87C0 108:776.152 JLINK_IsHalted()
T87C0 108:777.008 - 0.864ms returns FALSE
T87C0 108:777.040 JLINK_IsHalted()
T87C0 108:778.000 - 0.951ms returns FALSE
T3260 108:807.768 JLINK_IsHalted()
T3260 108:808.880 - 1.109ms returns FALSE
T3260 108:808.936 JLINK_IsHalted()
T3260 108:810.032 - 1.103ms returns FALSE
T3260 108:920.424 JLINK_IsHalted()
T3260 108:921.200 - 0.771ms returns FALSE
T3260 108:921.232 JLINK_IsHalted()
T3260 108:921.968 - 0.742ms returns FALSE
T3260 109:031.312 JLINK_IsHalted()
T3260 109:032.048 - 0.742ms returns FALSE
T3260 109:032.080 JLINK_IsHalted()
T3260 109:032.792 - 0.720ms returns FALSE
T3260 109:141.904 JLINK_IsHalted()
T3260 109:142.744 - 0.842ms returns FALSE
T3260 109:142.784 JLINK_IsHalted()
T3260 109:143.632 - 0.842ms returns FALSE
T3260 109:252.648 JLINK_IsHalted()
T3260 109:253.376 - 0.735ms returns FALSE
T3260 109:253.400 JLINK_IsHalted()
T3260 109:254.064 - 0.673ms returns FALSE
T3260 109:348.160 JLINK_IsHalted()
T3260 109:348.944 - 0.783ms returns FALSE
T3260 109:348.968 JLINK_IsHalted()
T3260 109:349.712 - 0.745ms returns FALSE
T3260 109:459.184 JLINK_IsHalted()
T3260 109:460.016 - 0.827ms returns FALSE
T3260 109:460.056 JLINK_IsHalted()
T3260 109:461.032 - 0.968ms returns FALSE
T3260 109:570.472 JLINK_IsHalted()
T3260 109:571.352 - 0.885ms returns FALSE
T3260 109:571.392 JLINK_IsHalted()
T3260 109:572.336 - 0.946ms returns FALSE
T3260 109:680.880 JLINK_IsHalted()
T3260 109:681.840 - 0.950ms returns FALSE
T3260 109:681.856 JLINK_IsHalted()
T3260 109:682.728 - 0.875ms returns FALSE
T87C0 109:775.952 JLINK_IsHalted()
T87C0 109:776.728 - 0.778ms returns FALSE
T87C0 109:776.744 JLINK_IsHalted()
T87C0 109:777.856 - 1.104ms returns FALSE
T3260 109:791.720 JLINK_IsHalted()
T3260 109:792.464 - 0.736ms returns FALSE
T3260 109:792.472 JLINK_IsHalted()
T3260 109:793.232 - 0.749ms returns FALSE
T3260 109:902.416 JLINK_IsHalted()
T3260 109:903.184 - 0.765ms returns FALSE
T3260 109:903.208 JLINK_IsHalted()
T3260 109:903.952 - 0.744ms returns FALSE
T3260 110:014.128 JLINK_IsHalted()
T3260 110:014.936 - 0.811ms returns FALSE
T3260 110:014.952 JLINK_IsHalted()
T3260 110:015.640 - 0.685ms returns FALSE
T3260 110:126.128 JLINK_IsHalted()
T3260 110:126.872 - 0.749ms returns FALSE
T3260 110:126.896 JLINK_IsHalted()
T3260 110:127.616 - 0.714ms returns FALSE
T3260 110:222.120 JLINK_IsHalted()
T3260 110:223.024 - 0.907ms returns FALSE
T3260 110:223.040 JLINK_IsHalted()
T3260 110:223.760 - 0.713ms returns FALSE
T3260 110:333.888 JLINK_IsHalted()
T3260 110:334.592 - 0.697ms returns FALSE
T3260 110:334.616 JLINK_IsHalted()
T3260 110:335.272 - 0.663ms returns FALSE
T3260 110:446.320 JLINK_IsHalted()
T3260 110:447.280 - 0.953ms returns FALSE
T3260 110:447.360 JLINK_IsHalted()
T3260 110:448.296 - 0.940ms returns FALSE
T3260 110:556.560 JLINK_IsHalted()
T3260 110:557.376 - 0.820ms returns FALSE
T3260 110:557.392 JLINK_IsHalted()
T3260 110:558.080 - 0.682ms returns FALSE
T3260 110:668.392 JLINK_IsHalted()
T3260 110:669.200 - 0.803ms returns FALSE
T3260 110:669.232 JLINK_IsHalted()
T3260 110:669.968 - 0.740ms returns FALSE
T3260 110:780.560 JLINK_IsHalted()
T3260 110:781.184 - 0.626ms returns FALSE
T3260 110:781.200 JLINK_IsHalted()
T3260 110:781.736 - 0.532ms returns FALSE
T87C0 110:781.800 JLINK_IsHalted()
T87C0 110:782.320 - 0.519ms returns FALSE
T87C0 110:782.320 JLINK_IsHalted()
T87C0 110:782.928 - 0.595ms returns FALSE
T3260 110:892.224 JLINK_IsHalted()
T3260 110:893.056 - 0.832ms returns FALSE
T3260 110:893.080 JLINK_IsHalted()
T3260 110:893.808 - 0.721ms returns FALSE
T3260 110:988.336 JLINK_IsHalted()
T3260 110:989.168 - 0.831ms returns FALSE
T3260 110:989.200 JLINK_IsHalted()
T3260 110:989.912 - 0.724ms returns FALSE
T3260 111:100.840 JLINK_IsHalted()
T3260 111:101.888 - 1.052ms returns FALSE
T3260 111:101.936 JLINK_IsHalted()
T3260 111:102.936 - 1.005ms returns FALSE
T3260 111:210.640 JLINK_IsHalted()
T3260 111:211.568 - 0.932ms returns FALSE
T3260 111:211.584 JLINK_IsHalted()
T3260 111:212.336 - 0.756ms returns FALSE
T3260 111:322.048 JLINK_IsHalted()
T3260 111:322.856 - 0.806ms returns FALSE
T3260 111:322.880 JLINK_IsHalted()
T3260 111:323.560 - 0.683ms returns FALSE
T3260 111:433.280 JLINK_IsHalted()
T3260 111:434.456 - 1.175ms returns FALSE
T3260 111:434.496 JLINK_IsHalted()
T3260 111:435.632 - 1.144ms returns FALSE
T3260 111:545.008 JLINK_IsHalted()
T3260 111:545.792 - 0.782ms returns FALSE
T3260 111:545.816 JLINK_IsHalted()
T3260 111:546.600 - 0.785ms returns FALSE
T3260 111:657.112 JLINK_IsHalted()
T3260 111:657.944 - 0.834ms returns FALSE
T3260 111:657.984 JLINK_IsHalted()
T3260 111:658.704 - 0.720ms returns FALSE
T3260 111:769.128 JLINK_IsHalted()
T3260 111:770.024 - 0.899ms returns FALSE
T3260 111:770.072 JLINK_IsHalted()
T3260 111:770.968 - 0.897ms returns FALSE
T87C0 111:785.624 JLINK_IsHalted()
T87C0 111:786.624 - 0.996ms returns FALSE
T87C0 111:786.648 JLINK_IsHalted()
T87C0 111:787.440 - 0.786ms returns FALSE
T3260 111:881.000 JLINK_IsHalted()
T3260 111:881.880 - 0.880ms returns FALSE
T3260 111:881.968 JLINK_IsHalted()
T3260 111:882.648 - 0.680ms returns FALSE
T3260 111:992.936 JLINK_IsHalted()
T3260 111:993.960 - 1.028ms returns FALSE
T3260 111:994.000 JLINK_IsHalted()
T3260 111:994.968 - 0.973ms returns FALSE
T3260 112:105.128 JLINK_IsHalted()
T3260 112:105.896 - 0.757ms returns FALSE
T3260 112:105.904 JLINK_IsHalted()
T3260 112:106.672 - 0.774ms returns FALSE
T3260 112:215.640 JLINK_IsHalted()
T3260 112:216.552 - 0.929ms returns FALSE
T3260 112:216.600 JLINK_IsHalted()
T3260 112:217.328 - 0.724ms returns FALSE
T3260 112:327.296 JLINK_IsHalted()
T3260 112:328.040 - 0.742ms returns FALSE
T3260 112:328.048 JLINK_IsHalted()
T3260 112:328.832 - 0.770ms returns FALSE
T3260 112:439.296 JLINK_IsHalted()
T3260 112:440.024 - 0.725ms returns FALSE
T3260 112:440.064 JLINK_IsHalted()
T3260 112:440.792 - 0.730ms returns FALSE
T3260 112:535.504 JLINK_IsHalted()
T3260 112:536.400 - 0.897ms returns FALSE
T3260 112:536.432 JLINK_IsHalted()
T3260 112:537.240 - 0.812ms returns FALSE
T3260 112:647.296 JLINK_IsHalted()
T3260 112:648.048 - 0.758ms returns FALSE
T3260 112:648.112 JLINK_IsHalted()
T3260 112:648.752 - 0.636ms returns FALSE
T3260 112:759.512 JLINK_IsHalted()
T3260 112:760.256 - 0.742ms returns FALSE
T3260 112:760.280 JLINK_IsHalted()
T3260 112:760.960 - 0.678ms returns FALSE
T87C0 112:791.528 JLINK_IsHalted()
T87C0 112:792.232 - 0.698ms returns FALSE
T87C0 112:792.240 JLINK_IsHalted()
T87C0 112:792.936 - 0.688ms returns FALSE
T3260 112:871.768 JLINK_IsHalted()
T3260 112:872.728 - 0.961ms returns FALSE
T3260 112:878.168 JLINK_IsHalted()
T3260 112:879.120 - 0.953ms returns FALSE
T3260 112:983.336 JLINK_IsHalted()
T3260 112:984.048 - 0.718ms returns FALSE
T3260 112:984.080 JLINK_IsHalted()
T3260 112:984.816 - 0.739ms returns FALSE
T3260 113:095.336 JLINK_IsHalted()
T3260 113:096.144 - 0.802ms returns FALSE
T3260 113:096.176 JLINK_IsHalted()
T3260 113:096.872 - 0.692ms returns FALSE
T3260 113:191.640 JLINK_IsHalted()
T3260 113:192.448 - 0.810ms returns FALSE
T3260 113:192.464 JLINK_IsHalted()
T3260 113:193.216 - 0.745ms returns FALSE
T3260 113:301.848 JLINK_IsHalted()
T3260 113:302.568 - 0.716ms returns FALSE
T3260 113:302.592 JLINK_IsHalted()
T3260 113:303.248 - 0.658ms returns FALSE
T3260 113:412.688 JLINK_IsHalted()
T3260 113:413.608 - 0.915ms returns FALSE
T3260 113:413.632 JLINK_IsHalted()
T3260 113:414.336 - 0.707ms returns FALSE
T3260 113:523.392 JLINK_IsHalted()
T3260 113:524.376 - 0.984ms returns FALSE
T3260 113:524.432 JLINK_IsHalted()
T3260 113:525.392 - 0.964ms returns FALSE
T3260 113:634.928 JLINK_IsHalted()
T3260 113:635.864 - 0.941ms returns FALSE
T3260 113:635.888 JLINK_IsHalted()
T3260 113:636.760 - 0.849ms returns FALSE
T3260 113:744.616 JLINK_IsHalted()
T3260 113:745.520 - 0.904ms returns FALSE
T3260 113:745.536 JLINK_IsHalted()
T3260 113:746.264 - 0.730ms returns FALSE
T87C0 113:792.600 JLINK_IsHalted()
T87C0 113:793.328 - 0.735ms returns FALSE
T87C0 113:793.360 JLINK_IsHalted()
T87C0 113:794.064 - 0.714ms returns FALSE
T3260 113:855.488 JLINK_IsHalted()
T3260 113:856.360 - 0.863ms returns FALSE
T3260 113:856.368 JLINK_IsHalted()
T3260 113:857.344 - 0.962ms returns FALSE
T3260 113:966.104 JLINK_IsHalted()
T3260 113:966.872 - 0.767ms returns FALSE
T3260 113:966.896 JLINK_IsHalted()
T3260 113:967.592 - 0.697ms returns FALSE
T3260 114:077.200 JLINK_IsHalted()
T3260 114:077.952 - 0.744ms returns FALSE
T3260 114:077.976 JLINK_IsHalted()
T3260 114:078.656 - 0.681ms returns FALSE
T3260 114:188.464 JLINK_IsHalted()
T3260 114:189.312 - 0.838ms returns FALSE
T3260 114:189.328 JLINK_IsHalted()
T3260 114:190.120 - 0.799ms returns FALSE
T3260 114:284.432 JLINK_IsHalted()
T3260 114:285.288 - 0.852ms returns FALSE
T3260 114:285.296 JLINK_IsHalted()
T3260 114:286.128 - 0.821ms returns FALSE
T3260 114:396.392 JLINK_IsHalted()
T3260 114:397.120 - 0.735ms returns FALSE
T3260 114:397.160 JLINK_IsHalted()
T3260 114:397.912 - 0.754ms returns FALSE
T3260 114:508.568 JLINK_IsHalted()
T3260 114:509.480 - 0.909ms returns FALSE
T3260 114:509.488 JLINK_IsHalted()
T3260 114:510.416 - 0.922ms returns FALSE
T3260 114:620.592 JLINK_IsHalted()
T3260 114:621.544 - 0.949ms returns FALSE
T3260 114:621.568 JLINK_IsHalted()
T3260 114:622.464 - 0.900ms returns FALSE
T3260 114:732.632 JLINK_IsHalted()
T3260 114:733.376 - 0.748ms returns FALSE
T3260 114:733.400 JLINK_IsHalted()
T3260 114:734.104 - 0.706ms returns FALSE
T87C0 114:796.824 JLINK_IsHalted()
T87C0 114:797.720 - 0.900ms returns FALSE
T87C0 114:797.744 JLINK_IsHalted()
T87C0 114:798.416 - 0.670ms returns FALSE
T3260 114:844.720 JLINK_IsHalted()
T3260 114:845.632 - 0.897ms returns FALSE
T3260 114:845.680 JLINK_IsHalted()
T3260 114:846.504 - 0.817ms returns FALSE
T3260 114:956.288 JLINK_IsHalted()
T3260 114:957.096 - 0.799ms returns FALSE
T3260 114:957.120 JLINK_IsHalted()
T3260 114:957.776 - 0.658ms returns FALSE
T3260 115:068.264 JLINK_IsHalted()
T3260 115:069.056 - 0.800ms returns FALSE
T3260 115:069.080 JLINK_IsHalted()
T3260 115:069.848 - 0.765ms returns FALSE
T3260 115:180.624 JLINK_IsHalted()
T3260 115:181.488 - 0.866ms returns FALSE
T3260 115:181.544 JLINK_IsHalted()
T3260 115:182.232 - 0.691ms returns FALSE
T3260 115:292.328 JLINK_IsHalted()
T3260 115:293.120 - 0.790ms returns FALSE
T3260 115:293.144 JLINK_IsHalted()
T3260 115:293.808 - 0.657ms returns FALSE
T3260 115:404.264 JLINK_IsHalted()
T3260 115:404.992 - 0.727ms returns FALSE
T3260 115:405.008 JLINK_IsHalted()
T3260 115:405.720 - 0.709ms returns FALSE
T3260 115:516.496 JLINK_IsHalted()
T3260 115:517.528 - 1.038ms returns FALSE
T3260 115:517.552 JLINK_IsHalted()
T3260 115:518.552 - 1.000ms returns FALSE
T3260 115:628.568 JLINK_IsHalted()
T3260 115:629.336 - 0.762ms returns FALSE
T3260 115:629.424 JLINK_IsHalted()
T3260 115:630.120 - 0.684ms returns FALSE
T3260 115:740.200 JLINK_IsHalted()
T3260 115:740.880 - 0.680ms returns FALSE
T3260 115:740.928 JLINK_IsHalted()
T3260 115:741.632 - 0.706ms returns FALSE
T87C0 115:803.032 JLINK_IsHalted()
T87C0 115:803.904 - 0.866ms returns FALSE
T87C0 115:803.920 JLINK_IsHalted()
T87C0 115:804.776 - 0.848ms returns FALSE
T3260 115:850.264 JLINK_IsHalted()
T3260 115:851.120 - 0.853ms returns FALSE
T3260 115:851.152 JLINK_IsHalted()
T3260 115:851.904 - 0.759ms returns FALSE
T3260 115:961.496 JLINK_IsHalted()
T3260 115:962.456 - 0.969ms returns FALSE
T3260 115:962.472 JLINK_IsHalted()
T3260 115:963.368 - 0.884ms returns FALSE
T3260 116:072.528 JLINK_IsHalted()
T3260 116:073.304 - 0.782ms returns FALSE
T3260 116:073.320 JLINK_IsHalted()
T3260 116:074.224 - 0.906ms returns FALSE
T3260 116:183.568 JLINK_IsHalted()
T3260 116:184.280 - 0.710ms returns FALSE
T3260 116:184.296 JLINK_IsHalted()
T3260 116:185.064 - 0.766ms returns FALSE
T3260 116:294.640 JLINK_IsHalted()
T3260 116:295.616 - 0.973ms returns FALSE
T3260 116:295.664 JLINK_IsHalted()
T3260 116:296.472 - 0.799ms returns FALSE
T3260 116:405.584 JLINK_IsHalted()
T3260 116:406.336 - 0.756ms returns FALSE
T3260 116:406.352 JLINK_IsHalted()
T3260 116:407.024 - 0.679ms returns FALSE
T3260 116:516.160 JLINK_IsHalted()
T3260 116:516.928 - 0.776ms returns FALSE
T3260 116:516.952 JLINK_IsHalted()
T3260 116:517.632 - 0.680ms returns FALSE
T3260 116:627.672 JLINK_IsHalted()
T3260 116:628.752 - 1.077ms returns FALSE
T3260 116:628.800 JLINK_IsHalted()
T3260 116:629.904 - 1.095ms returns FALSE
T3260 116:721.984 JLINK_IsHalted()
T3260 116:722.920 - 0.925ms returns FALSE
T3260 116:722.960 JLINK_IsHalted()
T3260 116:723.816 - 0.851ms returns FALSE
T87C0 116:817.104 JLINK_IsHalted()
T87C0 116:817.896 - 0.804ms returns FALSE
T87C0 116:817.920 JLINK_IsHalted()
T87C0 116:818.584 - 0.667ms returns FALSE
T3260 116:832.408 JLINK_IsHalted()
T3260 116:833.136 - 0.734ms returns FALSE
T3260 116:833.152 JLINK_IsHalted()
T3260 116:834.024 - 0.867ms returns FALSE
T3260 116:944.048 JLINK_IsHalted()
T3260 116:944.976 - 0.926ms returns FALSE
T3260 116:945.000 JLINK_IsHalted()
T3260 116:945.896 - 0.888ms returns FALSE
T3260 117:054.552 JLINK_IsHalted()
T3260 117:055.440 - 0.888ms returns FALSE
T3260 117:055.464 JLINK_IsHalted()
T3260 117:056.128 - 0.661ms returns FALSE
T3260 117:164.544 JLINK_IsHalted()
T3260 117:165.296 - 0.752ms returns FALSE
T3260 117:165.328 JLINK_IsHalted()
T3260 117:166.120 - 0.790ms returns FALSE
T3260 117:276.456 JLINK_IsHalted()
T3260 117:277.416 - 0.959ms returns FALSE
T3260 117:277.456 JLINK_IsHalted()
T3260 117:278.312 - 0.850ms returns FALSE
T3260 117:388.544 JLINK_IsHalted()
T3260 117:389.248 - 0.710ms returns FALSE
T3260 117:389.264 JLINK_IsHalted()
T3260 117:390.080 - 0.811ms returns FALSE
T3260 117:500.224 JLINK_IsHalted()
T3260 117:501.008 - 0.773ms returns FALSE
T3260 117:501.032 JLINK_IsHalted()
T3260 117:501.720 - 0.698ms returns FALSE
T3260 117:612.784 JLINK_IsHalted()
T3260 117:613.824 - 1.025ms returns FALSE
T3260 117:613.840 JLINK_IsHalted()
T3260 117:614.784 - 0.952ms returns FALSE
T3260 117:724.328 JLINK_IsHalted()
T3260 117:725.232 - 0.916ms returns FALSE
T3260 117:725.264 JLINK_IsHalted()
T3260 117:725.952 - 0.688ms returns FALSE
T87C0 117:820.560 JLINK_IsHalted()
T87C0 117:821.288 - 0.722ms returns FALSE
T87C0 117:821.312 JLINK_IsHalted()
T87C0 117:822.000 - 0.691ms returns FALSE
T3260 117:836.560 JLINK_IsHalted()
T3260 117:837.288 - 0.728ms returns FALSE
T3260 117:837.296 JLINK_IsHalted()
T3260 117:837.992 - 0.683ms returns FALSE
T3260 117:948.624 JLINK_IsHalted()
T3260 117:949.464 - 0.834ms returns FALSE
T3260 117:949.488 JLINK_IsHalted()
T3260 117:950.192 - 0.696ms returns FALSE
T3260 118:060.368 JLINK_IsHalted()
T3260 118:061.288 - 0.925ms returns FALSE
T3260 118:061.328 JLINK_IsHalted()
T3260 118:062.144 - 0.817ms returns FALSE
T3260 118:172.136 JLINK_IsHalted()
T3260 118:173.072 - 0.935ms returns FALSE
T3260 118:173.120 JLINK_IsHalted()
T3260 118:174.016 - 0.899ms returns FALSE
T3260 118:284.712 JLINK_IsHalted()
T3260 118:285.744 - 1.044ms returns FALSE
T3260 118:285.776 JLINK_IsHalted()
T3260 118:286.704 - 0.931ms returns FALSE
T3260 118:396.520 JLINK_IsHalted()
T3260 118:397.360 - 0.841ms returns FALSE
T3260 118:397.376 JLINK_IsHalted()
T3260 118:398.256 - 0.874ms returns FALSE
T3260 118:508.528 JLINK_IsHalted()
T3260 118:509.248 - 0.719ms returns FALSE
T3260 118:509.272 JLINK_IsHalted()
T3260 118:509.952 - 0.673ms returns FALSE
T3260 118:620.400 JLINK_IsHalted()
T3260 118:621.248 - 0.843ms returns FALSE
T3260 118:621.264 JLINK_IsHalted()
T3260 118:621.952 - 0.687ms returns FALSE
T3260 118:732.328 JLINK_IsHalted()
T3260 118:733.424 - 1.089ms returns FALSE
T3260 118:733.488 JLINK_IsHalted()
T3260 118:734.552 - 1.063ms returns FALSE
T87C0 118:828.880 JLINK_IsHalted()
T87C0 118:829.736 - 0.858ms returns FALSE
T87C0 118:829.760 JLINK_IsHalted()
T87C0 118:830.440 - 0.688ms returns FALSE
T3260 118:844.416 JLINK_IsHalted()
T3260 118:845.392 - 0.977ms returns FALSE
T3260 118:845.416 JLINK_IsHalted()
T3260 118:846.096 - 0.684ms returns FALSE
T3260 118:956.528 JLINK_IsHalted()
T3260 118:957.328 - 0.792ms returns FALSE
T3260 118:957.352 JLINK_IsHalted()
T3260 118:958.000 - 0.648ms returns FALSE
T3260 119:068.336 JLINK_IsHalted()
T3260 119:069.480 - 1.136ms returns FALSE
T3260 119:069.528 JLINK_IsHalted()
T3260 119:070.464 - 0.923ms returns FALSE
T3260 119:180.392 JLINK_IsHalted()
T3260 119:181.248 - 0.856ms returns FALSE
T3260 119:181.288 JLINK_IsHalted()
T3260 119:182.064 - 0.782ms returns FALSE
T3260 119:292.712 JLINK_IsHalted()
T3260 119:293.424 - 0.719ms returns FALSE
T3260 119:293.440 JLINK_IsHalted()
T3260 119:294.128 - 0.689ms returns FALSE
T3260 119:404.656 JLINK_IsHalted()
T3260 119:405.648 - 0.981ms returns FALSE
T3260 119:405.696 JLINK_IsHalted()
T3260 119:406.568 - 0.878ms returns FALSE
T3260 119:516.304 JLINK_IsHalted()
T3260 119:517.208 - 0.905ms returns FALSE
T3260 119:517.248 JLINK_IsHalted()
T3260 119:517.976 - 0.730ms returns FALSE
T3260 119:613.056 JLINK_IsHalted()
T3260 119:613.928 - 0.866ms returns FALSE
T3260 119:613.936 JLINK_IsHalted()
T3260 119:614.784 - 0.844ms returns FALSE
T3260 119:724.864 JLINK_IsHalted()
T3260 119:725.936 - 1.076ms returns FALSE
T3260 119:725.992 JLINK_IsHalted()
T3260 119:727.064 - 1.063ms returns FALSE
T3260 119:836.528 JLINK_IsHalted()
T3260 119:837.264 - 0.723ms returns FALSE
T3260 119:837.272 JLINK_IsHalted()
T3260 119:837.976 - 0.693ms returns FALSE
T87C0 119:838.032 JLINK_IsHalted()
T87C0 119:838.832 - 0.806ms returns FALSE
T87C0 119:838.864 JLINK_IsHalted()
T87C0 119:839.568 - 0.708ms returns FALSE
T3260 119:948.416 JLINK_IsHalted()
T3260 119:949.120 - 0.697ms returns FALSE
T3260 119:949.136 JLINK_IsHalted()
T3260 119:949.824 - 0.688ms returns FALSE
T3260 120:060.272 JLINK_IsHalted()
T3260 120:061.272 - 0.999ms returns FALSE
T3260 120:061.288 JLINK_IsHalted()
T3260 120:062.232 - 0.949ms returns FALSE
T3260 120:172.624 JLINK_IsHalted()
T3260 120:173.376 - 0.759ms returns FALSE
T3260 120:173.392 JLINK_IsHalted()
T3260 120:174.256 - 0.865ms returns FALSE
T3260 120:284.312 JLINK_IsHalted()
T3260 120:285.144 - 0.832ms returns FALSE
T3260 120:285.184 JLINK_IsHalted()
T3260 120:285.888 - 0.709ms returns FALSE
T3260 120:380.720 JLINK_IsHalted()
T3260 120:381.672 - 0.946ms returns FALSE
T3260 120:381.680 JLINK_IsHalted()
T3260 120:382.568 - 0.883ms returns FALSE
T3260 120:492.568 JLINK_IsHalted()
T3260 120:493.272 - 0.707ms returns FALSE
T3260 120:493.296 JLINK_IsHalted()
T3260 120:494.016 - 0.711ms returns FALSE
T3260 120:604.272 JLINK_IsHalted()
T3260 120:605.168 - 0.898ms returns FALSE
T3260 120:605.184 JLINK_IsHalted()
T3260 120:606.128 - 0.944ms returns FALSE
T3260 120:716.480 JLINK_IsHalted()
T3260 120:717.416 - 0.929ms returns FALSE
T3260 120:717.480 JLINK_IsHalted()
T3260 120:718.448 - 0.979ms returns FALSE
T3260 120:828.352 JLINK_IsHalted()
T3260 120:829.992 - 1.639ms returns FALSE
T3260 120:830.016 JLINK_IsHalted()
T3260 120:830.832 - 0.821ms returns FALSE
T87C0 120:844.432 JLINK_IsHalted()
T87C0 120:845.208 - 0.774ms returns FALSE
T87C0 120:845.224 JLINK_IsHalted()
T87C0 120:845.872 - 0.651ms returns FALSE
T3260 120:940.248 JLINK_IsHalted()
T3260 120:941.032 - 0.778ms returns FALSE
T3260 120:941.080 JLINK_IsHalted()
T3260 120:941.784 - 0.706ms returns FALSE
T3260 121:036.224 JLINK_IsHalted()
T3260 121:036.992 - 0.765ms returns FALSE
T3260 121:037.016 JLINK_IsHalted()
T3260 121:037.760 - 0.733ms returns FALSE
T3260 121:148.416 JLINK_IsHalted()
T3260 121:149.424 - 1.012ms returns FALSE
T3260 121:149.440 JLINK_IsHalted()
T3260 121:150.232 - 0.783ms returns FALSE
T3260 121:260.136 JLINK_IsHalted()
T3260 121:260.880 - 0.742ms returns FALSE
T3260 121:260.904 JLINK_IsHalted()
T3260 121:261.616 - 0.719ms returns FALSE
T3260 121:372.624 JLINK_IsHalted()
T3260 121:373.528 - 0.907ms returns FALSE
T3260 121:373.584 JLINK_IsHalted()
T3260 121:374.528 - 0.949ms returns FALSE
T3260 121:484.264 JLINK_IsHalted()
T3260 121:485.144 - 0.880ms returns FALSE
T3260 121:485.168 JLINK_IsHalted()
T3260 121:486.056 - 0.882ms returns FALSE
T3260 121:596.432 JLINK_IsHalted()
T3260 121:597.144 - 0.719ms returns FALSE
T3260 121:597.160 JLINK_IsHalted()
T3260 121:597.824 - 0.660ms returns FALSE
T3260 121:692.264 JLINK_IsHalted()
T3260 121:693.136 - 0.865ms returns FALSE
T3260 121:693.144 JLINK_IsHalted()
T3260 121:694.168 - 1.017ms returns FALSE
T3260 121:804.304 JLINK_IsHalted()
T3260 121:805.224 - 0.918ms returns FALSE
T3260 121:805.232 JLINK_IsHalted()
T3260 121:806.040 - 0.803ms returns FALSE
T87C0 121:852.480 JLINK_IsHalted()
T87C0 121:853.336 - 0.858ms returns FALSE
T87C0 121:853.352 JLINK_IsHalted()
T87C0 121:854.128 - 0.776ms returns FALSE
T3260 121:916.592 JLINK_IsHalted()
T3260 121:917.376 - 0.782ms returns FALSE
T3260 121:917.392 JLINK_IsHalted()
T3260 121:918.096 - 0.697ms returns FALSE
T3260 122:028.712 JLINK_IsHalted()
T3260 122:029.616 - 0.917ms returns FALSE
T3260 122:029.656 JLINK_IsHalted()
T3260 122:030.480 - 0.827ms returns FALSE
T3260 122:140.712 JLINK_IsHalted()
T3260 122:141.744 - 1.033ms returns FALSE
T3260 122:141.760 JLINK_IsHalted()
T3260 122:142.696 - 0.931ms returns FALSE
T3260 122:252.352 JLINK_IsHalted()
T3260 122:253.168 - 0.823ms returns FALSE
T3260 122:253.200 JLINK_IsHalted()
T3260 122:254.080 - 0.879ms returns FALSE
T3260 122:348.944 JLINK_IsHalted()
T3260 122:350.096 - 1.154ms returns FALSE
T3260 122:350.120 JLINK_IsHalted()
T3260 122:351.104 - 0.985ms returns FALSE
T3260 122:460.432 JLINK_IsHalted()
T3260 122:461.296 - 0.872ms returns FALSE
T3260 122:461.328 JLINK_IsHalted()
T3260 122:462.184 - 0.852ms returns FALSE
T3260 122:572.224 JLINK_IsHalted()
T3260 122:573.016 - 0.791ms returns FALSE
T3260 122:573.040 JLINK_IsHalted()
T3260 122:573.776 - 0.732ms returns FALSE
T3260 122:684.848 JLINK_IsHalted()
T3260 122:685.928 - 1.080ms returns FALSE
T3260 122:685.936 JLINK_IsHalted()
T3260 122:686.864 - 0.916ms returns FALSE
T3260 122:796.392 JLINK_IsHalted()
T3260 122:797.264 - 0.876ms returns FALSE
T3260 122:797.288 JLINK_IsHalted()
T3260 122:798.056 - 0.761ms returns FALSE
T87C0 122:860.544 JLINK_IsHalted()
T87C0 122:861.312 - 0.773ms returns FALSE
T87C0 122:861.336 JLINK_IsHalted()
T87C0 122:862.040 - 0.708ms returns FALSE
T3260 122:908.464 JLINK_IsHalted()
T3260 122:909.224 - 0.753ms returns FALSE
T3260 122:909.264 JLINK_IsHalted()
T3260 122:909.912 - 0.651ms returns FALSE
T3260 123:004.752 JLINK_IsHalted()
T3260 123:005.888 - 1.130ms returns FALSE
T3260 123:005.912 JLINK_IsHalted()
T3260 123:006.872 - 0.958ms returns FALSE
T3260 123:116.248 JLINK_IsHalted()
T3260 123:117.040 - 0.790ms returns FALSE
T3260 123:117.056 JLINK_IsHalted()
T3260 123:117.840 - 0.777ms returns FALSE
T3260 123:228.200 JLINK_IsHalted()
T3260 123:229.040 - 0.841ms returns FALSE
T3260 123:229.080 JLINK_IsHalted()
T3260 123:229.776 - 0.683ms returns FALSE
T3260 123:340.496 JLINK_IsHalted()
T3260 123:341.464 - 0.969ms returns FALSE
T3260 123:341.528 JLINK_IsHalted()
T3260 123:342.504 - 0.970ms returns FALSE
T3260 123:452.568 JLINK_IsHalted()
T3260 123:453.392 - 0.811ms returns FALSE
T3260 123:453.400 JLINK_IsHalted()
T3260 123:454.168 - 0.764ms returns FALSE
T3260 123:564.928 JLINK_IsHalted()
T3260 123:565.744 - 0.820ms returns FALSE
T3260 123:565.776 JLINK_IsHalted()
T3260 123:566.640 - 0.869ms returns FALSE
T3260 123:660.848 JLINK_IsHalted()
T3260 123:661.632 - 0.787ms returns FALSE
T3260 123:661.680 JLINK_IsHalted()
T3260 123:662.440 - 0.751ms returns FALSE
T3260 123:772.584 JLINK_IsHalted()
T3260 123:773.456 - 0.873ms returns FALSE
T3260 123:773.464 JLINK_IsHalted()
T3260 123:774.320 - 0.857ms returns FALSE
T87C0 123:868.592 JLINK_IsHalted()
T87C0 123:869.168 - 0.583ms returns FALSE
T87C0 123:869.200 JLINK_IsHalted()
T87C0 123:869.848 - 0.657ms returns FALSE
T3260 123:884.624 JLINK_IsHalted()
T3260 123:885.336 - 0.717ms returns FALSE
T3260 123:885.352 JLINK_IsHalted()
T3260 123:886.104 - 0.751ms returns FALSE
T3260 123:995.096 JLINK_IsHalted()
T3260 123:995.944 - 0.838ms returns FALSE
T3260 123:995.968 JLINK_IsHalted()
T3260 123:996.736 - 0.767ms returns FALSE
T3260 124:107.248 JLINK_IsHalted()
T3260 124:108.112 - 0.867ms returns FALSE
T3260 124:108.160 JLINK_IsHalted()
T3260 124:108.928 - 0.757ms returns FALSE
T3260 124:217.488 JLINK_IsHalted()
T3260 124:218.280 - 0.790ms returns FALSE
T3260 124:218.304 JLINK_IsHalted()
T3260 124:218.944 - 0.650ms returns FALSE
T3260 124:328.848 JLINK_IsHalted()
T3260 124:329.664 - 0.812ms returns FALSE
T3260 124:329.688 JLINK_IsHalted()
T3260 124:330.328 - 0.629ms returns FALSE
T3260 124:425.448 JLINK_IsHalted()
T3260 124:426.480 - 1.032ms returns FALSE
T3260 124:426.536 JLINK_IsHalted()
T3260 124:427.496 - 0.958ms returns FALSE
T3260 124:537.000 JLINK_IsHalted()
T3260 124:537.816 - 0.812ms returns FALSE
T3260 124:537.872 JLINK_IsHalted()
T3260 124:538.600 - 0.734ms returns FALSE
T3260 124:649.088 JLINK_IsHalted()
T3260 124:649.904 - 0.817ms returns FALSE
T3260 124:649.960 JLINK_IsHalted()
T3260 124:650.640 - 0.678ms returns FALSE
T3260 124:759.592 JLINK_IsHalted()
T3260 124:760.656 - 1.061ms returns FALSE
T3260 124:760.704 JLINK_IsHalted()
T3260 124:761.680 - 0.980ms returns FALSE
T3260 124:871.248 JLINK_IsHalted()
T3260 124:872.000 - 0.749ms returns FALSE
T3260 124:872.048 JLINK_IsHalted()
T3260 124:872.792 - 0.750ms returns FALSE
T87C0 124:872.896 JLINK_IsHalted()
T87C0 124:873.616 - 0.721ms returns FALSE
T87C0 124:873.624 JLINK_IsHalted()
T87C0 124:874.320 - 0.691ms returns FALSE
T3260 124:983.376 JLINK_IsHalted()
T3260 124:984.128 - 0.760ms returns FALSE
T3260 124:984.384 JLINK_IsHalted()
T3260 124:985.104 - 0.717ms returns FALSE
T3260 125:095.536 JLINK_IsHalted()
T3260 125:096.512 - 0.964ms returns FALSE
T3260 125:096.560 JLINK_IsHalted()
T3260 125:097.320 - 0.753ms returns FALSE
T3260 125:191.296 JLINK_IsHalted()
T3260 125:192.144 - 0.841ms returns FALSE
T3260 125:192.152 JLINK_IsHalted()
T3260 125:192.936 - 0.780ms returns FALSE
T3260 125:303.312 JLINK_IsHalted()
T3260 125:304.168 - 0.869ms returns FALSE
T3260 125:304.192 JLINK_IsHalted()
T3260 125:305.008 - 0.810ms returns FALSE
T3260 125:415.360 JLINK_IsHalted()
T3260 125:416.216 - 0.862ms returns FALSE
T3260 125:416.240 JLINK_IsHalted()
T3260 125:417.264 - 1.023ms returns FALSE
T3260 125:527.384 JLINK_IsHalted()
T3260 125:528.320 - 0.934ms returns FALSE
T3260 125:528.336 JLINK_IsHalted()
T3260 125:529.176 - 0.832ms returns FALSE
T3260 125:639.320 JLINK_IsHalted()
T3260 125:640.176 - 0.861ms returns FALSE
T3260 125:640.208 JLINK_IsHalted()
T3260 125:640.912 - 0.703ms returns FALSE
T3260 125:751.472 JLINK_IsHalted()
T3260 125:752.216 - 0.742ms returns FALSE
T3260 125:752.232 JLINK_IsHalted()
T3260 125:753.000 - 0.759ms returns FALSE
T3260 125:862.400 JLINK_IsHalted()
T3260 125:863.312 - 0.907ms returns FALSE
T3260 125:863.320 JLINK_IsHalted()
T3260 125:864.040 - 0.710ms returns FALSE
T87C0 125:878.640 JLINK_IsHalted()
T87C0 125:879.336 - 0.687ms returns FALSE
T87C0 125:879.344 JLINK_IsHalted()
T87C0 125:880.048 - 0.703ms returns FALSE
T3260 125:973.120 JLINK_IsHalted()
T3260 125:973.912 - 0.790ms returns FALSE
T3260 125:973.952 JLINK_IsHalted()
T3260 125:974.848 - 0.898ms returns FALSE
T3260 126:084.432 JLINK_IsHalted()
T3260 126:085.168 - 0.743ms returns FALSE
T3260 126:085.184 JLINK_IsHalted()
T3260 126:085.864 - 0.680ms returns FALSE
T3260 126:196.816 JLINK_IsHalted()
T3260 126:197.808 - 0.986ms returns FALSE
T3260 126:197.848 JLINK_IsHalted()
T3260 126:198.824 - 0.973ms returns FALSE
T3260 126:307.344 JLINK_IsHalted()
T3260 126:308.200 - 0.861ms returns FALSE
T3260 126:308.240 JLINK_IsHalted()
T3260 126:309.096 - 0.861ms returns FALSE
T3260 126:417.960 JLINK_IsHalted()
T3260 126:418.856 - 0.899ms returns FALSE
T3260 126:418.880 JLINK_IsHalted()
T3260 126:419.776 - 0.894ms returns FALSE
T3260 126:530.176 JLINK_IsHalted()
T3260 126:531.240 - 1.064ms returns FALSE
T3260 126:531.304 JLINK_IsHalted()
T3260 126:532.328 - 1.027ms returns FALSE
T3260 126:640.384 JLINK_IsHalted()
T3260 126:641.216 - 0.832ms returns FALSE
T3260 126:641.264 JLINK_IsHalted()
T3260 126:642.072 - 0.806ms returns FALSE
T3260 126:750.400 JLINK_IsHalted()
T3260 126:751.104 - 0.709ms returns FALSE
T3260 126:751.128 JLINK_IsHalted()
T3260 126:751.912 - 0.784ms returns FALSE
T3260 126:862.320 JLINK_IsHalted()
T3260 126:863.336 - 1.007ms returns FALSE
T3260 126:863.376 JLINK_IsHalted()
T3260 126:864.408 - 1.035ms returns FALSE
T87C0 126:895.216 JLINK_IsHalted()
T87C0 126:896.208 - 0.988ms returns FALSE
T87C0 126:896.232 JLINK_IsHalted()
T87C0 126:897.200 - 0.984ms returns FALSE
T3260 126:958.040 JLINK_IsHalted()
T3260 126:958.872 - 0.828ms returns FALSE
T3260 126:958.912 JLINK_IsHalted()
T3260 126:959.720 - 0.810ms returns FALSE
T3260 127:069.360 JLINK_IsHalted()
T3260 127:070.232 - 0.870ms returns FALSE
T3260 127:070.248 JLINK_IsHalted()
T3260 127:071.064 - 0.808ms returns FALSE
T3260 127:180.560 JLINK_IsHalted()
T3260 127:181.264 - 0.703ms returns FALSE
T3260 127:181.272 JLINK_IsHalted()
T3260 127:182.032 - 0.753ms returns FALSE
T3260 127:292.312 JLINK_IsHalted()
T3260 127:293.272 - 0.962ms returns FALSE
T3260 127:293.312 JLINK_IsHalted()
T3260 127:294.296 - 0.995ms returns FALSE
T3260 127:404.560 JLINK_IsHalted()
T3260 127:405.328 - 0.768ms returns FALSE
T3260 127:405.336 JLINK_IsHalted()
T3260 127:406.016 - 0.681ms returns FALSE
T3260 127:516.456 JLINK_IsHalted()
T3260 127:517.224 - 0.765ms returns FALSE
T3260 127:517.248 JLINK_IsHalted()
T3260 127:517.968 - 0.714ms returns FALSE
T3260 127:628.528 JLINK_IsHalted()
T3260 127:629.544 - 1.012ms returns FALSE
T3260 127:629.584 JLINK_IsHalted()
T3260 127:630.656 - 1.078ms returns FALSE
T3260 127:740.608 JLINK_IsHalted()
T3260 127:741.488 - 0.877ms returns FALSE
T3260 127:741.520 JLINK_IsHalted()
T3260 127:742.272 - 0.758ms returns FALSE
T3260 127:852.264 JLINK_IsHalted()
T3260 127:853.120 - 0.859ms returns FALSE
T3260 127:853.136 JLINK_IsHalted()
T3260 127:853.872 - 0.738ms returns FALSE
T87C0 127:901.200 JLINK_IsHalted()
T87C0 127:902.232 - 1.041ms returns FALSE
T87C0 127:902.296 JLINK_IsHalted()
T87C0 127:903.440 - 1.138ms returns FALSE
T3260 127:964.528 JLINK_IsHalted()
T3260 127:965.552 - 1.019ms returns FALSE
T3260 127:965.592 JLINK_IsHalted()
T3260 127:966.440 - 0.840ms returns FALSE
T3260 128:076.592 JLINK_IsHalted()
T3260 128:077.360 - 0.778ms returns FALSE
T3260 128:077.376 JLINK_IsHalted()
T3260 128:078.040 - 0.666ms returns FALSE
T3260 128:188.392 JLINK_IsHalted()
T3260 128:189.376 - 0.993ms returns FALSE
T3260 128:189.400 JLINK_IsHalted()
T3260 128:190.224 - 0.822ms returns FALSE
T3260 128:300.752 JLINK_IsHalted()
T3260 128:301.936 - 1.193ms returns FALSE
T3260 128:302.000 JLINK_IsHalted()
T3260 128:302.864 - 0.851ms returns FALSE
T3260 128:412.160 JLINK_IsHalted()
T3260 128:412.952 - 0.795ms returns FALSE
T3260 128:412.976 JLINK_IsHalted()
T3260 128:413.656 - 0.672ms returns FALSE
T3260 128:524.224 JLINK_IsHalted()
T3260 128:524.968 - 0.738ms returns FALSE
T3260 128:524.992 JLINK_IsHalted()
T3260 128:525.736 - 0.746ms returns FALSE
T3260 128:636.736 JLINK_IsHalted()
T3260 128:637.648 - 0.911ms returns FALSE
T3260 128:637.672 JLINK_IsHalted()
T3260 128:638.440 - 0.765ms returns FALSE
T3260 128:746.920 JLINK_IsHalted()
T3260 128:747.816 - 0.894ms returns FALSE
T3260 128:747.856 JLINK_IsHalted()
T3260 128:748.560 - 0.703ms returns FALSE
T3260 128:857.432 JLINK_IsHalted()
T3260 128:858.200 - 0.760ms returns FALSE
T3260 128:858.224 JLINK_IsHalted()
T3260 128:859.008 - 0.774ms returns FALSE
T87C0 128:905.424 JLINK_IsHalted()
T87C0 128:906.256 - 0.824ms returns FALSE
T87C0 128:906.256 JLINK_IsHalted()
T87C0 128:906.880 - 0.624ms returns FALSE
T3260 128:968.920 JLINK_IsHalted()
T3260 128:970.088 - 1.164ms returns FALSE
T3260 128:970.152 JLINK_IsHalted()
T3260 128:971.184 - 1.038ms returns FALSE
T3260 129:080.296 JLINK_IsHalted()
T3260 129:081.088 - 0.793ms returns FALSE
T3260 129:081.112 JLINK_IsHalted()
T3260 129:082.008 - 0.901ms returns FALSE
T3260 129:175.376 JLINK_IsHalted()
T3260 129:176.424 - 1.053ms returns FALSE
T3260 129:176.448 JLINK_IsHalted()
T3260 129:177.456 - 1.018ms returns FALSE
T3260 129:287.792 JLINK_IsHalted()
T3260 129:288.848 - 1.055ms returns FALSE
T3260 129:288.872 JLINK_IsHalted()
T3260 129:290.000 - 1.120ms returns FALSE
T3260 129:399.408 JLINK_IsHalted()
T3260 129:400.424 - 1.010ms returns FALSE
T3260 129:400.488 JLINK_IsHalted()
T3260 129:401.496 - 1.013ms returns FALSE
T3260 129:511.408 JLINK_IsHalted()
T3260 129:512.272 - 0.851ms returns FALSE
T3260 129:512.320 JLINK_IsHalted()
T3260 129:513.616 - 1.288ms returns FALSE
T3260 129:624.528 JLINK_IsHalted()
T3260 129:625.328 - 0.801ms returns FALSE
T3260 129:625.344 JLINK_IsHalted()
T3260 129:626.152 - 0.797ms returns FALSE
T3260 129:734.608 JLINK_IsHalted()
T3260 129:735.768 - 1.161ms returns FALSE
T3260 129:735.832 JLINK_IsHalted()
T3260 129:736.832 - 0.998ms returns FALSE
T3260 129:845.288 JLINK_IsHalted()
T3260 129:846.232 - 0.939ms returns FALSE
T3260 129:846.256 JLINK_IsHalted()
T3260 129:847.056 - 0.800ms returns FALSE
T87C0 129:908.560 JLINK_IsHalted()
T87C0 129:909.424 - 0.867ms returns FALSE
T87C0 129:909.456 JLINK_IsHalted()
T87C0 129:910.192 - 0.745ms returns FALSE
T3260 129:955.560 JLINK_IsHalted()
T3260 129:956.400 - 0.836ms returns FALSE
T3260 129:956.416 JLINK_IsHalted()
T3260 129:957.208 - 0.795ms returns FALSE
T3260 130:051.304 JLINK_IsHalted()
T3260 130:052.528 - 1.233ms returns FALSE
T3260 130:052.608 JLINK_IsHalted()
T3260 130:053.520 - 0.910ms returns FALSE
T3260 130:160.960 JLINK_IsHalted()
T3260 130:161.728 - 0.768ms returns FALSE
T3260 130:161.752 JLINK_IsHalted()
T3260 130:162.392 - 0.640ms returns FALSE
T3260 130:271.272 JLINK_IsHalted()
T3260 130:272.144 - 0.873ms returns FALSE
T3260 130:272.168 JLINK_IsHalted()
T3260 130:272.816 - 0.662ms returns FALSE
T3260 130:382.480 JLINK_IsHalted()
T3260 130:383.408 - 0.925ms returns FALSE
T3260 130:383.440 JLINK_IsHalted()
T3260 130:384.232 - 0.793ms returns FALSE
T3260 130:494.104 JLINK_IsHalted()
T3260 130:494.960 - 0.858ms returns FALSE
T3260 130:494.992 JLINK_IsHalted()
T3260 130:495.832 - 0.848ms returns FALSE
T3260 130:605.904 JLINK_IsHalted()
T3260 130:606.640 - 0.751ms returns FALSE
T3260 130:606.672 JLINK_IsHalted()
T3260 130:607.408 - 0.742ms returns FALSE
T3260 130:718.144 JLINK_IsHalted()
T3260 130:718.976 - 0.829ms returns FALSE
T3260 130:719.024 JLINK_IsHalted()
T3260 130:719.952 - 0.930ms returns FALSE
T3260 130:830.016 JLINK_IsHalted()
T3260 130:830.784 - 0.770ms returns FALSE
T3260 130:830.800 JLINK_IsHalted()
T3260 130:831.576 - 0.775ms returns FALSE
T87C0 130:910.256 JLINK_IsHalted()
T87C0 130:911.144 - 0.880ms returns FALSE
T87C0 130:911.152 JLINK_IsHalted()
T87C0 130:912.016 - 0.854ms returns FALSE
T3260 130:926.040 JLINK_IsHalted()
T3260 130:926.896 - 0.848ms returns FALSE
T3260 130:926.912 JLINK_IsHalted()
T3260 130:927.696 - 0.778ms returns FALSE
T3260 131:038.312 JLINK_IsHalted()
T3260 131:039.384 - 1.073ms returns FALSE
T3260 131:039.400 JLINK_IsHalted()
T3260 131:040.256 - 0.861ms returns FALSE
T3260 131:149.992 JLINK_IsHalted()
T3260 131:150.744 - 0.746ms returns FALSE
T3260 131:150.760 JLINK_IsHalted()
T3260 131:151.400 - 0.645ms returns FALSE
T3260 131:262.528 JLINK_IsHalted()
T3260 131:263.400 - 0.870ms returns FALSE
T3260 131:263.440 JLINK_IsHalted()
T3260 131:264.360 - 0.918ms returns FALSE
T3260 131:373.272 JLINK_IsHalted()
T3260 131:374.288 - 1.006ms returns FALSE
T3260 131:374.320 JLINK_IsHalted()
T3260 131:375.016 - 0.686ms returns FALSE
T3260 131:484.312 JLINK_IsHalted()
T3260 131:485.144 - 0.837ms returns FALSE
T3260 131:485.168 JLINK_IsHalted()
T3260 131:485.912 - 0.739ms returns FALSE
T3260 131:596.800 JLINK_IsHalted()
T3260 131:598.104 - 1.298ms returns FALSE
T3260 131:598.144 JLINK_IsHalted()
T3260 131:599.128 - 0.980ms returns FALSE
T3260 131:692.288 JLINK_IsHalted()
T3260 131:693.056 - 0.760ms returns FALSE
T3260 131:693.080 JLINK_IsHalted()
T3260 131:693.784 - 0.708ms returns FALSE
T3260 131:803.088 JLINK_IsHalted()
T3260 131:803.888 - 0.816ms returns FALSE
T3260 131:803.920 JLINK_IsHalted()
T3260 131:804.608 - 0.684ms returns FALSE
T3260 131:914.024 JLINK_IsHalted()
T3260 131:914.928 - 0.909ms returns FALSE
T3260 131:914.960 JLINK_IsHalted()
T3260 131:915.880 - 0.920ms returns FALSE
T87C0 131:915.984 JLINK_IsHalted()
T87C0 131:916.784 - 0.795ms returns FALSE
T87C0 131:916.800 JLINK_IsHalted()
T87C0 131:917.656 - 0.864ms returns FALSE
T3260 132:024.872 JLINK_IsHalted()
T3260 132:025.688 - 0.819ms returns FALSE
T3260 132:025.712 JLINK_IsHalted()
T3260 132:026.392 - 0.676ms returns FALSE
T3260 132:137.040 JLINK_IsHalted()
T3260 132:138.096 - 1.056ms returns FALSE
T3260 132:138.112 JLINK_IsHalted()
T3260 132:138.920 - 0.795ms returns FALSE
T3260 132:247.312 JLINK_IsHalted()
T3260 132:248.280 - 0.977ms returns FALSE
T3260 132:248.336 JLINK_IsHalted()
T3260 132:249.200 - 0.871ms returns FALSE
T3260 132:359.384 JLINK_IsHalted()
T3260 132:360.384 - 0.993ms returns FALSE
T3260 132:360.408 JLINK_IsHalted()
T3260 132:361.088 - 0.685ms returns FALSE
T3260 132:471.208 JLINK_IsHalted()
T3260 132:471.952 - 0.738ms returns FALSE
T3260 132:471.960 JLINK_IsHalted()
T3260 132:472.664 - 0.698ms returns FALSE
T3260 132:583.504 JLINK_IsHalted()
T3260 132:584.384 - 0.887ms returns FALSE
T3260 132:584.408 JLINK_IsHalted()
T3260 132:585.104 - 0.693ms returns FALSE
T3260 132:695.272 JLINK_IsHalted()
T3260 132:696.144 - 0.878ms returns FALSE
T3260 132:696.176 JLINK_IsHalted()
T3260 132:696.984 - 0.800ms returns FALSE
T3260 132:807.344 JLINK_IsHalted()
T3260 132:808.064 - 0.718ms returns FALSE
T3260 132:808.088 JLINK_IsHalted()
T3260 132:808.784 - 0.689ms returns FALSE
T3260 132:919.576 JLINK_IsHalted()
T3260 132:920.552 - 0.974ms returns FALSE
T3260 132:920.592 JLINK_IsHalted()
T3260 132:921.296 - 0.705ms returns FALSE
T87C0 132:921.448 JLINK_IsHalted()
T87C0 132:922.288 - 0.841ms returns FALSE
T87C0 132:922.328 JLINK_IsHalted()
T87C0 132:923.408 - 1.085ms returns FALSE
T3260 133:031.320 JLINK_IsHalted()
T3260 133:032.064 - 0.744ms returns FALSE
T3260 133:032.088 JLINK_IsHalted()
T3260 133:032.832 - 0.737ms returns FALSE
T3260 133:143.400 JLINK_IsHalted()
T3260 133:144.144 - 0.746ms returns FALSE
T3260 133:144.152 JLINK_IsHalted()
T3260 133:144.848 - 0.688ms returns FALSE
T3260 133:239.696 JLINK_IsHalted()
T3260 133:240.720 - 1.017ms returns FALSE
T3260 133:240.784 JLINK_IsHalted()
T3260 133:241.712 - 0.930ms returns FALSE
T3260 133:351.128 JLINK_IsHalted()
T3260 133:352.064 - 0.936ms returns FALSE
T3260 133:352.088 JLINK_IsHalted()
T3260 133:352.960 - 0.874ms returns FALSE
T3260 133:463.312 JLINK_IsHalted()
T3260 133:464.112 - 0.807ms returns FALSE
T3260 133:464.144 JLINK_IsHalted()
T3260 133:464.920 - 0.777ms returns FALSE
T3260 133:575.552 JLINK_IsHalted()
T3260 133:576.528 - 0.976ms returns FALSE
T3260 133:576.560 JLINK_IsHalted()
T3260 133:577.496 - 0.940ms returns FALSE
T3260 133:685.376 JLINK_IsHalted()
T3260 133:686.288 - 0.903ms returns FALSE
T3260 133:686.312 JLINK_IsHalted()
T3260 133:687.152 - 0.848ms returns FALSE
T3260 133:795.248 JLINK_IsHalted()
T3260 133:796.016 - 0.763ms returns FALSE
T3260 133:796.056 JLINK_IsHalted()
T3260 133:796.824 - 0.763ms returns FALSE
T3260 133:906.224 JLINK_IsHalted()
T3260 133:907.344 - 1.108ms returns FALSE
T3260 133:907.352 JLINK_IsHalted()
T3260 133:908.352 - 0.993ms returns FALSE
T87C0 133:922.672 JLINK_IsHalted()
T87C0 133:923.504 - 0.823ms returns FALSE
T87C0 133:923.520 JLINK_IsHalted()
T87C0 133:924.312 - 0.790ms returns FALSE
T3260 134:017.152 JLINK_IsHalted()
T3260 134:017.936 - 0.786ms returns FALSE
T3260 134:017.960 JLINK_IsHalted()
T3260 134:018.640 - 0.681ms returns FALSE
T3260 134:127.168 JLINK_IsHalted()
T3260 134:127.976 - 0.804ms returns FALSE
T3260 134:128.000 JLINK_IsHalted()
T3260 134:128.728 - 0.729ms returns FALSE
T3260 134:222.304 JLINK_IsHalted()
T3260 134:223.136 - 0.832ms returns FALSE
T3260 134:223.136 JLINK_IsHalted()
T3260 134:223.888 - 0.736ms returns FALSE
T3260 134:334.048 JLINK_IsHalted()
T3260 134:334.800 - 0.749ms returns FALSE
T3260 134:334.848 JLINK_IsHalted()
T3260 134:335.584 - 0.736ms returns FALSE
T3260 134:444.288 JLINK_IsHalted()
T3260 134:445.024 - 0.724ms returns FALSE
T3260 134:445.024 JLINK_IsHalted()
T3260 134:445.728 - 0.707ms returns FALSE
T3260 134:556.448 JLINK_IsHalted()
T3260 134:557.168 - 0.709ms returns FALSE
T3260 134:557.184 JLINK_IsHalted()
T3260 134:557.872 - 0.686ms returns FALSE
T3260 134:668.736 JLINK_IsHalted()
T3260 134:669.552 - 0.820ms returns FALSE
T3260 134:669.584 JLINK_IsHalted()
T3260 134:670.288 - 0.699ms returns FALSE
T3260 134:780.512 JLINK_IsHalted()
T3260 134:781.184 - 0.663ms returns FALSE
T3260 134:781.216 JLINK_IsHalted()
T3260 134:781.808 - 0.604ms returns FALSE
T3260 134:892.336 JLINK_IsHalted()
T3260 134:893.248 - 0.913ms returns FALSE
T3260 134:893.280 JLINK_IsHalted()
T3260 134:893.936 - 0.669ms returns FALSE
T87C0 134:925.024 JLINK_IsHalted()
T87C0 134:926.048 - 1.018ms returns FALSE
T87C0 134:926.080 JLINK_IsHalted()
T87C0 134:926.944 - 0.867ms returns FALSE
T3260 134:988.672 JLINK_IsHalted()
T3260 134:989.792 - 1.118ms returns FALSE
T3260 134:989.808 JLINK_IsHalted()
T3260 134:990.864 - 1.052ms returns FALSE
T3260 135:100.320 JLINK_IsHalted()
T3260 135:101.120 - 0.800ms returns FALSE
T3260 135:101.152 JLINK_IsHalted()
T3260 135:101.824 - 0.658ms returns FALSE
T3260 135:212.368 JLINK_IsHalted()
T3260 135:213.248 - 0.876ms returns FALSE
T3260 135:213.280 JLINK_IsHalted()
T3260 135:213.936 - 0.671ms returns FALSE
T3260 135:325.024 JLINK_IsHalted()
T3260 135:326.128 - 1.112ms returns FALSE
T3260 135:326.192 JLINK_IsHalted()
T3260 135:327.024 - 0.830ms returns FALSE
T3260 135:436.384 JLINK_IsHalted()
T3260 135:437.280 - 0.892ms returns FALSE
T3260 135:437.312 JLINK_IsHalted()
T3260 135:438.112 - 0.812ms returns FALSE
T3260 135:548.560 JLINK_IsHalted()
T3260 135:549.376 - 0.821ms returns FALSE
T3260 135:549.408 JLINK_IsHalted()
T3260 135:550.112 - 0.694ms returns FALSE
T3260 135:644.672 JLINK_IsHalted()
T3260 135:645.616 - 0.943ms returns FALSE
T3260 135:645.632 JLINK_IsHalted()
T3260 135:646.576 - 0.940ms returns FALSE
T3260 135:754.512 JLINK_IsHalted()
T3260 135:755.280 - 0.769ms returns FALSE
T3260 135:755.296 JLINK_IsHalted()
T3260 135:756.032 - 0.731ms returns FALSE
T3260 135:865.088 JLINK_IsHalted()
T3260 135:865.824 - 0.735ms returns FALSE
T3260 135:865.824 JLINK_IsHalted()
T3260 135:866.592 - 0.755ms returns FALSE
T87C0 135:929.696 JLINK_IsHalted()
T87C0 135:930.832 - 1.131ms returns FALSE
T87C0 135:930.880 JLINK_IsHalted()
T87C0 135:931.920 - 1.028ms returns FALSE
T3260 135:977.328 JLINK_IsHalted()
T3260 135:978.256 - 0.920ms returns FALSE
T3260 135:978.272 JLINK_IsHalted()
T3260 135:979.104 - 0.817ms returns FALSE
T3260 136:088.880 JLINK_IsHalted()
T3260 136:089.760 - 0.882ms returns FALSE
T3260 136:089.808 JLINK_IsHalted()
T3260 136:090.464 - 0.656ms returns FALSE
T3260 136:199.120 JLINK_IsHalted()
T3260 136:200.016 - 0.893ms returns FALSE
T3260 136:200.032 JLINK_IsHalted()
T3260 136:200.736 - 0.715ms returns FALSE
T3260 136:311.776 JLINK_IsHalted()
T3260 136:312.864 - 1.094ms returns FALSE
T3260 136:312.928 JLINK_IsHalted()
T3260 136:313.856 - 0.930ms returns FALSE
T3260 136:423.280 JLINK_IsHalted()
T3260 136:424.112 - 0.833ms returns FALSE
T3260 136:424.128 JLINK_IsHalted()
T3260 136:424.976 - 0.841ms returns FALSE
T3260 136:519.392 JLINK_IsHalted()
T3260 136:520.144 - 0.752ms returns FALSE
T3260 136:520.176 JLINK_IsHalted()
T3260 136:520.864 - 0.681ms returns FALSE
T3260 136:631.632 JLINK_IsHalted()
T3260 136:632.576 - 0.948ms returns FALSE
T3260 136:632.624 JLINK_IsHalted()
T3260 136:633.520 - 0.887ms returns FALSE
T3260 136:743.536 JLINK_IsHalted()
T3260 136:744.416 - 0.867ms returns FALSE
T3260 136:744.432 JLINK_IsHalted()
T3260 136:745.296 - 0.856ms returns FALSE
T3260 136:855.360 JLINK_IsHalted()
T3260 136:856.272 - 0.898ms returns FALSE
T3260 136:856.288 JLINK_IsHalted()
T3260 136:857.248 - 0.967ms returns FALSE
T87C0 136:935.904 JLINK_IsHalted()
T87C0 136:936.800 - 0.905ms returns FALSE
T87C0 136:936.848 JLINK_IsHalted()
T87C0 136:937.696 - 0.859ms returns FALSE
T3260 136:967.392 JLINK_IsHalted()
T3260 136:968.400 - 1.004ms returns FALSE
T3260 136:968.448 JLINK_IsHalted()
T3260 136:969.408 - 0.959ms returns FALSE
T3260 137:079.392 JLINK_IsHalted()
T3260 137:080.320 - 0.912ms returns FALSE
T3260 137:080.336 JLINK_IsHalted()
T3260 137:081.040 - 0.699ms returns FALSE
T3260 137:175.408 JLINK_IsHalted()
T3260 137:176.112 - 0.704ms returns FALSE
T3260 137:176.144 JLINK_IsHalted()
T3260 137:176.832 - 0.701ms returns FALSE
T3260 137:287.664 JLINK_IsHalted()
T3260 137:288.480 - 0.809ms returns FALSE
T3260 137:288.480 JLINK_IsHalted()
T3260 137:289.360 - 0.862ms returns FALSE
T3260 137:399.360 JLINK_IsHalted()
T3260 137:400.096 - 0.728ms returns FALSE
T3260 137:400.096 JLINK_IsHalted()
T3260 137:400.912 - 0.797ms returns FALSE
T3260 137:511.424 JLINK_IsHalted()
T3260 137:512.336 - 0.915ms returns FALSE
T3260 137:512.352 JLINK_IsHalted()
T3260 137:513.248 - 0.884ms returns FALSE
T3260 137:623.440 JLINK_IsHalted()
T3260 137:624.160 - 0.710ms returns FALSE
T3260 137:624.176 JLINK_IsHalted()
T3260 137:624.864 - 0.687ms returns FALSE
T3260 137:734.784 JLINK_IsHalted()
T3260 137:735.984 - 1.194ms returns FALSE
T3260 137:736.032 JLINK_IsHalted()
T3260 137:736.912 - 0.865ms returns FALSE
T3260 137:845.696 JLINK_IsHalted()
T3260 137:846.688 - 0.981ms returns FALSE
T3260 137:846.704 JLINK_IsHalted()
T3260 137:847.568 - 0.861ms returns FALSE
T87C0 137:940.144 JLINK_IsHalted()
T87C0 137:940.864 - 0.716ms returns FALSE
T87C0 137:940.896 JLINK_IsHalted()
T87C0 137:941.568 - 0.690ms returns FALSE
T3260 137:971.808 JLINK_IsHalted()
T3260 137:972.672 - 0.855ms returns FALSE
T3260 137:972.720 JLINK_IsHalted()
T3260 137:973.536 - 0.822ms returns FALSE
T3260 138:066.336 JLINK_IsHalted()
T3260 138:067.456 - 1.108ms returns FALSE
T3260 138:067.504 JLINK_IsHalted()
T3260 138:068.400 - 0.893ms returns FALSE
T3260 138:177.120 JLINK_IsHalted()
T3260 138:177.872 - 0.760ms returns FALSE
T3260 138:177.888 JLINK_IsHalted()
T3260 138:178.736 - 0.849ms returns FALSE
T3260 138:287.872 JLINK_IsHalted()
T3260 138:288.768 - 0.888ms returns FALSE
T3260 138:288.784 JLINK_IsHalted()
T3260 138:289.504 - 0.707ms returns FALSE
T3260 138:398.816 JLINK_IsHalted()
T3260 138:399.888 - 1.055ms returns FALSE
T3260 138:399.936 JLINK_IsHalted()
T3260 138:400.800 - 0.863ms returns FALSE
T3260 138:509.600 JLINK_IsHalted()
T3260 138:510.528 - 0.921ms returns FALSE
T3260 138:510.560 JLINK_IsHalted()
T3260 138:511.424 - 0.869ms returns FALSE
T3260 138:620.368 JLINK_IsHalted()
T3260 138:621.200 - 0.834ms returns FALSE
T3260 138:621.216 JLINK_IsHalted()
T3260 138:621.952 - 0.724ms returns FALSE
T3260 138:732.768 JLINK_IsHalted()
T3260 138:733.904 - 1.127ms returns FALSE
T3260 138:733.936 JLINK_IsHalted()
T3260 138:734.944 - 1.000ms returns FALSE
T3260 138:844.240 JLINK_IsHalted()
T3260 138:845.008 - 0.772ms returns FALSE
T3260 138:845.024 JLINK_IsHalted()
T3260 138:845.728 - 0.715ms returns FALSE
T87C0 138:940.816 JLINK_IsHalted()
T87C0 138:941.760 - 0.939ms returns FALSE
T87C0 138:941.776 JLINK_IsHalted()
T87C0 138:942.432 - 0.653ms returns FALSE
T3260 138:956.400 JLINK_IsHalted()
T3260 138:957.264 - 0.865ms returns FALSE
T3260 138:957.280 JLINK_IsHalted()
T3260 138:958.016 - 0.720ms returns FALSE
T3260 139:068.784 JLINK_IsHalted()
T3260 139:069.936 - 1.157ms returns FALSE
T3260 139:069.984 JLINK_IsHalted()
T3260 139:070.944 - 0.949ms returns FALSE
T3260 139:180.368 JLINK_IsHalted()
T3260 139:181.184 - 0.821ms returns FALSE
T3260 139:181.216 JLINK_IsHalted()
T3260 139:182.048 - 0.832ms returns FALSE
T3260 139:292.512 JLINK_IsHalted()
T3260 139:293.440 - 0.920ms returns FALSE
T3260 139:293.456 JLINK_IsHalted()
T3260 139:294.208 - 0.744ms returns FALSE
T3260 139:404.688 JLINK_IsHalted()
T3260 139:405.680 - 0.995ms returns FALSE
T3260 139:405.760 JLINK_IsHalted()
T3260 139:406.640 - 0.882ms returns FALSE
T3260 139:516.384 JLINK_IsHalted()
T3260 139:517.248 - 0.868ms returns FALSE
T3260 139:517.280 JLINK_IsHalted()
T3260 139:518.000 - 0.735ms returns FALSE
T3260 139:612.768 JLINK_IsHalted()
T3260 139:613.472 - 0.694ms returns FALSE
T3260 139:613.472 JLINK_IsHalted()
T3260 139:614.240 - 0.756ms returns FALSE
T3260 139:724.736 JLINK_IsHalted()
T3260 139:725.664 - 0.917ms returns FALSE
T3260 139:725.728 JLINK_IsHalted()
T3260 139:726.736 - 1.020ms returns FALSE
T3260 139:836.320 JLINK_IsHalted()
T3260 139:837.408 - 1.077ms returns FALSE
T3260 139:837.408 JLINK_IsHalted()
T3260 139:838.272 - 0.851ms returns FALSE
T3260 139:948.672 JLINK_IsHalted()
T3260 139:949.584 - 0.911ms returns FALSE
T3260 139:949.600 JLINK_IsHalted()
T3260 139:950.256 - 0.657ms returns FALSE
T87C0 139:950.304 JLINK_IsHalted()
T87C0 139:951.008 - 0.686ms returns FALSE
T87C0 139:951.008 JLINK_IsHalted()
T87C0 139:951.744 - 0.732ms returns FALSE
T3260 140:060.512 JLINK_IsHalted()
T3260 140:061.408 - 0.902ms returns FALSE
T3260 140:061.456 JLINK_IsHalted()
T3260 140:062.448 - 1.004ms returns FALSE
T3260 140:172.272 JLINK_IsHalted()
T3260 140:173.184 - 0.902ms returns FALSE
T3260 140:173.200 JLINK_IsHalted()
T3260 140:173.904 - 0.696ms returns FALSE
T3260 140:284.224 JLINK_IsHalted()
T3260 140:285.008 - 0.784ms returns FALSE
T3260 140:285.024 JLINK_IsHalted()
T3260 140:285.760 - 0.741ms returns FALSE
T3260 140:380.352 JLINK_IsHalted()
T3260 140:381.312 - 0.955ms returns FALSE
T3260 140:381.328 JLINK_IsHalted()
T3260 140:382.160 - 0.834ms returns FALSE
T3260 140:493.376 JLINK_IsHalted()
T3260 140:494.096 - 0.714ms returns FALSE
T3260 140:494.112 JLINK_IsHalted()
T3260 140:494.816 - 0.693ms returns FALSE
T3260 140:604.448 JLINK_IsHalted()
T3260 140:605.216 - 0.763ms returns FALSE
T3260 140:605.216 JLINK_IsHalted()
T3260 140:605.904 - 0.671ms returns FALSE
T3260 140:716.640 JLINK_IsHalted()
T3260 140:717.472 - 0.833ms returns FALSE
T3260 140:717.504 JLINK_IsHalted()
T3260 140:718.304 - 0.802ms returns FALSE
T3260 140:828.384 JLINK_IsHalted()
T3260 140:829.296 - 0.901ms returns FALSE
T3260 140:829.328 JLINK_IsHalted()
T3260 140:830.000 - 0.679ms returns FALSE
T3260 140:940.304 JLINK_IsHalted()
T3260 140:941.024 - 0.726ms returns FALSE
T3260 140:941.056 JLINK_IsHalted()
T3260 140:941.760 - 0.703ms returns FALSE
T87C0 140:956.624 JLINK_IsHalted()
T87C0 140:957.360 - 0.737ms returns FALSE
T87C0 140:957.408 JLINK_IsHalted()
T87C0 140:958.048 - 0.643ms returns FALSE
T3260 141:036.496 JLINK_IsHalted()
T3260 141:037.216 - 0.722ms returns FALSE
T3260 141:037.216 JLINK_IsHalted()
T3260 141:037.952 - 0.719ms returns FALSE
T3260 141:148.640 JLINK_IsHalted()
T3260 141:149.792 - 1.146ms returns FALSE
T3260 141:149.856 JLINK_IsHalted()
T3260 141:150.928 - 1.065ms returns FALSE
T3260 141:260.384 JLINK_IsHalted()
T3260 141:261.136 - 0.751ms returns FALSE
T3260 141:261.152 JLINK_IsHalted()
T3260 141:261.840 - 0.686ms returns FALSE
T3260 141:372.288 JLINK_IsHalted()
T3260 141:373.088 - 0.806ms returns FALSE
T3260 141:373.136 JLINK_IsHalted()
T3260 141:373.888 - 0.760ms returns FALSE
T3260 141:484.256 JLINK_IsHalted()
T3260 141:485.312 - 1.060ms returns FALSE
T3260 141:485.344 JLINK_IsHalted()
T3260 141:486.144 - 0.802ms returns FALSE
T3260 141:596.464 JLINK_IsHalted()
T3260 141:597.328 - 0.852ms returns FALSE
T3260 141:597.344 JLINK_IsHalted()
T3260 141:598.096 - 0.739ms returns FALSE
T3260 141:692.656 JLINK_IsHalted()
T3260 141:693.440 - 0.777ms returns FALSE
T3260 141:693.472 JLINK_IsHalted()
T3260 141:694.192 - 0.738ms returns FALSE
T3260 141:804.384 JLINK_IsHalted()
T3260 141:805.296 - 0.914ms returns FALSE
T3260 141:805.328 JLINK_IsHalted()
T3260 141:806.208 - 0.880ms returns FALSE
T3260 141:916.368 JLINK_IsHalted()
T3260 141:917.152 - 0.778ms returns FALSE
T3260 141:917.168 JLINK_IsHalted()
T3260 141:917.792 - 0.624ms returns FALSE
T87C0 141:964.576 JLINK_IsHalted()
T87C0 141:965.296 - 0.726ms returns FALSE
T87C0 141:965.312 JLINK_IsHalted()
T87C0 141:965.984 - 0.668ms returns FALSE
T3260 142:028.192 JLINK_IsHalted()
T3260 142:028.880 - 0.696ms returns FALSE
T3260 142:028.896 JLINK_IsHalted()
T3260 142:029.568 - 0.670ms returns FALSE
T3260 142:140.272 JLINK_IsHalted()
T3260 142:141.344 - 1.063ms returns FALSE
T3260 142:141.344 JLINK_IsHalted()
T3260 142:142.240 - 0.894ms returns FALSE
T3260 142:252.544 JLINK_IsHalted()
T3260 142:253.280 - 0.717ms returns FALSE
T3260 142:253.296 JLINK_IsHalted()
T3260 142:254.176 - 0.864ms returns FALSE
T3260 142:348.432 JLINK_IsHalted()
T3260 142:349.216 - 0.772ms returns FALSE
T3260 142:349.232 JLINK_IsHalted()
T3260 142:349.888 - 0.656ms returns FALSE
T3260 142:460.576 JLINK_IsHalted()
T3260 142:461.520 - 0.938ms returns FALSE
T3260 142:461.568 JLINK_IsHalted()
T3260 142:462.416 - 0.846ms returns FALSE
T3260 142:572.352 JLINK_IsHalted()
T3260 142:573.136 - 0.769ms returns FALSE
T3260 142:573.152 JLINK_IsHalted()
T3260 142:573.968 - 0.798ms returns FALSE
T3260 142:684.176 JLINK_IsHalted()
T3260 142:684.896 - 0.713ms returns FALSE
T3260 142:684.896 JLINK_IsHalted()
T3260 142:685.584 - 0.678ms returns FALSE
T3260 142:796.448 JLINK_IsHalted()
T3260 142:797.376 - 0.924ms returns FALSE
T3260 142:797.392 JLINK_IsHalted()
T3260 142:798.144 - 0.760ms returns FALSE
T3260 142:908.368 JLINK_IsHalted()
T3260 142:909.488 - 1.130ms returns FALSE
T3260 142:909.536 JLINK_IsHalted()
T3260 142:910.304 - 0.769ms returns FALSE
T87C0 142:972.704 JLINK_IsHalted()
T87C0 142:973.520 - 0.819ms returns FALSE
T87C0 142:973.600 JLINK_IsHalted()
T87C0 142:974.352 - 0.756ms returns FALSE
T3260 143:004.336 JLINK_IsHalted()
T3260 143:005.216 - 0.868ms returns FALSE
T3260 143:005.216 JLINK_IsHalted()
T3260 143:006.064 - 0.843ms returns FALSE
T3260 143:116.656 JLINK_IsHalted()
T3260 143:117.728 - 1.067ms returns FALSE
T3260 143:117.744 JLINK_IsHalted()
T3260 143:118.768 - 1.018ms returns FALSE
T3260 143:228.384 JLINK_IsHalted()
T3260 143:229.264 - 0.860ms returns FALSE
T3260 143:229.280 JLINK_IsHalted()
T3260 143:230.032 - 0.753ms returns FALSE
T3260 143:340.384 JLINK_IsHalted()
T3260 143:341.168 - 0.796ms returns FALSE
T3260 143:341.200 JLINK_IsHalted()
T3260 143:341.872 - 0.680ms returns FALSE
T3260 143:452.384 JLINK_IsHalted()
T3260 143:453.296 - 0.909ms returns FALSE
T3260 143:453.312 JLINK_IsHalted()
T3260 143:454.224 - 0.901ms returns FALSE
T3260 143:564.240 JLINK_IsHalted()
T3260 143:565.152 - 0.916ms returns FALSE
T3260 143:565.184 JLINK_IsHalted()
T3260 143:565.856 - 0.679ms returns FALSE
T3260 143:661.280 JLINK_IsHalted()
T3260 143:662.112 - 0.810ms returns FALSE
T3260 143:662.128 JLINK_IsHalted()
T3260 143:662.848 - 0.721ms returns FALSE
T3260 143:772.256 JLINK_IsHalted()
T3260 143:773.216 - 0.964ms returns FALSE
T3260 143:773.248 JLINK_IsHalted()
T3260 143:774.128 - 0.879ms returns FALSE
T3260 143:884.016 JLINK_IsHalted()
T3260 143:884.848 - 0.833ms returns FALSE
T3260 143:884.880 JLINK_IsHalted()
T3260 143:885.600 - 0.704ms returns FALSE
T87C0 143:978.064 JLINK_IsHalted()
T87C0 143:978.928 - 0.868ms returns FALSE
T87C0 143:978.944 JLINK_IsHalted()
T87C0 143:979.824 - 0.880ms returns FALSE
T3260 143:993.440 JLINK_IsHalted()
T3260 143:994.208 - 0.749ms returns FALSE
T3260 143:994.224 JLINK_IsHalted()
T3260 143:994.992 - 0.767ms returns FALSE
T3260 144:104.288 JLINK_IsHalted()
T3260 144:105.248 - 0.945ms returns FALSE
T3260 144:105.280 JLINK_IsHalted()
T3260 144:106.080 - 0.807ms returns FALSE
T3260 144:215.664 JLINK_IsHalted()
T3260 144:216.720 - 1.044ms returns FALSE
T3260 144:216.784 JLINK_IsHalted()
T3260 144:217.648 - 0.873ms returns FALSE
T3260 144:327.424 JLINK_IsHalted()
T3260 144:328.288 - 0.862ms returns FALSE
T3260 144:328.320 JLINK_IsHalted()
T3260 144:329.200 - 0.886ms returns FALSE
T3260 144:439.136 JLINK_IsHalted()
T3260 144:439.872 - 0.742ms returns FALSE
T3260 144:439.904 JLINK_IsHalted()
T3260 144:440.624 - 0.735ms returns FALSE
T3260 144:535.728 JLINK_IsHalted()
T3260 144:536.800 - 1.063ms returns FALSE
T3260 144:536.864 JLINK_IsHalted()
T3260 144:537.824 - 0.972ms returns FALSE
T3260 144:647.312 JLINK_IsHalted()
T3260 144:648.192 - 0.891ms returns FALSE
T3260 144:648.224 JLINK_IsHalted()
T3260 144:648.864 - 0.662ms returns FALSE
T3260 144:759.584 JLINK_IsHalted()
T3260 144:760.560 - 0.966ms returns FALSE
T3260 144:760.576 JLINK_IsHalted()
T3260 144:761.360 - 0.773ms returns FALSE
T3260 144:871.216 JLINK_IsHalted()
T3260 144:872.080 - 0.852ms returns FALSE
T3260 144:872.096 JLINK_IsHalted()
T3260 144:873.184 - 1.066ms returns FALSE
T3260 144:983.424 JLINK_IsHalted()
T3260 144:984.208 - 0.777ms returns FALSE
T3260 144:984.224 JLINK_IsHalted()
T3260 144:985.040 - 0.823ms returns FALSE
T87C0 144:985.120 JLINK_IsHalted()
T87C0 144:985.792 - 0.676ms returns FALSE
T87C0 144:985.808 JLINK_IsHalted()
T87C0 144:986.512 - 0.702ms returns FALSE
T3260 145:095.520 JLINK_IsHalted()
T3260 145:096.176 - 0.664ms returns FALSE
T3260 145:096.224 JLINK_IsHalted()
T3260 145:096.992 - 0.783ms returns FALSE
T3260 145:191.568 JLINK_IsHalted()
T3260 145:192.480 - 0.926ms returns FALSE
T3260 145:192.512 JLINK_IsHalted()
T3260 145:193.488 - 0.968ms returns FALSE
T3260 145:303.360 JLINK_IsHalted()
T3260 145:304.240 - 0.879ms returns FALSE
T3260 145:304.256 JLINK_IsHalted()
T3260 145:304.944 - 0.687ms returns FALSE
T3260 145:415.552 JLINK_IsHalted()
T3260 145:416.416 - 0.848ms returns FALSE
T3260 145:416.480 JLINK_IsHalted()
T3260 145:417.296 - 0.826ms returns FALSE
T3260 145:527.648 JLINK_IsHalted()
T3260 145:528.464 - 0.819ms returns FALSE
T3260 145:528.496 JLINK_IsHalted()
T3260 145:529.440 - 0.929ms returns FALSE
T3260 145:639.264 JLINK_IsHalted()
T3260 145:639.984 - 0.734ms returns FALSE
T3260 145:640.032 JLINK_IsHalted()
T3260 145:640.960 - 0.937ms returns FALSE
T3260 145:751.184 JLINK_IsHalted()
T3260 145:752.064 - 0.877ms returns FALSE
T3260 145:752.080 JLINK_IsHalted()
T3260 145:752.752 - 0.672ms returns FALSE
T3260 145:847.456 JLINK_IsHalted()
T3260 145:848.464 - 1.010ms returns FALSE
T3260 145:848.480 JLINK_IsHalted()
T3260 145:849.568 - 1.065ms returns FALSE
T3260 145:959.360 JLINK_IsHalted()
T3260 145:960.400 - 1.034ms returns FALSE
T3260 145:960.416 JLINK_IsHalted()
T3260 145:961.376 - 0.950ms returns FALSE
T87C0 145:991.520 JLINK_IsHalted()
T87C0 145:992.368 - 0.841ms returns FALSE
T87C0 145:992.384 JLINK_IsHalted()
T87C0 145:993.312 - 0.910ms returns FALSE
T3260 146:071.200 JLINK_IsHalted()
T3260 146:072.048 - 0.837ms returns FALSE
T3260 146:072.064 JLINK_IsHalted()
T3260 146:072.752 - 0.689ms returns FALSE
T3260 146:183.648 JLINK_IsHalted()
T3260 146:184.672 - 1.020ms returns FALSE
T3260 146:184.720 JLINK_IsHalted()
T3260 146:185.680 - 0.957ms returns FALSE
T3260 146:295.392 JLINK_IsHalted()
T3260 146:296.240 - 0.839ms returns FALSE
T3260 146:296.256 JLINK_IsHalted()
T3260 146:297.120 - 0.865ms returns FALSE
T3260 146:406.800 JLINK_IsHalted()
T3260 146:407.584 - 0.793ms returns FALSE
T3260 146:407.600 JLINK_IsHalted()
T3260 146:408.416 - 0.812ms returns FALSE
T3260 146:517.504 JLINK_IsHalted()
T3260 146:518.512 - 1.017ms returns FALSE
T3260 146:518.544 JLINK_IsHalted()
T3260 146:519.552 - 1.010ms returns FALSE
T3260 146:628.880 JLINK_IsHalted()
T3260 146:629.792 - 0.903ms returns FALSE
T3260 146:629.792 JLINK_IsHalted()
T3260 146:630.736 - 0.936ms returns FALSE
T3260 146:738.336 JLINK_IsHalted()
T3260 146:739.104 - 0.755ms returns FALSE
T3260 146:739.120 JLINK_IsHalted()
T3260 146:739.840 - 0.716ms returns FALSE
T3260 146:848.752 JLINK_IsHalted()
T3260 146:849.712 - 0.964ms returns FALSE
T3260 146:849.744 JLINK_IsHalted()
T3260 146:850.656 - 0.919ms returns FALSE
T3260 146:960.624 JLINK_IsHalted()
T3260 146:961.376 - 0.753ms returns FALSE
T3260 146:961.408 JLINK_IsHalted()
T3260 146:962.112 - 0.709ms returns FALSE
T87C0 146:992.544 JLINK_IsHalted()
T87C0 146:993.328 - 0.775ms returns FALSE
T87C0 146:993.376 JLINK_IsHalted()
T87C0 146:994.032 - 0.662ms returns FALSE
T3260 147:071.104 JLINK_IsHalted()
T3260 147:072.016 - 0.907ms returns FALSE
T3260 147:072.032 JLINK_IsHalted()
T3260 147:072.800 - 0.775ms returns FALSE
T3260 147:182.336 JLINK_IsHalted()
T3260 147:183.328 - 0.990ms returns FALSE
T3260 147:183.344 JLINK_IsHalted()
T3260 147:184.176 - 0.830ms returns FALSE
T3260 147:294.144 JLINK_IsHalted()
T3260 147:295.056 - 0.900ms returns FALSE
T3260 147:295.072 JLINK_IsHalted()
T3260 147:295.728 - 0.664ms returns FALSE
T3260 147:406.096 JLINK_IsHalted()
T3260 147:406.832 - 0.745ms returns FALSE
T3260 147:406.864 JLINK_IsHalted()
T3260 147:407.584 - 0.718ms returns FALSE
T3260 147:517.920 JLINK_IsHalted()
T3260 147:518.576 - 0.655ms returns FALSE
T3260 147:518.608 JLINK_IsHalted()
T3260 147:519.392 - 0.784ms returns FALSE
T3260 147:614.288 JLINK_IsHalted()
T3260 147:615.136 - 0.855ms returns FALSE
T3260 147:615.152 JLINK_IsHalted()
T3260 147:616.032 - 0.877ms returns FALSE
T3260 147:726.144 JLINK_IsHalted()
T3260 147:726.944 - 0.787ms returns FALSE
T3260 147:726.960 JLINK_IsHalted()
T3260 147:727.600 - 0.649ms returns FALSE
T3260 147:837.296 JLINK_IsHalted()
T3260 147:838.304 - 0.993ms returns FALSE
T3260 147:838.400 JLINK_IsHalted()
T3260 147:839.136 - 0.752ms returns FALSE
T3260 147:948.576 JLINK_IsHalted()
T3260 147:949.568 - 0.987ms returns FALSE
T3260 147:949.632 JLINK_IsHalted()
T3260 147:950.368 - 0.731ms returns FALSE
T87C0 147:996.720 JLINK_IsHalted()
T87C0 147:997.472 - 0.742ms returns FALSE
T87C0 147:997.472 JLINK_IsHalted()
T87C0 147:998.224 - 0.742ms returns FALSE
T3260 148:060.320 JLINK_IsHalted()
T3260 148:061.152 - 0.824ms returns FALSE
T3260 148:061.168 JLINK_IsHalted()
T3260 148:061.872 - 0.712ms returns FALSE
T3260 148:172.240 JLINK_IsHalted()
T3260 148:173.040 - 0.802ms returns FALSE
T3260 148:173.056 JLINK_IsHalted()
T3260 148:173.840 - 0.779ms returns FALSE
T3260 148:284.640 JLINK_IsHalted()
T3260 148:285.696 - 1.053ms returns FALSE
T3260 148:285.744 JLINK_IsHalted()
T3260 148:286.560 - 0.813ms returns FALSE
T3260 148:380.576 JLINK_IsHalted()
T3260 148:381.504 - 0.935ms returns FALSE
T3260 148:381.536 JLINK_IsHalted()
T3260 148:382.256 - 0.733ms returns FALSE
T3260 148:492.576 JLINK_IsHalted()
T3260 148:493.344 - 0.754ms returns FALSE
T3260 148:493.360 JLINK_IsHalted()
T3260 148:494.112 - 0.742ms returns FALSE
T3260 148:604.752 JLINK_IsHalted()
T3260 148:605.616 - 0.878ms returns FALSE
T3260 148:605.664 JLINK_IsHalted()
T3260 148:606.560 - 0.895ms returns FALSE
T3260 148:716.448 JLINK_IsHalted()
T3260 148:717.136 - 0.689ms returns FALSE
T3260 148:717.152 JLINK_IsHalted()
T3260 148:717.952 - 0.798ms returns FALSE
T3260 148:828.384 JLINK_IsHalted()
T3260 148:829.216 - 0.853ms returns FALSE
T3260 148:829.280 JLINK_IsHalted()
T3260 148:830.240 - 0.956ms returns FALSE
T3260 148:940.496 JLINK_IsHalted()
T3260 148:941.408 - 0.916ms returns FALSE
T3260 148:941.424 JLINK_IsHalted()
T3260 148:942.160 - 0.730ms returns FALSE
T87C0 149:004.560 JLINK_IsHalted()
T87C0 149:005.344 - 0.785ms returns FALSE
T87C0 149:005.424 JLINK_IsHalted()
T87C0 149:006.096 - 0.666ms returns FALSE
T3260 149:036.272 JLINK_IsHalted()
T3260 149:037.104 - 0.832ms returns FALSE
T3260 149:037.136 JLINK_IsHalted()
T3260 149:037.920 - 0.784ms returns FALSE
T3260 149:148.240 JLINK_IsHalted()
T3260 149:149.184 - 0.947ms returns FALSE
T3260 149:149.216 JLINK_IsHalted()
T3260 149:150.112 - 0.899ms returns FALSE
T3260 149:260.304 JLINK_IsHalted()
T3260 149:261.184 - 0.878ms returns FALSE
T3260 149:261.200 JLINK_IsHalted()
T3260 149:262.048 - 0.843ms returns FALSE
T3260 149:372.272 JLINK_IsHalted()
T3260 149:373.264 - 0.988ms returns FALSE
T3260 149:373.280 JLINK_IsHalted()
T3260 149:374.128 - 0.844ms returns FALSE
T3260 149:484.736 JLINK_IsHalted()
T3260 149:485.664 - 0.918ms returns FALSE
T3260 149:485.664 JLINK_IsHalted()
T3260 149:486.432 - 0.770ms returns FALSE
T3260 149:596.432 JLINK_IsHalted()
T3260 149:597.200 - 0.767ms returns FALSE
T3260 149:597.216 JLINK_IsHalted()
T3260 149:597.904 - 0.691ms returns FALSE
T3260 149:692.624 JLINK_IsHalted()
T3260 149:693.328 - 0.706ms returns FALSE
T3260 149:693.344 JLINK_IsHalted()
T3260 149:693.968 - 0.624ms returns FALSE
T3260 149:804.544 JLINK_IsHalted()
T3260 149:805.536 - 0.986ms returns FALSE
T3260 149:805.536 JLINK_IsHalted()
T3260 149:806.416 - 0.860ms returns FALSE
T3260 149:916.240 JLINK_IsHalted()
T3260 149:917.008 - 0.764ms returns FALSE
T3260 149:917.024 JLINK_IsHalted()
T3260 149:917.728 - 0.726ms returns FALSE
T87C0 150:012.480 JLINK_IsHalted()
T87C0 150:013.280 - 0.804ms returns FALSE
T87C0 150:013.312 JLINK_IsHalted()
T87C0 150:014.112 - 0.789ms returns FALSE
T3260 150:028.768 JLINK_IsHalted()
T3260 150:029.696 - 0.924ms returns FALSE
T3260 150:029.712 JLINK_IsHalted()
T3260 150:030.576 - 0.862ms returns FALSE
T3260 150:140.256 JLINK_IsHalted()
T3260 150:141.120 - 0.872ms returns FALSE
T3260 150:141.152 JLINK_IsHalted()
T3260 150:141.968 - 0.807ms returns FALSE
T3260 150:252.592 JLINK_IsHalted()
T3260 150:253.360 - 0.767ms returns FALSE
T3260 150:253.376 JLINK_IsHalted()
T3260 150:254.256 - 0.889ms returns FALSE
T3260 150:348.528 JLINK_IsHalted()
T3260 150:349.440 - 0.905ms returns FALSE
T3260 150:349.456 JLINK_IsHalted()
T3260 150:350.304 - 0.853ms returns FALSE
T3260 150:459.296 JLINK_IsHalted()
T3260 150:460.112 - 0.802ms returns FALSE
T3260 150:460.128 JLINK_IsHalted()
T3260 150:460.944 - 0.802ms returns FALSE
T3260 150:570.048 JLINK_IsHalted()
T3260 150:570.880 - 0.831ms returns FALSE
T3260 150:570.912 JLINK_IsHalted()
T3260 150:571.664 - 0.764ms returns FALSE
T3260 150:681.488 JLINK_IsHalted()
T3260 150:682.640 - 1.155ms returns FALSE
T3260 150:682.688 JLINK_IsHalted()
T3260 150:683.744 - 1.064ms returns FALSE
T3260 150:791.504 JLINK_IsHalted()
T3260 150:792.256 - 0.756ms returns FALSE
T3260 150:792.288 JLINK_IsHalted()
T3260 150:792.992 - 0.716ms returns FALSE
T3260 150:903.344 JLINK_IsHalted()
T3260 150:904.144 - 0.795ms returns FALSE
T3260 150:904.160 JLINK_IsHalted()
T3260 150:904.928 - 0.760ms returns FALSE
T3260 151:015.328 JLINK_IsHalted()
T3260 151:016.288 - 0.943ms returns FALSE
T3260 151:016.304 JLINK_IsHalted()
T3260 151:016.992 - 0.688ms returns FALSE
T87C0 151:017.056 JLINK_IsHalted()
T87C0 151:017.824 - 0.752ms returns FALSE
T87C0 151:017.824 JLINK_IsHalted()
T87C0 151:018.512 - 0.671ms returns FALSE
T3260 151:126.304 JLINK_IsHalted()
T3260 151:127.120 - 0.819ms returns FALSE
T3260 151:127.152 JLINK_IsHalted()
T3260 151:127.872 - 0.712ms returns FALSE
T3260 151:236.448 JLINK_IsHalted()
T3260 151:237.296 - 0.843ms returns FALSE
T3260 151:237.344 JLINK_IsHalted()
T3260 151:238.048 - 0.723ms returns FALSE
T3260 151:331.856 JLINK_IsHalted()
T3260 151:332.752 - 0.896ms returns FALSE
T3260 151:332.784 JLINK_IsHalted()
T3260 151:333.472 - 0.680ms returns FALSE
T3260 151:442.096 JLINK_IsHalted()
T3260 151:442.912 - 0.805ms returns FALSE
T3260 151:442.928 JLINK_IsHalted()
T3260 151:443.616 - 0.691ms returns FALSE
T3260 151:552.176 JLINK_IsHalted()
T3260 151:552.912 - 0.738ms returns FALSE
T3260 151:552.944 JLINK_IsHalted()
T3260 151:553.760 - 0.804ms returns FALSE
T3260 151:663.744 JLINK_IsHalted()
T3260 151:664.928 - 1.187ms returns FALSE
T3260 151:664.976 JLINK_IsHalted()
T3260 151:665.952 - 0.964ms returns FALSE
T3260 151:775.040 JLINK_IsHalted()
T3260 151:775.808 - 0.765ms returns FALSE
T3260 151:775.840 JLINK_IsHalted()
T3260 151:776.608 - 0.763ms returns FALSE
T3260 151:885.984 JLINK_IsHalted()
T3260 151:886.800 - 0.808ms returns FALSE
T3260 151:886.816 JLINK_IsHalted()
T3260 151:887.520 - 0.721ms returns FALSE
T3260 151:998.176 JLINK_IsHalted()
T3260 151:999.280 - 1.106ms returns FALSE
T3260 151:999.296 JLINK_IsHalted()
T3260 152:000.112 - 0.820ms returns FALSE
T87C0 152:030.384 JLINK_IsHalted()
T87C0 152:031.216 - 0.827ms returns FALSE
T87C0 152:031.248 JLINK_IsHalted()
T87C0 152:032.064 - 0.810ms returns FALSE
T3260 152:109.968 JLINK_IsHalted()
T3260 152:110.864 - 0.895ms returns FALSE
T3260 152:110.896 JLINK_IsHalted()
T3260 152:111.664 - 0.778ms returns FALSE
T3260 152:221.264 JLINK_IsHalted()
T3260 152:221.984 - 0.734ms returns FALSE
T3260 152:222.016 JLINK_IsHalted()
T3260 152:222.768 - 0.756ms returns FALSE
T3260 152:316.320 JLINK_IsHalted()
T3260 152:317.088 - 0.774ms returns FALSE
T3260 152:317.104 JLINK_IsHalted()
T3260 152:317.936 - 0.831ms returns FALSE
T3260 152:428.544 JLINK_IsHalted()
T3260 152:429.344 - 0.794ms returns FALSE
T3260 152:429.344 JLINK_IsHalted()
T3260 152:430.064 - 0.711ms returns FALSE
T3260 152:540.336 JLINK_IsHalted()
T3260 152:541.152 - 0.814ms returns FALSE
T3260 152:541.184 JLINK_IsHalted()
T3260 152:541.904 - 0.713ms returns FALSE
T3260 152:652.720 JLINK_IsHalted()
T3260 152:653.760 - 1.027ms returns FALSE
T3260 152:653.792 JLINK_IsHalted()
T3260 152:654.816 - 1.023ms returns FALSE
T3260 152:764.144 JLINK_IsHalted()
T3260 152:764.896 - 0.749ms returns FALSE
T3260 152:764.944 JLINK_IsHalted()
T3260 152:765.696 - 0.747ms returns FALSE
T3260 152:876.320 JLINK_IsHalted()
T3260 152:878.144 - 1.810ms returns FALSE
T3260 152:878.176 JLINK_IsHalted()
T3260 152:878.960 - 0.788ms returns FALSE
T3260 152:972.976 JLINK_IsHalted()
T3260 152:973.696 - 0.714ms returns FALSE
T3260 152:973.728 JLINK_IsHalted()
T3260 152:974.464 - 0.736ms returns FALSE
T87C0 153:037.248 JLINK_IsHalted()
T87C0 153:038.160 - 0.905ms returns FALSE
T87C0 153:038.192 JLINK_IsHalted()
T87C0 153:039.072 - 0.867ms returns FALSE
T3260 153:084.352 JLINK_IsHalted()
T3260 153:085.120 - 0.775ms returns FALSE
T3260 153:085.152 JLINK_IsHalted()
T3260 153:085.824 - 0.680ms returns FALSE
T3260 153:196.208 JLINK_IsHalted()
T3260 153:197.024 - 0.813ms returns FALSE
T3260 153:197.024 JLINK_IsHalted()
T3260 153:197.728 - 0.691ms returns FALSE
T3260 153:308.528 JLINK_IsHalted()
T3260 153:309.280 - 0.760ms returns FALSE
T3260 153:309.296 JLINK_IsHalted()
T3260 153:309.984 - 0.682ms returns FALSE
T3260 153:420.352 JLINK_IsHalted()
T3260 153:421.152 - 0.802ms returns FALSE
T3260 153:421.184 JLINK_IsHalted()
T3260 153:421.920 - 0.727ms returns FALSE
T3260 153:531.296 JLINK_IsHalted()
T3260 153:532.208 - 0.907ms returns FALSE
T3260 153:532.240 JLINK_IsHalted()
T3260 153:532.960 - 0.738ms returns FALSE
T3260 153:641.360 JLINK_IsHalted()
T3260 153:642.192 - 0.831ms returns FALSE
T3260 153:642.208 JLINK_IsHalted()
T3260 153:642.976 - 0.777ms returns FALSE
T3260 153:753.168 JLINK_IsHalted()
T3260 153:753.968 - 0.797ms returns FALSE
T3260 153:754.016 JLINK_IsHalted()
T3260 153:754.880 - 0.863ms returns FALSE
T3260 153:848.768 JLINK_IsHalted()
T3260 153:849.712 - 0.930ms returns FALSE
T3260 153:849.728 JLINK_IsHalted()
T3260 153:850.544 - 0.820ms returns FALSE
T3260 153:960.960 JLINK_IsHalted()
T3260 153:961.728 - 0.768ms returns FALSE
T3260 153:961.744 JLINK_IsHalted()
T3260 153:962.464 - 0.726ms returns FALSE
T87C0 154:041.312 JLINK_IsHalted()
T87C0 154:042.320 - 0.987ms returns FALSE
T87C0 154:042.336 JLINK_IsHalted()
T87C0 154:043.360 - 1.025ms returns FALSE
T3260 154:072.672 JLINK_IsHalted()
T3260 154:073.776 - 1.114ms returns FALSE
T3260 154:073.808 JLINK_IsHalted()
T3260 154:074.656 - 0.852ms returns FALSE
T3260 154:184.944 JLINK_IsHalted()
T3260 154:185.872 - 0.924ms returns FALSE
T3260 154:185.888 JLINK_IsHalted()
T3260 154:186.608 - 0.720ms returns FALSE
T3260 154:295.264 JLINK_IsHalted()
T3260 154:296.224 - 0.940ms returns FALSE
T3260 154:296.240 JLINK_IsHalted()
T3260 154:297.056 - 0.813ms returns FALSE
T3260 154:407.904 JLINK_IsHalted()
T3260 154:409.056 - 1.158ms returns FALSE
T3260 154:409.104 JLINK_IsHalted()
T3260 154:410.208 - 1.100ms returns FALSE
T3260 154:503.248 JLINK_IsHalted()
T3260 154:504.016 - 0.772ms returns FALSE
T3260 154:504.048 JLINK_IsHalted()
T3260 154:504.736 - 0.695ms returns FALSE
T3260 154:615.328 JLINK_IsHalted()
T3260 154:616.096 - 0.761ms returns FALSE
T3260 154:616.128 JLINK_IsHalted()
T3260 154:616.800 - 0.672ms returns FALSE
T3260 154:727.776 JLINK_IsHalted()
T3260 154:729.008 - 1.244ms returns FALSE
T3260 154:729.056 JLINK_IsHalted()
T3260 154:730.128 - 1.056ms returns FALSE
T3260 154:839.520 JLINK_IsHalted()
T3260 154:840.256 - 0.744ms returns FALSE
T3260 154:840.272 JLINK_IsHalted()
T3260 154:841.040 - 0.763ms returns FALSE
T3260 154:950.000 JLINK_IsHalted()
T3260 154:950.864 - 0.862ms returns FALSE
T3260 154:950.880 JLINK_IsHalted()
T3260 154:951.696 - 0.808ms returns FALSE
T87C0 155:045.472 JLINK_IsHalted()
T87C0 155:046.496 - 1.026ms returns FALSE
T87C0 155:046.560 JLINK_IsHalted()
T87C0 155:047.488 - 0.927ms returns FALSE
T3260 155:061.024 JLINK_IsHalted()
T3260 155:061.968 - 0.949ms returns FALSE
T3260 155:061.984 JLINK_IsHalted()
T3260 155:062.928 - 0.939ms returns FALSE
T3260 155:171.472 JLINK_IsHalted()
T3260 155:172.320 - 0.861ms returns FALSE
T3260 155:172.336 JLINK_IsHalted()
T3260 155:173.024 - 0.688ms returns FALSE
T3260 155:281.568 JLINK_IsHalted()
T3260 155:282.336 - 0.767ms returns FALSE
T3260 155:282.368 JLINK_IsHalted()
T3260 155:283.072 - 0.706ms returns FALSE
T3260 155:392.240 JLINK_IsHalted()
T3260 155:393.024 - 0.786ms returns FALSE
T3260 155:393.056 JLINK_IsHalted()
T3260 155:393.840 - 0.804ms returns FALSE
T3260 155:502.512 JLINK_IsHalted()
T3260 155:503.264 - 0.743ms returns FALSE
T3260 155:503.280 JLINK_IsHalted()
T3260 155:504.000 - 0.711ms returns FALSE
T3260 155:598.176 JLINK_IsHalted()
T3260 155:598.896 - 0.724ms returns FALSE
T3260 155:598.912 JLINK_IsHalted()
T3260 155:599.568 - 0.653ms returns FALSE
T3260 155:709.792 JLINK_IsHalted()
T3260 155:710.800 - 1.009ms returns FALSE
T3260 155:710.848 JLINK_IsHalted()
T3260 155:711.984 - 1.136ms returns FALSE
T3260 155:820.608 JLINK_IsHalted()
T3260 155:821.376 - 0.766ms returns FALSE
T3260 155:821.408 JLINK_IsHalted()
T3260 155:822.048 - 0.652ms returns FALSE
T3260 155:932.272 JLINK_IsHalted()
T3260 155:933.232 - 0.959ms returns FALSE
T3260 155:933.248 JLINK_IsHalted()
T3260 155:933.968 - 0.711ms returns FALSE
T3260 156:044.816 JLINK_IsHalted()
T3260 156:045.872 - 1.063ms returns FALSE
T3260 156:045.904 JLINK_IsHalted()
T3260 156:046.896 - 0.996ms returns FALSE
T87C0 156:060.832 JLINK_IsHalted()
T87C0 156:061.952 - 1.121ms returns FALSE
T87C0 156:061.984 JLINK_IsHalted()
T87C0 156:063.008 - 1.017ms returns FALSE
T3260 156:156.224 JLINK_IsHalted()
T3260 156:157.056 - 0.830ms returns FALSE
T3260 156:157.088 JLINK_IsHalted()
T3260 156:157.792 - 0.695ms returns FALSE
T3260 156:268.528 JLINK_IsHalted()
T3260 156:269.280 - 0.744ms returns FALSE
T3260 156:269.280 JLINK_IsHalted()
T3260 156:269.968 - 0.672ms returns FALSE
T3260 156:364.544 JLINK_IsHalted()
T3260 156:365.376 - 0.831ms returns FALSE
T3260 156:365.392 JLINK_IsHalted()
T3260 156:366.320 - 0.934ms returns FALSE
T3260 156:476.512 JLINK_IsHalted()
T3260 156:477.280 - 0.778ms returns FALSE
T3260 156:477.344 JLINK_IsHalted()
T3260 156:478.032 - 0.697ms returns FALSE
T3260 156:588.384 JLINK_IsHalted()
T3260 156:589.248 - 0.852ms returns FALSE
T3260 156:589.280 JLINK_IsHalted()
T3260 156:589.984 - 0.715ms returns FALSE
T3260 156:699.232 JLINK_IsHalted()
T3260 156:700.336 - 1.105ms returns FALSE
T3260 156:700.384 JLINK_IsHalted()
T3260 156:701.408 - 1.017ms returns FALSE
T3260 156:810.848 JLINK_IsHalted()
T3260 156:811.696 - 0.864ms returns FALSE
T3260 156:811.728 JLINK_IsHalted()
T3260 156:812.400 - 0.675ms returns FALSE
T3260 156:921.952 JLINK_IsHalted()
T3260 156:922.736 - 0.802ms returns FALSE
T3260 156:922.768 JLINK_IsHalted()
T3260 156:923.424 - 0.669ms returns FALSE
T3260 157:033.184 JLINK_IsHalted()
T3260 157:034.400 - 1.225ms returns FALSE
T3260 157:034.448 JLINK_IsHalted()
T3260 157:035.344 - 0.896ms returns FALSE
T87C0 157:065.600 JLINK_IsHalted()
T87C0 157:066.704 - 1.105ms returns FALSE
T87C0 157:066.720 JLINK_IsHalted()
T87C0 157:067.632 - 0.907ms returns FALSE
T3260 157:128.992 JLINK_IsHalted()
T3260 157:129.952 - 0.961ms returns FALSE
T3260 157:129.952 JLINK_IsHalted()
T3260 157:130.832 - 0.861ms returns FALSE
T3260 157:240.480 JLINK_IsHalted()
T3260 157:241.248 - 0.750ms returns FALSE
T3260 157:241.248 JLINK_IsHalted()
T3260 157:242.016 - 0.755ms returns FALSE
T3260 157:352.560 JLINK_IsHalted()
T3260 157:353.456 - 0.896ms returns FALSE
T3260 157:353.504 JLINK_IsHalted()
T3260 157:354.160 - 0.656ms returns FALSE
T3260 157:463.840 JLINK_IsHalted()
T3260 157:464.864 - 1.010ms returns FALSE
T3260 157:464.912 JLINK_IsHalted()
T3260 157:465.952 - 1.041ms returns FALSE
T3260 157:575.392 JLINK_IsHalted()
T3260 157:576.224 - 0.839ms returns FALSE
T3260 157:576.256 JLINK_IsHalted()
T3260 157:576.928 - 0.666ms returns FALSE
T3260 157:687.248 JLINK_IsHalted()
T3260 157:688.096 - 0.853ms returns FALSE
T3260 157:688.128 JLINK_IsHalted()
T3260 157:688.944 - 0.817ms returns FALSE
T3260 157:799.392 JLINK_IsHalted()
T3260 157:800.176 - 0.790ms returns FALSE
T3260 157:800.192 JLINK_IsHalted()
T3260 157:800.912 - 0.715ms returns FALSE
T3260 157:895.392 JLINK_IsHalted()
T3260 157:896.336 - 0.943ms returns FALSE
T3260 157:896.352 JLINK_IsHalted()
T3260 157:897.136 - 0.787ms returns FALSE
T3260 158:007.392 JLINK_IsHalted()
T3260 158:008.112 - 0.724ms returns FALSE
T3260 158:008.144 JLINK_IsHalted()
T3260 158:008.912 - 0.774ms returns FALSE
T87C0 158:071.616 JLINK_IsHalted()
T87C0 158:072.672 - 1.039ms returns FALSE
T87C0 158:072.672 JLINK_IsHalted()
T87C0 158:073.568 - 0.895ms returns FALSE
T3260 158:119.600 JLINK_IsHalted()
T3260 158:120.384 - 0.783ms returns FALSE
T3260 158:120.416 JLINK_IsHalted()
T3260 158:121.312 - 0.899ms returns FALSE
T3260 158:231.456 JLINK_IsHalted()
T3260 158:232.240 - 0.791ms returns FALSE
T3260 158:232.272 JLINK_IsHalted()
T3260 158:233.040 - 0.770ms returns FALSE
T3260 158:343.616 JLINK_IsHalted()
T3260 158:344.624 - 1.005ms returns FALSE
T3260 158:344.672 JLINK_IsHalted()
T3260 158:345.504 - 0.838ms returns FALSE
T3260 158:455.296 JLINK_IsHalted()
T3260 158:456.352 - 1.059ms returns FALSE
T3260 158:456.368 JLINK_IsHalted()
T3260 158:457.280 - 0.908ms returns FALSE
T3260 158:551.392 JLINK_IsHalted()
T3260 158:552.144 - 0.754ms returns FALSE
T3260 158:552.160 JLINK_IsHalted()
T3260 158:552.816 - 0.654ms returns FALSE
T3260 158:663.616 JLINK_IsHalted()
T3260 158:664.640 - 1.023ms returns FALSE
T3260 158:664.656 JLINK_IsHalted()
T3260 158:665.616 - 0.951ms returns FALSE
T3260 158:775.360 JLINK_IsHalted()
T3260 158:776.096 - 0.753ms returns FALSE
T3260 158:776.128 JLINK_IsHalted()
T3260 158:776.928 - 0.787ms returns FALSE
T3260 158:887.296 JLINK_IsHalted()
T3260 158:888.096 - 0.787ms returns FALSE
T3260 158:888.112 JLINK_IsHalted()
T3260 158:888.800 - 0.686ms returns FALSE
T3260 158:999.536 JLINK_IsHalted()
T3260 159:000.560 - 1.030ms returns FALSE
T3260 159:000.608 JLINK_IsHalted()
T3260 159:001.312 - 0.722ms returns FALSE
T87C0 159:079.616 JLINK_IsHalted()
T87C0 159:080.560 - 0.945ms returns FALSE
T87C0 159:080.592 JLINK_IsHalted()
T87C0 159:081.296 - 0.698ms returns FALSE
T3260 159:111.392 JLINK_IsHalted()
T3260 159:112.368 - 0.967ms returns FALSE
T3260 159:112.416 JLINK_IsHalted()
T3260 159:113.152 - 0.749ms returns FALSE
T3260 159:206.688 JLINK_IsHalted()
T3260 159:207.696 - 1.002ms returns FALSE
T3260 159:207.728 JLINK_IsHalted()
T3260 159:208.688 - 0.961ms returns FALSE
T3260 159:318.000 JLINK_IsHalted()
T3260 159:318.896 - 0.900ms returns FALSE
T3260 159:318.944 JLINK_IsHalted()
T3260 159:320.016 - 1.058ms returns FALSE
T3260 159:428.448 JLINK_IsHalted()
T3260 159:429.200 - 0.738ms returns FALSE
T3260 159:429.216 JLINK_IsHalted()
T3260 159:429.920 - 0.695ms returns FALSE
T3260 159:538.368 JLINK_IsHalted()
T3260 159:539.168 - 0.806ms returns FALSE
T3260 159:539.200 JLINK_IsHalted()
T3260 159:539.872 - 0.669ms returns FALSE
T3260 159:649.824 JLINK_IsHalted()
T3260 159:650.688 - 0.871ms returns FALSE
T3260 159:650.720 JLINK_IsHalted()
T3260 159:651.680 - 0.958ms returns FALSE
T3260 159:760.272 JLINK_IsHalted()
T3260 159:761.184 - 0.922ms returns FALSE
T3260 159:761.232 JLINK_IsHalted()
T3260 159:761.952 - 0.726ms returns FALSE
T3260 159:870.560 JLINK_IsHalted()
T3260 159:871.360 - 0.801ms returns FALSE
T3260 159:871.392 JLINK_IsHalted()
T3260 159:872.176 - 0.791ms returns FALSE
T3260 159:982.288 JLINK_IsHalted()
T3260 159:983.152 - 0.864ms returns FALSE
T3260 159:983.216 JLINK_IsHalted()
T3260 159:983.904 - 0.692ms returns FALSE
T3260 160:094.048 JLINK_IsHalted()
T3260 160:094.832 - 0.776ms returns FALSE
T3260 160:094.864 JLINK_IsHalted()
T3260 160:095.584 - 0.721ms returns FALSE
T87C0 160:095.648 JLINK_IsHalted()
T87C0 160:096.416 - 0.783ms returns FALSE
T87C0 160:096.432 JLINK_IsHalted()
T87C0 160:097.120 - 0.675ms returns FALSE
T3260 160:206.192 JLINK_IsHalted()
T3260 160:207.072 - 0.873ms returns FALSE
T3260 160:207.072 JLINK_IsHalted()
T3260 160:207.888 - 0.806ms returns FALSE
T3260 160:318.048 JLINK_IsHalted()
T3260 160:318.832 - 0.798ms returns FALSE
T3260 160:318.864 JLINK_IsHalted()
T3260 160:319.584 - 0.715ms returns FALSE
T3260 160:430.160 JLINK_IsHalted()
T3260 160:430.896 - 0.746ms returns FALSE
T3260 160:430.928 JLINK_IsHalted()
T3260 160:431.648 - 0.732ms returns FALSE
T3260 160:542.176 JLINK_IsHalted()
T3260 160:542.944 - 0.777ms returns FALSE
T3260 160:542.960 JLINK_IsHalted()
T3260 160:543.888 - 0.913ms returns FALSE
T3260 160:654.112 JLINK_IsHalted()
T3260 160:654.848 - 0.728ms returns FALSE
T3260 160:654.864 JLINK_IsHalted()
T3260 160:655.632 - 0.762ms returns FALSE
T3260 160:766.128 JLINK_IsHalted()
T3260 160:766.944 - 0.816ms returns FALSE
T3260 160:766.976 JLINK_IsHalted()
T3260 160:767.856 - 0.885ms returns FALSE
T3260 160:877.712 JLINK_IsHalted()
T3260 160:878.576 - 0.865ms returns FALSE
T3260 160:878.592 JLINK_IsHalted()
T3260 160:879.504 - 0.906ms returns FALSE
T3260 160:972.672 JLINK_IsHalted()
T3260 160:973.760 - 1.088ms returns FALSE
T3260 160:973.856 JLINK_IsHalted()
T3260 160:974.800 - 0.930ms returns FALSE
T3260 161:084.640 JLINK_IsHalted()
T3260 161:085.520 - 0.871ms returns FALSE
T3260 161:085.536 JLINK_IsHalted()
T3260 161:086.192 - 0.659ms returns FALSE
T87C0 161:100.960 JLINK_IsHalted()
T87C0 161:101.680 - 0.725ms returns FALSE
T87C0 161:101.712 JLINK_IsHalted()
T87C0 161:102.416 - 0.707ms returns FALSE
T3260 161:196.272 JLINK_IsHalted()
T3260 161:197.136 - 0.854ms returns FALSE
T3260 161:197.152 JLINK_IsHalted()
T3260 161:197.888 - 0.739ms returns FALSE
T3260 161:307.584 JLINK_IsHalted()
T3260 161:308.480 - 0.888ms returns FALSE
T3260 161:308.528 JLINK_IsHalted()
T3260 161:309.280 - 0.743ms returns FALSE
T3260 161:418.400 JLINK_IsHalted()
T3260 161:419.248 - 0.856ms returns FALSE
T3260 161:419.280 JLINK_IsHalted()
T3260 161:420.016 - 0.746ms returns FALSE
T3260 161:529.120 JLINK_IsHalted()
T3260 161:529.856 - 0.742ms returns FALSE
T3260 161:529.904 JLINK_IsHalted()
T3260 161:530.784 - 0.874ms returns FALSE
T3260 161:641.168 JLINK_IsHalted()
T3260 161:641.984 - 0.825ms returns FALSE
T3260 161:642.048 JLINK_IsHalted()
T3260 161:642.976 - 0.924ms returns FALSE
T3260 161:753.104 JLINK_IsHalted()
T3260 161:753.920 - 0.826ms returns FALSE
T3260 161:753.952 JLINK_IsHalted()
T3260 161:754.688 - 0.750ms returns FALSE
T3260 161:849.008 JLINK_IsHalted()
T3260 161:849.760 - 0.746ms returns FALSE
T3260 161:849.776 JLINK_IsHalted()
T3260 161:850.496 - 0.715ms returns FALSE
T3260 161:961.056 JLINK_IsHalted()
T3260 161:962.048 - 0.988ms returns FALSE
T3260 161:962.128 JLINK_IsHalted()
T3260 161:963.200 - 1.081ms returns FALSE
T3260 162:072.896 JLINK_IsHalted()
T3260 162:073.744 - 0.850ms returns FALSE
T3260 162:073.760 JLINK_IsHalted()
T3260 162:074.432 - 0.678ms returns FALSE
T87C0 162:104.928 JLINK_IsHalted()
T87C0 162:105.856 - 0.943ms returns FALSE
T87C0 162:105.888 JLINK_IsHalted()
T87C0 162:106.608 - 0.732ms returns FALSE
T3260 162:183.392 JLINK_IsHalted()
T3260 162:184.128 - 0.744ms returns FALSE
T3260 162:184.144 JLINK_IsHalted()
T3260 162:184.784 - 0.640ms returns FALSE
T3260 162:295.888 JLINK_IsHalted()
T3260 162:296.784 - 0.888ms returns FALSE
T3260 162:296.816 JLINK_IsHalted()
T3260 162:297.680 - 0.857ms returns FALSE
T3260 162:407.264 JLINK_IsHalted()
T3260 162:408.016 - 0.742ms returns FALSE
T3260 162:408.032 JLINK_IsHalted()
T3260 162:408.800 - 0.762ms returns FALSE
T3260 162:503.536 JLINK_IsHalted()
T3260 162:504.480 - 0.937ms returns FALSE
T3260 162:504.480 JLINK_IsHalted()
T3260 162:505.200 - 0.716ms returns FALSE
T3260 162:615.504 JLINK_IsHalted()
T3260 162:616.320 - 0.822ms returns FALSE
T3260 162:616.352 JLINK_IsHalted()
T3260 162:617.184 - 0.846ms returns FALSE
T3260 162:726.592 JLINK_IsHalted()
T3260 162:727.568 - 0.973ms returns FALSE
T3260 162:727.616 JLINK_IsHalted()
T3260 162:728.352 - 0.719ms returns FALSE
T3260 162:836.896 JLINK_IsHalted()
T3260 162:837.648 - 0.740ms returns FALSE
T3260 162:837.664 JLINK_IsHalted()
T3260 162:838.304 - 0.658ms returns FALSE
T3260 162:947.408 JLINK_IsHalted()
T3260 162:948.384 - 0.978ms returns FALSE
T3260 162:948.448 JLINK_IsHalted()
T3260 162:949.424 - 0.983ms returns FALSE
T3260 163:058.320 JLINK_IsHalted()
T3260 163:059.072 - 0.750ms returns FALSE
T3260 163:059.088 JLINK_IsHalted()
T3260 163:059.904 - 0.820ms returns FALSE
T87C0 163:105.952 JLINK_IsHalted()
T87C0 163:106.784 - 0.840ms returns FALSE
T87C0 163:106.832 JLINK_IsHalted()
T87C0 163:107.600 - 0.770ms returns FALSE
T3260 163:169.072 JLINK_IsHalted()
T3260 163:169.920 - 0.838ms returns FALSE
T3260 163:169.952 JLINK_IsHalted()
T3260 163:170.656 - 0.712ms returns FALSE
T3260 163:279.744 JLINK_IsHalted()
T3260 163:280.864 - 1.116ms returns FALSE
T3260 163:280.912 JLINK_IsHalted()
T3260 163:282.000 - 1.092ms returns FALSE
T3260 163:390.368 JLINK_IsHalted()
T3260 163:391.216 - 0.857ms returns FALSE
T3260 163:391.232 JLINK_IsHalted()
T3260 163:391.968 - 0.723ms returns FALSE
T3260 163:502.176 JLINK_IsHalted()
T3260 163:502.896 - 0.714ms returns FALSE
T3260 163:502.912 JLINK_IsHalted()
T3260 163:503.776 - 0.851ms returns FALSE
T3260 163:598.368 JLINK_IsHalted()
T3260 163:599.248 - 0.873ms returns FALSE
T3260 163:599.280 JLINK_IsHalted()
T3260 163:600.080 - 0.793ms returns FALSE
T3260 163:710.144 JLINK_IsHalted()
T3260 163:710.912 - 0.764ms returns FALSE
T3260 163:710.944 JLINK_IsHalted()
T3260 163:711.776 - 0.845ms returns FALSE
T3260 163:822.208 JLINK_IsHalted()
T3260 163:823.168 - 0.957ms returns FALSE
T3260 163:823.184 JLINK_IsHalted()
T3260 163:823.888 - 0.701ms returns FALSE
T3260 163:934.240 JLINK_IsHalted()
T3260 163:935.184 - 0.945ms returns FALSE
T3260 163:935.232 JLINK_IsHalted()
T3260 163:936.224 - 0.995ms returns FALSE
T3260 164:044.512 JLINK_IsHalted()
T3260 164:045.344 - 0.812ms returns FALSE
T3260 164:045.360 JLINK_IsHalted()
T3260 164:046.048 - 0.673ms returns FALSE
T87C0 164:108.736 JLINK_IsHalted()
T87C0 164:109.744 - 1.008ms returns FALSE
T87C0 164:109.760 JLINK_IsHalted()
T87C0 164:110.672 - 0.904ms returns FALSE
T3260 164:156.544 JLINK_IsHalted()
T3260 164:157.520 - 0.970ms returns FALSE
T3260 164:157.536 JLINK_IsHalted()
T3260 164:158.560 - 1.015ms returns FALSE
T3260 164:268.208 JLINK_IsHalted()
T3260 164:268.880 - 0.667ms returns FALSE
T3260 164:268.896 JLINK_IsHalted()
T3260 164:269.600 - 0.707ms returns FALSE
T3260 164:364.288 JLINK_IsHalted()
T3260 164:365.056 - 0.763ms returns FALSE
T3260 164:365.088 JLINK_IsHalted()
T3260 164:365.728 - 0.657ms returns FALSE
T3260 164:477.088 JLINK_IsHalted()
T3260 164:478.048 - 0.962ms returns FALSE
T3260 164:478.096 JLINK_IsHalted()
T3260 164:479.072 - 0.982ms returns FALSE
T3260 164:588.304 JLINK_IsHalted()
T3260 164:589.008 - 0.704ms returns FALSE
T3260 164:589.024 JLINK_IsHalted()
T3260 164:589.840 - 0.800ms returns FALSE
T3260 164:701.440 JLINK_IsHalted()
T3260 164:702.160 - 0.714ms returns FALSE
T3260 164:702.176 JLINK_IsHalted()
T3260 164:702.832 - 0.666ms returns FALSE
T3260 164:812.704 JLINK_IsHalted()
T3260 164:813.792 - 1.094ms returns FALSE
T3260 164:813.840 JLINK_IsHalted()
T3260 164:814.928 - 1.088ms returns FALSE
T3260 164:924.640 JLINK_IsHalted()
T3260 164:925.424 - 0.782ms returns FALSE
T3260 164:925.456 JLINK_IsHalted()
T3260 164:926.112 - 0.657ms returns FALSE
T3260 165:020.448 JLINK_IsHalted()
T3260 165:021.200 - 0.736ms returns FALSE
T3260 165:021.216 JLINK_IsHalted()
T3260 165:021.968 - 0.738ms returns FALSE
T87C0 165:116.624 JLINK_IsHalted()
T87C0 165:117.408 - 0.796ms returns FALSE
T87C0 165:117.440 JLINK_IsHalted()
T87C0 165:118.192 - 0.745ms returns FALSE
T3260 165:132.480 JLINK_IsHalted()
T3260 165:133.248 - 0.765ms returns FALSE
T3260 165:133.264 JLINK_IsHalted()
T3260 165:133.968 - 0.694ms returns FALSE
T3260 165:244.352 JLINK_IsHalted()
T3260 165:245.152 - 0.785ms returns FALSE
T3260 165:245.168 JLINK_IsHalted()
T3260 165:245.904 - 0.728ms returns FALSE
T3260 165:356.528 JLINK_IsHalted()
T3260 165:357.360 - 0.823ms returns FALSE
T3260 165:357.376 JLINK_IsHalted()
T3260 165:358.016 - 0.635ms returns FALSE
T3260 165:468.704 JLINK_IsHalted()
T3260 165:469.376 - 0.670ms returns FALSE
T3260 165:469.392 JLINK_IsHalted()
T3260 165:470.112 - 0.715ms returns FALSE
T3260 165:580.192 JLINK_IsHalted()
T3260 165:581.056 - 0.877ms returns FALSE
T3260 165:581.088 JLINK_IsHalted()
T3260 165:581.856 - 0.789ms returns FALSE
T3260 165:676.368 JLINK_IsHalted()
T3260 165:677.152 - 0.788ms returns FALSE
T3260 165:677.184 JLINK_IsHalted()
T3260 165:677.920 - 0.737ms returns FALSE
T3260 165:788.400 JLINK_IsHalted()
T3260 165:789.408 - 1.001ms returns FALSE
T3260 165:789.424 JLINK_IsHalted()
T3260 165:790.208 - 0.772ms returns FALSE
T3260 165:899.424 JLINK_IsHalted()
T3260 165:900.448 - 1.010ms returns FALSE
T3260 165:900.480 JLINK_IsHalted()
T3260 165:901.504 - 1.017ms returns FALSE
T3260 166:009.248 JLINK_IsHalted()
T3260 166:010.080 - 0.832ms returns FALSE
T3260 166:010.080 JLINK_IsHalted()
T3260 166:010.704 - 0.613ms returns FALSE
T3260 166:120.384 JLINK_IsHalted()
T3260 166:121.184 - 0.797ms returns FALSE
T3260 166:121.200 JLINK_IsHalted()
T3260 166:122.096 - 0.894ms returns FALSE
T87C0 166:122.160 JLINK_IsHalted()
T87C0 166:122.944 - 0.783ms returns FALSE
T87C0 166:122.960 JLINK_IsHalted()
T87C0 166:123.680 - 0.728ms returns FALSE
T3260 166:231.840 JLINK_IsHalted()
T3260 166:232.864 - 1.032ms returns FALSE
T3260 166:232.928 JLINK_IsHalted()
T3260 166:233.824 - 0.889ms returns FALSE
T3260 166:343.312 JLINK_IsHalted()
T3260 166:344.160 - 0.844ms returns FALSE
T3260 166:344.160 JLINK_IsHalted()
T3260 166:344.992 - 0.819ms returns FALSE
T3260 166:455.152 JLINK_IsHalted()
T3260 166:456.032 - 0.882ms returns FALSE
T3260 166:456.064 JLINK_IsHalted()
T3260 166:456.736 - 0.679ms returns FALSE
T3260 166:551.408 JLINK_IsHalted()
T3260 166:552.288 - 0.880ms returns FALSE
T3260 166:552.304 JLINK_IsHalted()
T3260 166:553.152 - 0.835ms returns FALSE
T3260 166:663.568 JLINK_IsHalted()
T3260 166:664.544 - 0.964ms returns FALSE
T3260 166:664.560 JLINK_IsHalted()
T3260 166:665.296 - 0.728ms returns FALSE
T3260 166:775.392 JLINK_IsHalted()
T3260 166:776.064 - 0.678ms returns FALSE
T3260 166:776.080 JLINK_IsHalted()
T3260 166:776.880 - 0.810ms returns FALSE
T3260 166:887.456 JLINK_IsHalted()
T3260 166:888.544 - 1.071ms returns FALSE
T3260 166:888.608 JLINK_IsHalted()
T3260 166:889.648 - 1.045ms returns FALSE
T3260 166:999.504 JLINK_IsHalted()
T3260 167:000.288 - 0.794ms returns FALSE
T3260 167:000.304 JLINK_IsHalted()
T3260 167:000.976 - 0.668ms returns FALSE
T3260 167:111.552 JLINK_IsHalted()
T3260 167:112.384 - 0.842ms returns FALSE
T3260 167:112.416 JLINK_IsHalted()
T3260 167:113.088 - 0.677ms returns FALSE
T87C0 167:127.328 JLINK_IsHalted()
T87C0 167:128.032 - 0.692ms returns FALSE
T87C0 167:128.032 JLINK_IsHalted()
T87C0 167:128.784 - 0.734ms returns FALSE
T3260 167:207.328 JLINK_IsHalted()
T3260 167:208.224 - 0.889ms returns FALSE
T3260 167:208.480 JLINK_IsHalted()
T3260 167:209.552 - 1.067ms returns FALSE
T3260 167:319.344 JLINK_IsHalted()
T3260 167:320.288 - 0.944ms returns FALSE
T3260 167:320.304 JLINK_IsHalted()
T3260 167:321.184 - 0.862ms returns FALSE
T3260 167:431.440 JLINK_IsHalted()
T3260 167:432.416 - 0.974ms returns FALSE
T3260 167:432.416 JLINK_IsHalted()
T3260 167:433.392 - 0.968ms returns FALSE
T3260 167:543.488 JLINK_IsHalted()
T3260 167:544.400 - 0.918ms returns FALSE
T3260 167:544.416 JLINK_IsHalted()
T3260 167:545.152 - 0.728ms returns FALSE
T3260 167:655.456 JLINK_IsHalted()
T3260 167:656.272 - 0.802ms returns FALSE
T3260 167:656.288 JLINK_IsHalted()
T3260 167:656.992 - 0.692ms returns FALSE
T3260 167:767.456 JLINK_IsHalted()
T3260 167:768.288 - 0.847ms returns FALSE
T3260 167:768.336 JLINK_IsHalted()
T3260 167:769.168 - 0.840ms returns FALSE
T3260 167:863.440 JLINK_IsHalted()
T3260 167:864.224 - 0.796ms returns FALSE
T3260 167:864.272 JLINK_IsHalted()
T3260 167:864.960 - 0.681ms returns FALSE
T3260 167:975.312 JLINK_IsHalted()
T3260 167:976.080 - 0.760ms returns FALSE
T3260 167:976.096 JLINK_IsHalted()
T3260 167:976.976 - 0.886ms returns FALSE
T3260 168:086.192 JLINK_IsHalted()
T3260 168:086.944 - 0.747ms returns FALSE
T3260 168:086.960 JLINK_IsHalted()
T3260 168:087.664 - 0.705ms returns FALSE
T87C0 168:134.352 JLINK_IsHalted()
T87C0 168:135.088 - 0.734ms returns FALSE
T87C0 168:135.104 JLINK_IsHalted()
T87C0 168:135.840 - 0.744ms returns FALSE
T3260 168:197.392 JLINK_IsHalted()
T3260 168:198.176 - 0.777ms returns FALSE
T3260 168:198.176 JLINK_IsHalted()
T3260 168:198.848 - 0.667ms returns FALSE
T3260 168:309.488 JLINK_IsHalted()
T3260 168:310.448 - 0.956ms returns FALSE
T3260 168:310.496 JLINK_IsHalted()
T3260 168:311.472 - 0.969ms returns FALSE
T3260 168:419.936 JLINK_IsHalted()
T3260 168:420.832 - 0.904ms returns FALSE
T3260 168:420.864 JLINK_IsHalted()
T3260 168:421.616 - 0.760ms returns FALSE
T3260 168:530.144 JLINK_IsHalted()
T3260 168:531.024 - 0.859ms returns FALSE
T3260 168:531.040 JLINK_IsHalted()
T3260 168:531.840 - 0.807ms returns FALSE
T3260 168:641.440 JLINK_IsHalted()
T3260 168:642.464 - 1.032ms returns FALSE
T3260 168:642.464 JLINK_IsHalted()
T3260 168:643.344 - 0.868ms returns FALSE
T3260 168:752.416 JLINK_IsHalted()
T3260 168:753.184 - 0.766ms returns FALSE
T3260 168:753.184 JLINK_IsHalted()
T3260 168:753.824 - 0.637ms returns FALSE
T3260 168:847.152 JLINK_IsHalted()
T3260 168:848.016 - 0.864ms returns FALSE
T3260 168:848.048 JLINK_IsHalted()
T3260 168:848.896 - 0.841ms returns FALSE
T3260 168:958.768 JLINK_IsHalted()
T3260 168:959.840 - 1.067ms returns FALSE
T3260 168:959.888 JLINK_IsHalted()
T3260 168:960.944 - 1.068ms returns FALSE
T3260 169:070.176 JLINK_IsHalted()
T3260 169:070.944 - 0.760ms returns FALSE
T3260 169:070.960 JLINK_IsHalted()
T3260 169:071.760 - 0.793ms returns FALSE
T87C0 169:150.400 JLINK_IsHalted()
T87C0 169:151.248 - 0.853ms returns FALSE
T87C0 169:151.264 JLINK_IsHalted()
T87C0 169:151.968 - 0.703ms returns FALSE
T3260 169:182.112 JLINK_IsHalted()
T3260 169:182.944 - 0.848ms returns FALSE
T3260 169:182.960 JLINK_IsHalted()
T3260 169:183.712 - 0.730ms returns FALSE
T3260 169:294.624 JLINK_IsHalted()
T3260 169:295.504 - 0.859ms returns FALSE
T3260 169:295.520 JLINK_IsHalted()
T3260 169:296.224 - 0.709ms returns FALSE
T3260 169:405.664 JLINK_IsHalted()
T3260 169:406.608 - 0.936ms returns FALSE
T3260 169:406.624 JLINK_IsHalted()
T3260 169:407.312 - 0.682ms returns FALSE
T3260 169:516.368 JLINK_IsHalted()
T3260 169:517.424 - 1.058ms returns FALSE
T3260 169:517.472 JLINK_IsHalted()
T3260 169:518.560 - 1.080ms returns FALSE
T3260 169:612.656 JLINK_IsHalted()
T3260 169:613.712 - 1.048ms returns FALSE
T3260 169:613.728 JLINK_IsHalted()
T3260 169:614.560 - 0.832ms returns FALSE
T3260 169:724.512 JLINK_IsHalted()
T3260 169:725.344 - 0.834ms returns FALSE
T3260 169:725.360 JLINK_IsHalted()
T3260 169:726.240 - 0.890ms returns FALSE
T3260 169:835.216 JLINK_IsHalted()
T3260 169:836.032 - 0.825ms returns FALSE
T3260 169:836.048 JLINK_IsHalted()
T3260 169:836.800 - 0.756ms returns FALSE
T3260 169:946.656 JLINK_IsHalted()
T3260 169:947.568 - 0.904ms returns FALSE
T3260 169:947.600 JLINK_IsHalted()
T3260 169:948.512 - 0.905ms returns FALSE
T3260 170:057.232 JLINK_IsHalted()
T3260 170:058.272 - 1.057ms returns FALSE
T3260 170:058.304 JLINK_IsHalted()
T3260 170:059.024 - 0.714ms returns FALSE
T87C0 170:152.928 JLINK_IsHalted()
T87C0 170:153.744 - 0.817ms returns FALSE
T87C0 170:153.760 JLINK_IsHalted()
T87C0 170:154.432 - 0.677ms returns FALSE
T3260 170:168.480 JLINK_IsHalted()
T3260 170:169.264 - 0.772ms returns FALSE
T3260 170:169.296 JLINK_IsHalted()
T3260 170:170.016 - 0.721ms returns FALSE
T3260 170:279.328 JLINK_IsHalted()
T3260 170:280.320 - 0.980ms returns FALSE
T3260 170:280.336 JLINK_IsHalted()
T3260 170:281.056 - 0.706ms returns FALSE
T3260 170:391.472 JLINK_IsHalted()
T3260 170:392.416 - 0.954ms returns FALSE
T3260 170:392.448 JLINK_IsHalted()
T3260 170:393.392 - 0.942ms returns FALSE
T3260 170:487.648 JLINK_IsHalted()
T3260 170:488.576 - 0.931ms returns FALSE
T3260 170:488.608 JLINK_IsHalted()
T3260 170:489.504 - 0.880ms returns FALSE
T3260 170:599.280 JLINK_IsHalted()
T3260 170:600.160 - 0.868ms returns FALSE
T3260 170:600.176 JLINK_IsHalted()
T3260 170:600.976 - 0.790ms returns FALSE
T3260 170:711.456 JLINK_IsHalted()
T3260 170:712.336 - 0.886ms returns FALSE
T3260 170:712.352 JLINK_IsHalted()
T3260 170:713.056 - 0.705ms returns FALSE
T3260 170:823.200 JLINK_IsHalted()
T3260 170:824.256 - 1.043ms returns FALSE
T3260 170:824.272 JLINK_IsHalted()
T3260 170:825.024 - 0.755ms returns FALSE
T3260 170:935.424 JLINK_IsHalted()
T3260 170:936.416 - 0.999ms returns FALSE
T3260 170:936.432 JLINK_IsHalted()
T3260 170:937.376 - 0.923ms returns FALSE
T3260 171:047.680 JLINK_IsHalted()
T3260 171:048.640 - 0.964ms returns FALSE
T3260 171:048.672 JLINK_IsHalted()
T3260 171:049.488 - 0.809ms returns FALSE
T3260 171:159.072 JLINK_IsHalted()
T3260 171:159.856 - 0.776ms returns FALSE
T3260 171:159.888 JLINK_IsHalted()
T3260 171:160.608 - 0.724ms returns FALSE
T87C0 171:160.672 JLINK_IsHalted()
T87C0 171:161.392 - 0.725ms returns FALSE
T87C0 171:161.408 JLINK_IsHalted()
T87C0 171:162.096 - 0.693ms returns FALSE
T3260 171:255.296 JLINK_IsHalted()
T3260 171:256.112 - 0.824ms returns FALSE
T3260 171:256.160 JLINK_IsHalted()
T3260 171:257.008 - 0.850ms returns FALSE
T3260 171:367.376 JLINK_IsHalted()
T3260 171:368.176 - 0.809ms returns FALSE
T3260 171:368.208 JLINK_IsHalted()
T3260 171:369.152 - 0.946ms returns FALSE
T3260 171:479.392 JLINK_IsHalted()
T3260 171:480.128 - 0.739ms returns FALSE
T3260 171:480.144 JLINK_IsHalted()
T3260 171:480.800 - 0.665ms returns FALSE
T3260 171:592.000 JLINK_IsHalted()
T3260 171:592.992 - 0.992ms returns FALSE
T3260 171:593.056 JLINK_IsHalted()
T3260 171:593.872 - 0.817ms returns FALSE
T3260 171:703.520 JLINK_IsHalted()
T3260 171:704.288 - 0.784ms returns FALSE
T3260 171:704.336 JLINK_IsHalted()
T3260 171:705.184 - 0.848ms returns FALSE
T3260 171:815.680 JLINK_IsHalted()
T3260 171:816.512 - 0.833ms returns FALSE
T3260 171:816.544 JLINK_IsHalted()
T3260 171:817.312 - 0.779ms returns FALSE
T3260 171:911.632 JLINK_IsHalted()
T3260 171:912.544 - 0.912ms returns FALSE
T3260 171:912.560 JLINK_IsHalted()
T3260 171:913.296 - 0.725ms returns FALSE
T3260 172:023.280 JLINK_IsHalted()
T3260 172:024.096 - 0.805ms returns FALSE
T3260 172:024.112 JLINK_IsHalted()
T3260 172:024.928 - 0.812ms returns FALSE
T3260 172:135.648 JLINK_IsHalted()
T3260 172:136.688 - 1.052ms returns FALSE
T3260 172:136.720 JLINK_IsHalted()
T3260 172:137.520 - 0.802ms returns FALSE
T87C0 172:167.760 JLINK_IsHalted()
T87C0 172:168.720 - 0.960ms returns FALSE
T87C0 172:168.784 JLINK_IsHalted()
T87C0 172:169.776 - 1.008ms returns FALSE
T3260 172:247.488 JLINK_IsHalted()
T3260 172:248.336 - 0.835ms returns FALSE
T3260 172:248.352 JLINK_IsHalted()
T3260 172:249.168 - 0.820ms returns FALSE
T3260 172:359.328 JLINK_IsHalted()
T3260 172:359.904 - 0.571ms returns FALSE
T3260 172:359.920 JLINK_IsHalted()
T3260 172:360.592 - 0.662ms returns FALSE
T3260 172:471.536 JLINK_IsHalted()
T3260 172:472.592 - 1.050ms returns FALSE
T3260 172:472.608 JLINK_IsHalted()
T3260 172:473.344 - 0.729ms returns FALSE
T3260 172:567.456 JLINK_IsHalted()
T3260 172:568.336 - 0.883ms returns FALSE
T3260 172:568.352 JLINK_IsHalted()
T3260 172:569.088 - 0.727ms returns FALSE
T3260 172:679.520 JLINK_IsHalted()
T3260 172:680.304 - 0.795ms returns FALSE
T3260 172:680.352 JLINK_IsHalted()
T3260 172:681.184 - 0.825ms returns FALSE
T3260 172:791.328 JLINK_IsHalted()
T3260 172:792.112 - 0.785ms returns FALSE
T3260 172:792.144 JLINK_IsHalted()
T3260 172:792.896 - 0.758ms returns FALSE
T3260 172:902.384 JLINK_IsHalted()
T3260 172:903.392 - 1.013ms returns FALSE
T3260 172:903.440 JLINK_IsHalted()
T3260 172:904.224 - 0.799ms returns FALSE
T3260 173:013.296 JLINK_IsHalted()
T3260 173:014.048 - 0.756ms returns FALSE
T3260 173:014.064 JLINK_IsHalted()
T3260 173:014.848 - 0.784ms returns FALSE
T3260 173:124.928 JLINK_IsHalted()
T3260 173:125.792 - 0.851ms returns FALSE
T3260 173:125.792 JLINK_IsHalted()
T3260 173:126.496 - 0.709ms returns FALSE
T87C0 173:172.144 JLINK_IsHalted()
T87C0 173:173.024 - 0.885ms returns FALSE
T87C0 173:173.040 JLINK_IsHalted()
T87C0 173:173.792 - 0.747ms returns FALSE
T3260 173:235.424 JLINK_IsHalted()
T3260 173:236.320 - 0.891ms returns FALSE
T3260 173:236.368 JLINK_IsHalted()
T3260 173:237.264 - 0.896ms returns FALSE
T3260 173:346.432 JLINK_IsHalted()
T3260 173:347.264 - 0.822ms returns FALSE
T3260 173:347.280 JLINK_IsHalted()
T3260 173:347.968 - 0.693ms returns FALSE
T3260 173:441.696 JLINK_IsHalted()
T3260 173:442.448 - 0.751ms returns FALSE
T3260 173:442.464 JLINK_IsHalted()
T3260 173:443.232 - 0.763ms returns FALSE
T3260 173:552.496 JLINK_IsHalted()
T3260 173:553.440 - 0.946ms returns FALSE
T3260 173:553.456 JLINK_IsHalted()
T3260 173:554.272 - 0.794ms returns FALSE
T3260 173:663.472 JLINK_IsHalted()
T3260 173:664.288 - 0.828ms returns FALSE
T3260 173:664.320 JLINK_IsHalted()
T3260 173:665.120 - 0.800ms returns FALSE
T3260 173:774.304 JLINK_IsHalted()
T3260 173:775.296 - 0.984ms returns FALSE
T3260 173:775.312 JLINK_IsHalted()
T3260 173:776.016 - 0.702ms returns FALSE
T3260 173:885.824 JLINK_IsHalted()
T3260 173:886.880 - 1.044ms returns FALSE
T3260 173:886.912 JLINK_IsHalted()
T3260 173:887.904 - 0.986ms returns FALSE
T3260 173:996.416 JLINK_IsHalted()
T3260 173:997.152 - 0.735ms returns FALSE
T3260 173:997.168 JLINK_IsHalted()
T3260 173:997.872 - 0.703ms returns FALSE
T3260 174:108.480 JLINK_IsHalted()
T3260 174:109.456 - 0.966ms returns FALSE
T3260 174:109.472 JLINK_IsHalted()
T3260 174:110.176 - 0.709ms returns FALSE
T87C0 174:173.136 JLINK_IsHalted()
T87C0 174:173.856 - 0.717ms returns FALSE
T87C0 174:173.872 JLINK_IsHalted()
T87C0 174:174.560 - 0.689ms returns FALSE
T3260 174:220.688 JLINK_IsHalted()
T3260 174:221.696 - 1.010ms returns FALSE
T3260 174:226.848 JLINK_IsHalted()
T3260 174:227.872 - 1.036ms returns FALSE
T3260 174:332.384 JLINK_IsHalted()
T3260 174:333.280 - 0.897ms returns FALSE
T3260 174:333.312 JLINK_IsHalted()
T3260 174:334.080 - 0.760ms returns FALSE
T3260 174:444.448 JLINK_IsHalted()
T3260 174:445.184 - 0.741ms returns FALSE
T3260 174:445.216 JLINK_IsHalted()
T3260 174:445.920 - 0.711ms returns FALSE
T3260 174:556.752 JLINK_IsHalted()
T3260 174:557.600 - 0.848ms returns FALSE
T3260 174:557.632 JLINK_IsHalted()
T3260 174:558.432 - 0.818ms returns FALSE
T3260 174:668.704 JLINK_IsHalted()
T3260 174:669.536 - 0.819ms returns FALSE
T3260 174:669.536 JLINK_IsHalted()
T3260 174:670.240 - 0.689ms returns FALSE
T3260 174:780.432 JLINK_IsHalted()
T3260 174:781.280 - 0.846ms returns FALSE
T3260 174:781.296 JLINK_IsHalted()
T3260 174:781.984 - 0.672ms returns FALSE
T3260 174:892.768 JLINK_IsHalted()
T3260 174:893.744 - 0.964ms returns FALSE
T3260 174:893.760 JLINK_IsHalted()
T3260 174:894.704 - 0.949ms returns FALSE
T3260 174:988.208 JLINK_IsHalted()
T3260 174:989.008 - 0.782ms returns FALSE
T3260 174:989.024 JLINK_IsHalted()
T3260 174:989.824 - 0.810ms returns FALSE
T3260 175:100.640 JLINK_IsHalted()
T3260 175:101.408 - 0.768ms returns FALSE
T3260 175:101.424 JLINK_IsHalted()
T3260 175:102.160 - 0.722ms returns FALSE
T87C0 175:180.688 JLINK_IsHalted()
T87C0 175:181.472 - 0.784ms returns FALSE
T87C0 175:181.488 JLINK_IsHalted()
T87C0 175:182.272 - 0.760ms returns FALSE
T3260 175:212.512 JLINK_IsHalted()
T3260 175:213.408 - 0.910ms returns FALSE
T3260 175:213.456 JLINK_IsHalted()
T3260 175:214.304 - 0.845ms returns FALSE
T3260 175:324.192 JLINK_IsHalted()
T3260 175:324.960 - 0.774ms returns FALSE
T3260 175:324.992 JLINK_IsHalted()
T3260 175:325.728 - 0.731ms returns FALSE
T3260 175:436.320 JLINK_IsHalted()
T3260 175:437.152 - 0.819ms returns FALSE
T3260 175:437.168 JLINK_IsHalted()
T3260 175:437.904 - 0.727ms returns FALSE
T3260 175:548.864 JLINK_IsHalted()
T3260 175:550.000 - 1.137ms returns FALSE
T3260 175:550.112 JLINK_IsHalted()
T3260 175:550.976 - 0.874ms returns FALSE
T3260 175:644.640 JLINK_IsHalted()
T3260 175:645.488 - 0.853ms returns FALSE
T3260 175:645.504 JLINK_IsHalted()
T3260 175:646.160 - 0.654ms returns FALSE
T3260 175:756.304 JLINK_IsHalted()
T3260 175:757.040 - 0.735ms returns FALSE
T3260 175:757.056 JLINK_IsHalted()
T3260 175:757.760 - 0.707ms returns FALSE
T3260 175:868.496 JLINK_IsHalted()
T3260 175:869.408 - 0.910ms returns FALSE
T3260 175:869.440 JLINK_IsHalted()
T3260 175:870.320 - 0.883ms returns FALSE
T3260 175:980.592 JLINK_IsHalted()
T3260 175:981.392 - 0.791ms returns FALSE
T3260 175:981.408 JLINK_IsHalted()
T3260 175:982.080 - 0.675ms returns FALSE
T3260 176:092.352 JLINK_IsHalted()
T3260 176:093.184 - 0.828ms returns FALSE
T3260 176:093.200 JLINK_IsHalted()
T3260 176:093.856 - 0.652ms returns FALSE
T87C0 176:188.368 JLINK_IsHalted()
T87C0 176:189.104 - 0.738ms returns FALSE
T87C0 176:189.136 JLINK_IsHalted()
T87C0 176:189.792 - 0.666ms returns FALSE
T3260 176:204.720 JLINK_IsHalted()
T3260 176:205.408 - 0.694ms returns FALSE
T3260 176:205.424 JLINK_IsHalted()
T3260 176:206.208 - 0.779ms returns FALSE
T3260 176:300.832 JLINK_IsHalted()
T3260 176:301.888 - 1.059ms returns FALSE
T3260 176:301.952 JLINK_IsHalted()
T3260 176:302.832 - 0.886ms returns FALSE
T3260 176:412.320 JLINK_IsHalted()
T3260 176:413.056 - 0.724ms returns FALSE
T3260 176:413.088 JLINK_IsHalted()
T3260 176:413.920 - 0.838ms returns FALSE
T3260 176:524.400 JLINK_IsHalted()
T3260 176:525.184 - 0.785ms returns FALSE
T3260 176:525.216 JLINK_IsHalted()
T3260 176:526.048 - 0.833ms returns FALSE
T3260 176:636.528 JLINK_IsHalted()
T3260 176:637.488 - 0.969ms returns FALSE
T3260 176:637.520 JLINK_IsHalted()
T3260 176:638.352 - 0.823ms returns FALSE
T3260 176:748.608 JLINK_IsHalted()
T3260 176:749.392 - 0.783ms returns FALSE
T3260 176:749.408 JLINK_IsHalted()
T3260 176:750.192 - 0.785ms returns FALSE
T3260 176:860.512 JLINK_IsHalted()
T3260 176:861.440 - 0.931ms returns FALSE
T3260 176:861.472 JLINK_IsHalted()
T3260 176:862.384 - 0.909ms returns FALSE
T3260 176:956.624 JLINK_IsHalted()
T3260 176:957.744 - 1.118ms returns FALSE
T3260 176:957.824 JLINK_IsHalted()
T3260 176:958.816 - 0.985ms returns FALSE
T3260 177:068.480 JLINK_IsHalted()
T3260 177:069.184 - 0.705ms returns FALSE
T3260 177:069.216 JLINK_IsHalted()
T3260 177:069.840 - 0.629ms returns FALSE
T3260 177:180.512 JLINK_IsHalted()
T3260 177:181.472 - 0.955ms returns FALSE
T3260 177:181.488 JLINK_IsHalted()
T3260 177:182.336 - 0.840ms returns FALSE
T87C0 177:196.704 JLINK_IsHalted()
T87C0 177:197.536 - 0.810ms returns FALSE
T87C0 177:197.536 JLINK_IsHalted()
T87C0 177:198.480 - 0.942ms returns FALSE
T3260 177:291.840 JLINK_IsHalted()
T3260 177:292.736 - 0.890ms returns FALSE
T3260 177:292.768 JLINK_IsHalted()
T3260 177:293.856 - 1.067ms returns FALSE
T3260 177:402.592 JLINK_IsHalted()
T3260 177:403.472 - 0.885ms returns FALSE
T3260 177:403.488 JLINK_IsHalted()
T3260 177:404.320 - 0.825ms returns FALSE
T3260 177:513.104 JLINK_IsHalted()
T3260 177:514.016 - 0.911ms returns FALSE
T3260 177:514.016 JLINK_IsHalted()
T3260 177:514.800 - 0.782ms returns FALSE
T3260 177:625.280 JLINK_IsHalted()
T3260 177:626.208 - 0.934ms returns FALSE
T3260 177:626.224 JLINK_IsHalted()
T3260 177:627.168 - 0.924ms returns FALSE
T3260 177:737.056 JLINK_IsHalted()
T3260 177:737.888 - 0.839ms returns FALSE
T3260 177:737.920 JLINK_IsHalted()
T3260 177:738.576 - 0.655ms returns FALSE
T3260 177:833.056 JLINK_IsHalted()
T3260 177:833.952 - 0.895ms returns FALSE
T3260 177:833.968 JLINK_IsHalted()
T3260 177:834.672 - 0.709ms returns FALSE
T3260 177:945.552 JLINK_IsHalted()
T3260 177:946.736 - 1.186ms returns FALSE
T3260 177:946.784 JLINK_IsHalted()
T3260 177:947.936 - 1.158ms returns FALSE
T3260 178:055.296 JLINK_IsHalted()
T3260 178:056.208 - 0.911ms returns FALSE
T3260 178:056.224 JLINK_IsHalted()
T3260 178:056.928 - 0.701ms returns FALSE
T3260 178:167.504 JLINK_IsHalted()
T3260 178:168.224 - 0.730ms returns FALSE
T3260 178:168.256 JLINK_IsHalted()
T3260 178:169.024 - 0.775ms returns FALSE
T87C0 178:199.648 JLINK_IsHalted()
T87C0 178:200.400 - 0.745ms returns FALSE
T87C0 178:200.416 JLINK_IsHalted()
T87C0 178:201.152 - 0.727ms returns FALSE
T3260 178:279.424 JLINK_IsHalted()
T3260 178:280.400 - 0.969ms returns FALSE
T3260 178:280.432 JLINK_IsHalted()
T3260 178:281.376 - 0.937ms returns FALSE
T3260 178:392.080 JLINK_IsHalted()
T3260 178:392.832 - 0.752ms returns FALSE
T3260 178:392.848 JLINK_IsHalted()
T3260 178:393.680 - 0.825ms returns FALSE
T3260 178:503.600 JLINK_IsHalted()
T3260 178:504.352 - 0.738ms returns FALSE
T3260 178:504.368 JLINK_IsHalted()
T3260 178:505.008 - 0.639ms returns FALSE
T3260 178:615.808 JLINK_IsHalted()
T3260 178:616.896 - 1.079ms returns FALSE
T3260 178:616.912 JLINK_IsHalted()
T3260 178:617.888 - 0.962ms returns FALSE
T3260 178:727.456 JLINK_IsHalted()
T3260 178:728.240 - 0.785ms returns FALSE
T3260 178:728.256 JLINK_IsHalted()
T3260 178:729.056 - 0.794ms returns FALSE
T3260 178:839.328 JLINK_IsHalted()
T3260 178:840.032 - 0.690ms returns FALSE
T3260 178:840.048 JLINK_IsHalted()
T3260 178:840.752 - 0.702ms returns FALSE
T3260 178:951.792 JLINK_IsHalted()
T3260 178:952.944 - 1.150ms returns FALSE
T3260 178:952.960 JLINK_IsHalted()
T3260 178:953.936 - 0.962ms returns FALSE
T3260 179:063.296 JLINK_IsHalted()
T3260 179:064.160 - 0.873ms returns FALSE
T3260 179:064.192 JLINK_IsHalted()
T3260 179:064.960 - 0.768ms returns FALSE
T3260 179:175.440 JLINK_IsHalted()
T3260 179:176.208 - 0.765ms returns FALSE
T3260 179:176.224 JLINK_IsHalted()
T3260 179:176.976 - 0.744ms returns FALSE
T87C0 179:207.440 JLINK_IsHalted()
T87C0 179:208.144 - 0.700ms returns FALSE
T87C0 179:208.160 JLINK_IsHalted()
T87C0 179:208.864 - 0.711ms returns FALSE
T3260 179:287.504 JLINK_IsHalted()
T3260 179:288.416 - 0.921ms returns FALSE
T3260 179:288.448 JLINK_IsHalted()
T3260 179:289.248 - 0.804ms returns FALSE
T3260 179:399.520 JLINK_IsHalted()
T3260 179:400.368 - 0.851ms returns FALSE
T3260 179:400.400 JLINK_IsHalted()
T3260 179:401.152 - 0.755ms returns FALSE
T3260 179:511.280 JLINK_IsHalted()
T3260 179:512.256 - 0.975ms returns FALSE
T3260 179:512.288 JLINK_IsHalted()
T3260 179:512.992 - 0.712ms returns FALSE
T3260 179:623.312 JLINK_IsHalted()
T3260 179:624.256 - 0.948ms returns FALSE
T3260 179:624.288 JLINK_IsHalted()
T3260 179:625.232 - 0.925ms returns FALSE
T3260 179:735.504 JLINK_IsHalted()
T3260 179:736.240 - 0.735ms returns FALSE
T3260 179:736.272 JLINK_IsHalted()
T3260 179:736.944 - 0.682ms returns FALSE
T3260 179:831.312 JLINK_IsHalted()
T3260 179:832.096 - 0.789ms returns FALSE
T3260 179:832.112 JLINK_IsHalted()
T3260 179:832.880 - 0.763ms returns FALSE
T3260 179:943.456 JLINK_IsHalted()
T3260 179:944.176 - 0.728ms returns FALSE
T3260 179:944.208 JLINK_IsHalted()
T3260 179:945.168 - 0.969ms returns FALSE
T3260 180:055.392 JLINK_IsHalted()
T3260 180:056.352 - 0.965ms returns FALSE
T3260 180:056.416 JLINK_IsHalted()
T3260 180:057.152 - 0.748ms returns FALSE
T3260 180:167.424 JLINK_IsHalted()
T3260 180:168.320 - 0.882ms returns FALSE
T3260 180:168.336 JLINK_IsHalted()
T3260 180:169.136 - 0.802ms returns FALSE
T87C0 180:215.648 JLINK_IsHalted()
T87C0 180:216.384 - 0.740ms returns FALSE
T87C0 180:216.416 JLINK_IsHalted()
T87C0 180:217.200 - 0.796ms returns FALSE
T3260 180:278.048 JLINK_IsHalted()
T3260 180:278.832 - 0.790ms returns FALSE
T3260 180:278.864 JLINK_IsHalted()
T3260 180:279.600 - 0.743ms returns FALSE
T3260 180:389.248 JLINK_IsHalted()
T3260 180:389.984 - 0.745ms returns FALSE
T3260 180:390.016 JLINK_IsHalted()
T3260 180:390.688 - 0.663ms returns FALSE
T3260 180:499.712 JLINK_IsHalted()
T3260 180:500.448 - 0.743ms returns FALSE
T3260 180:500.480 JLINK_IsHalted()
T3260 180:501.184 - 0.708ms returns FALSE
T3260 180:610.080 JLINK_IsHalted()
T3260 180:610.976 - 0.917ms returns FALSE
T3260 180:611.008 JLINK_IsHalted()
T3260 180:611.680 - 0.676ms returns FALSE
T3260 180:721.456 JLINK_IsHalted()
T3260 180:722.304 - 0.856ms returns FALSE
T3260 180:722.336 JLINK_IsHalted()
T3260 180:723.040 - 0.687ms returns FALSE
T3260 180:815.968 JLINK_IsHalted()
T3260 180:816.832 - 0.860ms returns FALSE
T3260 180:816.864 JLINK_IsHalted()
T3260 180:817.680 - 0.815ms returns FALSE
T3260 180:928.048 JLINK_IsHalted()
T3260 180:928.832 - 0.779ms returns FALSE
T3260 180:928.848 JLINK_IsHalted()
T3260 180:929.600 - 0.757ms returns FALSE
T3260 181:038.448 JLINK_IsHalted()
T3260 181:039.168 - 0.709ms returns FALSE
T3260 181:044.624 JLINK_IsHalted()
T3260 181:045.312 - 0.694ms returns FALSE
T3260 181:150.112 JLINK_IsHalted()
T3260 181:150.896 - 0.782ms returns FALSE
T3260 181:150.928 JLINK_IsHalted()
T3260 181:151.648 - 0.714ms returns FALSE
T87C0 181:230.256 JLINK_IsHalted()
T87C0 181:231.008 - 0.759ms returns FALSE
T87C0 181:231.040 JLINK_IsHalted()
T87C0 181:231.760 - 0.707ms returns FALSE
T3260 181:262.016 JLINK_IsHalted()
T3260 181:262.784 - 0.757ms returns FALSE
T3260 181:262.800 JLINK_IsHalted()
T3260 181:263.520 - 0.708ms returns FALSE
T3260 181:374.080 JLINK_IsHalted()
T3260 181:375.120 - 1.026ms returns FALSE
T3260 181:375.136 JLINK_IsHalted()
T3260 181:375.872 - 0.730ms returns FALSE
T3260 181:485.664 JLINK_IsHalted()
T3260 181:486.400 - 0.737ms returns FALSE
T3260 181:486.432 JLINK_IsHalted()
T3260 181:487.200 - 0.779ms returns FALSE
T3260 181:596.192 JLINK_IsHalted()
T3260 181:597.072 - 0.882ms returns FALSE
T3260 181:597.088 JLINK_IsHalted()
T3260 181:597.808 - 0.725ms returns FALSE
T3260 181:692.368 JLINK_IsHalted()
T3260 181:693.152 - 0.789ms returns FALSE
T3260 181:693.200 JLINK_IsHalted()
T3260 181:693.920 - 0.732ms returns FALSE
T3260 181:804.384 JLINK_IsHalted()
T3260 181:805.280 - 0.905ms returns FALSE
T3260 181:805.312 JLINK_IsHalted()
T3260 181:806.032 - 0.710ms returns FALSE
T3260 181:916.656 JLINK_IsHalted()
T3260 181:917.360 - 0.705ms returns FALSE
T3260 181:917.392 JLINK_IsHalted()
T3260 181:918.080 - 0.688ms returns FALSE
T3260 182:028.432 JLINK_IsHalted()
T3260 182:029.488 - 1.068ms returns FALSE
T3260 182:029.552 JLINK_IsHalted()
T3260 182:030.496 - 0.929ms returns FALSE
T3260 182:140.192 JLINK_IsHalted()
T3260 182:140.864 - 0.674ms returns FALSE
T3260 182:140.896 JLINK_IsHalted()
T3260 182:141.600 - 0.720ms returns FALSE
T87C0 182:236.816 JLINK_IsHalted()
T87C0 182:237.536 - 0.715ms returns FALSE
T87C0 182:237.536 JLINK_IsHalted()
T87C0 182:238.224 - 0.665ms returns FALSE
T3260 182:252.304 JLINK_IsHalted()
T3260 182:252.992 - 0.682ms returns FALSE
T3260 182:253.008 JLINK_IsHalted()
T3260 182:253.808 - 0.806ms returns FALSE
T3260 182:348.688 JLINK_IsHalted()
T3260 182:349.760 - 1.080ms returns FALSE
T3260 182:349.792 JLINK_IsHalted()
T3260 182:350.688 - 0.893ms returns FALSE
T3260 182:460.560 JLINK_IsHalted()
T3260 182:461.360 - 0.806ms returns FALSE
T3260 182:461.392 JLINK_IsHalted()
T3260 182:462.112 - 0.708ms returns FALSE
T3260 182:572.352 JLINK_IsHalted()
T3260 182:573.072 - 0.710ms returns FALSE
T3260 182:573.088 JLINK_IsHalted()
T3260 182:573.760 - 0.678ms returns FALSE
T3260 182:684.320 JLINK_IsHalted()
T3260 182:685.280 - 0.957ms returns FALSE
T3260 182:685.312 JLINK_IsHalted()
T3260 182:686.304 - 0.993ms returns FALSE
T3260 182:796.320 JLINK_IsHalted()
T3260 182:797.072 - 0.745ms returns FALSE
T3260 182:797.088 JLINK_IsHalted()
T3260 182:797.760 - 0.680ms returns FALSE
T3260 182:908.368 JLINK_IsHalted()
T3260 182:909.344 - 0.988ms returns FALSE
T3260 182:909.376 JLINK_IsHalted()
T3260 182:910.000 - 0.633ms returns FALSE
T3260 183:004.448 JLINK_IsHalted()
T3260 183:005.248 - 0.809ms returns FALSE
T3260 183:005.280 JLINK_IsHalted()
T3260 183:006.096 - 0.822ms returns FALSE
T3260 183:116.560 JLINK_IsHalted()
T3260 183:117.696 - 1.125ms returns FALSE
T3260 183:117.776 JLINK_IsHalted()
T3260 183:118.784 - 1.015ms returns FALSE
T3260 183:228.320 JLINK_IsHalted()
T3260 183:229.088 - 0.775ms returns FALSE
T3260 183:229.104 JLINK_IsHalted()
T3260 183:229.952 - 0.849ms returns FALSE
T87C0 183:244.832 JLINK_IsHalted()
T87C0 183:245.584 - 0.746ms returns FALSE
T87C0 183:245.600 JLINK_IsHalted()
T87C0 183:246.288 - 0.684ms returns FALSE
T3260 183:340.304 JLINK_IsHalted()
T3260 183:341.200 - 0.888ms returns FALSE
T3260 183:341.216 JLINK_IsHalted()
T3260 183:342.048 - 0.842ms returns FALSE
T3260 183:452.288 JLINK_IsHalted()
T3260 183:453.024 - 0.735ms returns FALSE
T3260 183:453.056 JLINK_IsHalted()
T3260 183:453.856 - 0.807ms returns FALSE
T3260 183:564.240 JLINK_IsHalted()
T3260 183:565.024 - 0.776ms returns FALSE
T3260 183:565.040 JLINK_IsHalted()
T3260 183:565.840 - 0.790ms returns FALSE
T3260 183:660.336 JLINK_IsHalted()
T3260 183:661.440 - 1.106ms returns FALSE
T3260 183:661.472 JLINK_IsHalted()
T3260 183:662.304 - 0.836ms returns FALSE
T3260 183:772.816 JLINK_IsHalted()
T3260 183:773.904 - 1.082ms returns FALSE
T3260 183:773.936 JLINK_IsHalted()
T3260 183:774.976 - 1.042ms returns FALSE
T3260 183:884.464 JLINK_IsHalted()
T3260 183:885.072 - 0.608ms returns FALSE
T3260 183:885.088 JLINK_IsHalted()
T3260 183:885.744 - 0.652ms returns FALSE
T3260 183:996.304 JLINK_IsHalted()
T3260 183:997.040 - 0.743ms returns FALSE
T3260 183:997.072 JLINK_IsHalted()
T3260 183:997.776 - 0.700ms returns FALSE
T3260 184:108.448 JLINK_IsHalted()
T3260 184:109.344 - 0.910ms returns FALSE
T3260 184:109.360 JLINK_IsHalted()
T3260 184:110.160 - 0.787ms returns FALSE
T3260 184:220.400 JLINK_IsHalted()
T3260 184:221.248 - 0.852ms returns FALSE
T3260 184:221.280 JLINK_IsHalted()
T3260 184:221.968 - 0.669ms returns FALSE
T87C0 184:252.432 JLINK_IsHalted()
T87C0 184:253.200 - 0.770ms returns FALSE
T87C0 184:253.216 JLINK_IsHalted()
T87C0 184:253.920 - 0.692ms returns FALSE
T3260 184:316.304 JLINK_IsHalted()
T3260 184:317.056 - 0.758ms returns FALSE
T3260 184:317.072 JLINK_IsHalted()
T3260 184:317.760 - 0.681ms returns FALSE
T3260 184:428.720 JLINK_IsHalted()
T3260 184:429.760 - 1.028ms returns FALSE
T3260 184:429.808 JLINK_IsHalted()
T3260 184:430.976 - 1.160ms returns FALSE
T3260 184:540.400 JLINK_IsHalted()
T3260 184:541.296 - 0.906ms returns FALSE
T3260 184:541.328 JLINK_IsHalted()
T3260 184:541.984 - 0.653ms returns FALSE
T3260 184:652.336 JLINK_IsHalted()
T3260 184:653.136 - 0.797ms returns FALSE
T3260 184:653.152 JLINK_IsHalted()
T3260 184:653.840 - 0.689ms returns FALSE
T3260 184:764.752 JLINK_IsHalted()
T3260 184:765.920 - 1.180ms returns FALSE
T3260 184:765.984 JLINK_IsHalted()
T3260 184:767.008 - 1.032ms returns FALSE
T3260 184:876.416 JLINK_IsHalted()
T3260 184:877.136 - 0.721ms returns FALSE
T3260 184:877.152 JLINK_IsHalted()
T3260 184:877.792 - 0.639ms returns FALSE
T3260 184:972.224 JLINK_IsHalted()
T3260 184:973.040 - 0.809ms returns FALSE
T3260 184:973.072 JLINK_IsHalted()
T3260 184:973.840 - 0.767ms returns FALSE
T3260 185:084.416 JLINK_IsHalted()
T3260 185:085.216 - 0.793ms returns FALSE
T3260 185:085.232 JLINK_IsHalted()
T3260 185:085.872 - 0.648ms returns FALSE
T3260 185:196.384 JLINK_IsHalted()
T3260 185:197.280 - 0.901ms returns FALSE
T3260 185:197.312 JLINK_IsHalted()
T3260 185:198.208 - 0.903ms returns FALSE
T87C0 185:260.384 JLINK_IsHalted()
T87C0 185:261.200 - 0.802ms returns FALSE
T87C0 185:261.232 JLINK_IsHalted()
T87C0 185:261.936 - 0.693ms returns FALSE
T3260 185:308.176 JLINK_IsHalted()
T3260 185:309.088 - 0.912ms returns FALSE
T3260 185:309.104 JLINK_IsHalted()
T3260 185:309.856 - 0.758ms returns FALSE
T3260 185:420.304 JLINK_IsHalted()
T3260 185:421.264 - 0.957ms returns FALSE
T3260 185:421.280 JLINK_IsHalted()
T3260 185:421.984 - 0.694ms returns FALSE
T3260 185:532.304 JLINK_IsHalted()
T3260 185:533.200 - 0.899ms returns FALSE
T3260 185:533.248 JLINK_IsHalted()
T3260 185:534.160 - 0.911ms returns FALSE
T3260 185:628.288 JLINK_IsHalted()
T3260 185:629.088 - 0.807ms returns FALSE
T3260 185:629.104 JLINK_IsHalted()
T3260 185:629.840 - 0.722ms returns FALSE
T3260 185:739.776 JLINK_IsHalted()
T3260 185:740.640 - 0.866ms returns FALSE
T3260 185:740.688 JLINK_IsHalted()
T3260 185:741.424 - 0.752ms returns FALSE
T3260 185:850.912 JLINK_IsHalted()
T3260 185:852.064 - 1.160ms returns FALSE
T3260 185:852.128 JLINK_IsHalted()
T3260 185:853.152 - 1.019ms returns FALSE
T3260 185:961.904 JLINK_IsHalted()
T3260 185:962.672 - 0.773ms returns FALSE
T3260 185:962.704 JLINK_IsHalted()
T3260 185:963.392 - 0.693ms returns FALSE
T3260 186:072.944 JLINK_IsHalted()
T3260 186:073.888 - 0.931ms returns FALSE
T3260 186:073.904 JLINK_IsHalted()
T3260 186:074.656 - 0.744ms returns FALSE
T3260 186:184.032 JLINK_IsHalted()
T3260 186:185.104 - 1.063ms returns FALSE
T3260 186:185.168 JLINK_IsHalted()
T3260 186:186.096 - 0.940ms returns FALSE
T87C0 186:263.456 JLINK_IsHalted()
T87C0 186:264.352 - 0.904ms returns FALSE
T87C0 186:264.368 JLINK_IsHalted()
T87C0 186:265.264 - 0.901ms returns FALSE
T3260 186:295.312 JLINK_IsHalted()
T3260 186:296.048 - 0.745ms returns FALSE
T3260 186:296.096 JLINK_IsHalted()
T3260 186:296.816 - 0.728ms returns FALSE
T3260 186:407.296 JLINK_IsHalted()
T3260 186:408.160 - 0.869ms returns FALSE
T3260 186:408.176 JLINK_IsHalted()
T3260 186:408.864 - 0.672ms returns FALSE
T3260 186:503.744 JLINK_IsHalted()
T3260 186:504.672 - 0.944ms returns FALSE
T3260 186:504.736 JLINK_IsHalted()
T3260 186:505.552 - 0.824ms returns FALSE
T3260 186:615.392 JLINK_IsHalted()
T3260 186:616.192 - 0.809ms returns FALSE
T3260 186:616.208 JLINK_IsHalted()
T3260 186:616.992 - 0.783ms returns FALSE
T3260 186:727.456 JLINK_IsHalted()
T3260 186:728.208 - 0.747ms returns FALSE
T3260 186:728.224 JLINK_IsHalted()
T3260 186:728.944 - 0.730ms returns FALSE
T3260 186:839.440 JLINK_IsHalted()
T3260 186:840.240 - 0.803ms returns FALSE
T3260 186:840.256 JLINK_IsHalted()
T3260 186:840.976 - 0.705ms returns FALSE
T3260 186:951.376 JLINK_IsHalted()
T3260 186:952.128 - 0.755ms returns FALSE
T3260 186:952.160 JLINK_IsHalted()
T3260 186:952.800 - 0.653ms returns FALSE
T3260 187:063.456 JLINK_IsHalted()
T3260 187:064.240 - 0.795ms returns FALSE
T3260 187:064.272 JLINK_IsHalted()
T3260 187:064.992 - 0.738ms returns FALSE
T3260 187:175.712 JLINK_IsHalted()
T3260 187:176.736 - 1.015ms returns FALSE
T3260 187:176.736 JLINK_IsHalted()
T3260 187:177.696 - 0.948ms returns FALSE
T87C0 187:271.840 JLINK_IsHalted()
T87C0 187:272.928 - 1.065ms returns FALSE
T87C0 187:272.960 JLINK_IsHalted()
T87C0 187:273.792 - 0.826ms returns FALSE
T3260 187:287.472 JLINK_IsHalted()
T3260 187:288.352 - 0.876ms returns FALSE
T3260 187:288.352 JLINK_IsHalted()
T3260 187:289.184 - 0.806ms returns FALSE
T3260 187:399.520 JLINK_IsHalted()
T3260 187:400.416 - 0.887ms returns FALSE
T3260 187:400.432 JLINK_IsHalted()
T3260 187:401.408 - 0.969ms returns FALSE
T3260 187:511.520 JLINK_IsHalted()
T3260 187:512.432 - 0.913ms returns FALSE
T3260 187:512.464 JLINK_IsHalted()
T3260 187:513.296 - 0.830ms returns FALSE
T3260 187:623.440 JLINK_IsHalted()
T3260 187:624.272 - 0.827ms returns FALSE
T3260 187:624.288 JLINK_IsHalted()
T3260 187:625.072 - 0.795ms returns FALSE
T3260 187:735.200 JLINK_IsHalted()
T3260 187:735.968 - 0.768ms returns FALSE
T3260 187:735.968 JLINK_IsHalted()
T3260 187:736.640 - 0.652ms returns FALSE
T3260 187:831.536 JLINK_IsHalted()
T3260 187:832.304 - 0.760ms returns FALSE
T3260 187:832.320 JLINK_IsHalted()
T3260 187:832.992 - 0.679ms returns FALSE
T3260 187:943.200 JLINK_IsHalted()
T3260 187:944.256 - 1.062ms returns FALSE
T3260 187:944.320 JLINK_IsHalted()
T3260 187:945.376 - 1.056ms returns FALSE
T3260 188:055.392 JLINK_IsHalted()
T3260 188:056.176 - 0.772ms returns FALSE
T3260 188:056.192 JLINK_IsHalted()
T3260 188:056.992 - 0.810ms returns FALSE
T3260 188:167.504 JLINK_IsHalted()
T3260 188:168.320 - 0.814ms returns FALSE
T3260 188:168.352 JLINK_IsHalted()
T3260 188:169.136 - 0.796ms returns FALSE
T3260 188:279.648 JLINK_IsHalted()
T3260 188:280.480 - 0.814ms returns FALSE
T3260 188:280.480 JLINK_IsHalted()
T3260 188:281.440 - 0.944ms returns FALSE
T87C0 188:281.536 JLINK_IsHalted()
T87C0 188:282.528 - 0.999ms returns FALSE
T87C0 188:282.576 JLINK_IsHalted()
T87C0 188:283.696 - 1.125ms returns FALSE
T3260 188:391.392 JLINK_IsHalted()
T3260 188:392.304 - 0.912ms returns FALSE
T3260 188:392.320 JLINK_IsHalted()
T3260 188:393.216 - 0.899ms returns FALSE
T3260 188:503.392 JLINK_IsHalted()
T3260 188:504.368 - 0.990ms returns FALSE
T3260 188:504.400 JLINK_IsHalted()
T3260 188:505.200 - 0.813ms returns FALSE
T3260 188:615.712 JLINK_IsHalted()
T3260 188:616.496 - 0.802ms returns FALSE
T3260 188:616.528 JLINK_IsHalted()
T3260 188:617.216 - 0.685ms returns FALSE
T3260 188:727.456 JLINK_IsHalted()
T3260 188:728.528 - 1.053ms returns FALSE
T3260 188:728.560 JLINK_IsHalted()
T3260 188:729.568 - 1.013ms returns FALSE
T3260 188:839.296 JLINK_IsHalted()
T3260 188:840.192 - 0.886ms returns FALSE
T3260 188:840.224 JLINK_IsHalted()
T3260 188:840.928 - 0.710ms returns FALSE
T3260 188:951.648 JLINK_IsHalted()
T3260 188:952.368 - 0.717ms returns FALSE
T3260 188:952.384 JLINK_IsHalted()
T3260 188:953.136 - 0.751ms returns FALSE
T3260 189:063.424 JLINK_IsHalted()
T3260 189:064.608 - 1.175ms returns FALSE
T3260 189:064.656 JLINK_IsHalted()
T3260 189:065.632 - 0.973ms returns FALSE
T3260 189:175.104 JLINK_IsHalted()
T3260 189:176.032 - 0.924ms returns FALSE
T3260 189:176.048 JLINK_IsHalted()
T3260 189:176.912 - 0.850ms returns FALSE
T3260 189:287.456 JLINK_IsHalted()
T3260 189:288.272 - 0.800ms returns FALSE
T3260 189:288.320 JLINK_IsHalted()
T3260 189:289.072 - 0.754ms returns FALSE
T87C0 189:289.120 JLINK_IsHalted()
T87C0 189:289.840 - 0.716ms returns FALSE
T87C0 189:289.856 JLINK_IsHalted()
T87C0 189:290.592 - 0.743ms returns FALSE
T3260 189:399.440 JLINK_IsHalted()
T3260 189:400.384 - 0.940ms returns FALSE
T3260 189:400.432 JLINK_IsHalted()
T3260 189:401.440 - 1.008ms returns FALSE
T3260 189:511.520 JLINK_IsHalted()
T3260 189:512.416 - 0.903ms returns FALSE
T3260 189:512.432 JLINK_IsHalted()
T3260 189:513.344 - 0.908ms returns FALSE
T3260 189:623.376 JLINK_IsHalted()
T3260 189:624.256 - 0.883ms returns FALSE
T3260 189:624.288 JLINK_IsHalted()
T3260 189:625.120 - 0.829ms returns FALSE
T3260 189:735.696 JLINK_IsHalted()
T3260 189:736.528 - 0.834ms returns FALSE
T3260 189:736.544 JLINK_IsHalted()
T3260 189:737.408 - 0.856ms returns FALSE
T3260 189:831.424 JLINK_IsHalted()
T3260 189:832.352 - 0.925ms returns FALSE
T3260 189:832.368 JLINK_IsHalted()
T3260 189:833.120 - 0.737ms returns FALSE
T3260 189:941.200 JLINK_IsHalted()
T3260 189:941.984 - 0.786ms returns FALSE
T3260 189:942.000 JLINK_IsHalted()
T3260 189:942.768 - 0.764ms returns FALSE
T3260 190:053.360 JLINK_IsHalted()
T3260 190:054.368 - 0.992ms returns FALSE
T3260 190:054.496 JLINK_IsHalted()
T3260 190:055.712 - 1.211ms returns FALSE
T3260 190:164.416 JLINK_IsHalted()
T3260 190:165.168 - 0.750ms returns FALSE
T3260 190:165.200 JLINK_IsHalted()
T3260 190:165.920 - 0.718ms returns FALSE
T3260 190:275.632 JLINK_IsHalted()
T3260 190:276.400 - 0.759ms returns FALSE
T3260 190:276.432 JLINK_IsHalted()
T3260 190:277.120 - 0.690ms returns FALSE
T87C0 190:291.824 JLINK_IsHalted()
T87C0 190:292.640 - 0.818ms returns FALSE
T87C0 190:292.656 JLINK_IsHalted()
T87C0 190:293.344 - 0.689ms returns FALSE
T3260 190:386.304 JLINK_IsHalted()
T3260 190:387.328 - 1.021ms returns FALSE
T3260 190:387.360 JLINK_IsHalted()
T3260 190:388.208 - 0.843ms returns FALSE
T3260 190:498.000 JLINK_IsHalted()
T3260 190:498.560 - 0.571ms returns FALSE
T3260 190:498.592 JLINK_IsHalted()
T3260 190:499.184 - 0.599ms returns FALSE
T3260 190:608.320 JLINK_IsHalted()
T3260 190:609.200 - 0.892ms returns FALSE
T3260 190:609.232 JLINK_IsHalted()
T3260 190:610.000 - 0.763ms returns FALSE
T3260 190:719.440 JLINK_IsHalted()
T3260 190:720.608 - 1.172ms returns FALSE
T3260 190:720.624 JLINK_IsHalted()
T3260 190:721.568 - 0.938ms returns FALSE
T3260 190:830.768 JLINK_IsHalted()
T3260 190:831.520 - 0.742ms returns FALSE
T3260 190:831.536 JLINK_IsHalted()
T3260 190:832.320 - 0.787ms returns FALSE
T3260 190:925.888 JLINK_IsHalted()
T3260 190:926.608 - 0.711ms returns FALSE
T3260 190:926.624 JLINK_IsHalted()
T3260 190:927.376 - 0.756ms returns FALSE
T3260 191:038.480 JLINK_IsHalted()
T3260 191:039.328 - 0.841ms returns FALSE
T3260 191:039.328 JLINK_IsHalted()
T3260 191:040.016 - 0.677ms returns FALSE
T3260 191:150.368 JLINK_IsHalted()
T3260 191:151.264 - 0.897ms returns FALSE
T3260 191:151.296 JLINK_IsHalted()
T3260 191:152.144 - 0.848ms returns FALSE
T3260 191:262.000 JLINK_IsHalted()
T3260 191:262.848 - 0.842ms returns FALSE
T3260 191:262.880 JLINK_IsHalted()
T3260 191:263.648 - 0.761ms returns FALSE
T87C0 191:294.448 JLINK_IsHalted()
T87C0 191:295.328 - 0.867ms returns FALSE
T87C0 191:295.328 JLINK_IsHalted()
T87C0 191:296.256 - 0.917ms returns FALSE
T3260 191:374.048 JLINK_IsHalted()
T3260 191:374.944 - 0.894ms returns FALSE
T3260 191:374.944 JLINK_IsHalted()
T3260 191:375.792 - 0.837ms returns FALSE
T3260 191:486.496 JLINK_IsHalted()
T3260 191:487.648 - 1.165ms returns FALSE
T3260 191:487.744 JLINK_IsHalted()
T3260 191:488.784 - 1.034ms returns FALSE
T3260 191:581.984 JLINK_IsHalted()
T3260 191:582.928 - 0.943ms returns FALSE
T3260 191:582.944 JLINK_IsHalted()
T3260 191:583.712 - 0.769ms returns FALSE
T3260 191:693.616 JLINK_IsHalted()
T3260 191:694.368 - 0.731ms returns FALSE
T3260 191:694.400 JLINK_IsHalted()
T3260 191:695.136 - 0.737ms returns FALSE
T3260 191:804.320 JLINK_IsHalted()
T3260 191:805.280 - 0.961ms returns FALSE
T3260 191:805.312 JLINK_IsHalted()
T3260 191:806.192 - 0.889ms returns FALSE
T3260 191:916.464 JLINK_IsHalted()
T3260 191:917.280 - 0.808ms returns FALSE
T3260 191:917.280 JLINK_IsHalted()
T3260 191:917.984 - 0.693ms returns FALSE
T3260 192:028.256 JLINK_IsHalted()
T3260 192:029.088 - 0.813ms returns FALSE
T3260 192:029.088 JLINK_IsHalted()
T3260 192:029.872 - 0.786ms returns FALSE
T3260 192:140.512 JLINK_IsHalted()
T3260 192:141.536 - 1.026ms returns FALSE
T3260 192:141.568 JLINK_IsHalted()
T3260 192:142.624 - 1.048ms returns FALSE
T3260 192:252.608 JLINK_IsHalted()
T3260 192:253.376 - 0.756ms returns FALSE
T3260 192:253.392 JLINK_IsHalted()
T3260 192:254.144 - 0.753ms returns FALSE
T87C0 192:300.672 JLINK_IsHalted()
T87C0 192:301.520 - 0.841ms returns FALSE
T87C0 192:301.552 JLINK_IsHalted()
T87C0 192:302.304 - 0.760ms returns FALSE
T3260 192:348.624 JLINK_IsHalted()
T3260 192:349.488 - 0.873ms returns FALSE
T3260 192:349.520 JLINK_IsHalted()
T3260 192:350.336 - 0.817ms returns FALSE
T3260 192:460.048 JLINK_IsHalted()
T3260 192:461.088 - 1.038ms returns FALSE
T3260 192:461.136 JLINK_IsHalted()
T3260 192:462.096 - 0.959ms returns FALSE
T3260 192:572.624 JLINK_IsHalted()
T3260 192:573.616 - 0.995ms returns FALSE
T3260 192:573.664 JLINK_IsHalted()
T3260 192:574.368 - 0.710ms returns FALSE
T3260 192:684.304 JLINK_IsHalted()
T3260 192:685.120 - 0.814ms returns FALSE
T3260 192:685.136 JLINK_IsHalted()
T3260 192:685.840 - 0.694ms returns FALSE
T3260 192:796.656 JLINK_IsHalted()
T3260 192:797.696 - 1.037ms returns FALSE
T3260 192:797.728 JLINK_IsHalted()
T3260 192:798.768 - 1.030ms returns FALSE
T3260 192:908.576 JLINK_IsHalted()
T3260 192:909.440 - 0.865ms returns FALSE
T3260 192:909.472 JLINK_IsHalted()
T3260 192:910.352 - 0.874ms returns FALSE
T3260 193:004.528 JLINK_IsHalted()
T3260 193:005.328 - 0.783ms returns FALSE
T3260 193:005.344 JLINK_IsHalted()
T3260 193:006.032 - 0.685ms returns FALSE
T3260 193:116.688 JLINK_IsHalted()
T3260 193:117.792 - 1.103ms returns FALSE
T3260 193:117.856 JLINK_IsHalted()
T3260 193:118.912 - 1.068ms returns FALSE
T3260 193:228.576 JLINK_IsHalted()
T3260 193:229.664 - 1.076ms returns FALSE
T3260 193:229.696 JLINK_IsHalted()
T3260 193:230.688 - 0.992ms returns FALSE
T87C0 193:308.768 JLINK_IsHalted()
T87C0 193:309.600 - 0.836ms returns FALSE
T87C0 193:309.600 JLINK_IsHalted()
T87C0 193:310.288 - 0.674ms returns FALSE
T3260 193:340.576 JLINK_IsHalted()
T3260 193:341.376 - 0.797ms returns FALSE
T3260 193:341.392 JLINK_IsHalted()
T3260 193:342.112 - 0.717ms returns FALSE
T3260 193:452.688 JLINK_IsHalted()
T3260 193:453.664 - 0.972ms returns FALSE
T3260 193:453.664 JLINK_IsHalted()
T3260 193:454.528 - 0.852ms returns FALSE
T3260 193:564.448 JLINK_IsHalted()
T3260 193:565.328 - 0.872ms returns FALSE
T3260 193:565.344 JLINK_IsHalted()
T3260 193:566.048 - 0.703ms returns FALSE
T3260 193:660.256 JLINK_IsHalted()
T3260 193:661.168 - 0.910ms returns FALSE
T3260 193:661.200 JLINK_IsHalted()
T3260 193:662.048 - 0.860ms returns FALSE
T3260 193:772.608 JLINK_IsHalted()
T3260 193:773.344 - 0.735ms returns FALSE
T3260 193:773.360 JLINK_IsHalted()
T3260 193:774.176 - 0.797ms returns FALSE
T3260 193:884.496 JLINK_IsHalted()
T3260 193:885.520 - 1.021ms returns FALSE
T3260 193:885.568 JLINK_IsHalted()
T3260 193:886.464 - 0.888ms returns FALSE
T3260 193:996.192 JLINK_IsHalted()
T3260 193:997.152 - 0.957ms returns FALSE
T3260 193:997.168 JLINK_IsHalted()
T3260 193:997.888 - 0.723ms returns FALSE
T3260 194:108.416 JLINK_IsHalted()
T3260 194:109.168 - 0.755ms returns FALSE
T3260 194:109.184 JLINK_IsHalted()
T3260 194:110.000 - 0.821ms returns FALSE
T3260 194:220.560 JLINK_IsHalted()
T3260 194:221.536 - 0.970ms returns FALSE
T3260 194:221.600 JLINK_IsHalted()
T3260 194:222.480 - 0.872ms returns FALSE
T3260 194:316.624 JLINK_IsHalted()
T3260 194:317.456 - 0.810ms returns FALSE
T3260 194:317.472 JLINK_IsHalted()
T3260 194:318.176 - 0.687ms returns FALSE
T87C0 194:318.224 JLINK_IsHalted()
T87C0 194:318.912 - 0.696ms returns FALSE
T87C0 194:318.944 JLINK_IsHalted()
T87C0 194:319.600 - 0.676ms returns FALSE
T3260 194:428.416 JLINK_IsHalted()
T3260 194:429.120 - 0.710ms returns FALSE
T3260 194:429.152 JLINK_IsHalted()
T3260 194:429.856 - 0.713ms returns FALSE
T3260 194:540.384 JLINK_IsHalted()
T3260 194:541.296 - 0.909ms returns FALSE
T3260 194:541.344 JLINK_IsHalted()
T3260 194:542.256 - 0.905ms returns FALSE
T3260 194:651.920 JLINK_IsHalted()
T3260 194:652.816 - 0.896ms returns FALSE
T3260 194:652.832 JLINK_IsHalted()
T3260 194:653.776 - 0.942ms returns FALSE
T3260 194:762.784 JLINK_IsHalted()
T3260 194:763.696 - 0.929ms returns FALSE
T3260 194:763.712 JLINK_IsHalted()
T3260 194:764.400 - 0.689ms returns FALSE
T3260 194:874.048 JLINK_IsHalted()
T3260 194:874.912 - 0.862ms returns FALSE
T3260 194:874.960 JLINK_IsHalted()
T3260 194:875.664 - 0.704ms returns FALSE
T3260 194:985.184 JLINK_IsHalted()
T3260 194:986.016 - 0.851ms returns FALSE
T3260 194:986.048 JLINK_IsHalted()
T3260 194:986.912 - 0.865ms returns FALSE
T3260 195:097.312 JLINK_IsHalted()
T3260 195:098.048 - 0.751ms returns FALSE
T3260 195:098.080 JLINK_IsHalted()
T3260 195:098.848 - 0.758ms returns FALSE
T3260 195:209.264 JLINK_IsHalted()
T3260 195:210.320 - 1.052ms returns FALSE
T3260 195:210.352 JLINK_IsHalted()
T3260 195:211.376 - 1.027ms returns FALSE
T3260 195:320.864 JLINK_IsHalted()
T3260 195:321.696 - 0.818ms returns FALSE
T3260 195:321.712 JLINK_IsHalted()
T3260 195:322.656 - 0.945ms returns FALSE
T87C0 195:322.816 JLINK_IsHalted()
T87C0 195:323.488 - 0.666ms returns FALSE
T87C0 195:323.488 JLINK_IsHalted()
T87C0 195:324.160 - 0.656ms returns FALSE
T3260 195:432.368 JLINK_IsHalted()
T3260 195:433.248 - 0.870ms returns FALSE
T3260 195:433.264 JLINK_IsHalted()
T3260 195:433.984 - 0.718ms returns FALSE
T3260 195:543.472 JLINK_IsHalted()
T3260 195:544.336 - 0.860ms returns FALSE
T3260 195:544.608 JLINK_IsHalted()
T3260 195:545.616 - 1.004ms returns FALSE
T3260 195:655.312 JLINK_IsHalted()
T3260 195:656.320 - 1.012ms returns FALSE
T3260 195:656.352 JLINK_IsHalted()
T3260 195:657.184 - 0.835ms returns FALSE
T3260 195:767.600 JLINK_IsHalted()
T3260 195:768.352 - 0.749ms returns FALSE
T3260 195:768.368 JLINK_IsHalted()
T3260 195:769.088 - 0.712ms returns FALSE
T3260 195:863.200 JLINK_IsHalted()
T3260 195:863.904 - 0.722ms returns FALSE
T3260 195:863.920 JLINK_IsHalted()
T3260 195:864.720 - 0.795ms returns FALSE
T3260 195:975.312 JLINK_IsHalted()
T3260 195:976.224 - 0.903ms returns FALSE
T3260 195:976.240 JLINK_IsHalted()
T3260 195:977.216 - 0.972ms returns FALSE
T3260 196:087.152 JLINK_IsHalted()
T3260 196:087.856 - 0.703ms returns FALSE
T3260 196:087.888 JLINK_IsHalted()
T3260 196:088.864 - 0.974ms returns FALSE
T3260 196:199.392 JLINK_IsHalted()
T3260 196:200.208 - 0.806ms returns FALSE
T3260 196:200.224 JLINK_IsHalted()
T3260 196:200.976 - 0.744ms returns FALSE
T3260 196:311.584 JLINK_IsHalted()
T3260 196:312.544 - 0.955ms returns FALSE
T3260 196:313.424 JLINK_IsHalted()
T3260 196:314.272 - 0.840ms returns FALSE
T87C0 196:327.392 JLINK_IsHalted()
T87C0 196:328.096 - 0.703ms returns FALSE
T87C0 196:328.112 JLINK_IsHalted()
T87C0 196:328.912 - 0.800ms returns FALSE
T3260 196:423.328 JLINK_IsHalted()
T3260 196:424.272 - 0.934ms returns FALSE
T3260 196:424.304 JLINK_IsHalted()
T3260 196:425.120 - 0.818ms returns FALSE
T3260 196:532.896 JLINK_IsHalted()
T3260 196:533.728 - 0.840ms returns FALSE
T3260 196:533.744 JLINK_IsHalted()
T3260 196:534.416 - 0.665ms returns FALSE
T3260 196:628.640 JLINK_IsHalted()
T3260 196:629.680 - 1.045ms returns FALSE
T3260 196:629.728 JLINK_IsHalted()
T3260 196:630.656 - 0.913ms returns FALSE
T3260 196:739.136 JLINK_IsHalted()
T3260 196:739.904 - 0.778ms returns FALSE
T3260 196:739.936 JLINK_IsHalted()
T3260 196:740.592 - 0.666ms returns FALSE
T3260 196:850.096 JLINK_IsHalted()
T3260 196:851.120 - 1.026ms returns FALSE
T3260 196:851.168 JLINK_IsHalted()
T3260 196:851.936 - 0.770ms returns FALSE
T3260 196:961.184 JLINK_IsHalted()
T3260 196:962.144 - 0.952ms returns FALSE
T3260 196:962.176 JLINK_IsHalted()
T3260 196:963.184 - 1.004ms returns FALSE
T3260 197:072.096 JLINK_IsHalted()
T3260 197:072.912 - 0.830ms returns FALSE
T3260 197:072.944 JLINK_IsHalted()
T3260 197:073.680 - 0.725ms returns FALSE
T3260 197:183.328 JLINK_IsHalted()
T3260 197:184.272 - 0.939ms returns FALSE
T3260 197:184.288 JLINK_IsHalted()
T3260 197:185.248 - 0.952ms returns FALSE
T3260 197:294.304 JLINK_IsHalted()
T3260 197:295.136 - 0.820ms returns FALSE
T3260 197:295.200 JLINK_IsHalted()
T3260 197:296.064 - 0.873ms returns FALSE
T87C0 197:343.008 JLINK_IsHalted()
T87C0 197:344.064 - 1.062ms returns FALSE
T87C0 197:344.144 JLINK_IsHalted()
T87C0 197:345.104 - 0.959ms returns FALSE
T3260 197:405.856 JLINK_IsHalted()
T3260 197:406.704 - 0.864ms returns FALSE
T3260 197:406.736 JLINK_IsHalted()
T3260 197:407.424 - 0.695ms returns FALSE
T3260 197:516.320 JLINK_IsHalted()
T3260 197:517.280 - 0.948ms returns FALSE
T3260 197:517.296 JLINK_IsHalted()
T3260 197:518.160 - 0.857ms returns FALSE
T3260 197:628.576 JLINK_IsHalted()
T3260 197:629.600 - 1.027ms returns FALSE
T3260 197:629.600 JLINK_IsHalted()
T3260 197:630.496 - 0.890ms returns FALSE
T3260 197:740.512 JLINK_IsHalted()
T3260 197:741.408 - 0.878ms returns FALSE
T3260 197:741.408 JLINK_IsHalted()
T3260 197:742.304 - 0.885ms returns FALSE
T3260 197:852.224 JLINK_IsHalted()
T3260 197:853.024 - 0.809ms returns FALSE
T3260 197:853.056 JLINK_IsHalted()
T3260 197:853.984 - 0.916ms returns FALSE
T3260 197:964.688 JLINK_IsHalted()
T3260 197:965.728 - 1.038ms returns FALSE
T3260 197:965.760 JLINK_IsHalted()
T3260 197:966.784 - 1.024ms returns FALSE
T3260 198:076.304 JLINK_IsHalted()
T3260 198:077.232 - 0.940ms returns FALSE
T3260 198:077.264 JLINK_IsHalted()
T3260 198:078.128 - 0.870ms returns FALSE
T3260 198:188.560 JLINK_IsHalted()
T3260 198:189.440 - 0.882ms returns FALSE
T3260 198:189.456 JLINK_IsHalted()
T3260 198:190.112 - 0.666ms returns FALSE
T3260 198:300.256 JLINK_IsHalted()
T3260 198:301.472 - 1.216ms returns FALSE
T3260 198:301.536 JLINK_IsHalted()
T3260 198:302.352 - 0.824ms returns FALSE
T87C0 198:349.376 JLINK_IsHalted()
T87C0 198:350.368 - 0.980ms returns FALSE
T87C0 198:350.432 JLINK_IsHalted()
T87C0 198:351.392 - 0.978ms returns FALSE
T3260 198:413.152 JLINK_IsHalted()
T3260 198:414.112 - 0.972ms returns FALSE
T3260 198:414.144 JLINK_IsHalted()
T3260 198:414.880 - 0.737ms returns FALSE
T3260 198:524.336 JLINK_IsHalted()
T3260 198:525.232 - 0.889ms returns FALSE
T3260 198:525.264 JLINK_IsHalted()
T3260 198:525.936 - 0.681ms returns FALSE
T3260 198:636.496 JLINK_IsHalted()
T3260 198:637.440 - 0.942ms returns FALSE
T3260 198:637.472 JLINK_IsHalted()
T3260 198:638.544 - 1.058ms returns FALSE
T3260 198:748.656 JLINK_IsHalted()
T3260 198:749.536 - 0.880ms returns FALSE
T3260 198:754.720 JLINK_IsHalted()
T3260 198:755.664 - 0.937ms returns FALSE
T3260 198:860.704 JLINK_IsHalted()
T3260 198:861.760 - 1.058ms returns FALSE
T3260 198:861.776 JLINK_IsHalted()
T3260 198:862.656 - 0.877ms returns FALSE
T3260 198:972.528 JLINK_IsHalted()
T3260 198:973.280 - 0.737ms returns FALSE
T3260 198:973.280 JLINK_IsHalted()
T3260 198:974.000 - 0.713ms returns FALSE
T3260 199:084.320 JLINK_IsHalted()
T3260 199:085.120 - 0.791ms returns FALSE
T3260 199:085.136 JLINK_IsHalted()
T3260 199:085.856 - 0.709ms returns FALSE
T3260 199:196.464 JLINK_IsHalted()
T3260 199:197.280 - 0.802ms returns FALSE
T3260 199:197.312 JLINK_IsHalted()
T3260 199:198.176 - 0.855ms returns FALSE
T3260 199:308.448 JLINK_IsHalted()
T3260 199:309.120 - 0.685ms returns FALSE
T3260 199:309.152 JLINK_IsHalted()
T3260 199:309.872 - 0.736ms returns FALSE
T87C0 199:356.432 JLINK_IsHalted()
T87C0 199:357.520 - 1.085ms returns FALSE
T87C0 199:357.568 JLINK_IsHalted()
T87C0 199:358.464 - 0.903ms returns FALSE
T3260 199:420.944 JLINK_IsHalted()
T3260 199:421.984 - 1.033ms returns FALSE
T3260 199:422.048 JLINK_IsHalted()
T3260 199:422.944 - 0.894ms returns FALSE
T3260 199:532.384 JLINK_IsHalted()
T3260 199:533.136 - 0.737ms returns FALSE
T3260 199:533.152 JLINK_IsHalted()
T3260 199:534.016 - 0.851ms returns FALSE
T3260 199:628.368 JLINK_IsHalted()
T3260 199:629.120 - 0.763ms returns FALSE
T3260 199:629.152 JLINK_IsHalted()
T3260 199:629.840 - 0.677ms returns FALSE
T3260 199:740.768 JLINK_IsHalted()
T3260 199:741.920 - 1.157ms returns FALSE
T3260 199:741.984 JLINK_IsHalted()
T3260 199:743.088 - 1.119ms returns FALSE
T3260 199:852.144 JLINK_IsHalted()
T3260 199:853.040 - 0.903ms returns FALSE
T3260 199:853.072 JLINK_IsHalted()
T3260 199:853.920 - 0.852ms returns FALSE
T3260 199:964.224 JLINK_IsHalted()
T3260 199:964.960 - 0.725ms returns FALSE
T3260 199:964.976 JLINK_IsHalted()
T3260 199:965.664 - 0.674ms returns FALSE
T3260 200:076.256 JLINK_IsHalted()
T3260 200:077.216 - 0.976ms returns FALSE
T3260 200:077.248 JLINK_IsHalted()
T3260 200:078.192 - 0.945ms returns FALSE
T3260 200:188.352 JLINK_IsHalted()
T3260 200:189.088 - 0.736ms returns FALSE
T3260 200:189.088 JLINK_IsHalted()
T3260 200:189.792 - 0.686ms returns FALSE
T3260 200:284.368 JLINK_IsHalted()
T3260 200:285.072 - 0.701ms returns FALSE
T3260 200:285.088 JLINK_IsHalted()
T3260 200:285.792 - 0.708ms returns FALSE
T87C0 200:364.752 JLINK_IsHalted()
T87C0 200:365.840 - 1.088ms returns FALSE
T87C0 200:365.872 JLINK_IsHalted()
T87C0 200:366.960 - 1.083ms returns FALSE
T3260 200:396.448 JLINK_IsHalted()
T3260 200:397.376 - 0.913ms returns FALSE
T3260 200:397.408 JLINK_IsHalted()
T3260 200:398.368 - 0.944ms returns FALSE
T3260 200:508.512 JLINK_IsHalted()
T3260 200:509.392 - 0.871ms returns FALSE
T3260 200:509.408 JLINK_IsHalted()
T3260 200:510.080 - 0.662ms returns FALSE
T3260 200:620.176 JLINK_IsHalted()
T3260 200:620.944 - 0.759ms returns FALSE
T3260 200:620.960 JLINK_IsHalted()
T3260 200:621.712 - 0.750ms returns FALSE
T3260 200:732.640 JLINK_IsHalted()
T3260 200:733.696 - 1.069ms returns FALSE
T3260 200:733.728 JLINK_IsHalted()
T3260 200:734.752 - 1.028ms returns FALSE
T3260 200:844.336 JLINK_IsHalted()
T3260 200:845.312 - 0.981ms returns FALSE
T3260 200:845.328 JLINK_IsHalted()
T3260 200:846.112 - 0.785ms returns FALSE
T3260 200:956.560 JLINK_IsHalted()
T3260 200:957.264 - 0.699ms returns FALSE
T3260 200:957.280 JLINK_IsHalted()
T3260 200:958.032 - 0.747ms returns FALSE
T3260 201:068.768 JLINK_IsHalted()
T3260 201:069.952 - 1.168ms returns FALSE
T3260 201:070.000 JLINK_IsHalted()
T3260 201:070.960 - 0.963ms returns FALSE
T3260 201:180.576 JLINK_IsHalted()
T3260 201:181.344 - 0.745ms returns FALSE
T3260 201:181.376 JLINK_IsHalted()
T3260 201:182.176 - 0.788ms returns FALSE
T3260 201:292.368 JLINK_IsHalted()
T3260 201:293.216 - 0.837ms returns FALSE
T3260 201:293.216 JLINK_IsHalted()
T3260 201:294.032 - 0.801ms returns FALSE
T87C0 201:373.120 JLINK_IsHalted()
T87C0 201:374.176 - 1.054ms returns FALSE
T87C0 201:374.224 JLINK_IsHalted()
T87C0 201:375.072 - 0.856ms returns FALSE
T3260 201:404.448 JLINK_IsHalted()
T3260 201:405.424 - 0.970ms returns FALSE
T3260 201:405.472 JLINK_IsHalted()
T3260 201:406.544 - 1.054ms returns FALSE
T3260 201:516.224 JLINK_IsHalted()
T3260 201:516.960 - 0.746ms returns FALSE
T3260 201:516.992 JLINK_IsHalted()
T3260 201:517.696 - 0.705ms returns FALSE
T3260 201:628.544 JLINK_IsHalted()
T3260 201:629.280 - 0.722ms returns FALSE
T3260 201:629.280 JLINK_IsHalted()
T3260 201:629.968 - 0.666ms returns FALSE
T3260 201:740.512 JLINK_IsHalted()
T3260 201:741.456 - 0.940ms returns FALSE
T3260 201:741.472 JLINK_IsHalted()
T3260 201:742.496 - 1.042ms returns FALSE
T3260 201:852.384 JLINK_IsHalted()
T3260 201:853.216 - 0.844ms returns FALSE
T3260 201:853.248 JLINK_IsHalted()
T3260 201:854.016 - 0.767ms returns FALSE
T3260 201:964.384 JLINK_IsHalted()
T3260 201:965.472 - 1.086ms returns FALSE
T3260 201:965.504 JLINK_IsHalted()
T3260 201:966.192 - 0.690ms returns FALSE
T3260 202:076.512 JLINK_IsHalted()
T3260 202:077.440 - 0.923ms returns FALSE
T3260 202:077.456 JLINK_IsHalted()
T3260 202:078.272 - 0.820ms returns FALSE
T3260 202:188.144 JLINK_IsHalted()
T3260 202:188.928 - 0.779ms returns FALSE
T3260 202:188.960 JLINK_IsHalted()
T3260 202:189.792 - 0.845ms returns FALSE
T3260 202:300.320 JLINK_IsHalted()
T3260 202:301.056 - 0.744ms returns FALSE
T3260 202:301.088 JLINK_IsHalted()
T3260 202:301.888 - 0.809ms returns FALSE
T87C0 202:380.912 JLINK_IsHalted()
T87C0 202:381.856 - 0.941ms returns FALSE
T87C0 202:381.872 JLINK_IsHalted()
T87C0 202:382.768 - 0.894ms returns FALSE
T3260 202:412.288 JLINK_IsHalted()
T3260 202:413.088 - 0.808ms returns FALSE
T3260 202:413.120 JLINK_IsHalted()
T3260 202:413.920 - 0.796ms returns FALSE
T3260 202:523.232 JLINK_IsHalted()
T3260 202:524.112 - 0.876ms returns FALSE
T3260 202:524.128 JLINK_IsHalted()
T3260 202:524.880 - 0.745ms returns FALSE
T3260 202:635.280 JLINK_IsHalted()
T3260 202:636.192 - 0.905ms returns FALSE
T3260 202:636.208 JLINK_IsHalted()
T3260 202:637.200 - 0.984ms returns FALSE
T3260 202:746.992 JLINK_IsHalted()
T3260 202:747.776 - 0.773ms returns FALSE
T3260 202:747.808 JLINK_IsHalted()
T3260 202:748.608 - 0.811ms returns FALSE
T3260 202:857.824 JLINK_IsHalted()
T3260 202:858.656 - 0.822ms returns FALSE
T3260 202:858.656 JLINK_IsHalted()
T3260 202:859.488 - 0.822ms returns FALSE
T3260 202:969.440 JLINK_IsHalted()
T3260 202:970.640 - 1.199ms returns FALSE
T3260 202:970.672 JLINK_IsHalted()
T3260 202:971.696 - 1.022ms returns FALSE
T3260 203:080.976 JLINK_IsHalted()
T3260 203:081.632 - 0.666ms returns FALSE
T3260 203:081.648 JLINK_IsHalted()
T3260 203:082.336 - 0.690ms returns FALSE
T3260 203:177.104 JLINK_IsHalted()
T3260 203:177.824 - 0.736ms returns FALSE
T3260 203:177.920 JLINK_IsHalted()
T3260 203:178.640 - 0.716ms returns FALSE
T3260 203:288.528 JLINK_IsHalted()
T3260 203:289.504 - 0.979ms returns FALSE
T3260 203:289.504 JLINK_IsHalted()
T3260 203:290.480 - 0.960ms returns FALSE
T87C0 203:385.376 JLINK_IsHalted()
T87C0 203:386.144 - 0.784ms returns FALSE
T87C0 203:386.160 JLINK_IsHalted()
T87C0 203:387.008 - 0.842ms returns FALSE
T3260 203:401.040 JLINK_IsHalted()
T3260 203:401.824 - 0.779ms returns FALSE
T3260 203:401.824 JLINK_IsHalted()
T3260 203:402.688 - 0.847ms returns FALSE
T3260 203:512.944 JLINK_IsHalted()
T3260 203:513.856 - 0.918ms returns FALSE
T3260 203:513.888 JLINK_IsHalted()
T3260 203:514.640 - 0.750ms returns FALSE
T3260 203:625.584 JLINK_IsHalted()
T3260 203:626.688 - 1.102ms returns FALSE
T3260 203:626.720 JLINK_IsHalted()
T3260 203:627.712 - 0.976ms returns FALSE
T3260 203:737.232 JLINK_IsHalted()
T3260 203:738.144 - 0.913ms returns FALSE
T3260 203:738.160 JLINK_IsHalted()
T3260 203:738.928 - 0.763ms returns FALSE
T3260 203:833.120 JLINK_IsHalted()
T3260 203:833.856 - 0.739ms returns FALSE
T3260 203:833.904 JLINK_IsHalted()
T3260 203:834.864 - 0.963ms returns FALSE
T3260 203:945.568 JLINK_IsHalted()
T3260 203:946.640 - 1.069ms returns FALSE
T3260 203:946.688 JLINK_IsHalted()
T3260 203:947.616 - 0.944ms returns FALSE
T3260 204:056.864 JLINK_IsHalted()
T3260 204:057.616 - 0.737ms returns FALSE
T3260 204:057.632 JLINK_IsHalted()
T3260 204:058.384 - 0.755ms returns FALSE
T3260 204:168.384 JLINK_IsHalted()
T3260 204:169.136 - 0.745ms returns FALSE
T3260 204:169.152 JLINK_IsHalted()
T3260 204:169.808 - 0.654ms returns FALSE
T3260 204:279.696 JLINK_IsHalted()
T3260 204:280.752 - 1.067ms returns FALSE
T3260 204:280.784 JLINK_IsHalted()
T3260 204:281.616 - 0.827ms returns FALSE
T3260 204:389.552 JLINK_IsHalted()
T3260 204:390.432 - 0.882ms returns FALSE
T3260 204:390.464 JLINK_IsHalted()
T3260 204:391.296 - 0.827ms returns FALSE
T87C0 204:391.360 JLINK_IsHalted()
T87C0 204:392.064 - 0.708ms returns FALSE
T87C0 204:392.080 JLINK_IsHalted()
T87C0 204:392.784 - 0.704ms returns FALSE
T3260 204:500.320 JLINK_IsHalted()
T3260 204:501.168 - 0.844ms returns FALSE
T3260 204:501.184 JLINK_IsHalted()
T3260 204:502.032 - 0.833ms returns FALSE
T3260 204:611.856 JLINK_IsHalted()
T3260 204:612.688 - 0.822ms returns FALSE
T3260 204:612.704 JLINK_IsHalted()
T3260 204:613.488 - 0.794ms returns FALSE
T3260 204:706.848 JLINK_IsHalted()
T3260 204:707.648 - 0.791ms returns FALSE
T3260 204:707.664 JLINK_IsHalted()
T3260 204:708.432 - 0.769ms returns FALSE
T3260 204:817.648 JLINK_IsHalted()
T3260 204:818.560 - 0.907ms returns FALSE
T3260 204:818.592 JLINK_IsHalted()
T3260 204:819.392 - 0.803ms returns FALSE
T3260 204:928.416 JLINK_IsHalted()
T3260 204:929.168 - 0.733ms returns FALSE
T3260 204:929.184 JLINK_IsHalted()
T3260 204:929.824 - 0.637ms returns FALSE
T3260 205:039.312 JLINK_IsHalted()
T3260 205:040.080 - 0.771ms returns FALSE
T3260 205:040.096 JLINK_IsHalted()
T3260 205:040.848 - 0.743ms returns FALSE
T3260 205:150.496 JLINK_IsHalted()
T3260 205:151.552 - 1.069ms returns FALSE
T3260 205:151.584 JLINK_IsHalted()
T3260 205:152.432 - 0.857ms returns FALSE
T3260 205:261.408 JLINK_IsHalted()
T3260 205:262.240 - 0.825ms returns FALSE
T3260 205:262.256 JLINK_IsHalted()
T3260 205:262.912 - 0.649ms returns FALSE
T3260 205:372.592 JLINK_IsHalted()
T3260 205:373.296 - 0.708ms returns FALSE
T3260 205:373.344 JLINK_IsHalted()
T3260 205:374.048 - 0.705ms returns FALSE
T87C0 205:404.624 JLINK_IsHalted()
T87C0 205:405.408 - 0.790ms returns FALSE
T87C0 205:405.440 JLINK_IsHalted()
T87C0 205:406.016 - 0.578ms returns FALSE
T3260 205:484.672 JLINK_IsHalted()
T3260 205:485.696 - 1.018ms returns FALSE
T3260 205:485.744 JLINK_IsHalted()
T3260 205:486.752 - 1.004ms returns FALSE
T3260 205:596.208 JLINK_IsHalted()
T3260 205:596.960 - 0.737ms returns FALSE
T3260 205:596.976 JLINK_IsHalted()
T3260 205:597.664 - 0.674ms returns FALSE
T3260 205:692.400 JLINK_IsHalted()
T3260 205:693.264 - 0.856ms returns FALSE
T3260 205:693.280 JLINK_IsHalted()
T3260 205:694.048 - 0.749ms returns FALSE
T3260 205:804.480 JLINK_IsHalted()
T3260 205:805.200 - 0.719ms returns FALSE
T3260 205:805.216 JLINK_IsHalted()
T3260 205:805.920 - 0.700ms returns FALSE
T3260 205:916.560 JLINK_IsHalted()
T3260 205:917.424 - 0.878ms returns FALSE
T3260 205:917.456 JLINK_IsHalted()
T3260 205:918.144 - 0.681ms returns FALSE
T3260 206:028.256 JLINK_IsHalted()
T3260 206:029.040 - 0.792ms returns FALSE
T3260 206:029.072 JLINK_IsHalted()
T3260 206:029.760 - 0.692ms returns FALSE
T3260 206:140.480 JLINK_IsHalted()
T3260 206:141.296 - 0.822ms returns FALSE
T3260 206:141.328 JLINK_IsHalted()
T3260 206:142.112 - 0.784ms returns FALSE
T3260 206:252.576 JLINK_IsHalted()
T3260 206:253.296 - 0.706ms returns FALSE
T3260 206:253.312 JLINK_IsHalted()
T3260 206:253.936 - 0.619ms returns FALSE
T3260 206:348.192 JLINK_IsHalted()
T3260 206:348.912 - 0.722ms returns FALSE
T3260 206:348.944 JLINK_IsHalted()
T3260 206:349.600 - 0.660ms returns FALSE
T87C0 206:412.896 JLINK_IsHalted()
T87C0 206:413.664 - 0.769ms returns FALSE
T87C0 206:413.680 JLINK_IsHalted()
T87C0 206:414.336 - 0.662ms returns FALSE
T3260 206:460.528 JLINK_IsHalted()
T3260 206:461.488 - 0.951ms returns FALSE
T3260 206:461.520 JLINK_IsHalted()
T3260 206:462.448 - 0.932ms returns FALSE
T3260 206:572.416 JLINK_IsHalted()
T3260 206:573.328 - 0.911ms returns FALSE
T3260 206:573.344 JLINK_IsHalted()
T3260 206:574.080 - 0.723ms returns FALSE
T3260 206:684.432 JLINK_IsHalted()
T3260 206:685.280 - 0.845ms returns FALSE
T3260 206:685.296 JLINK_IsHalted()
T3260 206:686.048 - 0.733ms returns FALSE
T3260 206:796.576 JLINK_IsHalted()
T3260 206:797.392 - 0.827ms returns FALSE
T3260 206:797.424 JLINK_IsHalted()
T3260 206:798.320 - 0.895ms returns FALSE
T3260 206:906.720 JLINK_IsHalted()
T3260 206:907.808 - 1.075ms returns FALSE
T3260 206:907.824 JLINK_IsHalted()
T3260 206:908.640 - 0.817ms returns FALSE
T3260 207:017.232 JLINK_IsHalted()
T3260 207:018.000 - 0.761ms returns FALSE
T3260 207:018.016 JLINK_IsHalted()
T3260 207:018.720 - 0.699ms returns FALSE
T3260 207:112.848 JLINK_IsHalted()
T3260 207:113.632 - 0.787ms returns FALSE
T3260 207:113.648 JLINK_IsHalted()
T3260 207:114.448 - 0.793ms returns FALSE
T3260 207:225.552 JLINK_IsHalted()
T3260 207:226.464 - 0.903ms returns FALSE
T3260 207:226.512 JLINK_IsHalted()
T3260 207:227.440 - 0.933ms returns FALSE
T3260 207:336.496 JLINK_IsHalted()
T3260 207:337.248 - 0.754ms returns FALSE
T3260 207:337.264 JLINK_IsHalted()
T3260 207:337.984 - 0.713ms returns FALSE
T87C0 207:417.040 JLINK_IsHalted()
T87C0 207:417.776 - 0.748ms returns FALSE
T87C0 207:417.792 JLINK_IsHalted()
T87C0 207:418.528 - 0.731ms returns FALSE
T3260 207:448.848 JLINK_IsHalted()
T3260 207:449.696 - 0.841ms returns FALSE
T3260 207:449.728 JLINK_IsHalted()
T3260 207:450.416 - 0.691ms returns FALSE
T3260 207:560.848 JLINK_IsHalted()
T3260 207:561.952 - 1.103ms returns FALSE
T3260 207:562.000 JLINK_IsHalted()
T3260 207:562.976 - 0.967ms returns FALSE
T3260 207:671.408 JLINK_IsHalted()
T3260 207:672.368 - 0.972ms returns FALSE
T3260 207:672.400 JLINK_IsHalted()
T3260 207:673.232 - 0.826ms returns FALSE
T3260 207:783.328 JLINK_IsHalted()
T3260 207:784.160 - 0.839ms returns FALSE
T3260 207:784.416 JLINK_IsHalted()
T3260 207:785.312 - 0.900ms returns FALSE
T3260 207:879.712 JLINK_IsHalted()
T3260 207:880.880 - 1.167ms returns FALSE
T3260 207:880.896 JLINK_IsHalted()
T3260 207:881.888 - 0.998ms returns FALSE
T3260 207:991.696 JLINK_IsHalted()
T3260 207:992.640 - 0.945ms returns FALSE
T3260 207:992.672 JLINK_IsHalted()
T3260 207:993.520 - 0.847ms returns FALSE
T3260 208:103.296 JLINK_IsHalted()
T3260 208:104.160 - 0.869ms returns FALSE
T3260 208:104.176 JLINK_IsHalted()
T3260 208:105.024 - 0.855ms returns FALSE
T3260 208:215.504 JLINK_IsHalted()
T3260 208:216.384 - 0.895ms returns FALSE
T3260 208:216.432 JLINK_IsHalted()
T3260 208:217.232 - 0.790ms returns FALSE
T3260 208:327.568 JLINK_IsHalted()
T3260 208:328.448 - 0.884ms returns FALSE
T3260 208:328.464 JLINK_IsHalted()
T3260 208:329.136 - 0.676ms returns FALSE
T87C0 208:423.840 JLINK_IsHalted()
T87C0 208:424.688 - 0.855ms returns FALSE
T87C0 208:424.704 JLINK_IsHalted()
T87C0 208:425.472 - 0.774ms returns FALSE
T3260 208:439.296 JLINK_IsHalted()
T3260 208:440.096 - 0.804ms returns FALSE
T3260 208:440.112 JLINK_IsHalted()
T3260 208:440.848 - 0.725ms returns FALSE
T3260 208:535.472 JLINK_IsHalted()
T3260 208:536.288 - 0.836ms returns FALSE
T3260 208:536.320 JLINK_IsHalted()
T3260 208:537.232 - 0.914ms returns FALSE
T3260 208:647.200 JLINK_IsHalted()
T3260 208:648.000 - 0.805ms returns FALSE
T3260 208:648.032 JLINK_IsHalted()
T3260 208:648.768 - 0.736ms returns FALSE
T3260 208:759.328 JLINK_IsHalted()
T3260 208:759.904 - 0.563ms returns FALSE
T3260 208:759.920 JLINK_IsHalted()
T3260 208:760.608 - 0.690ms returns FALSE
T3260 208:871.344 JLINK_IsHalted()
T3260 208:872.352 - 1.011ms returns FALSE
T3260 208:872.368 JLINK_IsHalted()
T3260 208:873.216 - 0.846ms returns FALSE
T3260 208:982.464 JLINK_IsHalted()
T3260 208:983.328 - 0.864ms returns FALSE
T3260 208:983.360 JLINK_IsHalted()
T3260 208:984.144 - 0.785ms returns FALSE
T3260 209:093.152 JLINK_IsHalted()
T3260 209:094.064 - 0.924ms returns FALSE
T3260 209:094.096 JLINK_IsHalted()
T3260 209:094.880 - 0.787ms returns FALSE
T3260 209:203.840 JLINK_IsHalted()
T3260 209:204.848 - 1.017ms returns FALSE
T3260 209:204.896 JLINK_IsHalted()
T3260 209:205.680 - 0.786ms returns FALSE
T3260 209:315.680 JLINK_IsHalted()
T3260 209:316.624 - 0.944ms returns FALSE
T3260 209:316.640 JLINK_IsHalted()
T3260 209:317.344 - 0.689ms returns FALSE
T3260 209:426.192 JLINK_IsHalted()
T3260 209:427.088 - 0.894ms returns FALSE
T3260 209:427.104 JLINK_IsHalted()
T3260 209:427.776 - 0.667ms returns FALSE
T87C0 209:427.840 JLINK_IsHalted()
T87C0 209:428.608 - 0.763ms returns FALSE
T87C0 209:428.624 JLINK_IsHalted()
T87C0 209:429.360 - 0.736ms returns FALSE
T3260 209:536.896 JLINK_IsHalted()
T3260 209:537.616 - 0.717ms returns FALSE
T3260 209:537.632 JLINK_IsHalted()
T3260 209:538.384 - 0.737ms returns FALSE
T3260 209:648.128 JLINK_IsHalted()
T3260 209:649.120 - 0.993ms returns FALSE
T3260 209:649.184 JLINK_IsHalted()
T3260 209:650.080 - 0.891ms returns FALSE
T3260 209:758.816 JLINK_IsHalted()
T3260 209:759.552 - 0.718ms returns FALSE
T3260 209:759.552 JLINK_IsHalted()
T3260 209:760.224 - 0.661ms returns FALSE
T3260 209:869.968 JLINK_IsHalted()
T3260 209:870.816 - 0.839ms returns FALSE
T3260 209:870.848 JLINK_IsHalted()
T3260 209:871.520 - 0.680ms returns FALSE
T3260 209:982.592 JLINK_IsHalted()
T3260 209:983.440 - 0.840ms returns FALSE
T3260 209:983.472 JLINK_IsHalted()
T3260 209:984.256 - 0.789ms returns FALSE
T3260 210:094.224 JLINK_IsHalted()
T3260 210:094.976 - 0.760ms returns FALSE
T3260 210:095.008 JLINK_IsHalted()
T3260 210:095.840 - 0.839ms returns FALSE
T3260 210:205.472 JLINK_IsHalted()
T3260 210:206.304 - 0.815ms returns FALSE
T3260 210:206.320 JLINK_IsHalted()
T3260 210:206.992 - 0.673ms returns FALSE
T3260 210:300.560 JLINK_IsHalted()
T3260 210:301.600 - 1.052ms returns FALSE
T3260 210:301.648 JLINK_IsHalted()
T3260 210:302.800 - 1.152ms returns FALSE
T3260 210:412.368 JLINK_IsHalted()
T3260 210:413.184 - 0.811ms returns FALSE
T3260 210:413.216 JLINK_IsHalted()
T3260 210:413.824 - 0.617ms returns FALSE
T87C0 210:428.848 JLINK_IsHalted()
T87C0 210:429.600 - 0.751ms returns FALSE
T87C0 210:429.632 JLINK_IsHalted()
T87C0 210:430.288 - 0.658ms returns FALSE
T3260 210:524.384 JLINK_IsHalted()
T3260 210:525.184 - 0.788ms returns FALSE
T3260 210:525.200 JLINK_IsHalted()
T3260 210:525.872 - 0.670ms returns FALSE
T3260 210:636.832 JLINK_IsHalted()
T3260 210:637.952 - 1.112ms returns FALSE
T3260 210:638.016 JLINK_IsHalted()
T3260 210:639.152 - 1.131ms returns FALSE
T3260 210:748.512 JLINK_IsHalted()
T3260 210:749.296 - 0.790ms returns FALSE
T3260 210:749.312 JLINK_IsHalted()
T3260 210:750.000 - 0.682ms returns FALSE
T3260 210:860.400 JLINK_IsHalted()
T3260 210:861.264 - 0.855ms returns FALSE
T3260 210:861.280 JLINK_IsHalted()
T3260 210:862.128 - 0.850ms returns FALSE
T3260 210:956.768 JLINK_IsHalted()
T3260 210:957.728 - 0.967ms returns FALSE
T3260 210:957.760 JLINK_IsHalted()
T3260 210:958.912 - 1.153ms returns FALSE
T3260 211:068.224 JLINK_IsHalted()
T3260 211:069.008 - 0.788ms returns FALSE
T3260 211:069.024 JLINK_IsHalted()
T3260 211:069.936 - 0.907ms returns FALSE
T3260 211:180.384 JLINK_IsHalted()
T3260 211:180.960 - 0.591ms returns FALSE
T3260 211:180.976 JLINK_IsHalted()
T3260 211:181.664 - 0.670ms returns FALSE
T3260 211:292.432 JLINK_IsHalted()
T3260 211:293.232 - 0.809ms returns FALSE
T3260 211:293.264 JLINK_IsHalted()
T3260 211:293.936 - 0.679ms returns FALSE
T3260 211:404.640 JLINK_IsHalted()
T3260 211:405.360 - 0.735ms returns FALSE
T3260 211:405.408 JLINK_IsHalted()
T3260 211:406.224 - 0.823ms returns FALSE
T87C0 211:436.768 JLINK_IsHalted()
T87C0 211:437.520 - 0.753ms returns FALSE
T87C0 211:437.536 JLINK_IsHalted()
T87C0 211:438.240 - 0.702ms returns FALSE
T3260 211:516.256 JLINK_IsHalted()
T3260 211:517.040 - 0.789ms returns FALSE
T3260 211:517.072 JLINK_IsHalted()
T3260 211:517.856 - 0.796ms returns FALSE
T3260 211:628.832 JLINK_IsHalted()
T3260 211:629.920 - 1.089ms returns FALSE
T3260 211:629.984 JLINK_IsHalted()
T3260 211:630.928 - 0.952ms returns FALSE
T3260 211:740.320 JLINK_IsHalted()
T3260 211:741.120 - 0.791ms returns FALSE
T3260 211:741.152 JLINK_IsHalted()
T3260 211:741.936 - 0.772ms returns FALSE
T3260 211:852.144 JLINK_IsHalted()
T3260 211:852.960 - 0.829ms returns FALSE
T3260 211:853.008 JLINK_IsHalted()
T3260 211:853.776 - 0.762ms returns FALSE
T3260 211:964.544 JLINK_IsHalted()
T3260 211:965.280 - 0.720ms returns FALSE
T3260 211:965.280 JLINK_IsHalted()
T3260 211:966.064 - 0.777ms returns FALSE
T3260 212:076.128 JLINK_IsHalted()
T3260 212:076.928 - 0.798ms returns FALSE
T3260 212:076.944 JLINK_IsHalted()
T3260 212:077.744 - 0.808ms returns FALSE
T3260 212:186.080 JLINK_IsHalted()
T3260 212:186.896 - 0.824ms returns FALSE
T3260 212:186.912 JLINK_IsHalted()
T3260 212:187.616 - 0.691ms returns FALSE
T3260 212:297.184 JLINK_IsHalted()
T3260 212:298.064 - 0.890ms returns FALSE
T3260 212:298.080 JLINK_IsHalted()
T3260 212:298.912 - 0.828ms returns FALSE
T3260 212:408.752 JLINK_IsHalted()
T3260 212:409.616 - 0.857ms returns FALSE
T3260 212:409.632 JLINK_IsHalted()
T3260 212:410.464 - 0.808ms returns FALSE
T87C0 212:440.592 JLINK_IsHalted()
T87C0 212:441.440 - 0.868ms returns FALSE
T87C0 212:441.472 JLINK_IsHalted()
T87C0 212:442.352 - 0.878ms returns FALSE
T3260 212:503.312 JLINK_IsHalted()
T3260 212:504.160 - 0.846ms returns FALSE
T3260 212:504.160 JLINK_IsHalted()
T3260 212:504.912 - 0.738ms returns FALSE
T3260 212:615.296 JLINK_IsHalted()
T3260 212:616.096 - 0.788ms returns FALSE
T3260 212:616.112 JLINK_IsHalted()
T3260 212:616.816 - 0.710ms returns FALSE
T3260 212:727.456 JLINK_IsHalted()
T3260 212:728.496 - 1.040ms returns FALSE
T3260 212:728.544 JLINK_IsHalted()
T3260 212:729.632 - 1.064ms returns FALSE
T3260 212:839.712 JLINK_IsHalted()
T3260 212:840.464 - 0.749ms returns FALSE
T3260 212:840.480 JLINK_IsHalted()
T3260 212:841.232 - 0.742ms returns FALSE
T3260 212:951.168 JLINK_IsHalted()
T3260 212:951.888 - 0.709ms returns FALSE
T3260 212:951.904 JLINK_IsHalted()
T3260 212:952.592 - 0.687ms returns FALSE
T3260 213:063.760 JLINK_IsHalted()
T3260 213:064.928 - 1.173ms returns FALSE
T3260 213:064.992 JLINK_IsHalted()
T3260 213:065.968 - 0.977ms returns FALSE
T3260 213:175.600 JLINK_IsHalted()
T3260 213:176.352 - 0.743ms returns FALSE
T3260 213:176.352 JLINK_IsHalted()
T3260 213:177.056 - 0.688ms returns FALSE
T3260 213:287.136 JLINK_IsHalted()
T3260 213:287.952 - 0.816ms returns FALSE
T3260 213:287.968 JLINK_IsHalted()
T3260 213:288.736 - 0.773ms returns FALSE
T3260 213:399.536 JLINK_IsHalted()
T3260 213:400.624 - 1.082ms returns FALSE
T3260 213:400.672 JLINK_IsHalted()
T3260 213:401.552 - 0.882ms returns FALSE
T87C0 213:447.968 JLINK_IsHalted()
T87C0 213:448.976 - 1.002ms returns FALSE
T87C0 213:449.024 JLINK_IsHalted()
T87C0 213:449.856 - 0.832ms returns FALSE
T3260 213:511.392 JLINK_IsHalted()
T3260 213:512.272 - 0.866ms returns FALSE
T3260 213:512.288 JLINK_IsHalted()
T3260 213:512.944 - 0.654ms returns FALSE
T3260 213:623.600 JLINK_IsHalted()
T3260 213:624.480 - 0.879ms returns FALSE
T3260 213:624.496 JLINK_IsHalted()
T3260 213:625.184 - 0.680ms returns FALSE
T3260 213:735.296 JLINK_IsHalted()
T3260 213:736.272 - 0.974ms returns FALSE
T3260 213:736.320 JLINK_IsHalted()
T3260 213:737.424 - 1.103ms returns FALSE
T3260 213:831.376 JLINK_IsHalted()
T3260 213:832.368 - 1.018ms returns FALSE
T3260 213:832.400 JLINK_IsHalted()
T3260 213:833.264 - 0.869ms returns FALSE
T3260 213:943.680 JLINK_IsHalted()
T3260 213:944.416 - 0.752ms returns FALSE
T3260 213:944.448 JLINK_IsHalted()
T3260 213:945.200 - 0.754ms returns FALSE
T3260 214:055.328 JLINK_IsHalted()
T3260 214:056.096 - 0.775ms returns FALSE
T3260 214:056.112 JLINK_IsHalted()
T3260 214:056.880 - 0.768ms returns FALSE
T3260 214:167.296 JLINK_IsHalted()
T3260 214:168.240 - 0.939ms returns FALSE
T3260 214:168.272 JLINK_IsHalted()
T3260 214:168.992 - 0.718ms returns FALSE
T3260 214:279.232 JLINK_IsHalted()
T3260 214:280.192 - 0.960ms returns FALSE
T3260 214:280.208 JLINK_IsHalted()
T3260 214:281.168 - 0.954ms returns FALSE
T3260 214:391.568 JLINK_IsHalted()
T3260 214:392.416 - 0.842ms returns FALSE
T3260 214:392.448 JLINK_IsHalted()
T3260 214:393.232 - 0.788ms returns FALSE
T87C0 214:456.096 JLINK_IsHalted()
T87C0 214:457.264 - 1.171ms returns FALSE
T87C0 214:457.328 JLINK_IsHalted()
T87C0 214:458.208 - 0.877ms returns FALSE
T3260 214:487.888 JLINK_IsHalted()
T3260 214:488.912 - 1.024ms returns FALSE
T3260 214:488.944 JLINK_IsHalted()
T3260 214:490.016 - 1.069ms returns FALSE
T3260 214:599.456 JLINK_IsHalted()
T3260 214:600.256 - 0.800ms returns FALSE
T3260 214:600.272 JLINK_IsHalted()
T3260 214:601.056 - 0.785ms returns FALSE
T3260 214:711.344 JLINK_IsHalted()
T3260 214:712.128 - 0.781ms returns FALSE
T3260 214:712.160 JLINK_IsHalted()
T3260 214:712.800 - 0.661ms returns FALSE
T3260 214:823.776 JLINK_IsHalted()
T3260 214:824.656 - 0.868ms returns FALSE
T3260 214:824.672 JLINK_IsHalted()
T3260 214:825.728 - 1.046ms returns FALSE
T3260 214:935.600 JLINK_IsHalted()
T3260 214:936.480 - 0.866ms returns FALSE
T3260 214:936.480 JLINK_IsHalted()
T3260 214:937.168 - 0.667ms returns FALSE
T3260 215:047.520 JLINK_IsHalted()
T3260 215:048.320 - 0.796ms returns FALSE
T3260 215:048.320 JLINK_IsHalted()
T3260 215:049.168 - 0.844ms returns FALSE
T3260 215:159.456 JLINK_IsHalted()
T3260 215:160.448 - 1.001ms returns FALSE
T3260 215:160.496 JLINK_IsHalted()
T3260 215:161.296 - 0.797ms returns FALSE
T3260 215:272.480 JLINK_IsHalted()
T3260 215:273.376 - 0.885ms returns FALSE
T3260 215:273.376 JLINK_IsHalted()
T3260 215:274.112 - 0.724ms returns FALSE
T3260 215:383.216 JLINK_IsHalted()
T3260 215:383.936 - 0.707ms returns FALSE
T3260 215:383.968 JLINK_IsHalted()
T3260 215:384.608 - 0.650ms returns FALSE
T87C0 215:463.472 JLINK_IsHalted()
T87C0 215:464.496 - 1.036ms returns FALSE
T87C0 215:464.544 JLINK_IsHalted()
T87C0 215:465.472 - 0.936ms returns FALSE
T3260 215:495.456 JLINK_IsHalted()
T3260 215:496.192 - 0.748ms returns FALSE
T3260 215:496.224 JLINK_IsHalted()
T3260 215:497.088 - 0.860ms returns FALSE
T3260 215:607.200 JLINK_IsHalted()
T3260 215:607.936 - 0.743ms returns FALSE
T3260 215:607.968 JLINK_IsHalted()
T3260 215:608.656 - 0.692ms returns FALSE
T3260 215:719.504 JLINK_IsHalted()
T3260 215:720.416 - 0.912ms returns FALSE
T3260 215:720.448 JLINK_IsHalted()
T3260 215:721.168 - 0.713ms returns FALSE
T3260 215:831.680 JLINK_IsHalted()
T3260 215:833.424 - 1.739ms returns FALSE
T3260 215:833.472 JLINK_IsHalted()
T3260 215:834.416 - 0.944ms returns FALSE
T3260 215:943.344 JLINK_IsHalted()
T3260 215:944.192 - 0.825ms returns FALSE
T3260 215:944.192 JLINK_IsHalted()
T3260 215:945.120 - 0.903ms returns FALSE
T3260 216:055.344 JLINK_IsHalted()
T3260 216:056.192 - 0.840ms returns FALSE
T3260 216:056.240 JLINK_IsHalted()
T3260 216:056.960 - 0.714ms returns FALSE
T3260 216:167.248 JLINK_IsHalted()
T3260 216:167.984 - 0.751ms returns FALSE
T3260 216:168.016 JLINK_IsHalted()
T3260 216:168.672 - 0.674ms returns FALSE
T3260 216:269.984 JLINK_IsHalted()
T3260 216:270.848 - 0.864ms returns FALSE
T3260 216:270.880 JLINK_IsHalted()
T3260 216:271.616 - 0.732ms returns FALSE
T3260 216:382.544 JLINK_IsHalted()
T3260 216:383.568 - 1.015ms returns FALSE
T3260 216:383.616 JLINK_IsHalted()
T3260 216:384.432 - 0.837ms returns FALSE
T87C0 216:478.640 JLINK_IsHalted()
T87C0 216:485.680 - 7.030ms returns FALSE
T87C0 216:485.712 JLINK_IsHalted()
T87C0 216:486.736 - 1.008ms returns FALSE
T3260 216:494.368 JLINK_IsHalted()
T3260 216:495.152 - 0.795ms returns FALSE
T3260 216:495.200 JLINK_IsHalted()
T3260 216:495.904 - 0.693ms returns FALSE
T3260 216:606.128 JLINK_IsHalted()
T3260 216:607.056 - 0.916ms returns FALSE
T3260 216:607.072 JLINK_IsHalted()
T3260 216:607.904 - 0.814ms returns FALSE
T3260 216:717.392 JLINK_IsHalted()
T3260 216:718.240 - 0.838ms returns FALSE
T3260 216:718.256 JLINK_IsHalted()
T3260 216:718.944 - 0.702ms returns FALSE
T3260 216:828.752 JLINK_IsHalted()
T3260 216:829.904 - 1.155ms returns FALSE
T3260 216:829.920 JLINK_IsHalted()
T3260 216:831.008 - 1.064ms returns FALSE
T3260 216:940.336 JLINK_IsHalted()
T3260 216:941.104 - 0.773ms returns FALSE
T3260 216:941.136 JLINK_IsHalted()
T3260 216:941.776 - 0.634ms returns FALSE
T3260 217:034.576 JLINK_IsHalted()
T3260 217:035.392 - 0.804ms returns FALSE
T3260 217:035.392 JLINK_IsHalted()
T3260 217:036.032 - 0.628ms returns FALSE
T3260 217:145.184 JLINK_IsHalted()
T3260 217:146.032 - 0.823ms returns FALSE
T3260 217:146.032 JLINK_IsHalted()
T3260 217:146.928 - 0.884ms returns FALSE
T3260 217:256.960 JLINK_IsHalted()
T3260 217:257.568 - 0.627ms returns FALSE
T3260 217:257.632 JLINK_IsHalted()
T3260 217:258.240 - 0.635ms returns FALSE
T3260 217:368.832 JLINK_IsHalted()
T3260 217:369.632 - 0.794ms returns FALSE
T3260 217:369.648 JLINK_IsHalted()
T3260 217:370.288 - 0.643ms returns FALSE
T3260 217:481.008 JLINK_IsHalted()
T3260 217:481.904 - 0.893ms returns FALSE
T3260 217:481.952 JLINK_IsHalted()
T3260 217:482.800 - 0.848ms returns FALSE
T87C0 217:497.136 JLINK_IsHalted()
T87C0 217:497.984 - 0.840ms returns FALSE
T87C0 217:498.032 JLINK_IsHalted()
T87C0 217:499.088 - 1.046ms returns FALSE
T3260 217:592.352 JLINK_IsHalted()
T3260 217:593.056 - 0.723ms returns FALSE
T3260 217:593.088 JLINK_IsHalted()
T3260 217:593.856 - 0.773ms returns FALSE
T3260 217:703.296 JLINK_IsHalted()
T3260 217:704.096 - 0.786ms returns FALSE
T3260 217:704.096 JLINK_IsHalted()
T3260 217:704.992 - 0.886ms returns FALSE
T3260 217:815.344 JLINK_IsHalted()
T3260 217:816.224 - 0.861ms returns FALSE
T3260 217:816.224 JLINK_IsHalted()
T3260 217:816.992 - 0.749ms returns FALSE
T3260 217:911.328 JLINK_IsHalted()
T3260 217:912.096 - 0.765ms returns FALSE
T3260 217:912.112 JLINK_IsHalted()
T3260 217:912.864 - 0.758ms returns FALSE
T3260 218:023.376 JLINK_IsHalted()
T3260 218:024.160 - 0.787ms returns FALSE
T3260 218:024.192 JLINK_IsHalted()
T3260 218:025.056 - 0.871ms returns FALSE
T3260 218:135.600 JLINK_IsHalted()
T3260 218:136.496 - 0.894ms returns FALSE
T3260 218:136.528 JLINK_IsHalted()
T3260 218:137.424 - 0.893ms returns FALSE
T3260 218:247.392 JLINK_IsHalted()
T3260 218:248.448 - 1.054ms returns FALSE
T3260 218:248.528 JLINK_IsHalted()
T3260 218:249.472 - 0.949ms returns FALSE
T3260 218:359.136 JLINK_IsHalted()
T3260 218:359.904 - 0.782ms returns FALSE
T3260 218:359.968 JLINK_IsHalted()
T3260 218:360.624 - 0.659ms returns FALSE
T3260 218:471.600 JLINK_IsHalted()
T3260 218:472.368 - 0.761ms returns FALSE
T3260 218:472.400 JLINK_IsHalted()
T3260 218:473.184 - 0.797ms returns FALSE
T87C0 218:503.712 JLINK_IsHalted()
T87C0 218:504.704 - 0.999ms returns FALSE
T87C0 218:504.736 JLINK_IsHalted()
T87C0 218:505.760 - 1.025ms returns FALSE
T3260 218:583.472 JLINK_IsHalted()
T3260 218:584.416 - 0.941ms returns FALSE
T3260 218:584.448 JLINK_IsHalted()
T3260 218:585.120 - 0.677ms returns FALSE
T3260 218:695.328 JLINK_IsHalted()
T3260 218:696.064 - 0.753ms returns FALSE
T3260 218:696.112 JLINK_IsHalted()
T3260 218:696.800 - 0.705ms returns FALSE
T3260 218:807.264 JLINK_IsHalted()
T3260 218:807.984 - 0.728ms returns FALSE
T3260 218:808.016 JLINK_IsHalted()
T3260 218:808.736 - 0.724ms returns FALSE
T3260 218:919.472 JLINK_IsHalted()
T3260 218:920.240 - 0.762ms returns FALSE
T3260 218:920.272 JLINK_IsHalted()
T3260 218:920.992 - 0.709ms returns FALSE
T3260 219:031.584 JLINK_IsHalted()
T3260 219:032.352 - 0.774ms returns FALSE
T3260 219:032.368 JLINK_IsHalted()
T3260 219:033.088 - 0.708ms returns FALSE
T3260 219:143.680 JLINK_IsHalted()
T3260 219:144.752 - 1.065ms returns FALSE
T3260 219:144.784 JLINK_IsHalted()
T3260 219:145.696 - 0.926ms returns FALSE
T3260 219:239.088 JLINK_IsHalted()
T3260 219:240.016 - 0.928ms returns FALSE
T3260 219:240.064 JLINK_IsHalted()
T3260 219:240.928 - 0.868ms returns FALSE
T3260 219:351.168 JLINK_IsHalted()
T3260 219:352.016 - 0.843ms returns FALSE
T3260 219:352.016 JLINK_IsHalted()
T3260 219:352.832 - 0.808ms returns FALSE
T3260 219:463.600 JLINK_IsHalted()
T3260 219:464.752 - 1.140ms returns FALSE
T3260 219:464.832 JLINK_IsHalted()
T3260 219:466.064 - 1.235ms returns FALSE
T87C0 219:511.984 JLINK_IsHalted()
T87C0 219:512.784 - 0.794ms returns FALSE
T87C0 219:512.784 JLINK_IsHalted()
T87C0 219:513.472 - 0.692ms returns FALSE
T3260 219:575.424 JLINK_IsHalted()
T3260 219:576.192 - 0.771ms returns FALSE
T3260 219:576.240 JLINK_IsHalted()
T3260 219:577.008 - 0.764ms returns FALSE
T3260 219:687.456 JLINK_IsHalted()
T3260 219:687.984 - 0.545ms returns FALSE
T3260 219:688.016 JLINK_IsHalted()
T3260 219:688.608 - 0.609ms returns FALSE
T3260 219:799.424 JLINK_IsHalted()
T3260 219:800.416 - 1.006ms returns FALSE
T3260 219:800.480 JLINK_IsHalted()
T3260 219:801.504 - 1.018ms returns FALSE
T3260 219:911.504 JLINK_IsHalted()
T3260 219:912.272 - 0.770ms returns FALSE
T3260 219:912.288 JLINK_IsHalted()
T3260 219:913.056 - 0.784ms returns FALSE
T3260 220:023.376 JLINK_IsHalted()
T3260 220:024.288 - 0.919ms returns FALSE
T3260 220:024.288 JLINK_IsHalted()
T3260 220:025.184 - 0.877ms returns FALSE
T3260 220:135.584 JLINK_IsHalted()
T3260 220:136.624 - 1.053ms returns FALSE
T3260 220:136.704 JLINK_IsHalted()
T3260 220:137.600 - 0.883ms returns FALSE
T3260 220:247.216 JLINK_IsHalted()
T3260 220:248.192 - 0.968ms returns FALSE
T3260 220:248.224 JLINK_IsHalted()
T3260 220:249.088 - 0.871ms returns FALSE
T3260 220:359.520 JLINK_IsHalted()
T3260 220:360.240 - 0.728ms returns FALSE
T3260 220:360.272 JLINK_IsHalted()
T3260 220:360.992 - 0.704ms returns FALSE
T3260 220:471.776 JLINK_IsHalted()
T3260 220:472.832 - 1.049ms returns FALSE
T3260 220:472.880 JLINK_IsHalted()
T3260 220:473.904 - 0.996ms returns FALSE
T87C0 220:519.552 JLINK_IsHalted()
T87C0 220:520.496 - 0.959ms returns FALSE
T87C0 220:520.528 JLINK_IsHalted()
T87C0 220:521.184 - 0.662ms returns FALSE
T3260 220:567.424 JLINK_IsHalted()
T3260 220:568.112 - 0.703ms returns FALSE
T3260 220:573.488 JLINK_IsHalted()
T3260 220:574.160 - 0.674ms returns FALSE
T3260 220:679.296 JLINK_IsHalted()
T3260 220:680.064 - 0.769ms returns FALSE
T3260 220:680.096 JLINK_IsHalted()
T3260 220:680.784 - 0.685ms returns FALSE
T3260 220:791.424 JLINK_IsHalted()
T3260 220:792.224 - 0.771ms returns FALSE
T3260 220:792.448 JLINK_IsHalted()
T3260 220:793.504 - 1.039ms returns FALSE
T3260 220:902.272 JLINK_IsHalted()
T3260 220:903.936 - 1.649ms returns FALSE
T3260 220:903.968 JLINK_IsHalted()
T3260 220:904.800 - 0.830ms returns FALSE
T3260 221:012.384 JLINK_IsHalted()
T3260 221:013.088 - 0.723ms returns FALSE
T3260 221:013.120 JLINK_IsHalted()
T3260 221:013.760 - 0.652ms returns FALSE
T3260 221:123.616 JLINK_IsHalted()
T3260 221:124.432 - 0.809ms returns FALSE
T3260 221:124.480 JLINK_IsHalted()
T3260 221:125.472 - 0.991ms returns FALSE
T3260 221:234.480 JLINK_IsHalted()
T3260 221:235.168 - 0.694ms returns FALSE
T3260 221:235.200 JLINK_IsHalted()
T3260 221:235.840 - 0.640ms returns FALSE
T3260 221:345.184 JLINK_IsHalted()
T3260 221:345.920 - 0.738ms returns FALSE
T3260 221:345.952 JLINK_IsHalted()
T3260 221:346.608 - 0.676ms returns FALSE
T3260 221:456.544 JLINK_IsHalted()
T3260 221:457.616 - 1.059ms returns FALSE
T3260 221:457.632 JLINK_IsHalted()
T3260 221:458.528 - 0.895ms returns FALSE
T87C0 221:519.824 JLINK_IsHalted()
T87C0 221:520.592 - 0.775ms returns FALSE
T87C0 221:520.608 JLINK_IsHalted()
T87C0 221:521.312 - 0.679ms returns FALSE
T3260 221:566.720 JLINK_IsHalted()
T3260 221:567.648 - 0.891ms returns FALSE
T3260 221:567.648 JLINK_IsHalted()
T3260 221:568.432 - 0.782ms returns FALSE
T3260 221:677.952 JLINK_IsHalted()
T3260 221:678.768 - 0.842ms returns FALSE
T3260 221:678.800 JLINK_IsHalted()
T3260 221:679.584 - 0.780ms returns FALSE
T3260 221:789.344 JLINK_IsHalted()
T3260 221:790.288 - 0.960ms returns FALSE
T3260 221:790.336 JLINK_IsHalted()
T3260 221:791.056 - 0.727ms returns FALSE
T3260 221:900.256 JLINK_IsHalted()
T3260 221:901.104 - 0.846ms returns FALSE
T3260 221:901.104 JLINK_IsHalted()
T3260 221:901.856 - 0.727ms returns FALSE
T3260 222:012.240 JLINK_IsHalted()
T3260 222:013.216 - 0.966ms returns FALSE
T3260 222:013.232 JLINK_IsHalted()
T3260 222:014.176 - 0.953ms returns FALSE
T3260 222:124.288 JLINK_IsHalted()
T3260 222:125.232 - 0.953ms returns FALSE
T3260 222:125.264 JLINK_IsHalted()
T3260 222:126.112 - 0.826ms returns FALSE
T3260 222:236.384 JLINK_IsHalted()
T3260 222:237.280 - 0.892ms returns FALSE
T3260 222:237.280 JLINK_IsHalted()
T3260 222:238.000 - 0.695ms returns FALSE
T3260 222:332.720 JLINK_IsHalted()
T3260 222:333.600 - 0.891ms returns FALSE
T3260 222:333.616 JLINK_IsHalted()
T3260 222:334.464 - 0.851ms returns FALSE
T3260 222:444.320 JLINK_IsHalted()
T3260 222:445.184 - 0.883ms returns FALSE
T3260 222:445.232 JLINK_IsHalted()
T3260 222:446.240 - 1.006ms returns FALSE
T87C0 222:524.624 JLINK_IsHalted()
T87C0 222:525.360 - 0.749ms returns FALSE
T87C0 222:525.392 JLINK_IsHalted()
T87C0 222:526.128 - 0.741ms returns FALSE
T3260 222:556.464 JLINK_IsHalted()
T3260 222:557.184 - 0.729ms returns FALSE
T3260 222:557.216 JLINK_IsHalted()
T3260 222:557.952 - 0.745ms returns FALSE
T3260 222:668.368 JLINK_IsHalted()
T3260 222:669.216 - 0.834ms returns FALSE
T3260 222:669.232 JLINK_IsHalted()
T3260 222:670.032 - 0.811ms returns FALSE
T3260 222:780.832 JLINK_IsHalted()
T3260 222:781.856 - 1.026ms returns FALSE
T3260 222:781.904 JLINK_IsHalted()
T3260 222:782.880 - 0.974ms returns FALSE
T3260 222:892.256 JLINK_IsHalted()
T3260 222:893.088 - 0.816ms returns FALSE
T3260 222:893.088 JLINK_IsHalted()
T3260 222:893.776 - 0.694ms returns FALSE
T3260 222:988.112 JLINK_IsHalted()
T3260 222:988.832 - 0.717ms returns FALSE
T3260 222:988.848 JLINK_IsHalted()
T3260 222:989.520 - 0.679ms returns FALSE
T3260 223:100.624 JLINK_IsHalted()
T3260 223:101.488 - 0.862ms returns FALSE
T3260 223:101.520 JLINK_IsHalted()
T3260 223:102.464 - 0.925ms returns FALSE
T3260 223:212.384 JLINK_IsHalted()
T3260 223:213.104 - 0.727ms returns FALSE
T3260 223:213.136 JLINK_IsHalted()
T3260 223:213.824 - 0.691ms returns FALSE
T3260 223:325.136 JLINK_IsHalted()
T3260 223:326.048 - 0.912ms returns FALSE
T3260 223:326.080 JLINK_IsHalted()
T3260 223:326.928 - 0.867ms returns FALSE
T3260 223:436.464 JLINK_IsHalted()
T3260 223:437.440 - 0.981ms returns FALSE
T3260 223:437.472 JLINK_IsHalted()
T3260 223:438.416 - 0.950ms returns FALSE
T87C0 223:532.464 JLINK_IsHalted()
T87C0 223:533.264 - 0.805ms returns FALSE
T87C0 223:533.312 JLINK_IsHalted()
T87C0 223:534.032 - 0.738ms returns FALSE
T3260 223:548.192 JLINK_IsHalted()
T3260 223:548.928 - 0.750ms returns FALSE
T3260 223:548.960 JLINK_IsHalted()
T3260 223:549.648 - 0.694ms returns FALSE
T3260 223:644.576 JLINK_IsHalted()
T3260 223:645.280 - 0.732ms returns FALSE
T3260 223:645.312 JLINK_IsHalted()
T3260 223:645.984 - 0.665ms returns FALSE
T3260 223:756.288 JLINK_IsHalted()
T3260 223:757.024 - 0.722ms returns FALSE
T3260 223:757.024 JLINK_IsHalted()
T3260 223:757.824 - 0.794ms returns FALSE
T3260 223:868.416 JLINK_IsHalted()
T3260 223:869.280 - 0.868ms returns FALSE
T3260 223:869.312 JLINK_IsHalted()
T3260 223:870.112 - 0.795ms returns FALSE
T3260 223:980.448 JLINK_IsHalted()
T3260 223:981.136 - 0.701ms returns FALSE
T3260 223:981.152 JLINK_IsHalted()
T3260 223:981.792 - 0.650ms returns FALSE
T3260 224:092.464 JLINK_IsHalted()
T3260 224:093.600 - 1.136ms returns FALSE
T3260 224:093.648 JLINK_IsHalted()
T3260 224:094.544 - 0.915ms returns FALSE
T3260 224:204.576 JLINK_IsHalted()
T3260 224:205.472 - 0.897ms returns FALSE
T3260 224:205.488 JLINK_IsHalted()
T3260 224:206.432 - 0.932ms returns FALSE
T3260 224:300.240 JLINK_IsHalted()
T3260 224:301.104 - 0.868ms returns FALSE
T3260 224:301.136 JLINK_IsHalted()
T3260 224:301.872 - 0.738ms returns FALSE
T3260 224:412.240 JLINK_IsHalted()
T3260 224:413.024 - 0.781ms returns FALSE
T3260 224:413.056 JLINK_IsHalted()
T3260 224:413.744 - 0.703ms returns FALSE
T3260 224:524.512 JLINK_IsHalted()
T3260 224:525.600 - 1.089ms returns FALSE
T3260 224:525.664 JLINK_IsHalted()
T3260 224:526.624 - 0.955ms returns FALSE
T87C0 224:540.880 JLINK_IsHalted()
T87C0 224:541.872 - 1.006ms returns FALSE
T87C0 224:541.904 JLINK_IsHalted()
T87C0 224:542.720 - 0.827ms returns FALSE
T3260 224:636.672 JLINK_IsHalted()
T3260 224:637.408 - 0.735ms returns FALSE
T3260 224:637.408 JLINK_IsHalted()
T3260 224:638.128 - 0.710ms returns FALSE
T3260 224:748.368 JLINK_IsHalted()
T3260 224:749.104 - 0.729ms returns FALSE
T3260 224:749.136 JLINK_IsHalted()
T3260 224:749.824 - 0.706ms returns FALSE
T3260 224:860.800 JLINK_IsHalted()
T3260 224:861.872 - 1.061ms returns FALSE
T3260 224:861.904 JLINK_IsHalted()
T3260 224:862.896 - 0.997ms returns FALSE
T3260 224:971.168 JLINK_IsHalted()
T3260 224:972.160 - 0.992ms returns FALSE
T3260 224:972.160 JLINK_IsHalted()
T3260 224:972.928 - 0.745ms returns FALSE
T3260 225:081.440 JLINK_IsHalted()
T3260 225:082.144 - 0.685ms returns FALSE
T3260 225:082.160 JLINK_IsHalted()
T3260 225:082.848 - 0.705ms returns FALSE
T3260 225:192.992 JLINK_IsHalted()
T3260 225:193.824 - 0.843ms returns FALSE
T3260 225:193.856 JLINK_IsHalted()
T3260 225:194.704 - 0.858ms returns FALSE
T3260 225:304.672 JLINK_IsHalted()
T3260 225:305.520 - 0.841ms returns FALSE
T3260 225:305.552 JLINK_IsHalted()
T3260 225:306.368 - 0.793ms returns FALSE
T3260 225:415.376 JLINK_IsHalted()
T3260 225:416.096 - 0.724ms returns FALSE
T3260 225:416.112 JLINK_IsHalted()
T3260 225:416.880 - 0.766ms returns FALSE
T3260 225:527.328 JLINK_IsHalted()
T3260 225:528.224 - 0.893ms returns FALSE
T3260 225:528.272 JLINK_IsHalted()
T3260 225:529.344 - 1.084ms returns FALSE
T87C0 225:543.552 JLINK_IsHalted()
T87C0 225:544.352 - 0.798ms returns FALSE
T87C0 225:544.368 JLINK_IsHalted()
T87C0 225:545.088 - 0.712ms returns FALSE
T3260 225:639.136 JLINK_IsHalted()
T3260 225:639.840 - 0.705ms returns FALSE
T3260 225:639.888 JLINK_IsHalted()
T3260 225:640.672 - 0.783ms returns FALSE
T3260 225:751.264 JLINK_IsHalted()
T3260 225:751.808 - 0.523ms returns FALSE
T3260 225:751.840 JLINK_IsHalted()
T3260 225:752.448 - 0.627ms returns FALSE
T3260 225:847.632 JLINK_IsHalted()
T3260 225:848.528 - 0.889ms returns FALSE
T3260 225:848.576 JLINK_IsHalted()
T3260 225:849.504 - 0.909ms returns FALSE
T3260 225:959.552 JLINK_IsHalted()
T3260 225:960.496 - 0.962ms returns FALSE
T3260 225:960.528 JLINK_IsHalted()
T3260 225:961.248 - 0.711ms returns FALSE
T3260 226:071.712 JLINK_IsHalted()
T3260 226:072.624 - 0.926ms returns FALSE
T3260 226:072.656 JLINK_IsHalted()
T3260 226:073.344 - 0.693ms returns FALSE
T3260 226:183.456 JLINK_IsHalted()
T3260 226:184.320 - 0.860ms returns FALSE
T3260 226:184.368 JLINK_IsHalted()
T3260 226:185.184 - 0.818ms returns FALSE
T3260 226:295.472 JLINK_IsHalted()
T3260 226:296.240 - 0.764ms returns FALSE
T3260 226:296.272 JLINK_IsHalted()
T3260 226:296.928 - 0.668ms returns FALSE
T3260 226:407.376 JLINK_IsHalted()
T3260 226:408.240 - 0.880ms returns FALSE
T3260 226:408.272 JLINK_IsHalted()
T3260 226:409.296 - 1.032ms returns FALSE
T3260 226:503.808 JLINK_IsHalted()
T3260 226:504.656 - 0.830ms returns FALSE
T3260 226:504.672 JLINK_IsHalted()
T3260 226:505.568 - 0.901ms returns FALSE
T87C0 226:551.760 JLINK_IsHalted()
T87C0 226:552.704 - 0.935ms returns FALSE
T87C0 226:552.736 JLINK_IsHalted()
T87C0 226:553.776 - 1.035ms returns FALSE
T3260 226:615.504 JLINK_IsHalted()
T3260 226:616.368 - 0.886ms returns FALSE
T3260 226:616.416 JLINK_IsHalted()
T3260 226:617.312 - 0.900ms returns FALSE
T3260 226:727.584 JLINK_IsHalted()
T3260 226:728.480 - 0.895ms returns FALSE
T3260 226:728.496 JLINK_IsHalted()
T3260 226:729.312 - 0.814ms returns FALSE
T3260 226:837.376 JLINK_IsHalted()
T3260 226:838.224 - 0.830ms returns FALSE
T3260 226:838.240 JLINK_IsHalted()
T3260 226:839.072 - 0.829ms returns FALSE
T3260 226:947.424 JLINK_IsHalted()
T3260 226:948.320 - 0.895ms returns FALSE
T3260 226:948.320 JLINK_IsHalted()
T3260 226:949.088 - 0.751ms returns FALSE
T3260 227:059.280 JLINK_IsHalted()
T3260 227:060.272 - 0.997ms returns FALSE
T3260 227:060.304 JLINK_IsHalted()
T3260 227:061.152 - 0.836ms returns FALSE
T3260 227:170.688 JLINK_IsHalted()
T3260 227:171.680 - 0.977ms returns FALSE
T3260 227:171.680 JLINK_IsHalted()
T3260 227:172.576 - 0.889ms returns FALSE
T3260 227:281.792 JLINK_IsHalted()
T3260 227:282.784 - 0.984ms returns FALSE
T3260 227:282.816 JLINK_IsHalted()
T3260 227:283.680 - 0.877ms returns FALSE
T3260 227:392.512 JLINK_IsHalted()
T3260 227:393.568 - 1.053ms returns FALSE
T3260 227:393.616 JLINK_IsHalted()
T3260 227:394.512 - 0.901ms returns FALSE
T3260 227:503.408 JLINK_IsHalted()
T3260 227:504.224 - 0.822ms returns FALSE
T3260 227:504.288 JLINK_IsHalted()
T3260 227:505.104 - 0.812ms returns FALSE
T87C0 227:567.440 JLINK_IsHalted()
T87C0 227:568.160 - 0.699ms returns FALSE
T87C0 227:568.160 JLINK_IsHalted()
T87C0 227:568.928 - 0.759ms returns FALSE
T3260 227:614.176 JLINK_IsHalted()
T3260 227:615.136 - 0.961ms returns FALSE
T3260 227:615.152 JLINK_IsHalted()
T3260 227:615.952 - 0.786ms returns FALSE
T3260 227:725.872 JLINK_IsHalted()
T3260 227:727.008 - 1.111ms returns FALSE
T3260 227:727.072 JLINK_IsHalted()
T3260 227:728.224 - 1.151ms returns FALSE
T3260 227:836.416 JLINK_IsHalted()
T3260 227:837.408 - 0.988ms returns FALSE
T3260 227:837.440 JLINK_IsHalted()
T3260 227:838.112 - 0.667ms returns FALSE
T3260 227:948.336 JLINK_IsHalted()
T3260 227:949.088 - 0.739ms returns FALSE
T3260 227:949.088 JLINK_IsHalted()
T3260 227:949.776 - 0.683ms returns FALSE
T3260 228:059.552 JLINK_IsHalted()
T3260 228:060.576 - 1.038ms returns FALSE
T3260 228:060.640 JLINK_IsHalted()
T3260 228:061.776 - 1.126ms returns FALSE
T3260 228:170.592 JLINK_IsHalted()
T3260 228:171.104 - 0.499ms returns FALSE
T3260 228:171.104 JLINK_IsHalted()
T3260 228:171.824 - 0.696ms returns FALSE
T3260 228:280.960 JLINK_IsHalted()
T3260 228:281.952 - 0.979ms returns FALSE
T3260 228:281.952 JLINK_IsHalted()
T3260 228:282.720 - 0.759ms returns FALSE
T3260 228:391.504 JLINK_IsHalted()
T3260 228:392.448 - 0.935ms returns FALSE
T3260 228:392.480 JLINK_IsHalted()
T3260 228:393.184 - 0.716ms returns FALSE
T3260 228:503.472 JLINK_IsHalted()
T3260 228:504.288 - 0.831ms returns FALSE
T3260 228:504.320 JLINK_IsHalted()
T3260 228:505.136 - 0.823ms returns FALSE
T87C0 228:567.520 JLINK_IsHalted()
T87C0 228:568.416 - 0.894ms returns FALSE
T87C0 228:568.416 JLINK_IsHalted()
T87C0 228:569.296 - 0.871ms returns FALSE
T3260 228:615.296 JLINK_IsHalted()
T3260 228:616.192 - 0.886ms returns FALSE
T3260 228:616.224 JLINK_IsHalted()
T3260 228:616.928 - 0.710ms returns FALSE
T3260 228:727.584 JLINK_IsHalted()
T3260 228:728.832 - 1.264ms returns FALSE
T3260 228:728.880 JLINK_IsHalted()
T3260 228:729.936 - 1.066ms returns FALSE
T3260 228:839.136 JLINK_IsHalted()
T3260 228:839.856 - 0.727ms returns FALSE
T3260 228:839.904 JLINK_IsHalted()
T3260 228:840.624 - 0.738ms returns FALSE
T3260 228:950.016 JLINK_IsHalted()
T3260 228:950.960 - 0.939ms returns FALSE
T3260 228:950.992 JLINK_IsHalted()
T3260 228:951.856 - 0.869ms returns FALSE
T3260 229:060.448 JLINK_IsHalted()
T3260 229:061.408 - 0.949ms returns FALSE
T3260 229:061.456 JLINK_IsHalted()
T3260 229:062.432 - 0.976ms returns FALSE
T3260 229:172.704 JLINK_IsHalted()
T3260 229:173.760 - 1.050ms returns FALSE
T3260 229:173.792 JLINK_IsHalted()
T3260 229:174.656 - 0.861ms returns FALSE
T3260 229:283.552 JLINK_IsHalted()
T3260 229:284.320 - 0.766ms returns FALSE
T3260 229:284.384 JLINK_IsHalted()
T3260 229:285.072 - 0.688ms returns FALSE
T3260 229:379.168 JLINK_IsHalted()
T3260 229:379.840 - 0.654ms returns FALSE
T3260 229:379.872 JLINK_IsHalted()
T3260 229:380.640 - 0.771ms returns FALSE
T3260 229:491.840 JLINK_IsHalted()
T3260 229:492.912 - 1.094ms returns FALSE
T3260 229:492.944 JLINK_IsHalted()
T3260 229:493.984 - 1.033ms returns FALSE
T87C0 229:570.976 JLINK_IsHalted()
T87C0 229:571.936 - 0.952ms returns FALSE
T87C0 229:571.968 JLINK_IsHalted()
T87C0 229:572.704 - 0.747ms returns FALSE
T3260 229:602.992 JLINK_IsHalted()
T3260 229:603.840 - 0.842ms returns FALSE
T3260 229:603.888 JLINK_IsHalted()
T3260 229:604.704 - 0.817ms returns FALSE
T3260 229:713.888 JLINK_IsHalted()
T3260 229:714.640 - 0.740ms returns FALSE
T3260 229:714.656 JLINK_IsHalted()
T3260 229:715.360 - 0.691ms returns FALSE
T3260 229:825.408 JLINK_IsHalted()
T3260 229:826.384 - 0.965ms returns FALSE
T3260 229:826.400 JLINK_IsHalted()
T3260 229:827.376 - 0.964ms returns FALSE
T3260 229:935.920 JLINK_IsHalted()
T3260 229:936.848 - 0.905ms returns FALSE
T3260 229:936.864 JLINK_IsHalted()
T3260 229:937.632 - 0.785ms returns FALSE
T3260 230:046.384 JLINK_IsHalted()
T3260 230:047.360 - 0.989ms returns FALSE
T3260 230:047.392 JLINK_IsHalted()
T3260 230:048.128 - 0.740ms returns FALSE
T3260 230:158.368 JLINK_IsHalted()
T3260 230:159.440 - 1.067ms returns FALSE
T3260 230:159.456 JLINK_IsHalted()
T3260 230:160.480 - 1.025ms returns FALSE
T3260 230:253.488 JLINK_IsHalted()
T3260 230:254.336 - 0.851ms returns FALSE
T3260 230:254.368 JLINK_IsHalted()
T3260 230:255.184 - 0.820ms returns FALSE
T3260 230:364.256 JLINK_IsHalted()
T3260 230:365.152 - 0.901ms returns FALSE
T3260 230:365.184 JLINK_IsHalted()
T3260 230:365.920 - 0.742ms returns FALSE
T3260 230:476.720 JLINK_IsHalted()
T3260 230:477.600 - 0.871ms returns FALSE
T3260 230:477.616 JLINK_IsHalted()
T3260 230:478.496 - 0.856ms returns FALSE
T87C0 230:572.768 JLINK_IsHalted()
T87C0 230:573.792 - 1.020ms returns FALSE
T87C0 230:573.824 JLINK_IsHalted()
T87C0 230:574.640 - 0.814ms returns FALSE
T3260 230:588.320 JLINK_IsHalted()
T3260 230:588.880 - 0.569ms returns FALSE
T3260 230:588.896 JLINK_IsHalted()
T3260 230:589.744 - 0.831ms returns FALSE
T3260 230:700.624 JLINK_IsHalted()
T3260 230:701.408 - 0.800ms returns FALSE
T3260 230:701.440 JLINK_IsHalted()
T3260 230:702.128 - 0.688ms returns FALSE
T3260 230:812.448 JLINK_IsHalted()
T3260 230:813.184 - 0.740ms returns FALSE
T3260 230:813.280 JLINK_IsHalted()
T3260 230:814.048 - 0.773ms returns FALSE
T3260 230:924.624 JLINK_IsHalted()
T3260 230:925.472 - 0.851ms returns FALSE
T3260 230:925.488 JLINK_IsHalted()
T3260 230:926.384 - 0.879ms returns FALSE
T3260 231:020.448 JLINK_IsHalted()
T3260 231:021.360 - 0.914ms returns FALSE
T3260 231:021.408 JLINK_IsHalted()
T3260 231:022.208 - 0.793ms returns FALSE
T3260 231:131.088 JLINK_IsHalted()
T3260 231:131.808 - 0.709ms returns FALSE
T3260 231:131.856 JLINK_IsHalted()
T3260 231:132.624 - 0.785ms returns FALSE
T3260 231:243.088 JLINK_IsHalted()
T3260 231:244.000 - 0.926ms returns FALSE
T3260 231:244.032 JLINK_IsHalted()
T3260 231:244.752 - 0.698ms returns FALSE
T3260 231:353.296 JLINK_IsHalted()
T3260 231:354.192 - 0.902ms returns FALSE
T3260 231:354.208 JLINK_IsHalted()
T3260 231:354.912 - 0.692ms returns FALSE
T3260 231:463.584 JLINK_IsHalted()
T3260 231:470.384 - 6.813ms returns FALSE
T3260 231:470.416 JLINK_IsHalted()
T3260 231:471.152 - 0.746ms returns FALSE
T3260 231:575.600 JLINK_IsHalted()
T3260 231:576.608 - 1.013ms returns FALSE
T3260 231:576.624 JLINK_IsHalted()
T3260 231:577.520 - 0.874ms returns FALSE
T87C0 231:577.568 JLINK_IsHalted()
T87C0 231:578.448 - 0.867ms returns FALSE
T87C0 231:578.496 JLINK_IsHalted()
T87C0 231:579.296 - 0.799ms returns FALSE
T3260 231:687.248 JLINK_IsHalted()
T3260 231:688.240 - 1.013ms returns FALSE
T3260 231:688.496 JLINK_IsHalted()
T3260 231:689.296 - 0.770ms returns FALSE
T3260 231:799.712 JLINK_IsHalted()
T3260 231:800.352 - 0.641ms returns FALSE
T3260 231:800.400 JLINK_IsHalted()
T3260 231:801.136 - 0.739ms returns FALSE
T3260 231:911.840 JLINK_IsHalted()
T3260 231:912.800 - 0.984ms returns FALSE
T3260 231:912.832 JLINK_IsHalted()
T3260 231:913.760 - 0.934ms returns FALSE
T3260 232:023.856 JLINK_IsHalted()
T3260 232:024.608 - 0.746ms returns FALSE
T3260 232:024.624 JLINK_IsHalted()
T3260 232:025.184 - 0.562ms returns FALSE
T3260 232:135.216 JLINK_IsHalted()
T3260 232:135.984 - 0.761ms returns FALSE
T3260 232:136.016 JLINK_IsHalted()
T3260 232:136.656 - 0.659ms returns FALSE
T3260 232:247.456 JLINK_IsHalted()
T3260 232:248.496 - 1.038ms returns FALSE
T3260 232:248.544 JLINK_IsHalted()
T3260 232:249.504 - 0.940ms returns FALSE
T3260 232:359.248 JLINK_IsHalted()
T3260 232:360.064 - 0.808ms returns FALSE
T3260 232:360.096 JLINK_IsHalted()
T3260 232:360.784 - 0.701ms returns FALSE
T3260 232:471.248 JLINK_IsHalted()
T3260 232:472.160 - 0.902ms returns FALSE
T3260 232:472.192 JLINK_IsHalted()
T3260 232:473.008 - 0.820ms returns FALSE
T3260 232:567.648 JLINK_IsHalted()
T3260 232:568.624 - 0.971ms returns FALSE
T3260 232:568.672 JLINK_IsHalted()
T3260 232:569.376 - 0.696ms returns FALSE
T87C0 232:583.424 JLINK_IsHalted()
T87C0 232:584.224 - 0.795ms returns FALSE
T87C0 232:584.240 JLINK_IsHalted()
T87C0 232:584.864 - 0.620ms returns FALSE
T3260 232:679.808 JLINK_IsHalted()
T3260 232:680.704 - 0.878ms returns FALSE
T3260 232:680.736 JLINK_IsHalted()
T3260 232:681.552 - 0.811ms returns FALSE
T3260 232:791.264 JLINK_IsHalted()
T3260 232:791.968 - 0.697ms returns FALSE
T3260 232:791.984 JLINK_IsHalted()
T3260 232:792.672 - 0.676ms returns FALSE
T3260 232:902.912 JLINK_IsHalted()
T3260 232:903.632 - 0.710ms returns FALSE
T3260 232:903.632 JLINK_IsHalted()
T3260 232:904.352 - 0.700ms returns FALSE
T3260 233:015.648 JLINK_IsHalted()
T3260 233:016.784 - 1.120ms returns FALSE
T3260 233:016.864 JLINK_IsHalted()
T3260 233:017.648 - 0.809ms returns FALSE
T3260 233:127.264 JLINK_IsHalted()
T3260 233:128.144 - 0.869ms returns FALSE
T3260 233:128.160 JLINK_IsHalted()
T3260 233:128.880 - 0.704ms returns FALSE
T3260 233:223.376 JLINK_IsHalted()
T3260 233:224.192 - 0.804ms returns FALSE
T3260 233:224.192 JLINK_IsHalted()
T3260 233:224.864 - 0.653ms returns FALSE
T3260 233:335.728 JLINK_IsHalted()
T3260 233:336.832 - 1.113ms returns FALSE
T3260 233:336.880 JLINK_IsHalted()
T3260 233:337.808 - 0.926ms returns FALSE
T3260 233:447.200 JLINK_IsHalted()
T3260 233:448.016 - 0.829ms returns FALSE
T3260 233:448.032 JLINK_IsHalted()
T3260 233:448.880 - 0.840ms returns FALSE
T3260 233:559.344 JLINK_IsHalted()
T3260 233:560.144 - 0.800ms returns FALSE
T3260 233:560.160 JLINK_IsHalted()
T3260 233:560.832 - 0.680ms returns FALSE
T87C0 233:591.600 JLINK_IsHalted()
T87C0 233:592.352 - 0.747ms returns FALSE
T87C0 233:592.352 JLINK_IsHalted()
T87C0 233:593.168 - 0.794ms returns FALSE
T3260 233:671.760 JLINK_IsHalted()
T3260 233:672.672 - 0.911ms returns FALSE
T3260 233:672.704 JLINK_IsHalted()
T3260 233:673.552 - 0.857ms returns FALSE
T3260 233:783.376 JLINK_IsHalted()
T3260 233:784.368 - 0.995ms returns FALSE
T3260 233:784.400 JLINK_IsHalted()
T3260 233:785.088 - 0.685ms returns FALSE
T3260 233:879.376 JLINK_IsHalted()
T3260 233:880.112 - 0.749ms returns FALSE
T3260 233:880.368 JLINK_IsHalted()
T3260 233:881.088 - 0.712ms returns FALSE
T3260 233:991.392 JLINK_IsHalted()
T3260 233:992.624 - 1.000ms returns FALSE
T3260 233:992.672 JLINK_IsHalted()
T3260 233:993.728 - 1.054ms returns FALSE
T3260 234:103.344 JLINK_IsHalted()
T3260 234:104.272 - 0.916ms returns FALSE
T3260 234:104.288 JLINK_IsHalted()
T3260 234:105.168 - 0.866ms returns FALSE
T3260 234:215.584 JLINK_IsHalted()
T3260 234:216.320 - 0.747ms returns FALSE
T3260 234:216.352 JLINK_IsHalted()
T3260 234:217.040 - 0.687ms returns FALSE
T3260 234:327.552 JLINK_IsHalted()
T3260 234:328.496 - 0.939ms returns FALSE
T3260 234:328.496 JLINK_IsHalted()
T3260 234:329.472 - 0.981ms returns FALSE
T3260 234:439.648 JLINK_IsHalted()
T3260 234:440.528 - 0.876ms returns FALSE
T3260 234:440.576 JLINK_IsHalted()
T3260 234:441.264 - 0.695ms returns FALSE
T3260 234:535.264 JLINK_IsHalted()
T3260 234:536.144 - 0.877ms returns FALSE
T3260 234:536.160 JLINK_IsHalted()
T3260 234:536.912 - 0.752ms returns FALSE
T87C0 234:599.424 JLINK_IsHalted()
T87C0 234:600.352 - 0.929ms returns FALSE
T87C0 234:600.368 JLINK_IsHalted()
T87C0 234:601.168 - 0.805ms returns FALSE
T3260 234:647.520 JLINK_IsHalted()
T3260 234:648.448 - 0.900ms returns FALSE
T3260 234:648.448 JLINK_IsHalted()
T3260 234:649.312 - 0.868ms returns FALSE
T3260 234:759.648 JLINK_IsHalted()
T3260 234:760.784 - 1.129ms returns FALSE
T3260 234:760.864 JLINK_IsHalted()
T3260 234:761.824 - 0.968ms returns FALSE
T3260 234:871.392 JLINK_IsHalted()
T3260 234:872.400 - 0.997ms returns FALSE
T3260 234:872.416 JLINK_IsHalted()
T3260 234:873.136 - 0.706ms returns FALSE
T3260 234:983.376 JLINK_IsHalted()
T3260 234:984.160 - 0.798ms returns FALSE
T3260 234:984.224 JLINK_IsHalted()
T3260 234:984.864 - 0.656ms returns FALSE
T3260 235:095.728 JLINK_IsHalted()
T3260 235:096.864 - 1.117ms returns FALSE
T3260 235:096.880 JLINK_IsHalted()
T3260 235:097.936 - 1.050ms returns FALSE
T3260 235:191.392 JLINK_IsHalted()
T3260 235:192.272 - 0.872ms returns FALSE
T3260 235:192.288 JLINK_IsHalted()
T3260 235:193.008 - 0.714ms returns FALSE
T3260 235:303.504 JLINK_IsHalted()
T3260 235:304.320 - 0.823ms returns FALSE
T3260 235:304.320 JLINK_IsHalted()
T3260 235:305.296 - 0.969ms returns FALSE
T3260 235:413.680 JLINK_IsHalted()
T3260 235:414.704 - 1.039ms returns FALSE
T3260 235:414.752 JLINK_IsHalted()
T3260 235:415.520 - 0.751ms returns FALSE
T3260 235:524.576 JLINK_IsHalted()
T3260 235:525.424 - 0.866ms returns FALSE
T3260 235:525.456 JLINK_IsHalted()
T3260 235:526.304 - 0.828ms returns FALSE
T87C0 235:603.808 JLINK_IsHalted()
T87C0 235:604.528 - 0.721ms returns FALSE
T87C0 235:604.560 JLINK_IsHalted()
T87C0 235:605.216 - 0.678ms returns FALSE
T3260 235:634.896 JLINK_IsHalted()
T3260 235:635.760 - 0.850ms returns FALSE
T3260 235:635.760 JLINK_IsHalted()
T3260 235:636.768 - 0.981ms returns FALSE
T3260 235:745.760 JLINK_IsHalted()
T3260 235:746.736 - 0.979ms returns FALSE
T3260 235:746.784 JLINK_IsHalted()
T3260 235:747.760 - 0.984ms returns FALSE
T3260 235:856.944 JLINK_IsHalted()
T3260 235:857.824 - 0.868ms returns FALSE
T3260 235:857.840 JLINK_IsHalted()
T3260 235:858.768 - 0.911ms returns FALSE
T3260 235:967.664 JLINK_IsHalted()
T3260 235:968.416 - 0.726ms returns FALSE
T3260 235:968.432 JLINK_IsHalted()
T3260 235:969.152 - 0.725ms returns FALSE
T3260 236:078.928 JLINK_IsHalted()
T3260 236:080.000 - 1.077ms returns FALSE
T3260 236:080.000 JLINK_IsHalted()
T3260 236:080.864 - 0.863ms returns FALSE
T3260 236:190.048 JLINK_IsHalted()
T3260 236:190.880 - 0.832ms returns FALSE
T3260 236:190.896 JLINK_IsHalted()
T3260 236:191.744 - 0.843ms returns FALSE
T3260 236:285.920 JLINK_IsHalted()
T3260 236:286.800 - 0.883ms returns FALSE
T3260 236:286.816 JLINK_IsHalted()
T3260 236:287.536 - 0.716ms returns FALSE
T3260 236:396.464 JLINK_IsHalted()
T3260 236:397.184 - 0.708ms returns FALSE
T3260 236:397.216 JLINK_IsHalted()
T3260 236:397.920 - 0.732ms returns FALSE
T3260 236:507.696 JLINK_IsHalted()
T3260 236:508.720 - 1.030ms returns FALSE
T3260 236:508.768 JLINK_IsHalted()
T3260 236:509.744 - 0.959ms returns FALSE
T3260 236:618.160 JLINK_IsHalted()
T3260 236:619.056 - 0.890ms returns FALSE
T3260 236:619.088 JLINK_IsHalted()
T3260 236:619.952 - 0.864ms returns FALSE
T87C0 236:620.000 JLINK_IsHalted()
T87C0 236:620.672 - 0.661ms returns FALSE
T87C0 236:620.672 JLINK_IsHalted()
T87C0 236:621.392 - 0.712ms returns FALSE
T3260 236:729.120 JLINK_IsHalted()
T3260 236:729.984 - 0.875ms returns FALSE
T3260 236:730.032 JLINK_IsHalted()
T3260 236:730.928 - 0.891ms returns FALSE
T3260 236:841.184 JLINK_IsHalted()
T3260 236:842.192 - 1.013ms returns FALSE
T3260 236:842.208 JLINK_IsHalted()
T3260 236:843.104 - 0.886ms returns FALSE
T3260 236:952.912 JLINK_IsHalted()
T3260 236:953.632 - 0.704ms returns FALSE
T3260 236:953.648 JLINK_IsHalted()
T3260 236:954.416 - 0.784ms returns FALSE
T3260 237:065.136 JLINK_IsHalted()
T3260 237:065.936 - 0.793ms returns FALSE
T3260 237:065.952 JLINK_IsHalted()
T3260 237:066.800 - 0.843ms returns FALSE
T3260 237:161.120 JLINK_IsHalted()
T3260 237:162.080 - 0.969ms returns FALSE
T3260 237:162.160 JLINK_IsHalted()
T3260 237:163.136 - 0.969ms returns FALSE
T3260 237:273.040 JLINK_IsHalted()
T3260 237:273.984 - 0.963ms returns FALSE
T3260 237:274.016 JLINK_IsHalted()
T3260 237:274.960 - 0.951ms returns FALSE
T3260 237:385.904 JLINK_IsHalted()
T3260 237:386.720 - 0.808ms returns FALSE
T3260 237:386.752 JLINK_IsHalted()
T3260 237:387.520 - 0.778ms returns FALSE
T3260 237:497.168 JLINK_IsHalted()
T3260 237:498.080 - 0.927ms returns FALSE
T3260 237:498.144 JLINK_IsHalted()
T3260 237:499.056 - 0.939ms returns FALSE
T3260 237:608.784 JLINK_IsHalted()
T3260 237:609.632 - 0.846ms returns FALSE
T3260 237:609.648 JLINK_IsHalted()
T3260 237:610.400 - 0.734ms returns FALSE
T87C0 237:625.040 JLINK_IsHalted()
T87C0 237:625.808 - 0.784ms returns FALSE
T87C0 237:625.824 JLINK_IsHalted()
T87C0 237:626.496 - 0.672ms returns FALSE
T3260 237:720.800 JLINK_IsHalted()
T3260 237:721.520 - 0.717ms returns FALSE
T3260 237:721.520 JLINK_IsHalted()
T3260 237:722.192 - 0.664ms returns FALSE
T3260 237:816.416 JLINK_IsHalted()
T3260 237:817.264 - 0.845ms returns FALSE
T3260 237:817.264 JLINK_IsHalted()
T3260 237:818.064 - 0.788ms returns FALSE
T3260 237:928.784 JLINK_IsHalted()
T3260 237:929.776 - 1.002ms returns FALSE
T3260 237:929.808 JLINK_IsHalted()
T3260 237:930.704 - 0.878ms returns FALSE
T3260 238:040.320 JLINK_IsHalted()
T3260 238:041.056 - 0.729ms returns FALSE
T3260 238:041.056 JLINK_IsHalted()
T3260 238:041.808 - 0.720ms returns FALSE
T3260 238:151.600 JLINK_IsHalted()
T3260 238:152.496 - 0.881ms returns FALSE
T3260 238:152.496 JLINK_IsHalted()
T3260 238:153.168 - 0.674ms returns FALSE
T3260 238:263.392 JLINK_IsHalted()
T3260 238:264.272 - 0.874ms returns FALSE
T3260 238:264.288 JLINK_IsHalted()
T3260 238:265.168 - 0.871ms returns FALSE
T3260 238:375.168 JLINK_IsHalted()
T3260 238:376.016 - 0.860ms returns FALSE
T3260 238:376.032 JLINK_IsHalted()
T3260 238:376.928 - 0.902ms returns FALSE
T3260 238:487.328 JLINK_IsHalted()
T3260 238:488.192 - 0.868ms returns FALSE
T3260 238:488.224 JLINK_IsHalted()
T3260 238:489.088 - 0.878ms returns FALSE
T3260 238:599.248 JLINK_IsHalted()
T3260 238:600.016 - 0.765ms returns FALSE
T3260 238:600.032 JLINK_IsHalted()
T3260 238:600.784 - 0.756ms returns FALSE
T87C0 238:631.520 JLINK_IsHalted()
T87C0 238:632.240 - 0.730ms returns FALSE
T87C0 238:632.272 JLINK_IsHalted()
T87C0 238:632.928 - 0.663ms returns FALSE
T3260 238:711.584 JLINK_IsHalted()
T3260 238:712.320 - 0.740ms returns FALSE
T3260 238:712.352 JLINK_IsHalted()
T3260 238:713.008 - 0.661ms returns FALSE
T3260 238:823.392 JLINK_IsHalted()
T3260 238:824.288 - 0.878ms returns FALSE
T3260 238:824.288 JLINK_IsHalted()
T3260 238:825.168 - 0.847ms returns FALSE
T3260 238:935.344 JLINK_IsHalted()
T3260 238:936.240 - 0.911ms returns FALSE
T3260 238:936.288 JLINK_IsHalted()
T3260 238:937.040 - 0.729ms returns FALSE
T3260 239:047.456 JLINK_IsHalted()
T3260 239:048.240 - 0.784ms returns FALSE
T3260 239:048.240 JLINK_IsHalted()
T3260 239:048.992 - 0.743ms returns FALSE
T3260 239:159.424 JLINK_IsHalted()
T3260 239:160.192 - 0.767ms returns FALSE
T3260 239:160.224 JLINK_IsHalted()
T3260 239:160.928 - 0.713ms returns FALSE
T3260 239:271.376 JLINK_IsHalted()
T3260 239:272.320 - 0.948ms returns FALSE
T3260 239:272.368 JLINK_IsHalted()
T3260 239:273.088 - 0.715ms returns FALSE
T3260 239:383.424 JLINK_IsHalted()
T3260 239:384.192 - 0.752ms returns FALSE
T3260 239:384.224 JLINK_IsHalted()
T3260 239:384.928 - 0.723ms returns FALSE
T3260 239:496.192 JLINK_IsHalted()
T3260 239:497.136 - 0.938ms returns FALSE
T3260 239:497.136 JLINK_IsHalted()
T3260 239:497.856 - 0.710ms returns FALSE
T3260 239:606.064 JLINK_IsHalted()
T3260 239:606.864 - 0.789ms returns FALSE
T3260 239:606.880 JLINK_IsHalted()
T3260 239:607.520 - 0.652ms returns FALSE
T87C0 239:638.176 JLINK_IsHalted()
T87C0 239:638.880 - 0.722ms returns FALSE
T87C0 239:638.912 JLINK_IsHalted()
T87C0 239:639.632 - 0.726ms returns FALSE
T3260 239:717.840 JLINK_IsHalted()
T3260 239:718.704 - 0.855ms returns FALSE
T3260 239:718.704 JLINK_IsHalted()
T3260 239:719.392 - 0.682ms returns FALSE
T3260 239:829.120 JLINK_IsHalted()
T3260 239:830.048 - 0.926ms returns FALSE
T3260 239:830.064 JLINK_IsHalted()
T3260 239:830.880 - 0.826ms returns FALSE
T3260 239:940.064 JLINK_IsHalted()
T3260 239:940.784 - 0.737ms returns FALSE
T3260 239:940.816 JLINK_IsHalted()
T3260 239:941.600 - 0.796ms returns FALSE
T3260 240:034.640 JLINK_IsHalted()
T3260 240:035.456 - 0.817ms returns FALSE
T3260 240:035.488 JLINK_IsHalted()
T3260 240:036.192 - 0.703ms returns FALSE
T3260 240:145.760 JLINK_IsHalted()
T3260 240:146.688 - 0.924ms returns FALSE
T3260 240:146.720 JLINK_IsHalted()
T3260 240:147.536 - 0.822ms returns FALSE
T3260 240:257.280 JLINK_IsHalted()
T3260 240:258.016 - 0.732ms returns FALSE
T3260 240:258.016 JLINK_IsHalted()
T3260 240:258.720 - 0.674ms returns FALSE
T3260 240:368.256 JLINK_IsHalted()
T3260 240:368.928 - 0.684ms returns FALSE
T3260 240:368.944 JLINK_IsHalted()
T3260 240:369.632 - 0.703ms returns FALSE
T3260 240:478.560 JLINK_IsHalted()
T3260 240:479.520 - 0.946ms returns FALSE
T3260 240:479.536 JLINK_IsHalted()
T3260 240:480.304 - 0.757ms returns FALSE
T3260 240:590.336 JLINK_IsHalted()
T3260 240:591.264 - 0.919ms returns FALSE
T3260 240:591.280 JLINK_IsHalted()
T3260 240:592.256 - 0.958ms returns FALSE
T87C0 240:654.432 JLINK_IsHalted()
T87C0 240:655.440 - 0.987ms returns FALSE
T87C0 240:655.456 JLINK_IsHalted()
T87C0 240:656.176 - 0.726ms returns FALSE
T3260 240:702.032 JLINK_IsHalted()
T3260 240:702.880 - 0.827ms returns FALSE
T3260 240:702.880 JLINK_IsHalted()
T3260 240:703.616 - 0.742ms returns FALSE
T3260 240:814.240 JLINK_IsHalted()
T3260 240:814.976 - 0.749ms returns FALSE
T3260 240:815.008 JLINK_IsHalted()
T3260 240:815.696 - 0.697ms returns FALSE
T3260 240:909.728 JLINK_IsHalted()
T3260 240:910.496 - 0.774ms returns FALSE
T3260 240:910.560 JLINK_IsHalted()
T3260 240:911.312 - 0.745ms returns FALSE
T3260 241:020.512 JLINK_IsHalted()
T3260 241:021.264 - 0.740ms returns FALSE
T3260 241:021.280 JLINK_IsHalted()
T3260 241:021.920 - 0.654ms returns FALSE
T3260 241:132.464 JLINK_IsHalted()
T3260 241:133.152 - 0.707ms returns FALSE
T3260 241:133.184 JLINK_IsHalted()
T3260 241:133.904 - 0.719ms returns FALSE
T3260 241:244.496 JLINK_IsHalted()
T3260 241:245.312 - 0.810ms returns FALSE
T3260 241:245.344 JLINK_IsHalted()
T3260 241:246.304 - 0.976ms returns FALSE
T3260 241:356.384 JLINK_IsHalted()
T3260 241:357.216 - 0.839ms returns FALSE
T3260 241:357.232 JLINK_IsHalted()
T3260 241:358.000 - 0.776ms returns FALSE
T3260 241:468.576 JLINK_IsHalted()
T3260 241:469.520 - 0.949ms returns FALSE
T3260 241:469.536 JLINK_IsHalted()
T3260 241:470.208 - 0.669ms returns FALSE
T3260 241:580.848 JLINK_IsHalted()
T3260 241:581.920 - 1.068ms returns FALSE
T3260 241:582.000 JLINK_IsHalted()
T3260 241:583.024 - 1.037ms returns FALSE
T87C0 241:660.384 JLINK_IsHalted()
T87C0 241:661.152 - 0.757ms returns FALSE
T87C0 241:661.152 JLINK_IsHalted()
T87C0 241:661.984 - 0.809ms returns FALSE
T3260 241:676.416 JLINK_IsHalted()
T3260 241:677.264 - 0.833ms returns FALSE
T3260 241:677.280 JLINK_IsHalted()
T3260 241:678.160 - 0.871ms returns FALSE
T3260 241:788.592 JLINK_IsHalted()
T3260 241:789.392 - 0.814ms returns FALSE
T3260 241:789.408 JLINK_IsHalted()
T3260 241:790.128 - 0.714ms returns FALSE
T3260 241:900.576 JLINK_IsHalted()
T3260 241:901.600 - 1.022ms returns FALSE
T3260 241:901.616 JLINK_IsHalted()
T3260 241:902.640 - 1.004ms returns FALSE
T3260 242:012.576 JLINK_IsHalted()
T3260 242:013.280 - 0.727ms returns FALSE
T3260 242:013.312 JLINK_IsHalted()
T3260 242:014.080 - 0.762ms returns FALSE
T3260 242:124.496 JLINK_IsHalted()
T3260 242:125.392 - 0.911ms returns FALSE
T3260 242:125.408 JLINK_IsHalted()
T3260 242:126.176 - 0.749ms returns FALSE
T3260 242:236.384 JLINK_IsHalted()
T3260 242:237.344 - 0.928ms returns FALSE
T3260 242:237.360 JLINK_IsHalted()
T3260 242:238.432 - 1.075ms returns FALSE
T3260 242:332.496 JLINK_IsHalted()
T3260 242:333.440 - 0.960ms returns FALSE
T3260 242:333.488 JLINK_IsHalted()
T3260 242:334.288 - 0.805ms returns FALSE
T3260 242:444.336 JLINK_IsHalted()
T3260 242:445.088 - 0.753ms returns FALSE
T3260 242:445.104 JLINK_IsHalted()
T3260 242:445.792 - 0.696ms returns FALSE
T3260 242:556.448 JLINK_IsHalted()
T3260 242:557.152 - 0.716ms returns FALSE
T3260 242:557.184 JLINK_IsHalted()
T3260 242:557.824 - 0.631ms returns FALSE
T3260 242:668.496 JLINK_IsHalted()
T3260 242:669.488 - 0.987ms returns FALSE
T3260 242:669.568 JLINK_IsHalted()
T3260 242:670.464 - 0.890ms returns FALSE
T87C0 242:670.624 JLINK_IsHalted()
T87C0 242:671.568 - 0.937ms returns FALSE
T87C0 242:671.584 JLINK_IsHalted()
T87C0 242:672.384 - 0.794ms returns FALSE
T3260 242:780.592 JLINK_IsHalted()
T3260 242:781.408 - 0.818ms returns FALSE
T3260 242:781.472 JLINK_IsHalted()
T3260 242:782.208 - 0.746ms returns FALSE
T3260 242:892.448 JLINK_IsHalted()
T3260 242:893.312 - 0.867ms returns FALSE
T3260 242:893.344 JLINK_IsHalted()
T3260 242:894.304 - 0.974ms returns FALSE
T3260 242:988.592 JLINK_IsHalted()
T3260 242:989.696 - 1.129ms returns FALSE
T3260 242:989.728 JLINK_IsHalted()
T3260 242:990.544 - 0.826ms returns FALSE
T3260 243:100.256 JLINK_IsHalted()
T3260 243:101.024 - 0.786ms returns FALSE
T3260 243:101.056 JLINK_IsHalted()
T3260 243:101.792 - 0.740ms returns FALSE
T3260 243:212.448 JLINK_IsHalted()
T3260 243:213.344 - 0.918ms returns FALSE
T3260 243:213.360 JLINK_IsHalted()
T3260 243:214.288 - 0.914ms returns FALSE
T3260 243:324.464 JLINK_IsHalted()
T3260 243:325.232 - 0.752ms returns FALSE
T3260 243:325.232 JLINK_IsHalted()
T3260 243:326.000 - 0.749ms returns FALSE
T3260 243:436.384 JLINK_IsHalted()
T3260 243:437.232 - 0.864ms returns FALSE
T3260 243:437.264 JLINK_IsHalted()
T3260 243:438.000 - 0.745ms returns FALSE
T3260 243:548.496 JLINK_IsHalted()
T3260 243:549.280 - 0.804ms returns FALSE
T3260 243:549.312 JLINK_IsHalted()
T3260 243:550.080 - 0.775ms returns FALSE
T3260 243:644.288 JLINK_IsHalted()
T3260 243:645.264 - 0.961ms returns FALSE
T3260 243:645.280 JLINK_IsHalted()
T3260 243:646.112 - 0.822ms returns FALSE
T87C0 243:676.496 JLINK_IsHalted()
T87C0 243:677.280 - 0.805ms returns FALSE
T87C0 243:677.312 JLINK_IsHalted()
T87C0 243:678.160 - 0.859ms returns FALSE
T3260 243:756.160 JLINK_IsHalted()
T3260 243:756.896 - 0.729ms returns FALSE
T3260 243:756.928 JLINK_IsHalted()
T3260 243:757.696 - 0.756ms returns FALSE
T3260 243:868.512 JLINK_IsHalted()
T3260 243:869.264 - 0.731ms returns FALSE
T3260 243:869.280 JLINK_IsHalted()
T3260 243:870.048 - 0.778ms returns FALSE
T3260 243:979.616 JLINK_IsHalted()
T3260 243:980.640 - 1.025ms returns FALSE
T3260 243:980.704 JLINK_IsHalted()
T3260 243:981.728 - 1.012ms returns FALSE
T3260 244:091.232 JLINK_IsHalted()
T3260 244:092.064 - 0.806ms returns FALSE
T3260 244:092.080 JLINK_IsHalted()
T3260 244:092.848 - 0.782ms returns FALSE
T3260 244:201.952 JLINK_IsHalted()
T3260 244:203.136 - 1.188ms returns FALSE
T3260 244:203.168 JLINK_IsHalted()
T3260 244:203.872 - 0.702ms returns FALSE
T3260 244:313.056 JLINK_IsHalted()
T3260 244:314.192 - 1.113ms returns FALSE
T3260 244:314.192 JLINK_IsHalted()
T3260 244:315.216 - 1.008ms returns FALSE
T3260 244:424.368 JLINK_IsHalted()
T3260 244:425.248 - 0.872ms returns FALSE
T3260 244:425.264 JLINK_IsHalted()
T3260 244:426.112 - 0.826ms returns FALSE
T3260 244:520.144 JLINK_IsHalted()
T3260 244:520.992 - 0.828ms returns FALSE
T3260 244:521.008 JLINK_IsHalted()
T3260 244:521.776 - 0.779ms returns FALSE
T3260 244:631.984 JLINK_IsHalted()
T3260 244:633.120 - 1.133ms returns FALSE
T3260 244:633.168 JLINK_IsHalted()
T3260 244:634.192 - 1.028ms returns FALSE
T87C0 244:679.968 JLINK_IsHalted()
T87C0 244:681.008 - 1.039ms returns FALSE
T87C0 244:681.040 JLINK_IsHalted()
T87C0 244:682.016 - 0.966ms returns FALSE
T3260 244:743.120 JLINK_IsHalted()
T3260 244:744.112 - 1.005ms returns FALSE
T3260 244:744.144 JLINK_IsHalted()
T3260 244:744.992 - 0.829ms returns FALSE
T3260 244:855.392 JLINK_IsHalted()
T3260 244:856.160 - 0.783ms returns FALSE
T3260 244:856.192 JLINK_IsHalted()
T3260 244:856.928 - 0.734ms returns FALSE
T3260 244:967.600 JLINK_IsHalted()
T3260 244:968.528 - 0.918ms returns FALSE
T3260 244:968.544 JLINK_IsHalted()
T3260 244:969.216 - 0.675ms returns FALSE
T3260 245:079.344 JLINK_IsHalted()
T3260 245:080.272 - 0.912ms returns FALSE
T3260 245:080.272 JLINK_IsHalted()
T3260 245:080.960 - 0.676ms returns FALSE
T3260 245:175.344 JLINK_IsHalted()
T3260 245:176.288 - 0.953ms returns FALSE
T3260 245:176.320 JLINK_IsHalted()
T3260 245:176.992 - 0.668ms returns FALSE
T3260 245:287.472 JLINK_IsHalted()
T3260 245:288.352 - 0.872ms returns FALSE
T3260 245:288.368 JLINK_IsHalted()
T3260 245:289.264 - 0.896ms returns FALSE
T3260 245:399.248 JLINK_IsHalted()
T3260 245:400.112 - 0.884ms returns FALSE
T3260 245:400.192 JLINK_IsHalted()
T3260 245:401.136 - 0.946ms returns FALSE
T3260 245:511.552 JLINK_IsHalted()
T3260 245:512.496 - 0.936ms returns FALSE
T3260 245:512.528 JLINK_IsHalted()
T3260 245:513.296 - 0.763ms returns FALSE
T3260 245:623.168 JLINK_IsHalted()
T3260 245:623.856 - 0.691ms returns FALSE
T3260 245:623.888 JLINK_IsHalted()
T3260 245:624.624 - 0.731ms returns FALSE
T87C0 245:687.888 JLINK_IsHalted()
T87C0 245:688.880 - 0.982ms returns FALSE
T87C0 245:688.880 JLINK_IsHalted()
T87C0 245:689.632 - 0.732ms returns FALSE
T3260 245:735.328 JLINK_IsHalted()
T3260 245:736.144 - 0.815ms returns FALSE
T3260 245:736.160 JLINK_IsHalted()
T3260 245:737.136 - 0.963ms returns FALSE
T3260 245:831.472 JLINK_IsHalted()
T3260 245:832.192 - 0.717ms returns FALSE
T3260 245:832.448 JLINK_IsHalted()
T3260 245:833.120 - 0.663ms returns FALSE
T3260 245:943.200 JLINK_IsHalted()
T3260 245:943.936 - 0.742ms returns FALSE
T3260 245:943.968 JLINK_IsHalted()
T3260 245:944.736 - 0.767ms returns FALSE
T3260 246:055.584 JLINK_IsHalted()
T3260 246:056.752 - 1.186ms returns FALSE
T3260 246:056.800 JLINK_IsHalted()
T3260 246:057.856 - 1.059ms returns FALSE
T3260 246:167.392 JLINK_IsHalted()
T3260 246:168.192 - 0.790ms returns FALSE
T3260 246:168.192 JLINK_IsHalted()
T3260 246:168.912 - 0.710ms returns FALSE
T3260 246:279.520 JLINK_IsHalted()
T3260 246:280.288 - 0.779ms returns FALSE
T3260 246:280.320 JLINK_IsHalted()
T3260 246:281.056 - 0.745ms returns FALSE
T3260 246:391.456 JLINK_IsHalted()
T3260 246:392.448 - 1.001ms returns FALSE
T3260 246:392.480 JLINK_IsHalted()
T3260 246:393.216 - 0.740ms returns FALSE
T3260 246:503.344 JLINK_IsHalted()
T3260 246:504.112 - 0.776ms returns FALSE
T3260 246:504.144 JLINK_IsHalted()
T3260 246:504.800 - 0.675ms returns FALSE
T3260 246:615.328 JLINK_IsHalted()
T3260 246:616.112 - 0.779ms returns FALSE
T3260 246:616.352 JLINK_IsHalted()
T3260 246:617.184 - 0.829ms returns FALSE
T87C0 246:695.552 JLINK_IsHalted()
T87C0 246:696.272 - 0.706ms returns FALSE
T87C0 246:696.272 JLINK_IsHalted()
T87C0 246:696.960 - 0.679ms returns FALSE
T3260 246:727.888 JLINK_IsHalted()
T3260 246:728.992 - 1.090ms returns FALSE
T3260 246:729.040 JLINK_IsHalted()
T3260 246:730.208 - 1.166ms returns FALSE
T3260 246:839.328 JLINK_IsHalted()
T3260 246:840.224 - 0.893ms returns FALSE
T3260 246:840.240 JLINK_IsHalted()
T3260 246:840.880 - 0.622ms returns FALSE
T3260 246:949.680 JLINK_IsHalted()
T3260 246:950.480 - 0.789ms returns FALSE
T3260 246:950.496 JLINK_IsHalted()
T3260 246:951.216 - 0.713ms returns FALSE
T3260 247:061.024 JLINK_IsHalted()
T3260 247:061.728 - 0.725ms returns FALSE
T3260 247:061.760 JLINK_IsHalted()
T3260 247:062.432 - 0.662ms returns FALSE
T3260 247:173.248 JLINK_IsHalted()
T3260 247:174.192 - 0.937ms returns FALSE
T3260 247:174.224 JLINK_IsHalted()
T3260 247:175.040 - 0.810ms returns FALSE
T3260 247:284.688 JLINK_IsHalted()
T3260 247:285.504 - 0.823ms returns FALSE
T3260 247:285.536 JLINK_IsHalted()
T3260 247:286.224 - 0.696ms returns FALSE
T3260 247:378.912 JLINK_IsHalted()
T3260 247:379.840 - 0.920ms returns FALSE
T3260 247:379.840 JLINK_IsHalted()
T3260 247:380.640 - 0.780ms returns FALSE
T3260 247:490.272 JLINK_IsHalted()
T3260 247:491.328 - 1.038ms returns FALSE
T3260 247:491.376 JLINK_IsHalted()
T3260 247:492.384 - 1.009ms returns FALSE
T3260 247:601.200 JLINK_IsHalted()
T3260 247:601.952 - 0.741ms returns FALSE
T3260 247:601.968 JLINK_IsHalted()
T3260 247:602.656 - 0.691ms returns FALSE
T87C0 247:695.872 JLINK_IsHalted()
T87C0 247:696.640 - 0.775ms returns FALSE
T87C0 247:696.672 JLINK_IsHalted()
T87C0 247:697.328 - 0.681ms returns FALSE
T3260 247:711.536 JLINK_IsHalted()
T3260 247:712.256 - 0.724ms returns FALSE
T3260 247:712.288 JLINK_IsHalted()
T3260 247:712.944 - 0.662ms returns FALSE
T3260 247:822.304 JLINK_IsHalted()
T3260 247:829.120 - 6.805ms returns FALSE
T3260 247:829.152 JLINK_IsHalted()
T3260 247:829.856 - 0.708ms returns FALSE
T3260 247:934.160 JLINK_IsHalted()
T3260 247:934.896 - 0.744ms returns FALSE
T3260 247:934.928 JLINK_IsHalted()
T3260 247:935.648 - 0.715ms returns FALSE
T3260 248:046.208 JLINK_IsHalted()
T3260 248:047.056 - 0.838ms returns FALSE
T3260 248:047.104 JLINK_IsHalted()
T3260 248:047.792 - 0.701ms returns FALSE
T3260 248:157.984 JLINK_IsHalted()
T3260 248:158.880 - 0.872ms returns FALSE
T3260 248:158.896 JLINK_IsHalted()
T3260 248:159.648 - 0.758ms returns FALSE
T3260 248:254.160 JLINK_IsHalted()
T3260 248:254.944 - 0.775ms returns FALSE
T3260 248:254.976 JLINK_IsHalted()
T3260 248:255.824 - 0.834ms returns FALSE
T3260 248:365.648 JLINK_IsHalted()
T3260 248:366.496 - 0.844ms returns FALSE
T3260 248:366.496 JLINK_IsHalted()
T3260 248:367.152 - 0.661ms returns FALSE
T3260 248:476.672 JLINK_IsHalted()
T3260 248:477.872 - 1.207ms returns FALSE
T3260 248:477.920 JLINK_IsHalted()
T3260 248:478.928 - 0.999ms returns FALSE
T3260 248:588.592 JLINK_IsHalted()
T3260 248:589.344 - 0.730ms returns FALSE
T3260 248:589.360 JLINK_IsHalted()
T3260 248:590.048 - 0.683ms returns FALSE
T3260 248:700.368 JLINK_IsHalted()
T3260 248:701.152 - 0.793ms returns FALSE
T3260 248:701.184 JLINK_IsHalted()
T3260 248:701.872 - 0.688ms returns FALSE
T87C0 248:701.920 JLINK_IsHalted()
T87C0 248:702.544 - 0.609ms returns FALSE
T87C0 248:702.544 JLINK_IsHalted()
T87C0 248:703.152 - 0.621ms returns FALSE
T3260 248:812.720 JLINK_IsHalted()
T3260 248:813.776 - 1.050ms returns FALSE
T3260 248:813.776 JLINK_IsHalted()
T3260 248:814.800 - 1.006ms returns FALSE
T3260 248:924.704 JLINK_IsHalted()
T3260 248:925.872 - 1.187ms returns FALSE
T3260 248:925.904 JLINK_IsHalted()
T3260 248:926.768 - 0.874ms returns FALSE
T3260 249:036.208 JLINK_IsHalted()
T3260 249:037.024 - 0.802ms returns FALSE
T3260 249:037.024 JLINK_IsHalted()
T3260 249:037.792 - 0.767ms returns FALSE
T3260 249:148.288 JLINK_IsHalted()
T3260 249:149.104 - 0.821ms returns FALSE
T3260 249:149.136 JLINK_IsHalted()
T3260 249:149.856 - 0.729ms returns FALSE
T3260 249:260.208 JLINK_IsHalted()
T3260 249:261.088 - 0.862ms returns FALSE
T3260 249:261.104 JLINK_IsHalted()
T3260 249:261.792 - 0.696ms returns FALSE
T3260 249:371.648 JLINK_IsHalted()
T3260 249:372.384 - 0.739ms returns FALSE
T3260 249:372.416 JLINK_IsHalted()
T3260 249:373.216 - 0.780ms returns FALSE
T3260 249:482.880 JLINK_IsHalted()
T3260 249:483.872 - 1.002ms returns FALSE
T3260 249:483.904 JLINK_IsHalted()
T3260 249:484.832 - 0.926ms returns FALSE
T3260 249:594.336 JLINK_IsHalted()
T3260 249:595.424 - 1.069ms returns FALSE
T3260 249:595.472 JLINK_IsHalted()
T3260 249:596.592 - 1.128ms returns FALSE
T3260 249:705.264 JLINK_IsHalted()
T3260 249:706.080 - 0.816ms returns FALSE
T3260 249:706.080 JLINK_IsHalted()
T3260 249:706.832 - 0.728ms returns FALSE
T87C0 249:706.880 JLINK_IsHalted()
T87C0 249:707.552 - 0.664ms returns FALSE
T87C0 249:707.568 JLINK_IsHalted()
T87C0 249:708.288 - 0.722ms returns FALSE
T3260 249:801.088 JLINK_IsHalted()
T3260 249:801.824 - 0.741ms returns FALSE
T3260 249:801.856 JLINK_IsHalted()
T3260 249:802.496 - 0.638ms returns FALSE
T3260 249:912.240 JLINK_IsHalted()
T3260 249:913.088 - 0.848ms returns FALSE
T3260 249:913.136 JLINK_IsHalted()
T3260 249:913.888 - 0.745ms returns FALSE
T3260 250:022.960 JLINK_IsHalted()
T3260 250:024.016 - 1.037ms returns FALSE
T3260 250:024.032 JLINK_IsHalted()
T3260 250:024.992 - 0.945ms returns FALSE
T3260 250:135.456 JLINK_IsHalted()
T3260 250:136.192 - 0.744ms returns FALSE
T3260 250:136.224 JLINK_IsHalted()
T3260 250:136.912 - 0.689ms returns FALSE
T3260 250:247.904 JLINK_IsHalted()
T3260 250:249.040 - 1.115ms returns FALSE
T3260 250:249.088 JLINK_IsHalted()
T3260 250:250.192 - 1.098ms returns FALSE
T3260 250:359.632 JLINK_IsHalted()
T3260 250:360.320 - 0.699ms returns FALSE
T3260 250:360.352 JLINK_IsHalted()
T3260 250:361.040 - 0.679ms returns FALSE
T3260 250:471.168 JLINK_IsHalted()
T3260 250:471.936 - 0.768ms returns FALSE
T3260 250:471.968 JLINK_IsHalted()
T3260 250:472.672 - 0.725ms returns FALSE
T3260 250:567.904 JLINK_IsHalted()
T3260 250:568.960 - 1.056ms returns FALSE
T3260 250:568.992 JLINK_IsHalted()
T3260 250:570.160 - 1.171ms returns FALSE
T3260 250:679.600 JLINK_IsHalted()
T3260 250:680.448 - 0.853ms returns FALSE
T3260 250:680.480 JLINK_IsHalted()
T3260 250:681.168 - 0.689ms returns FALSE
T87C0 250:711.648 JLINK_IsHalted()
T87C0 250:712.448 - 0.793ms returns FALSE
T87C0 250:712.496 JLINK_IsHalted()
T87C0 250:713.136 - 0.661ms returns FALSE
T3260 250:791.392 JLINK_IsHalted()
T3260 250:792.144 - 0.744ms returns FALSE
T3260 250:792.144 JLINK_IsHalted()
T3260 250:792.832 - 0.676ms returns FALSE
T3260 250:903.456 JLINK_IsHalted()
T3260 250:904.544 - 1.087ms returns FALSE
T3260 250:904.576 JLINK_IsHalted()
T3260 250:905.632 - 1.031ms returns FALSE
T3260 251:015.600 JLINK_IsHalted()
T3260 251:016.368 - 0.779ms returns FALSE
T3260 251:016.400 JLINK_IsHalted()
T3260 251:017.120 - 0.713ms returns FALSE
T3260 251:127.296 JLINK_IsHalted()
T3260 251:128.096 - 0.797ms returns FALSE
T3260 251:128.112 JLINK_IsHalted()
T3260 251:129.248 - 1.125ms returns FALSE
T3260 251:223.328 JLINK_IsHalted()
T3260 251:224.416 - 1.087ms returns FALSE
T3260 251:224.480 JLINK_IsHalted()
T3260 251:225.296 - 0.828ms returns FALSE
T3260 251:335.344 JLINK_IsHalted()
T3260 251:336.144 - 0.808ms returns FALSE
T3260 251:336.192 JLINK_IsHalted()
T3260 251:336.832 - 0.648ms returns FALSE
T3260 251:447.136 JLINK_IsHalted()
T3260 251:448.064 - 0.939ms returns FALSE
T3260 251:448.096 JLINK_IsHalted()
T3260 251:449.056 - 0.955ms returns FALSE
T3260 251:559.808 JLINK_IsHalted()
T3260 251:560.992 - 1.171ms returns FALSE
T3260 251:561.040 JLINK_IsHalted()
T3260 251:562.160 - 1.119ms returns FALSE
T3260 251:671.520 JLINK_IsHalted()
T3260 251:672.400 - 0.870ms returns FALSE
T3260 251:672.416 JLINK_IsHalted()
T3260 251:673.216 - 0.788ms returns FALSE
T87C0 251:719.984 JLINK_IsHalted()
T87C0 251:720.880 - 0.892ms returns FALSE
T87C0 251:720.912 JLINK_IsHalted()
T87C0 251:721.680 - 0.772ms returns FALSE
T3260 251:783.392 JLINK_IsHalted()
T3260 251:784.400 - 1.013ms returns FALSE
T3260 251:784.448 JLINK_IsHalted()
T3260 251:785.424 - 0.961ms returns FALSE
T3260 251:879.376 JLINK_IsHalted()
T3260 251:880.112 - 0.748ms returns FALSE
T3260 251:880.144 JLINK_IsHalted()
T3260 251:880.912 - 0.773ms returns FALSE
T3260 251:991.392 JLINK_IsHalted()
T3260 251:992.288 - 0.895ms returns FALSE
T3260 251:992.288 JLINK_IsHalted()
T3260 251:992.992 - 0.675ms returns FALSE
T3260 252:103.264 JLINK_IsHalted()
T3260 252:104.112 - 0.863ms returns FALSE
T3260 252:104.160 JLINK_IsHalted()
T3260 252:104.864 - 0.705ms returns FALSE
T3260 252:215.728 JLINK_IsHalted()
T3260 252:216.704 - 0.986ms returns FALSE
T3260 252:216.736 JLINK_IsHalted()
T3260 252:217.600 - 0.853ms returns FALSE
T3260 252:327.328 JLINK_IsHalted()
T3260 252:328.192 - 0.863ms returns FALSE
T3260 252:328.224 JLINK_IsHalted()
T3260 252:328.992 - 0.776ms returns FALSE
T3260 252:437.856 JLINK_IsHalted()
T3260 252:438.656 - 0.816ms returns FALSE
T3260 252:438.704 JLINK_IsHalted()
T3260 252:439.552 - 0.865ms returns FALSE
T3260 252:549.632 JLINK_IsHalted()
T3260 252:550.688 - 1.052ms returns FALSE
T3260 252:550.736 JLINK_IsHalted()
T3260 252:551.648 - 0.923ms returns FALSE
T3260 252:659.936 JLINK_IsHalted()
T3260 252:661.024 - 1.073ms returns FALSE
T3260 252:661.024 JLINK_IsHalted()
T3260 252:662.064 - 1.025ms returns FALSE
T87C0 252:723.792 JLINK_IsHalted()
T87C0 252:724.640 - 0.845ms returns FALSE
T87C0 252:724.656 JLINK_IsHalted()
T87C0 252:725.344 - 0.693ms returns FALSE
T3260 252:770.848 JLINK_IsHalted()
T3260 252:771.664 - 0.836ms returns FALSE
T3260 252:771.680 JLINK_IsHalted()
T3260 252:772.384 - 0.704ms returns FALSE
T3260 252:882.000 JLINK_IsHalted()
T3260 252:882.896 - 0.885ms returns FALSE
T3260 252:882.912 JLINK_IsHalted()
T3260 252:883.872 - 0.952ms returns FALSE
T3260 252:992.640 JLINK_IsHalted()
T3260 252:993.536 - 0.898ms returns FALSE
T3260 252:993.568 JLINK_IsHalted()
T3260 252:994.256 - 0.686ms returns FALSE
T3260 253:102.880 JLINK_IsHalted()
T3260 253:103.648 - 0.752ms returns FALSE
T3260 253:103.648 JLINK_IsHalted()
T3260 253:104.352 - 0.705ms returns FALSE
T3260 253:214.368 JLINK_IsHalted()
T3260 253:215.408 - 1.042ms returns FALSE
T3260 253:215.456 JLINK_IsHalted()
T3260 253:216.304 - 0.848ms returns FALSE
T3260 253:326.304 JLINK_IsHalted()
T3260 253:327.232 - 0.908ms returns FALSE
T3260 253:327.232 JLINK_IsHalted()
T3260 253:328.160 - 0.925ms returns FALSE
T3260 253:438.112 JLINK_IsHalted()
T3260 253:439.008 - 0.890ms returns FALSE
T3260 253:439.024 JLINK_IsHalted()
T3260 253:439.872 - 0.825ms returns FALSE
T3260 253:550.384 JLINK_IsHalted()
T3260 253:551.312 - 0.909ms returns FALSE
T3260 253:551.312 JLINK_IsHalted()
T3260 253:552.096 - 0.776ms returns FALSE
T3260 253:661.648 JLINK_IsHalted()
T3260 253:662.432 - 0.794ms returns FALSE
T3260 253:662.464 JLINK_IsHalted()
T3260 253:663.264 - 0.778ms returns FALSE
T87C0 253:725.520 JLINK_IsHalted()
T87C0 253:726.288 - 0.756ms returns FALSE
T87C0 253:726.288 JLINK_IsHalted()
T87C0 253:727.008 - 0.706ms returns FALSE
T3260 253:772.768 JLINK_IsHalted()
T3260 253:773.536 - 0.775ms returns FALSE
T3260 253:773.568 JLINK_IsHalted()
T3260 253:774.256 - 0.691ms returns FALSE
T3260 253:884.336 JLINK_IsHalted()
T3260 253:885.136 - 0.797ms returns FALSE
T3260 253:885.152 JLINK_IsHalted()
T3260 253:885.952 - 0.780ms returns FALSE
T3260 253:996.368 JLINK_IsHalted()
T3260 253:997.104 - 0.741ms returns FALSE
T3260 253:997.104 JLINK_IsHalted()
T3260 253:997.792 - 0.683ms returns FALSE
T3260 254:107.136 JLINK_IsHalted()
T3260 254:107.936 - 0.812ms returns FALSE
T3260 254:107.952 JLINK_IsHalted()
T3260 254:108.640 - 0.668ms returns FALSE
T3260 254:217.056 JLINK_IsHalted()
T3260 254:218.032 - 0.977ms returns FALSE
T3260 254:218.080 JLINK_IsHalted()
T3260 254:218.880 - 0.786ms returns FALSE
T3260 254:329.168 JLINK_IsHalted()
T3260 254:330.016 - 0.834ms returns FALSE
T3260 254:330.032 JLINK_IsHalted()
T3260 254:330.720 - 0.694ms returns FALSE
T3260 254:425.184 JLINK_IsHalted()
T3260 254:426.064 - 0.852ms returns FALSE
T3260 254:426.080 JLINK_IsHalted()
T3260 254:426.800 - 0.719ms returns FALSE
T3260 254:537.056 JLINK_IsHalted()
T3260 254:537.904 - 0.851ms returns FALSE
T3260 254:537.936 JLINK_IsHalted()
T3260 254:538.656 - 0.728ms returns FALSE
T3260 254:649.520 JLINK_IsHalted()
T3260 254:650.592 - 1.081ms returns FALSE
T3260 254:650.624 JLINK_IsHalted()
T3260 254:651.648 - 1.002ms returns FALSE
T87C0 254:728.752 JLINK_IsHalted()
T87C0 254:729.520 - 0.769ms returns FALSE
T87C0 254:729.552 JLINK_IsHalted()
T87C0 254:730.208 - 0.664ms returns FALSE
T3260 254:759.552 JLINK_IsHalted()
T3260 254:760.240 - 0.680ms returns FALSE
T3260 254:760.240 JLINK_IsHalted()
T3260 254:760.960 - 0.704ms returns FALSE
T3260 254:871.216 JLINK_IsHalted()
T3260 254:871.904 - 0.684ms returns FALSE
T3260 254:871.936 JLINK_IsHalted()
T3260 254:872.624 - 0.696ms returns FALSE
T3260 254:982.352 JLINK_IsHalted()
T3260 254:983.424 - 1.075ms returns FALSE
T3260 254:983.472 JLINK_IsHalted()
T3260 254:984.656 - 1.179ms returns FALSE
T3260 255:093.552 JLINK_IsHalted()
T3260 255:094.496 - 0.959ms returns FALSE
T3260 255:094.528 JLINK_IsHalted()
T3260 255:095.296 - 0.759ms returns FALSE
T3260 255:204.144 JLINK_IsHalted()
T3260 255:204.896 - 0.742ms returns FALSE
T3260 255:204.896 JLINK_IsHalted()
T3260 255:205.664 - 0.756ms returns FALSE
T3260 255:315.168 JLINK_IsHalted()
T3260 255:316.272 - 1.096ms returns FALSE
T3260 255:316.304 JLINK_IsHalted()
T3260 255:317.424 - 1.114ms returns FALSE
T3260 255:410.384 JLINK_IsHalted()
T3260 255:411.360 - 0.979ms returns FALSE
T3260 255:411.376 JLINK_IsHalted()
T3260 255:412.192 - 0.813ms returns FALSE
T3260 255:521.584 JLINK_IsHalted()
T3260 255:522.352 - 0.763ms returns FALSE
T3260 255:522.400 JLINK_IsHalted()
T3260 255:523.040 - 0.651ms returns FALSE
T3260 255:632.096 JLINK_IsHalted()
T3260 255:632.896 - 0.798ms returns FALSE
T3260 255:632.944 JLINK_IsHalted()
T3260 255:633.696 - 0.742ms returns FALSE
T3260 255:744.096 JLINK_IsHalted()
T3260 255:744.928 - 0.804ms returns FALSE
T3260 255:744.928 JLINK_IsHalted()
T3260 255:745.952 - 1.007ms returns FALSE
T87C0 255:746.048 JLINK_IsHalted()
T87C0 255:746.896 - 0.860ms returns FALSE
T87C0 255:746.912 JLINK_IsHalted()
T87C0 255:747.616 - 0.691ms returns FALSE
T3260 255:854.896 JLINK_IsHalted()
T3260 255:855.648 - 0.747ms returns FALSE
T3260 255:855.664 JLINK_IsHalted()
T3260 255:856.416 - 0.722ms returns FALSE
T3260 255:966.000 JLINK_IsHalted()
T3260 255:966.816 - 0.833ms returns FALSE
T3260 255:966.848 JLINK_IsHalted()
T3260 255:967.664 - 0.819ms returns FALSE
T3260 256:077.856 JLINK_IsHalted()
T3260 256:078.768 - 0.927ms returns FALSE
T3260 256:078.816 JLINK_IsHalted()
T3260 256:079.616 - 0.806ms returns FALSE
T3260 256:190.208 JLINK_IsHalted()
T3260 256:191.056 - 0.858ms returns FALSE
T3260 256:191.072 JLINK_IsHalted()
T3260 256:191.776 - 0.691ms returns FALSE
T3260 256:285.728 JLINK_IsHalted()
T3260 256:286.560 - 0.839ms returns FALSE
T3260 256:286.592 JLINK_IsHalted()
T3260 256:287.328 - 0.745ms returns FALSE
T3260 256:396.512 JLINK_IsHalted()
T3260 256:397.440 - 0.931ms returns FALSE
T3260 256:397.440 JLINK_IsHalted()
T3260 256:398.288 - 0.824ms returns FALSE
T3260 256:508.496 JLINK_IsHalted()
T3260 256:509.312 - 0.821ms returns FALSE
T3260 256:509.344 JLINK_IsHalted()
T3260 256:510.000 - 0.669ms returns FALSE
T3260 256:620.464 JLINK_IsHalted()
T3260 256:621.216 - 0.720ms returns FALSE
T3260 256:621.216 JLINK_IsHalted()
T3260 256:621.904 - 0.677ms returns FALSE
T3260 256:732.544 JLINK_IsHalted()
T3260 256:733.648 - 1.119ms returns FALSE
T3260 256:733.696 JLINK_IsHalted()
T3260 256:734.560 - 0.863ms returns FALSE
T87C0 256:748.592 JLINK_IsHalted()
T87C0 256:749.440 - 0.843ms returns FALSE
T87C0 256:749.472 JLINK_IsHalted()
T87C0 256:750.368 - 0.903ms returns FALSE
T3260 256:844.592 JLINK_IsHalted()
T3260 256:845.392 - 0.775ms returns FALSE
T3260 256:845.408 JLINK_IsHalted()
T3260 256:846.128 - 0.711ms returns FALSE
T3260 256:956.592 JLINK_IsHalted()
T3260 256:957.344 - 0.730ms returns FALSE
T3260 256:957.360 JLINK_IsHalted()
T3260 256:958.080 - 0.706ms returns FALSE
T3260 257:068.464 JLINK_IsHalted()
T3260 257:069.312 - 0.824ms returns FALSE
T3260 257:069.344 JLINK_IsHalted()
T3260 257:070.176 - 0.840ms returns FALSE
T3260 257:180.416 JLINK_IsHalted()
T3260 257:181.392 - 0.970ms returns FALSE
T3260 257:181.408 JLINK_IsHalted()
T3260 257:182.080 - 0.666ms returns FALSE
T3260 257:292.368 JLINK_IsHalted()
T3260 257:293.152 - 0.799ms returns FALSE
T3260 257:293.184 JLINK_IsHalted()
T3260 257:293.872 - 0.703ms returns FALSE
T3260 257:404.576 JLINK_IsHalted()
T3260 257:405.520 - 0.952ms returns FALSE
T3260 257:405.536 JLINK_IsHalted()
T3260 257:406.464 - 0.922ms returns FALSE
T3260 257:516.240 JLINK_IsHalted()
T3260 257:517.088 - 0.847ms returns FALSE
T3260 257:517.104 JLINK_IsHalted()
T3260 257:517.792 - 0.684ms returns FALSE
T3260 257:626.320 JLINK_IsHalted()
T3260 257:627.088 - 0.756ms returns FALSE
T3260 257:627.088 JLINK_IsHalted()
T3260 257:627.808 - 0.711ms returns FALSE
T3260 257:737.632 JLINK_IsHalted()
T3260 257:738.784 - 1.136ms returns FALSE
T3260 257:738.800 JLINK_IsHalted()
T3260 257:739.568 - 0.753ms returns FALSE
T87C0 257:753.600 JLINK_IsHalted()
T87C0 257:754.464 - 0.875ms returns FALSE
T87C0 257:754.528 JLINK_IsHalted()
T87C0 257:755.424 - 0.891ms returns FALSE
T3260 257:848.784 JLINK_IsHalted()
T3260 257:849.728 - 0.939ms returns FALSE
T3260 257:849.760 JLINK_IsHalted()
T3260 257:850.592 - 0.857ms returns FALSE
T3260 257:960.368 JLINK_IsHalted()
T3260 257:961.120 - 0.722ms returns FALSE
T3260 257:961.120 JLINK_IsHalted()
T3260 257:961.824 - 0.712ms returns FALSE
T3260 258:071.680 JLINK_IsHalted()
T3260 258:072.752 - 1.049ms returns FALSE
T3260 258:072.800 JLINK_IsHalted()
T3260 258:073.856 - 1.072ms returns FALSE
T3260 258:183.552 JLINK_IsHalted()
T3260 258:184.352 - 0.775ms returns FALSE
T3260 258:184.368 JLINK_IsHalted()
T3260 258:185.088 - 0.718ms returns FALSE
T3260 258:295.328 JLINK_IsHalted()
T3260 258:296.032 - 0.719ms returns FALSE
T3260 258:296.064 JLINK_IsHalted()
T3260 258:296.928 - 0.855ms returns FALSE
T3260 258:407.776 JLINK_IsHalted()
T3260 258:408.656 - 0.886ms returns FALSE
T3260 258:408.704 JLINK_IsHalted()
T3260 258:409.424 - 0.727ms returns FALSE
T3260 258:503.456 JLINK_IsHalted()
T3260 258:504.320 - 0.854ms returns FALSE
T3260 258:504.368 JLINK_IsHalted()
T3260 258:505.248 - 0.878ms returns FALSE
T3260 258:615.296 JLINK_IsHalted()
T3260 258:616.096 - 0.795ms returns FALSE
T3260 258:616.112 JLINK_IsHalted()
T3260 258:616.800 - 0.692ms returns FALSE
T3260 258:727.504 JLINK_IsHalted()
T3260 258:734.240 - 6.735ms returns FALSE
T3260 258:734.256 JLINK_IsHalted()
T3260 258:734.896 - 0.632ms returns FALSE
T87C0 258:759.904 JLINK_IsHalted()
T87C0 258:760.880 - 0.987ms returns FALSE
T87C0 258:760.928 JLINK_IsHalted()
T87C0 258:761.888 - 0.941ms returns FALSE
T3260 258:839.712 JLINK_IsHalted()
T3260 258:840.736 - 1.018ms returns FALSE
T3260 258:840.784 JLINK_IsHalted()
T3260 258:841.648 - 0.849ms returns FALSE
T3260 258:951.472 JLINK_IsHalted()
T3260 258:952.352 - 0.879ms returns FALSE
T3260 258:952.368 JLINK_IsHalted()
T3260 258:953.056 - 0.684ms returns FALSE
T3260 259:063.248 JLINK_IsHalted()
T3260 259:064.016 - 0.747ms returns FALSE
T3260 259:064.016 JLINK_IsHalted()
T3260 259:064.736 - 0.705ms returns FALSE
T3260 259:175.504 JLINK_IsHalted()
T3260 259:176.352 - 0.835ms returns FALSE
T3260 259:176.368 JLINK_IsHalted()
T3260 259:177.168 - 0.816ms returns FALSE
T3260 259:287.136 JLINK_IsHalted()
T3260 259:287.936 - 0.811ms returns FALSE
T3260 259:287.968 JLINK_IsHalted()
T3260 259:288.832 - 0.867ms returns FALSE
T3260 259:399.328 JLINK_IsHalted()
T3260 259:400.160 - 0.857ms returns FALSE
T3260 259:400.192 JLINK_IsHalted()
T3260 259:401.040 - 0.839ms returns FALSE
T3260 259:511.472 JLINK_IsHalted()
T3260 259:512.272 - 0.791ms returns FALSE
T3260 259:512.288 JLINK_IsHalted()
T3260 259:513.088 - 0.779ms returns FALSE
T3260 259:623.264 JLINK_IsHalted()
T3260 259:624.064 - 0.795ms returns FALSE
T3260 259:624.096 JLINK_IsHalted()
T3260 259:624.880 - 0.772ms returns FALSE
T3260 259:735.328 JLINK_IsHalted()
T3260 259:736.240 - 0.917ms returns FALSE
T3260 259:736.272 JLINK_IsHalted()
T3260 259:737.040 - 0.765ms returns FALSE
T87C0 259:767.776 JLINK_IsHalted()
T87C0 259:768.800 - 1.024ms returns FALSE
T87C0 259:768.800 JLINK_IsHalted()
T87C0 259:769.776 - 0.952ms returns FALSE
T3260 259:831.600 JLINK_IsHalted()
T3260 259:832.576 - 0.968ms returns FALSE
T3260 259:832.608 JLINK_IsHalted()
T3260 259:833.856 - 1.247ms returns FALSE
T3260 259:943.344 JLINK_IsHalted()
T3260 259:944.368 - 1.038ms returns FALSE
T3260 259:944.400 JLINK_IsHalted()
T3260 259:945.088 - 0.685ms returns FALSE
T3260 260:055.216 JLINK_IsHalted()
T3260 260:056.112 - 0.886ms returns FALSE
T3260 260:056.144 JLINK_IsHalted()
T3260 260:056.912 - 0.770ms returns FALSE
T3260 260:167.392 JLINK_IsHalted()
T3260 260:168.496 - 1.097ms returns FALSE
T3260 260:168.544 JLINK_IsHalted()
T3260 260:169.680 - 1.144ms returns FALSE
T3260 260:277.600 JLINK_IsHalted()
T3260 260:278.320 - 0.745ms returns FALSE
T3260 260:278.352 JLINK_IsHalted()
T3260 260:279.088 - 0.738ms returns FALSE
T3260 260:388.576 JLINK_IsHalted()
T3260 260:389.328 - 0.725ms returns FALSE
T3260 260:389.328 JLINK_IsHalted()
T3260 260:390.016 - 0.678ms returns FALSE
T3260 260:499.408 JLINK_IsHalted()
T3260 260:500.304 - 0.896ms returns FALSE
T3260 260:500.320 JLINK_IsHalted()
T3260 260:501.152 - 0.825ms returns FALSE
T3260 260:610.608 JLINK_IsHalted()
T3260 260:611.408 - 0.801ms returns FALSE
T3260 260:611.424 JLINK_IsHalted()
T3260 260:612.304 - 0.861ms returns FALSE
T3260 260:721.360 JLINK_IsHalted()
T3260 260:722.176 - 0.816ms returns FALSE
T3260 260:722.208 JLINK_IsHalted()
T3260 260:722.848 - 0.654ms returns FALSE
T87C0 260:768.608 JLINK_IsHalted()
T87C0 260:769.280 - 0.683ms returns FALSE
T87C0 260:769.312 JLINK_IsHalted()
T87C0 260:770.000 - 0.699ms returns FALSE
T3260 260:816.336 JLINK_IsHalted()
T3260 260:817.440 - 1.109ms returns FALSE
T3260 260:817.456 JLINK_IsHalted()
T3260 260:818.432 - 0.964ms returns FALSE
T3260 260:927.408 JLINK_IsHalted()
T3260 260:928.336 - 0.916ms returns FALSE
T3260 260:928.352 JLINK_IsHalted()
T3260 260:929.152 - 0.789ms returns FALSE
T3260 261:038.032 JLINK_IsHalted()
T3260 261:038.848 - 0.830ms returns FALSE
T3260 261:038.880 JLINK_IsHalted()
T3260 261:039.792 - 0.924ms returns FALSE
T3260 261:150.464 JLINK_IsHalted()
T3260 261:151.440 - 0.975ms returns FALSE
T3260 261:151.456 JLINK_IsHalted()
T3260 261:152.416 - 0.955ms returns FALSE
T3260 261:262.160 JLINK_IsHalted()
T3260 261:263.056 - 0.906ms returns FALSE
T3260 261:263.072 JLINK_IsHalted()
T3260 261:263.872 - 0.784ms returns FALSE
T3260 261:372.576 JLINK_IsHalted()
T3260 261:373.312 - 0.751ms returns FALSE
T3260 261:373.344 JLINK_IsHalted()
T3260 261:373.984 - 0.637ms returns FALSE
T3260 261:484.800 JLINK_IsHalted()
T3260 261:485.952 - 1.158ms returns FALSE
T3260 261:486.000 JLINK_IsHalted()
T3260 261:487.024 - 1.026ms returns FALSE
T3260 261:597.392 JLINK_IsHalted()
T3260 261:598.208 - 0.809ms returns FALSE
T3260 261:598.240 JLINK_IsHalted()
T3260 261:598.896 - 0.666ms returns FALSE
T3260 261:692.384 JLINK_IsHalted()
T3260 261:693.136 - 0.742ms returns FALSE
T3260 261:693.152 JLINK_IsHalted()
T3260 261:694.128 - 0.970ms returns FALSE
T87C0 261:772.448 JLINK_IsHalted()
T87C0 261:773.280 - 0.837ms returns FALSE
T87C0 261:773.312 JLINK_IsHalted()
T87C0 261:774.128 - 0.828ms returns FALSE
T3260 261:804.576 JLINK_IsHalted()
T3260 261:805.600 - 1.012ms returns FALSE
T3260 261:805.616 JLINK_IsHalted()
T3260 261:806.544 - 0.909ms returns FALSE
T3260 261:916.208 JLINK_IsHalted()
T3260 261:917.216 - 1.000ms returns FALSE
T3260 261:917.232 JLINK_IsHalted()
T3260 261:917.984 - 0.724ms returns FALSE
T3260 262:028.256 JLINK_IsHalted()
T3260 262:029.136 - 0.878ms returns FALSE
T3260 262:029.152 JLINK_IsHalted()
T3260 262:029.920 - 0.781ms returns FALSE
T3260 262:140.368 JLINK_IsHalted()
T3260 262:141.088 - 0.735ms returns FALSE
T3260 262:141.104 JLINK_IsHalted()
T3260 262:141.792 - 0.676ms returns FALSE
T3260 262:252.624 JLINK_IsHalted()
T3260 262:253.520 - 0.906ms returns FALSE
T3260 262:253.536 JLINK_IsHalted()
T3260 262:254.384 - 0.821ms returns FALSE
T3260 262:348.288 JLINK_IsHalted()
T3260 262:349.104 - 0.804ms returns FALSE
T3260 262:349.104 JLINK_IsHalted()
T3260 262:349.872 - 0.754ms returns FALSE
T3260 262:460.624 JLINK_IsHalted()
T3260 262:461.536 - 0.907ms returns FALSE
T3260 262:461.536 JLINK_IsHalted()
T3260 262:462.336 - 0.790ms returns FALSE
T3260 262:572.576 JLINK_IsHalted()
T3260 262:573.776 - 1.197ms returns FALSE
T3260 262:573.824 JLINK_IsHalted()
T3260 262:574.720 - 0.893ms returns FALSE
T3260 262:683.216 JLINK_IsHalted()
T3260 262:684.032 - 0.822ms returns FALSE
T3260 262:684.064 JLINK_IsHalted()
T3260 262:684.896 - 0.837ms returns FALSE
T87C0 262:778.320 JLINK_IsHalted()
T87C0 262:779.216 - 0.907ms returns FALSE
T87C0 262:779.232 JLINK_IsHalted()
T87C0 262:779.936 - 0.692ms returns FALSE
T3260 262:793.952 JLINK_IsHalted()
T3260 262:794.656 - 0.712ms returns FALSE
T3260 262:794.672 JLINK_IsHalted()
T3260 262:795.344 - 0.659ms returns FALSE
T3260 262:904.624 JLINK_IsHalted()
T3260 262:905.632 - 0.991ms returns FALSE
T3260 262:905.648 JLINK_IsHalted()
T3260 262:906.592 - 0.949ms returns FALSE
T3260 263:015.264 JLINK_IsHalted()
T3260 263:016.096 - 0.834ms returns FALSE
T3260 263:016.112 JLINK_IsHalted()
T3260 263:016.864 - 0.746ms returns FALSE
T3260 263:127.344 JLINK_IsHalted()
T3260 263:128.192 - 0.830ms returns FALSE
T3260 263:128.192 JLINK_IsHalted()
T3260 263:128.880 - 0.686ms returns FALSE
T3260 263:223.264 JLINK_IsHalted()
T3260 263:224.032 - 0.769ms returns FALSE
T3260 263:224.032 JLINK_IsHalted()
T3260 263:224.704 - 0.645ms returns FALSE
T3260 263:335.376 JLINK_IsHalted()
T3260 263:336.368 - 0.982ms returns FALSE
T3260 263:336.368 JLINK_IsHalted()
T3260 263:337.136 - 0.763ms returns FALSE
T3260 263:447.600 JLINK_IsHalted()
T3260 263:448.352 - 0.757ms returns FALSE
T3260 263:448.368 JLINK_IsHalted()
T3260 263:449.168 - 0.784ms returns FALSE
T3260 263:559.600 JLINK_IsHalted()
T3260 263:560.576 - 0.952ms returns FALSE
T3260 263:560.576 JLINK_IsHalted()
T3260 263:561.264 - 0.687ms returns FALSE
T3260 263:671.424 JLINK_IsHalted()
T3260 263:672.272 - 0.833ms returns FALSE
T3260 263:672.272 JLINK_IsHalted()
T3260 263:672.960 - 0.692ms returns FALSE
T3260 263:783.296 JLINK_IsHalted()
T3260 263:784.032 - 0.742ms returns FALSE
T3260 263:784.032 JLINK_IsHalted()
T3260 263:784.736 - 0.678ms returns FALSE
T87C0 263:784.784 JLINK_IsHalted()
T87C0 263:785.472 - 0.697ms returns FALSE
T87C0 263:785.504 JLINK_IsHalted()
T87C0 263:786.208 - 0.716ms returns FALSE
T3260 263:879.552 JLINK_IsHalted()
T3260 263:880.576 - 1.018ms returns FALSE
T3260 263:880.608 JLINK_IsHalted()
T3260 263:881.472 - 0.877ms returns FALSE
T3260 263:990.112 JLINK_IsHalted()
T3260 263:991.120 - 0.988ms returns FALSE
T3260 263:991.168 JLINK_IsHalted()
T3260 263:992.096 - 0.925ms returns FALSE
T3260 264:100.000 JLINK_IsHalted()
T3260 264:100.816 - 0.806ms returns FALSE
T3260 264:100.832 JLINK_IsHalted()
T3260 264:101.536 - 0.694ms returns FALSE
T3260 264:211.072 JLINK_IsHalted()
T3260 264:211.792 - 0.715ms returns FALSE
T3260 264:211.792 JLINK_IsHalted()
T3260 264:212.432 - 0.627ms returns FALSE
T3260 264:322.720 JLINK_IsHalted()
T3260 264:323.712 - 1.008ms returns FALSE
T3260 264:323.744 JLINK_IsHalted()
T3260 264:324.432 - 0.689ms returns FALSE
T3260 264:433.504 JLINK_IsHalted()
T3260 264:434.464 - 0.962ms returns FALSE
T3260 264:434.512 JLINK_IsHalted()
T3260 264:435.360 - 0.864ms returns FALSE
T3260 264:544.384 JLINK_IsHalted()
T3260 264:545.184 - 0.796ms returns FALSE
T3260 264:545.200 JLINK_IsHalted()
T3260 264:545.872 - 0.655ms returns FALSE
T3260 264:655.392 JLINK_IsHalted()
T3260 264:656.416 - 1.021ms returns FALSE
T3260 264:656.432 JLINK_IsHalted()
T3260 264:657.376 - 0.945ms returns FALSE
T3260 264:766.080 JLINK_IsHalted()
T3260 264:766.816 - 0.745ms returns FALSE
T3260 264:766.848 JLINK_IsHalted()
T3260 264:767.712 - 0.863ms returns FALSE
T87C0 264:798.464 JLINK_IsHalted()
T87C0 264:799.312 - 0.847ms returns FALSE
T87C0 264:799.328 JLINK_IsHalted()
T87C0 264:800.336 - 0.996ms returns FALSE
T3260 264:878.032 JLINK_IsHalted()
T3260 264:878.976 - 0.937ms returns FALSE
T3260 264:878.976 JLINK_IsHalted()
T3260 264:879.968 - 0.974ms returns FALSE
T3260 264:974.432 JLINK_IsHalted()
T3260 264:975.536 - 1.100ms returns FALSE
T3260 264:975.584 JLINK_IsHalted()
T3260 264:976.592 - 1.000ms returns FALSE
T3260 265:084.544 JLINK_IsHalted()
T3260 265:085.264 - 0.709ms returns FALSE
T3260 265:085.280 JLINK_IsHalted()
T3260 265:086.000 - 0.730ms returns FALSE
T3260 265:196.416 JLINK_IsHalted()
T3260 265:197.152 - 0.741ms returns FALSE
T3260 265:197.184 JLINK_IsHalted()
T3260 265:197.872 - 0.700ms returns FALSE
T3260 265:308.704 JLINK_IsHalted()
T3260 265:309.696 - 0.981ms returns FALSE
T3260 265:309.696 JLINK_IsHalted()
T3260 265:310.592 - 0.892ms returns FALSE
T3260 265:420.464 JLINK_IsHalted()
T3260 265:421.216 - 0.730ms returns FALSE
T3260 265:421.232 JLINK_IsHalted()
T3260 265:421.984 - 0.748ms returns FALSE
T3260 265:532.416 JLINK_IsHalted()
T3260 265:533.232 - 0.810ms returns FALSE
T3260 265:533.232 JLINK_IsHalted()
T3260 265:534.000 - 0.760ms returns FALSE
T3260 265:628.416 JLINK_IsHalted()
T3260 265:629.360 - 0.958ms returns FALSE
T3260 265:629.408 JLINK_IsHalted()
T3260 265:630.544 - 1.123ms returns FALSE
T3260 265:740.448 JLINK_IsHalted()
T3260 265:741.088 - 0.635ms returns FALSE
T3260 265:741.104 JLINK_IsHalted()
T3260 265:741.904 - 0.795ms returns FALSE
T87C0 265:805.104 JLINK_IsHalted()
T87C0 265:805.920 - 0.818ms returns FALSE
T87C0 265:805.920 JLINK_IsHalted()
T87C0 265:806.688 - 0.768ms returns FALSE
T3260 265:852.640 JLINK_IsHalted()
T3260 265:853.536 - 0.882ms returns FALSE
T3260 265:853.568 JLINK_IsHalted()
T3260 265:854.368 - 0.796ms returns FALSE
T3260 265:964.256 JLINK_IsHalted()
T3260 265:965.344 - 1.069ms returns FALSE
T3260 265:965.392 JLINK_IsHalted()
T3260 265:966.304 - 0.905ms returns FALSE
T3260 266:076.416 JLINK_IsHalted()
T3260 266:077.360 - 0.948ms returns FALSE
T3260 266:077.392 JLINK_IsHalted()
T3260 266:078.208 - 0.813ms returns FALSE
T3260 266:188.448 JLINK_IsHalted()
T3260 266:189.488 - 1.050ms returns FALSE
T3260 266:189.520 JLINK_IsHalted()
T3260 266:190.304 - 0.797ms returns FALSE
T3260 266:300.512 JLINK_IsHalted()
T3260 266:301.488 - 0.966ms returns FALSE
T3260 266:301.520 JLINK_IsHalted()
T3260 266:302.464 - 0.941ms returns FALSE
T3260 266:412.384 JLINK_IsHalted()
T3260 266:413.344 - 0.934ms returns FALSE
T3260 266:413.360 JLINK_IsHalted()
T3260 266:414.240 - 0.879ms returns FALSE
T3260 266:524.160 JLINK_IsHalted()
T3260 266:525.024 - 0.859ms returns FALSE
T3260 266:525.056 JLINK_IsHalted()
T3260 266:525.856 - 0.797ms returns FALSE
T3260 266:634.800 JLINK_IsHalted()
T3260 266:635.648 - 0.822ms returns FALSE
T3260 266:635.680 JLINK_IsHalted()
T3260 266:636.384 - 0.731ms returns FALSE
T3260 266:745.904 JLINK_IsHalted()
T3260 266:746.912 - 1.012ms returns FALSE
T3260 266:746.928 JLINK_IsHalted()
T3260 266:747.648 - 0.713ms returns FALSE
T87C0 266:809.392 JLINK_IsHalted()
T87C0 266:810.160 - 0.762ms returns FALSE
T87C0 266:810.192 JLINK_IsHalted()
T87C0 266:810.912 - 0.721ms returns FALSE
T3260 266:857.248 JLINK_IsHalted()
T3260 266:858.064 - 0.830ms returns FALSE
T3260 266:858.080 JLINK_IsHalted()
T3260 266:858.800 - 0.708ms returns FALSE
T3260 266:967.328 JLINK_IsHalted()
T3260 266:968.064 - 0.750ms returns FALSE
T3260 266:968.096 JLINK_IsHalted()
T3260 266:968.864 - 0.750ms returns FALSE
T3260 267:079.632 JLINK_IsHalted()
T3260 267:080.544 - 0.899ms returns FALSE
T3260 267:080.544 JLINK_IsHalted()
T3260 267:081.424 - 0.854ms returns FALSE
T3260 267:175.424 JLINK_IsHalted()
T3260 267:176.288 - 0.890ms returns FALSE
T3260 267:176.320 JLINK_IsHalted()
T3260 267:177.168 - 0.831ms returns FALSE
T3260 267:287.424 JLINK_IsHalted()
T3260 267:288.192 - 0.784ms returns FALSE
T3260 267:288.224 JLINK_IsHalted()
T3260 267:288.880 - 0.659ms returns FALSE
T3260 267:399.584 JLINK_IsHalted()
T3260 267:400.608 - 1.023ms returns FALSE
T3260 267:400.624 JLINK_IsHalted()
T3260 267:401.520 - 0.878ms returns FALSE
T3260 267:511.216 JLINK_IsHalted()
T3260 267:512.064 - 0.826ms returns FALSE
T3260 267:512.096 JLINK_IsHalted()
T3260 267:512.800 - 0.716ms returns FALSE
T3260 267:623.344 JLINK_IsHalted()
T3260 267:624.112 - 0.757ms returns FALSE
T3260 267:624.112 JLINK_IsHalted()
T3260 267:624.960 - 0.824ms returns FALSE
T3260 267:735.600 JLINK_IsHalted()
T3260 267:736.608 - 0.996ms returns FALSE
T3260 267:736.656 JLINK_IsHalted()
T3260 267:737.472 - 0.813ms returns FALSE
T87C0 267:815.600 JLINK_IsHalted()
T87C0 267:816.400 - 0.776ms returns FALSE
T87C0 267:816.416 JLINK_IsHalted()
T87C0 267:817.120 - 0.677ms returns FALSE
T3260 267:831.504 JLINK_IsHalted()
T3260 267:832.448 - 0.944ms returns FALSE
T3260 267:832.480 JLINK_IsHalted()
T3260 267:833.184 - 0.710ms returns FALSE
T3260 267:942.608 JLINK_IsHalted()
T3260 267:943.456 - 0.848ms returns FALSE
T3260 267:943.472 JLINK_IsHalted()
T3260 267:944.320 - 0.828ms returns FALSE
T3260 268:052.864 JLINK_IsHalted()
T3260 268:053.920 - 1.059ms returns FALSE
T3260 268:053.968 JLINK_IsHalted()
T3260 268:054.960 - 0.991ms returns FALSE
T3260 268:163.808 JLINK_IsHalted()
T3260 268:164.560 - 0.732ms returns FALSE
T3260 268:164.640 JLINK_IsHalted()
T3260 268:165.472 - 0.839ms returns FALSE
T3260 268:274.336 JLINK_IsHalted()
T3260 268:275.040 - 0.712ms returns FALSE
T3260 268:280.480 JLINK_IsHalted()
T3260 268:281.248 - 0.766ms returns FALSE
T3260 268:385.792 JLINK_IsHalted()
T3260 268:386.848 - 1.032ms returns FALSE
T3260 268:386.864 JLINK_IsHalted()
T3260 268:387.744 - 0.883ms returns FALSE
T3260 268:497.248 JLINK_IsHalted()
T3260 268:498.048 - 0.804ms returns FALSE
T3260 268:498.080 JLINK_IsHalted()
T3260 268:498.880 - 0.829ms returns FALSE
T3260 268:607.168 JLINK_IsHalted()
T3260 268:607.840 - 0.689ms returns FALSE
T3260 268:607.872 JLINK_IsHalted()
T3260 268:608.672 - 0.781ms returns FALSE
T3260 268:718.400 JLINK_IsHalted()
T3260 268:719.264 - 0.848ms returns FALSE
T3260 268:719.296 JLINK_IsHalted()
T3260 268:720.032 - 0.748ms returns FALSE
T3260 268:830.144 JLINK_IsHalted()
T3260 268:830.944 - 0.796ms returns FALSE
T3260 268:830.976 JLINK_IsHalted()
T3260 268:831.680 - 0.698ms returns FALSE
T87C0 268:831.744 JLINK_IsHalted()
T87C0 268:832.448 - 0.706ms returns FALSE
T87C0 268:832.448 JLINK_IsHalted()
T87C0 268:833.248 - 0.777ms returns FALSE
T3260 268:926.144 JLINK_IsHalted()
T3260 268:926.912 - 0.751ms returns FALSE
T3260 268:926.912 JLINK_IsHalted()
T3260 268:927.680 - 0.744ms returns FALSE
T3260 269:037.984 JLINK_IsHalted()
T3260 269:038.880 - 0.891ms returns FALSE
T3260 269:038.912 JLINK_IsHalted()
T3260 269:039.712 - 0.822ms returns FALSE
T3260 269:150.272 JLINK_IsHalted()
T3260 269:151.168 - 0.916ms returns FALSE
T3260 269:151.168 JLINK_IsHalted()
T3260 269:152.032 - 0.840ms returns FALSE
T3260 269:259.840 JLINK_IsHalted()
T3260 269:260.672 - 0.806ms returns FALSE
T3260 269:260.704 JLINK_IsHalted()
T3260 269:261.440 - 0.738ms returns FALSE
T3260 269:370.816 JLINK_IsHalted()
T3260 269:371.392 - 0.556ms returns FALSE
T3260 269:371.424 JLINK_IsHalted()
T3260 269:372.128 - 0.703ms returns FALSE
T3260 269:481.664 JLINK_IsHalted()
T3260 269:482.752 - 1.065ms returns FALSE
T3260 269:482.816 JLINK_IsHalted()
T3260 269:483.776 - 0.983ms returns FALSE
T3260 269:593.184 JLINK_IsHalted()
T3260 269:594.080 - 0.902ms returns FALSE
T3260 269:594.144 JLINK_IsHalted()
T3260 269:595.008 - 0.865ms returns FALSE
T3260 269:704.960 JLINK_IsHalted()
T3260 269:705.888 - 0.914ms returns FALSE
T3260 269:705.920 JLINK_IsHalted()
T3260 269:706.656 - 0.756ms returns FALSE
T3260 269:800.512 JLINK_IsHalted()
T3260 269:801.472 - 0.927ms returns FALSE
T3260 269:801.504 JLINK_IsHalted()
T3260 269:802.464 - 0.988ms returns FALSE
T87C0 269:831.872 JLINK_IsHalted()
T87C0 269:832.640 - 0.741ms returns FALSE
T87C0 269:832.640 JLINK_IsHalted()
T87C0 269:833.280 - 0.654ms returns FALSE
T3260 269:911.232 JLINK_IsHalted()
T3260 269:911.968 - 0.713ms returns FALSE
T3260 269:912.000 JLINK_IsHalted()
T3260 269:912.768 - 0.744ms returns FALSE
T3260 270:023.328 JLINK_IsHalted()
T3260 270:024.032 - 0.732ms returns FALSE
T3260 270:024.096 JLINK_IsHalted()
T3260 270:024.768 - 0.665ms returns FALSE
T3260 270:135.776 JLINK_IsHalted()
T3260 270:136.864 - 1.098ms returns FALSE
T3260 270:136.896 JLINK_IsHalted()
T3260 270:137.984 - 1.073ms returns FALSE
T3260 270:247.584 JLINK_IsHalted()
T3260 270:248.480 - 0.891ms returns FALSE
T3260 270:248.512 JLINK_IsHalted()
T3260 270:249.312 - 0.816ms returns FALSE
T3260 270:359.488 JLINK_IsHalted()
T3260 270:360.384 - 0.872ms returns FALSE
T3260 270:360.416 JLINK_IsHalted()
T3260 270:361.184 - 0.771ms returns FALSE
T3260 270:471.488 JLINK_IsHalted()
T3260 270:472.320 - 0.835ms returns FALSE
T3260 270:472.352 JLINK_IsHalted()
T3260 270:473.344 - 1.010ms returns FALSE
T3260 270:567.232 JLINK_IsHalted()
T3260 270:568.224 - 0.976ms returns FALSE
T3260 270:568.256 JLINK_IsHalted()
T3260 270:568.960 - 0.729ms returns FALSE
T3260 270:679.360 JLINK_IsHalted()
T3260 270:680.224 - 0.835ms returns FALSE
T3260 270:680.256 JLINK_IsHalted()
T3260 270:680.896 - 0.653ms returns FALSE
T3260 270:791.360 JLINK_IsHalted()
T3260 270:792.320 - 0.941ms returns FALSE
T3260 270:792.352 JLINK_IsHalted()
T3260 270:793.280 - 0.938ms returns FALSE
T87C0 270:839.552 JLINK_IsHalted()
T87C0 270:840.320 - 0.763ms returns FALSE
T87C0 270:840.352 JLINK_IsHalted()
T87C0 270:841.248 - 0.904ms returns FALSE
T3260 270:902.496 JLINK_IsHalted()
T3260 270:903.296 - 0.799ms returns FALSE
T3260 270:903.328 JLINK_IsHalted()
T3260 270:904.128 - 0.788ms returns FALSE
T3260 271:012.800 JLINK_IsHalted()
T3260 271:013.696 - 0.934ms returns FALSE
T3260 271:013.728 JLINK_IsHalted()
T3260 271:014.464 - 0.740ms returns FALSE
T3260 271:123.936 JLINK_IsHalted()
T3260 271:124.864 - 0.919ms returns FALSE
T3260 271:124.928 JLINK_IsHalted()
T3260 271:125.728 - 0.835ms returns FALSE
T3260 271:234.624 JLINK_IsHalted()
T3260 271:235.552 - 0.939ms returns FALSE
T3260 271:235.584 JLINK_IsHalted()
T3260 271:236.416 - 0.841ms returns FALSE
T3260 271:345.824 JLINK_IsHalted()
T3260 271:346.656 - 0.848ms returns FALSE
T3260 271:346.688 JLINK_IsHalted()
T3260 271:347.392 - 0.696ms returns FALSE
T3260 271:456.384 JLINK_IsHalted()
T3260 271:457.184 - 0.807ms returns FALSE
T3260 271:457.216 JLINK_IsHalted()
T3260 271:457.952 - 0.753ms returns FALSE
T3260 271:567.808 JLINK_IsHalted()
T3260 271:568.832 - 1.046ms returns FALSE
T3260 271:568.864 JLINK_IsHalted()
T3260 271:569.728 - 0.858ms returns FALSE
T3260 271:678.368 JLINK_IsHalted()
T3260 271:679.040 - 0.705ms returns FALSE
T3260 271:679.072 JLINK_IsHalted()
T3260 271:679.840 - 0.780ms returns FALSE
T3260 271:790.144 JLINK_IsHalted()
T3260 271:790.816 - 0.672ms returns FALSE
T3260 271:790.848 JLINK_IsHalted()
T3260 271:791.712 - 0.855ms returns FALSE
T87C0 271:854.304 JLINK_IsHalted()
T87C0 271:855.168 - 0.854ms returns FALSE
T87C0 271:855.200 JLINK_IsHalted()
T87C0 271:856.224 - 1.024ms returns FALSE
T3260 271:902.464 JLINK_IsHalted()
T3260 271:903.296 - 0.826ms returns FALSE
T3260 271:903.328 JLINK_IsHalted()
T3260 271:904.128 - 0.796ms returns FALSE
T3260 272:014.208 JLINK_IsHalted()
T3260 272:014.976 - 0.775ms returns FALSE
T3260 272:014.976 JLINK_IsHalted()
T3260 272:015.680 - 0.709ms returns FALSE
T3260 272:126.080 JLINK_IsHalted()
T3260 272:126.816 - 0.757ms returns FALSE
T3260 272:126.848 JLINK_IsHalted()
T3260 272:127.616 - 0.758ms returns FALSE
T3260 272:222.176 JLINK_IsHalted()
T3260 272:223.200 - 1.025ms returns FALSE
T3260 272:223.232 JLINK_IsHalted()
T3260 272:224.192 - 0.973ms returns FALSE
T3260 272:333.920 JLINK_IsHalted()
T3260 272:334.880 - 0.933ms returns FALSE
T3260 272:334.880 JLINK_IsHalted()
T3260 272:335.616 - 0.745ms returns FALSE
T3260 272:445.344 JLINK_IsHalted()
T3260 272:446.016 - 0.691ms returns FALSE
T3260 272:446.048 JLINK_IsHalted()
T3260 272:446.688 - 0.626ms returns FALSE
T3260 272:556.736 JLINK_IsHalted()
T3260 272:557.536 - 0.800ms returns FALSE
T3260 272:557.568 JLINK_IsHalted()
T3260 272:558.432 - 0.860ms returns FALSE
T3260 272:668.640 JLINK_IsHalted()
T3260 272:669.568 - 0.927ms returns FALSE
T3260 272:669.600 JLINK_IsHalted()
T3260 272:670.336 - 0.749ms returns FALSE
T3260 272:780.256 JLINK_IsHalted()
T3260 272:781.024 - 0.778ms returns FALSE
T3260 272:781.056 JLINK_IsHalted()
T3260 272:781.760 - 0.710ms returns FALSE
T87C0 272:860.832 JLINK_IsHalted()
T87C0 272:861.760 - 0.904ms returns FALSE
T87C0 272:861.760 JLINK_IsHalted()
T87C0 272:862.784 - 1.024ms returns FALSE
T3260 272:892.736 JLINK_IsHalted()
T3260 272:893.792 - 1.094ms returns FALSE
T3260 272:893.824 JLINK_IsHalted()
T3260 272:894.720 - 0.892ms returns FALSE
T3260 273:004.672 JLINK_IsHalted()
T3260 273:005.248 - 0.585ms returns FALSE
T3260 273:005.280 JLINK_IsHalted()
T3260 273:005.920 - 0.637ms returns FALSE
T3260 273:116.416 JLINK_IsHalted()
T3260 273:117.216 - 0.815ms returns FALSE
T3260 273:117.248 JLINK_IsHalted()
T3260 273:117.984 - 0.721ms returns FALSE
T3260 273:228.608 JLINK_IsHalted()
T3260 273:229.760 - 1.140ms returns FALSE
T3260 273:229.792 JLINK_IsHalted()
T3260 273:230.784 - 0.954ms returns FALSE
T3260 273:340.512 JLINK_IsHalted()
T3260 273:341.312 - 0.810ms returns FALSE
T3260 273:341.344 JLINK_IsHalted()
T3260 273:342.016 - 0.685ms returns FALSE
T3260 273:452.352 JLINK_IsHalted()
T3260 273:453.152 - 0.824ms returns FALSE
T3260 273:453.184 JLINK_IsHalted()
T3260 273:453.888 - 0.706ms returns FALSE
T3260 273:564.480 JLINK_IsHalted()
T3260 273:565.216 - 0.756ms returns FALSE
T3260 273:565.248 JLINK_IsHalted()
T3260 273:565.888 - 0.656ms returns FALSE
T3260 273:660.608 JLINK_IsHalted()
T3260 273:661.408 - 0.814ms returns FALSE
T3260 273:661.440 JLINK_IsHalted()
T3260 273:662.240 - 0.798ms returns FALSE
T3260 273:772.448 JLINK_IsHalted()
T3260 273:773.248 - 0.808ms returns FALSE
T3260 273:773.280 JLINK_IsHalted()
T3260 273:773.984 - 0.682ms returns FALSE
T87C0 273:868.864 JLINK_IsHalted()
T87C0 273:869.760 - 0.868ms returns FALSE
T87C0 273:869.760 JLINK_IsHalted()
T87C0 273:870.656 - 0.870ms returns FALSE
T3260 273:884.544 JLINK_IsHalted()
T3260 273:885.472 - 0.908ms returns FALSE
T3260 273:885.504 JLINK_IsHalted()
T3260 273:886.336 - 0.854ms returns FALSE
T3260 273:996.640 JLINK_IsHalted()
T3260 273:997.408 - 0.744ms returns FALSE
T3260 273:997.408 JLINK_IsHalted()
T3260 273:998.144 - 0.737ms returns FALSE
T3260 274:108.544 JLINK_IsHalted()
T3260 274:109.312 - 0.771ms returns FALSE
T3260 274:109.344 JLINK_IsHalted()
T3260 274:110.016 - 0.688ms returns FALSE
T3260 274:220.288 JLINK_IsHalted()
T3260 274:220.992 - 0.726ms returns FALSE
T3260 274:221.024 JLINK_IsHalted()
T3260 274:221.856 - 0.814ms returns FALSE
T3260 274:330.816 JLINK_IsHalted()
T3260 274:331.712 - 0.882ms returns FALSE
T3260 274:331.712 JLINK_IsHalted()
T3260 274:332.448 - 0.712ms returns FALSE
T3260 274:441.408 JLINK_IsHalted()
T3260 274:442.272 - 0.866ms returns FALSE
T3260 274:442.304 JLINK_IsHalted()
T3260 274:443.072 - 0.793ms returns FALSE
T3260 274:553.280 JLINK_IsHalted()
T3260 274:554.144 - 0.874ms returns FALSE
T3260 274:554.176 JLINK_IsHalted()
T3260 274:555.040 - 0.851ms returns FALSE
T3260 274:665.088 JLINK_IsHalted()
T3260 274:665.984 - 0.888ms returns FALSE
T3260 274:666.016 JLINK_IsHalted()
T3260 274:666.816 - 0.813ms returns FALSE
T3260 274:777.056 JLINK_IsHalted()
T3260 274:778.048 - 0.950ms returns FALSE
T3260 274:778.048 JLINK_IsHalted()
T3260 274:778.944 - 0.877ms returns FALSE
T87C0 274:873.152 JLINK_IsHalted()
T87C0 274:873.984 - 0.801ms returns FALSE
T87C0 274:874.016 JLINK_IsHalted()
T87C0 274:874.944 - 0.950ms returns FALSE
T3260 274:889.152 JLINK_IsHalted()
T3260 274:890.112 - 0.969ms returns FALSE
T3260 274:890.176 JLINK_IsHalted()
T3260 274:891.040 - 0.874ms returns FALSE
T3260 275:001.024 JLINK_IsHalted()
T3260 275:002.048 - 1.035ms returns FALSE
T3260 275:002.048 JLINK_IsHalted()
T3260 275:002.816 - 0.740ms returns FALSE
T3260 275:112.544 JLINK_IsHalted()
T3260 275:113.376 - 0.821ms returns FALSE
T3260 275:113.408 JLINK_IsHalted()
T3260 275:114.144 - 0.750ms returns FALSE
T3260 275:224.576 JLINK_IsHalted()
T3260 275:225.728 - 1.166ms returns FALSE
T3260 275:225.760 JLINK_IsHalted()
T3260 275:226.560 - 0.814ms returns FALSE
T3260 275:335.360 JLINK_IsHalted()
T3260 275:336.256 - 0.932ms returns FALSE
T3260 275:336.288 JLINK_IsHalted()
T3260 275:337.152 - 0.844ms returns FALSE
T3260 275:445.408 JLINK_IsHalted()
T3260 275:446.336 - 0.912ms returns FALSE
T3260 275:446.336 JLINK_IsHalted()
T3260 275:447.136 - 0.810ms returns FALSE
T3260 275:556.704 JLINK_IsHalted()
T3260 275:557.536 - 0.829ms returns FALSE
T3260 275:557.568 JLINK_IsHalted()
T3260 275:558.336 - 0.758ms returns FALSE
T3260 275:667.008 JLINK_IsHalted()
T3260 275:667.904 - 0.901ms returns FALSE
T3260 275:667.936 JLINK_IsHalted()
T3260 275:668.992 - 1.040ms returns FALSE
T3260 275:778.112 JLINK_IsHalted()
T3260 275:779.008 - 0.860ms returns FALSE
T3260 275:779.008 JLINK_IsHalted()
T3260 275:779.840 - 0.825ms returns FALSE
T3260 275:888.320 JLINK_IsHalted()
T3260 275:889.056 - 0.745ms returns FALSE
T3260 275:889.088 JLINK_IsHalted()
T3260 275:889.856 - 0.796ms returns FALSE
T87C0 275:889.952 JLINK_IsHalted()
T87C0 275:890.720 - 0.751ms returns FALSE
T87C0 275:890.720 JLINK_IsHalted()
T87C0 275:891.392 - 0.680ms returns FALSE
T3260 275:999.264 JLINK_IsHalted()
T3260 276:000.192 - 0.923ms returns FALSE
T3260 276:000.192 JLINK_IsHalted()
T3260 276:001.088 - 0.886ms returns FALSE
T3260 276:110.336 JLINK_IsHalted()
T3260 276:111.296 - 0.977ms returns FALSE
T3260 276:111.328 JLINK_IsHalted()
T3260 276:112.064 - 0.704ms returns FALSE
T3260 276:222.080 JLINK_IsHalted()
T3260 276:222.880 - 0.798ms returns FALSE
T3260 276:222.912 JLINK_IsHalted()
T3260 276:223.680 - 0.743ms returns FALSE
T3260 276:334.336 JLINK_IsHalted()
T3260 276:335.264 - 0.912ms returns FALSE
T3260 276:335.296 JLINK_IsHalted()
T3260 276:336.192 - 0.856ms returns FALSE
T3260 276:445.632 JLINK_IsHalted()
T3260 276:446.592 - 0.974ms returns FALSE
T3260 276:451.584 JLINK_IsHalted()
T3260 276:452.416 - 0.809ms returns FALSE
T3260 276:556.352 JLINK_IsHalted()
T3260 276:557.248 - 0.903ms returns FALSE
T3260 276:557.280 JLINK_IsHalted()
T3260 276:558.144 - 0.852ms returns FALSE
T3260 276:668.864 JLINK_IsHalted()
T3260 276:669.984 - 1.121ms returns FALSE
T3260 276:670.048 JLINK_IsHalted()
T3260 276:671.040 - 0.987ms returns FALSE
T3260 276:780.608 JLINK_IsHalted()
T3260 276:781.440 - 0.849ms returns FALSE
T3260 276:781.440 JLINK_IsHalted()
T3260 276:782.144 - 0.712ms returns FALSE
T3260 276:892.512 JLINK_IsHalted()
T3260 276:893.280 - 0.784ms returns FALSE
T3260 276:893.312 JLINK_IsHalted()
T3260 276:894.080 - 0.771ms returns FALSE
T87C0 276:894.144 JLINK_IsHalted()
T87C0 276:894.912 - 0.790ms returns FALSE
T87C0 276:894.944 JLINK_IsHalted()
T87C0 276:895.712 - 0.771ms returns FALSE
T3260 276:988.448 JLINK_IsHalted()
T3260 276:989.312 - 0.892ms returns FALSE
T3260 276:989.344 JLINK_IsHalted()
T3260 276:990.016 - 0.665ms returns FALSE
T3260 277:100.384 JLINK_IsHalted()
T3260 277:101.120 - 0.723ms returns FALSE
T3260 277:101.120 JLINK_IsHalted()
T3260 277:101.888 - 0.747ms returns FALSE
T3260 277:212.192 JLINK_IsHalted()
T3260 277:213.024 - 0.839ms returns FALSE
T3260 277:213.056 JLINK_IsHalted()
T3260 277:213.792 - 0.746ms returns FALSE
T3260 277:323.584 JLINK_IsHalted()
T3260 277:324.608 - 1.048ms returns FALSE
T3260 277:324.704 JLINK_IsHalted()
T3260 277:325.504 - 0.829ms returns FALSE
T3260 277:435.072 JLINK_IsHalted()
T3260 277:435.872 - 0.827ms returns FALSE
T3260 277:435.904 JLINK_IsHalted()
T3260 277:436.704 - 0.785ms returns FALSE
T3260 277:546.112 JLINK_IsHalted()
T3260 277:547.072 - 0.937ms returns FALSE
T3260 277:547.104 JLINK_IsHalted()
T3260 277:547.968 - 0.829ms returns FALSE
T3260 277:657.376 JLINK_IsHalted()
T3260 277:658.304 - 0.950ms returns FALSE
T3260 277:658.336 JLINK_IsHalted()
T3260 277:659.328 - 1.008ms returns FALSE
T3260 277:768.896 JLINK_IsHalted()
T3260 277:769.664 - 0.732ms returns FALSE
T3260 277:769.664 JLINK_IsHalted()
T3260 277:770.528 - 0.862ms returns FALSE
T3260 277:880.576 JLINK_IsHalted()
T3260 277:881.312 - 0.729ms returns FALSE
T3260 277:881.344 JLINK_IsHalted()
T3260 277:881.984 - 0.651ms returns FALSE
T87C0 277:896.448 JLINK_IsHalted()
T87C0 277:897.120 - 0.660ms returns FALSE
T87C0 277:897.120 JLINK_IsHalted()
T87C0 277:897.856 - 0.730ms returns FALSE
T3260 277:991.552 JLINK_IsHalted()
T3260 277:992.512 - 0.957ms returns FALSE
T3260 277:992.512 JLINK_IsHalted()
T3260 277:993.408 - 0.895ms returns FALSE
T3260 278:103.200 JLINK_IsHalted()
T3260 278:103.872 - 0.706ms returns FALSE
T3260 278:103.904 JLINK_IsHalted()
T3260 278:104.768 - 0.849ms returns FALSE
T3260 278:215.168 JLINK_IsHalted()
T3260 278:215.936 - 0.772ms returns FALSE
T3260 278:215.968 JLINK_IsHalted()
T3260 278:216.640 - 0.683ms returns FALSE
T3260 278:327.904 JLINK_IsHalted()
T3260 278:329.184 - 1.281ms returns FALSE
T3260 278:329.248 JLINK_IsHalted()
T3260 278:330.080 - 0.850ms returns FALSE
T3260 278:439.392 JLINK_IsHalted()
T3260 278:440.192 - 0.802ms returns FALSE
T3260 278:440.224 JLINK_IsHalted()
T3260 278:440.960 - 0.753ms returns FALSE
T3260 278:535.488 JLINK_IsHalted()
T3260 278:536.512 - 1.002ms returns FALSE
T3260 278:536.512 JLINK_IsHalted()
T3260 278:537.344 - 0.836ms returns FALSE
T3260 278:647.872 JLINK_IsHalted()
T3260 278:648.736 - 0.871ms returns FALSE
T3260 278:648.768 JLINK_IsHalted()
T3260 278:649.632 - 0.850ms returns FALSE
T3260 278:759.520 JLINK_IsHalted()
T3260 278:760.416 - 0.875ms returns FALSE
T3260 278:760.448 JLINK_IsHalted()
T3260 278:761.184 - 0.745ms returns FALSE
T3260 278:871.488 JLINK_IsHalted()
T3260 278:872.320 - 0.827ms returns FALSE
T3260 278:872.352 JLINK_IsHalted()
T3260 278:873.216 - 0.876ms returns FALSE
T87C0 278:902.496 JLINK_IsHalted()
T87C0 278:903.168 - 0.670ms returns FALSE
T87C0 278:903.200 JLINK_IsHalted()
T87C0 278:903.872 - 0.684ms returns FALSE
T3260 278:981.728 JLINK_IsHalted()
T3260 278:982.624 - 0.891ms returns FALSE
T3260 278:982.688 JLINK_IsHalted()
T3260 278:983.616 - 0.960ms returns FALSE
T3260 279:093.184 JLINK_IsHalted()
T3260 279:094.080 - 0.874ms returns FALSE
T3260 279:094.080 JLINK_IsHalted()
T3260 279:094.880 - 0.791ms returns FALSE
T3260 279:204.416 JLINK_IsHalted()
T3260 279:205.184 - 0.792ms returns FALSE
T3260 279:205.216 JLINK_IsHalted()
T3260 279:205.984 - 0.788ms returns FALSE
T3260 279:315.040 JLINK_IsHalted()
T3260 279:316.032 - 0.961ms returns FALSE
T3260 279:316.032 JLINK_IsHalted()
T3260 279:316.864 - 0.814ms returns FALSE
T3260 279:410.752 JLINK_IsHalted()
T3260 279:411.552 - 0.795ms returns FALSE
T3260 279:411.552 JLINK_IsHalted()
T3260 279:412.320 - 0.765ms returns FALSE
T3260 279:521.216 JLINK_IsHalted()
T3260 279:521.984 - 0.775ms returns FALSE
T3260 279:521.984 JLINK_IsHalted()
T3260 279:522.688 - 0.699ms returns FALSE
T3260 279:632.448 JLINK_IsHalted()
T3260 279:633.344 - 0.876ms returns FALSE
T3260 279:633.376 JLINK_IsHalted()
T3260 279:634.208 - 0.833ms returns FALSE
T3260 279:743.808 JLINK_IsHalted()
T3260 279:744.544 - 0.741ms returns FALSE
T3260 279:744.576 JLINK_IsHalted()
T3260 279:745.248 - 0.702ms returns FALSE
T3260 279:854.944 JLINK_IsHalted()
T3260 279:855.680 - 0.747ms returns FALSE
T3260 279:855.712 JLINK_IsHalted()
T3260 279:856.384 - 0.672ms returns FALSE
T87C0 279:918.368 JLINK_IsHalted()
T87C0 279:919.104 - 0.729ms returns FALSE
T87C0 279:919.136 JLINK_IsHalted()
T87C0 279:919.808 - 0.686ms returns FALSE
T3260 279:966.112 JLINK_IsHalted()
T3260 279:966.912 - 0.788ms returns FALSE
T3260 279:966.912 JLINK_IsHalted()
T3260 279:967.648 - 0.723ms returns FALSE
T3260 280:078.400 JLINK_IsHalted()
T3260 280:079.264 - 0.885ms returns FALSE
T3260 280:079.328 JLINK_IsHalted()
T3260 280:080.320 - 0.980ms returns FALSE
T3260 280:190.016 JLINK_IsHalted()
T3260 280:190.784 - 0.761ms returns FALSE
T3260 280:190.816 JLINK_IsHalted()
T3260 280:191.520 - 0.704ms returns FALSE
T3260 280:286.080 JLINK_IsHalted()
T3260 280:286.912 - 0.866ms returns FALSE
T3260 280:286.944 JLINK_IsHalted()
T3260 280:287.648 - 0.678ms returns FALSE
T3260 280:398.272 JLINK_IsHalted()
T3260 280:399.424 - 1.105ms returns FALSE
T3260 280:399.488 JLINK_IsHalted()
T3260 280:400.416 - 0.925ms returns FALSE
T3260 280:509.984 JLINK_IsHalted()
T3260 280:510.720 - 0.755ms returns FALSE
T3260 280:510.752 JLINK_IsHalted()
T3260 280:511.424 - 0.662ms returns FALSE
T3260 280:620.256 JLINK_IsHalted()
T3260 280:621.216 - 0.943ms returns FALSE
T3260 280:621.248 JLINK_IsHalted()
T3260 280:621.952 - 0.717ms returns FALSE
T3260 280:732.256 JLINK_IsHalted()
T3260 280:733.248 - 0.974ms returns FALSE
T3260 280:733.280 JLINK_IsHalted()
T3260 280:734.144 - 0.850ms returns FALSE
T3260 280:844.416 JLINK_IsHalted()
T3260 280:845.152 - 0.743ms returns FALSE
T3260 280:845.184 JLINK_IsHalted()
T3260 280:845.984 - 0.805ms returns FALSE
T87C0 280:924.512 JLINK_IsHalted()
T87C0 280:925.280 - 0.745ms returns FALSE
T87C0 280:925.280 JLINK_IsHalted()
T87C0 280:925.952 - 0.648ms returns FALSE
T3260 280:956.064 JLINK_IsHalted()
T3260 280:956.832 - 0.790ms returns FALSE
T3260 280:956.864 JLINK_IsHalted()
T3260 280:957.632 - 0.785ms returns FALSE
T3260 281:068.416 JLINK_IsHalted()
T3260 281:069.312 - 0.903ms returns FALSE
T3260 281:069.344 JLINK_IsHalted()
T3260 281:070.016 - 0.669ms returns FALSE
T3260 281:180.352 JLINK_IsHalted()
T3260 281:181.120 - 0.765ms returns FALSE
T3260 281:181.152 JLINK_IsHalted()
T3260 281:181.856 - 0.696ms returns FALSE
T3260 281:292.704 JLINK_IsHalted()
T3260 281:293.408 - 0.722ms returns FALSE
T3260 281:293.440 JLINK_IsHalted()
T3260 281:294.112 - 0.671ms returns FALSE
T3260 281:404.608 JLINK_IsHalted()
T3260 281:405.504 - 0.889ms returns FALSE
T3260 281:405.536 JLINK_IsHalted()
T3260 281:406.240 - 0.711ms returns FALSE
T3260 281:516.384 JLINK_IsHalted()
T3260 281:517.248 - 0.858ms returns FALSE
T3260 281:517.280 JLINK_IsHalted()
T3260 281:518.016 - 0.718ms returns FALSE
T3260 281:628.384 JLINK_IsHalted()
T3260 281:629.216 - 0.825ms returns FALSE
T3260 281:629.248 JLINK_IsHalted()
T3260 281:629.920 - 0.679ms returns FALSE
T3260 281:740.448 JLINK_IsHalted()
T3260 281:741.184 - 0.727ms returns FALSE
T3260 281:741.216 JLINK_IsHalted()
T3260 281:741.888 - 0.689ms returns FALSE
T3260 281:852.480 JLINK_IsHalted()
T3260 281:853.280 - 0.813ms returns FALSE
T3260 281:853.312 JLINK_IsHalted()
T3260 281:854.048 - 0.744ms returns FALSE
T87C0 281:932.576 JLINK_IsHalted()
T87C0 281:933.344 - 0.762ms returns FALSE
T87C0 281:933.376 JLINK_IsHalted()
T87C0 281:934.016 - 0.677ms returns FALSE
T3260 281:964.192 JLINK_IsHalted()
T3260 281:964.928 - 0.742ms returns FALSE
T3260 281:964.960 JLINK_IsHalted()
T3260 281:965.792 - 0.841ms returns FALSE
T3260 282:076.576 JLINK_IsHalted()
T3260 282:077.504 - 0.920ms returns FALSE
T3260 282:077.504 JLINK_IsHalted()
T3260 282:078.592 - 1.059ms returns FALSE
T3260 282:188.448 JLINK_IsHalted()
T3260 282:189.344 - 0.904ms returns FALSE
T3260 282:189.376 JLINK_IsHalted()
T3260 282:190.048 - 0.696ms returns FALSE
T3260 282:300.480 JLINK_IsHalted()
T3260 282:301.280 - 0.794ms returns FALSE
T3260 282:301.312 JLINK_IsHalted()
T3260 282:302.016 - 0.710ms returns FALSE
T3260 282:412.864 JLINK_IsHalted()
T3260 282:413.888 - 1.068ms returns FALSE
T3260 282:413.952 JLINK_IsHalted()
T3260 282:414.784 - 0.860ms returns FALSE
T3260 282:524.448 JLINK_IsHalted()
T3260 282:525.280 - 0.835ms returns FALSE
T3260 282:525.344 JLINK_IsHalted()
T3260 282:526.048 - 0.719ms returns FALSE
T3260 282:637.472 JLINK_IsHalted()
T3260 282:638.176 - 0.722ms returns FALSE
T3260 282:638.240 JLINK_IsHalted()
T3260 282:638.976 - 0.736ms returns FALSE
T3260 282:748.736 JLINK_IsHalted()
T3260 282:749.824 - 1.060ms returns FALSE
T3260 282:749.856 JLINK_IsHalted()
T3260 282:750.784 - 0.934ms returns FALSE
T3260 282:860.544 JLINK_IsHalted()
T3260 282:861.408 - 0.871ms returns FALSE
T3260 282:861.440 JLINK_IsHalted()
T3260 282:862.176 - 0.745ms returns FALSE
T87C0 282:940.576 JLINK_IsHalted()
T87C0 282:941.248 - 0.693ms returns FALSE
T87C0 282:941.280 JLINK_IsHalted()
T87C0 282:941.952 - 0.678ms returns FALSE
T3260 282:956.576 JLINK_IsHalted()
T3260 282:957.408 - 0.828ms returns FALSE
T3260 282:957.440 JLINK_IsHalted()
T3260 282:958.112 - 0.680ms returns FALSE
T3260 283:068.672 JLINK_IsHalted()
T3260 283:069.632 - 0.967ms returns FALSE
T3260 283:069.664 JLINK_IsHalted()
T3260 283:070.528 - 0.852ms returns FALSE
T3260 283:180.384 JLINK_IsHalted()
T3260 283:181.088 - 0.685ms returns FALSE
T3260 283:181.120 JLINK_IsHalted()
T3260 283:181.824 - 0.709ms returns FALSE
T3260 283:292.352 JLINK_IsHalted()
T3260 283:293.120 - 0.743ms returns FALSE
T3260 283:293.120 JLINK_IsHalted()
T3260 283:293.856 - 0.708ms returns FALSE
T3260 283:404.512 JLINK_IsHalted()
T3260 283:405.472 - 0.951ms returns FALSE
T3260 283:405.504 JLINK_IsHalted()
T3260 283:406.272 - 0.747ms returns FALSE
T3260 283:516.352 JLINK_IsHalted()
T3260 283:517.120 - 0.756ms returns FALSE
T3260 283:517.152 JLINK_IsHalted()
T3260 283:517.920 - 0.767ms returns FALSE
T3260 283:628.256 JLINK_IsHalted()
T3260 283:628.960 - 0.692ms returns FALSE
T3260 283:628.992 JLINK_IsHalted()
T3260 283:629.760 - 0.790ms returns FALSE
T3260 283:740.352 JLINK_IsHalted()
T3260 283:741.184 - 0.822ms returns FALSE
T3260 283:741.216 JLINK_IsHalted()
T3260 283:741.856 - 0.636ms returns FALSE
T3260 283:852.288 JLINK_IsHalted()
T3260 283:852.992 - 0.699ms returns FALSE
T3260 283:852.992 JLINK_IsHalted()
T3260 283:853.856 - 0.830ms returns FALSE
T87C0 283:948.864 JLINK_IsHalted()
T87C0 283:949.728 - 0.856ms returns FALSE
T87C0 283:949.760 JLINK_IsHalted()
T87C0 283:950.496 - 0.730ms returns FALSE
T3260 283:964.608 JLINK_IsHalted()
T3260 283:965.312 - 0.695ms returns FALSE
T3260 283:965.344 JLINK_IsHalted()
T3260 283:966.016 - 0.668ms returns FALSE
T3260 284:076.096 JLINK_IsHalted()
T3260 284:076.992 - 0.897ms returns FALSE
T3260 284:077.056 JLINK_IsHalted()
T3260 284:077.888 - 0.861ms returns FALSE
T3260 284:188.288 JLINK_IsHalted()
T3260 284:188.992 - 0.723ms returns FALSE
T3260 284:189.024 JLINK_IsHalted()
T3260 284:189.728 - 0.692ms returns FALSE
T3260 284:300.480 JLINK_IsHalted()
T3260 284:301.376 - 0.887ms returns FALSE
T3260 284:301.376 JLINK_IsHalted()
T3260 284:302.144 - 0.745ms returns FALSE
T3260 284:412.736 JLINK_IsHalted()
T3260 284:413.664 - 0.947ms returns FALSE
T3260 284:413.696 JLINK_IsHalted()
T3260 284:414.560 - 0.881ms returns FALSE
T3260 284:524.416 JLINK_IsHalted()
T3260 284:525.280 - 0.882ms returns FALSE
T3260 284:525.312 JLINK_IsHalted()
T3260 284:526.176 - 0.877ms returns FALSE
T3260 284:636.256 JLINK_IsHalted()
T3260 284:637.120 - 0.857ms returns FALSE
T3260 284:637.120 JLINK_IsHalted()
T3260 284:638.016 - 0.895ms returns FALSE
T3260 284:748.416 JLINK_IsHalted()
T3260 284:749.408 - 0.999ms returns FALSE
T3260 284:749.472 JLINK_IsHalted()
T3260 284:750.400 - 0.943ms returns FALSE
T3260 284:860.352 JLINK_IsHalted()
T3260 284:861.152 - 0.790ms returns FALSE
T3260 284:861.216 JLINK_IsHalted()
T3260 284:861.888 - 0.709ms returns FALSE
T3260 284:956.512 JLINK_IsHalted()
T3260 284:957.248 - 0.740ms returns FALSE
T3260 284:957.280 JLINK_IsHalted()
T3260 284:957.952 - 0.666ms returns FALSE
T87C0 284:958.016 JLINK_IsHalted()
T87C0 284:958.752 - 0.700ms returns FALSE
T87C0 284:958.752 JLINK_IsHalted()
T87C0 284:959.424 - 0.672ms returns FALSE
T3260 285:068.832 JLINK_IsHalted()
T3260 285:069.856 - 1.011ms returns FALSE
T3260 285:069.888 JLINK_IsHalted()
T3260 285:070.784 - 0.919ms returns FALSE
T3260 285:180.384 JLINK_IsHalted()
T3260 285:181.152 - 0.761ms returns FALSE
T3260 285:181.184 JLINK_IsHalted()
T3260 285:181.888 - 0.738ms returns FALSE
T3260 285:292.448 JLINK_IsHalted()
T3260 285:293.216 - 0.770ms returns FALSE
T3260 285:293.248 JLINK_IsHalted()
T3260 285:294.016 - 0.770ms returns FALSE
T3260 285:404.960 JLINK_IsHalted()
T3260 285:406.624 - 1.688ms returns FALSE
T3260 285:406.720 JLINK_IsHalted()
T3260 285:407.808 - 1.054ms returns FALSE
T3260 285:516.288 JLINK_IsHalted()
T3260 285:517.024 - 0.740ms returns FALSE
T3260 285:517.056 JLINK_IsHalted()
T3260 285:517.792 - 0.719ms returns FALSE
T3260 285:628.352 JLINK_IsHalted()
T3260 285:629.248 - 0.868ms returns FALSE
T3260 285:629.248 JLINK_IsHalted()
T3260 285:629.984 - 0.740ms returns FALSE
T3260 285:740.800 JLINK_IsHalted()
T3260 285:741.696 - 0.895ms returns FALSE
T3260 285:741.728 JLINK_IsHalted()
T3260 285:742.656 - 0.930ms returns FALSE
T3260 285:852.384 JLINK_IsHalted()
T3260 285:853.312 - 0.921ms returns FALSE
T3260 285:853.344 JLINK_IsHalted()
T3260 285:854.240 - 0.889ms returns FALSE
T3260 285:964.576 JLINK_IsHalted()
T3260 285:965.376 - 0.833ms returns FALSE
T3260 285:965.408 JLINK_IsHalted()
T3260 285:966.272 - 0.861ms returns FALSE
T87C0 285:966.368 JLINK_IsHalted()
T87C0 285:967.200 - 0.847ms returns FALSE
T87C0 285:967.200 JLINK_IsHalted()
T87C0 285:967.968 - 0.746ms returns FALSE
T3260 286:076.736 JLINK_IsHalted()
T3260 286:077.792 - 1.048ms returns FALSE
T3260 286:077.792 JLINK_IsHalted()
T3260 286:078.752 - 0.934ms returns FALSE
T3260 286:188.352 JLINK_IsHalted()
T3260 286:189.248 - 0.876ms returns FALSE
T3260 286:189.248 JLINK_IsHalted()
T3260 286:190.048 - 0.797ms returns FALSE
T3260 286:284.480 JLINK_IsHalted()
T3260 286:285.472 - 0.953ms returns FALSE
T3260 286:285.504 JLINK_IsHalted()
T3260 286:286.336 - 0.828ms returns FALSE
T3260 286:396.288 JLINK_IsHalted()
T3260 286:397.024 - 0.717ms returns FALSE
T3260 286:397.024 JLINK_IsHalted()
T3260 286:397.760 - 0.729ms returns FALSE
T3260 286:508.352 JLINK_IsHalted()
T3260 286:509.120 - 0.720ms returns FALSE
T3260 286:509.120 JLINK_IsHalted()
T3260 286:510.048 - 0.929ms returns FALSE
T3260 286:620.448 JLINK_IsHalted()
T3260 286:621.248 - 0.790ms returns FALSE
T3260 286:621.248 JLINK_IsHalted()
T3260 286:621.952 - 0.691ms returns FALSE
T3260 286:732.992 JLINK_IsHalted()
T3260 286:734.016 - 1.071ms returns FALSE
T3260 286:734.080 JLINK_IsHalted()
T3260 286:735.072 - 0.992ms returns FALSE
T3260 286:842.816 JLINK_IsHalted()
T3260 286:843.712 - 0.896ms returns FALSE
T3260 286:843.744 JLINK_IsHalted()
T3260 286:844.480 - 0.743ms returns FALSE
T3260 286:954.880 JLINK_IsHalted()
T3260 286:955.552 - 0.658ms returns FALSE
T3260 286:955.552 JLINK_IsHalted()
T3260 286:956.224 - 0.654ms returns FALSE
T87C0 286:971.072 JLINK_IsHalted()
T87C0 286:971.840 - 0.759ms returns FALSE
T87C0 286:971.840 JLINK_IsHalted()
T87C0 286:972.544 - 0.695ms returns FALSE
T3260 287:050.304 JLINK_IsHalted()
T3260 287:051.136 - 0.845ms returns FALSE
T3260 287:051.168 JLINK_IsHalted()
T3260 287:051.904 - 0.725ms returns FALSE
T3260 287:161.536 JLINK_IsHalted()
T3260 287:162.368 - 0.804ms returns FALSE
T3260 287:162.368 JLINK_IsHalted()
T3260 287:163.072 - 0.676ms returns FALSE
T3260 287:272.864 JLINK_IsHalted()
T3260 287:273.696 - 0.832ms returns FALSE
T3260 287:273.728 JLINK_IsHalted()
T3260 287:274.592 - 0.868ms returns FALSE
T3260 287:385.152 JLINK_IsHalted()
T3260 287:386.048 - 0.916ms returns FALSE
T3260 287:386.048 JLINK_IsHalted()
T3260 287:386.912 - 0.830ms returns FALSE
T3260 287:496.512 JLINK_IsHalted()
T3260 287:497.408 - 0.910ms returns FALSE
T3260 287:497.440 JLINK_IsHalted()
T3260 287:498.208 - 0.777ms returns FALSE
T3260 287:607.392 JLINK_IsHalted()
T3260 287:608.288 - 0.891ms returns FALSE
T3260 287:608.320 JLINK_IsHalted()
T3260 287:609.024 - 0.707ms returns FALSE
T3260 287:719.744 JLINK_IsHalted()
T3260 287:720.768 - 1.044ms returns FALSE
T3260 287:720.800 JLINK_IsHalted()
T3260 287:721.728 - 0.918ms returns FALSE
T3260 287:831.584 JLINK_IsHalted()
T3260 287:832.416 - 0.845ms returns FALSE
T3260 287:832.448 JLINK_IsHalted()
T3260 287:833.152 - 0.693ms returns FALSE
T3260 287:943.392 JLINK_IsHalted()
T3260 287:944.256 - 0.839ms returns FALSE
T3260 287:944.256 JLINK_IsHalted()
T3260 287:945.056 - 0.791ms returns FALSE
T87C0 287:975.616 JLINK_IsHalted()
T87C0 287:976.640 - 0.997ms returns FALSE
T87C0 287:976.640 JLINK_IsHalted()
T87C0 287:977.504 - 0.849ms returns FALSE
T3260 288:055.360 JLINK_IsHalted()
T3260 288:056.384 - 1.031ms returns FALSE
T3260 288:056.384 JLINK_IsHalted()
T3260 288:057.152 - 0.727ms returns FALSE
T3260 288:167.200 JLINK_IsHalted()
T3260 288:167.904 - 0.723ms returns FALSE
T3260 288:167.936 JLINK_IsHalted()
T3260 288:168.896 - 0.935ms returns FALSE
T3260 288:279.456 JLINK_IsHalted()
T3260 288:280.160 - 0.727ms returns FALSE
T3260 288:280.224 JLINK_IsHalted()
T3260 288:280.896 - 0.697ms returns FALSE
T3260 288:391.520 JLINK_IsHalted()
T3260 288:392.384 - 0.884ms returns FALSE
T3260 288:392.416 JLINK_IsHalted()
T3260 288:393.376 - 0.946ms returns FALSE
T3260 288:503.456 JLINK_IsHalted()
T3260 288:504.512 - 1.082ms returns FALSE
T3260 288:504.544 JLINK_IsHalted()
T3260 288:505.344 - 0.785ms returns FALSE
T3260 288:614.240 JLINK_IsHalted()
T3260 288:615.008 - 0.766ms returns FALSE
T3260 288:615.072 JLINK_IsHalted()
T3260 288:615.744 - 0.690ms returns FALSE
T3260 288:724.800 JLINK_IsHalted()
T3260 288:725.952 - 1.143ms returns FALSE
T3260 288:725.952 JLINK_IsHalted()
T3260 288:726.944 - 0.983ms returns FALSE
T3260 288:836.160 JLINK_IsHalted()
T3260 288:837.120 - 0.958ms returns FALSE
T3260 288:837.152 JLINK_IsHalted()
T3260 288:837.984 - 0.853ms returns FALSE
T3260 288:946.496 JLINK_IsHalted()
T3260 288:947.264 - 0.751ms returns FALSE
T3260 288:947.296 JLINK_IsHalted()
T3260 288:948.064 - 0.775ms returns FALSE
T87C0 288:978.400 JLINK_IsHalted()
T87C0 288:979.136 - 0.760ms returns FALSE
T87C0 288:979.168 JLINK_IsHalted()
T87C0 288:979.904 - 0.713ms returns FALSE
T3260 289:057.216 JLINK_IsHalted()
T3260 289:057.920 - 0.734ms returns FALSE
T3260 289:057.952 JLINK_IsHalted()
T3260 289:058.752 - 0.829ms returns FALSE
T3260 289:167.552 JLINK_IsHalted()
T3260 289:168.384 - 0.857ms returns FALSE
T3260 289:168.416 JLINK_IsHalted()
T3260 289:169.280 - 0.869ms returns FALSE
T3260 289:278.016 JLINK_IsHalted()
T3260 289:278.880 - 0.843ms returns FALSE
T3260 289:278.912 JLINK_IsHalted()
T3260 289:279.648 - 0.750ms returns FALSE
T3260 289:389.344 JLINK_IsHalted()
T3260 289:390.368 - 1.020ms returns FALSE
T3260 289:390.368 JLINK_IsHalted()
T3260 289:391.296 - 0.917ms returns FALSE
T3260 289:499.360 JLINK_IsHalted()
T3260 289:500.320 - 0.942ms returns FALSE
T3260 289:500.352 JLINK_IsHalted()
T3260 289:501.184 - 0.839ms returns FALSE
T3260 289:610.976 JLINK_IsHalted()
T3260 289:611.840 - 0.872ms returns FALSE
T3260 289:611.872 JLINK_IsHalted()
T3260 289:612.608 - 0.704ms returns FALSE
T3260 289:721.056 JLINK_IsHalted()
T3260 289:721.984 - 0.909ms returns FALSE
T3260 289:722.016 JLINK_IsHalted()
T3260 289:722.816 - 0.818ms returns FALSE
T3260 289:831.392 JLINK_IsHalted()
T3260 289:832.192 - 0.798ms returns FALSE
T3260 289:832.224 JLINK_IsHalted()
T3260 289:833.056 - 0.838ms returns FALSE
T3260 289:943.200 JLINK_IsHalted()
T3260 289:944.032 - 0.831ms returns FALSE
T3260 289:944.032 JLINK_IsHalted()
T3260 289:944.736 - 0.682ms returns FALSE
T87C0 289:991.488 JLINK_IsHalted()
T87C0 289:992.160 - 0.667ms returns FALSE
T87C0 289:992.160 JLINK_IsHalted()
T87C0 289:992.896 - 0.721ms returns FALSE
T3260 290:055.680 JLINK_IsHalted()
T3260 290:056.480 - 0.801ms returns FALSE
T3260 290:056.480 JLINK_IsHalted()
T3260 290:057.376 - 0.896ms returns FALSE
T3260 290:167.552 JLINK_IsHalted()
T3260 290:168.640 - 1.094ms returns FALSE
T3260 290:168.672 JLINK_IsHalted()
T3260 290:169.664 - 1.004ms returns FALSE
T3260 290:279.360 JLINK_IsHalted()
T3260 290:280.256 - 0.919ms returns FALSE
T3260 290:280.288 JLINK_IsHalted()
T3260 290:281.024 - 0.759ms returns FALSE
T3260 290:389.280 JLINK_IsHalted()
T3260 290:390.080 - 0.815ms returns FALSE
T3260 290:390.112 JLINK_IsHalted()
T3260 290:390.944 - 0.810ms returns FALSE
T3260 290:495.488 JLINK_IsHalted()
T3260 290:496.352 - 0.874ms returns FALSE
T3260 290:496.416 JLINK_IsHalted()
T3260 290:497.216 - 0.829ms returns FALSE
T3260 290:602.400 JLINK_IsHalted()
T3260 290:603.168 - 0.785ms returns FALSE
T3260 290:603.232 JLINK_IsHalted()
T3260 290:603.904 - 0.671ms returns FALSE
T3260 290:708.448 JLINK_IsHalted()
T3260 290:709.312 - 0.857ms returns FALSE
T3260 290:709.344 JLINK_IsHalted()
T3260 290:710.112 - 0.768ms returns FALSE
T3260 290:829.952 JLINK_IsHalted()
T3260 290:830.880 - 0.918ms returns FALSE
T3260 290:830.912 JLINK_IsHalted()
T3260 290:831.776 - 0.880ms returns FALSE
T3260 290:928.832 JLINK_IsHalted()
T3260 290:929.664 - 0.851ms returns FALSE
T3260 290:929.696 JLINK_IsHalted()
T3260 290:930.368 - 0.688ms returns FALSE
T87C0 290:992.064 JLINK_IsHalted()
T87C0 290:992.832 - 0.791ms returns FALSE
T87C0 290:992.864 JLINK_IsHalted()
T87C0 290:993.504 - 0.648ms returns FALSE
T3260 291:040.832 JLINK_IsHalted()
T3260 291:041.856 - 1.042ms returns FALSE
T3260 291:041.888 JLINK_IsHalted()
T3260 291:042.784 - 0.901ms returns FALSE
T3260 291:150.944 JLINK_IsHalted()
T3260 291:151.968 - 1.019ms returns FALSE
T3260 291:152.000 JLINK_IsHalted()
T3260 291:152.864 - 0.871ms returns FALSE
T3260 291:262.080 JLINK_IsHalted()
T3260 291:263.040 - 0.966ms returns FALSE
T3260 291:263.072 JLINK_IsHalted()
T3260 291:263.936 - 0.859ms returns FALSE
T3260 291:374.112 JLINK_IsHalted()
T3260 291:374.880 - 0.765ms returns FALSE
T3260 291:374.912 JLINK_IsHalted()
T3260 291:375.680 - 0.773ms returns FALSE
T3260 291:486.176 JLINK_IsHalted()
T3260 291:487.040 - 0.852ms returns FALSE
T3260 291:487.040 JLINK_IsHalted()
T3260 291:487.872 - 0.821ms returns FALSE
T3260 291:581.888 JLINK_IsHalted()
T3260 291:582.656 - 0.779ms returns FALSE
T3260 291:582.688 JLINK_IsHalted()
T3260 291:583.424 - 0.740ms returns FALSE
T3260 291:694.016 JLINK_IsHalted()
T3260 291:694.912 - 0.897ms returns FALSE
T3260 291:694.944 JLINK_IsHalted()
T3260 291:695.680 - 0.733ms returns FALSE
T3260 291:806.144 JLINK_IsHalted()
T3260 291:806.912 - 0.786ms returns FALSE
T3260 291:806.944 JLINK_IsHalted()
T3260 291:807.872 - 0.919ms returns FALSE
T3260 291:917.248 JLINK_IsHalted()
T3260 291:917.984 - 0.734ms returns FALSE
T3260 291:918.016 JLINK_IsHalted()
T3260 291:918.688 - 0.686ms returns FALSE
T87C0 291:996.800 JLINK_IsHalted()
T87C0 291:997.504 - 0.730ms returns FALSE
T87C0 291:997.536 JLINK_IsHalted()
T87C0 291:998.208 - 0.664ms returns FALSE
T3260 292:028.512 JLINK_IsHalted()
T3260 292:029.280 - 0.756ms returns FALSE
T3260 292:029.312 JLINK_IsHalted()
T3260 292:030.016 - 0.727ms returns FALSE
T3260 292:140.576 JLINK_IsHalted()
T3260 292:141.376 - 0.834ms returns FALSE
T3260 292:141.408 JLINK_IsHalted()
T3260 292:142.240 - 0.822ms returns FALSE
T3260 292:252.448 JLINK_IsHalted()
T3260 292:253.152 - 0.704ms returns FALSE
T3260 292:253.184 JLINK_IsHalted()
T3260 292:253.920 - 0.726ms returns FALSE
T3260 292:348.192 JLINK_IsHalted()
T3260 292:348.992 - 0.793ms returns FALSE
T3260 292:348.992 JLINK_IsHalted()
T3260 292:349.760 - 0.785ms returns FALSE
T3260 292:460.704 JLINK_IsHalted()
T3260 292:461.600 - 0.894ms returns FALSE
T3260 292:461.632 JLINK_IsHalted()
T3260 292:462.464 - 0.842ms returns FALSE
T3260 292:572.448 JLINK_IsHalted()
T3260 292:573.280 - 0.853ms returns FALSE
T3260 292:573.344 JLINK_IsHalted()
T3260 292:574.208 - 0.861ms returns FALSE
T3260 292:684.288 JLINK_IsHalted()
T3260 292:685.344 - 1.040ms returns FALSE
T3260 292:685.376 JLINK_IsHalted()
T3260 292:686.144 - 0.800ms returns FALSE
T3260 292:796.704 JLINK_IsHalted()
T3260 292:797.760 - 1.063ms returns FALSE
T3260 292:797.824 JLINK_IsHalted()
T3260 292:798.912 - 1.118ms returns FALSE
T3260 292:908.192 JLINK_IsHalted()
T3260 292:908.928 - 0.741ms returns FALSE
T3260 292:908.960 JLINK_IsHalted()
T3260 292:909.696 - 0.733ms returns FALSE
T3260 293:003.232 JLINK_IsHalted()
T3260 293:004.000 - 0.760ms returns FALSE
T3260 293:004.032 JLINK_IsHalted()
T3260 293:004.992 - 0.985ms returns FALSE
T87C0 293:005.120 JLINK_IsHalted()
T87C0 293:005.952 - 0.805ms returns FALSE
T87C0 293:005.952 JLINK_IsHalted()
T87C0 293:006.656 - 0.713ms returns FALSE
T3260 293:115.168 JLINK_IsHalted()
T3260 293:116.096 - 0.943ms returns FALSE
T3260 293:116.160 JLINK_IsHalted()
T3260 293:116.992 - 0.855ms returns FALSE
T3260 293:226.752 JLINK_IsHalted()
T3260 293:227.552 - 0.782ms returns FALSE
T3260 293:227.552 JLINK_IsHalted()
T3260 293:228.224 - 0.659ms returns FALSE
T3260 293:337.152 JLINK_IsHalted()
T3260 293:337.920 - 0.755ms returns FALSE
T3260 293:337.920 JLINK_IsHalted()
T3260 293:338.688 - 0.722ms returns FALSE
T3260 293:448.352 JLINK_IsHalted()
T3260 293:449.248 - 0.915ms returns FALSE
T3260 293:449.280 JLINK_IsHalted()
T3260 293:450.048 - 0.768ms returns FALSE
T3260 293:559.488 JLINK_IsHalted()
T3260 293:560.224 - 0.724ms returns FALSE
T3260 293:560.256 JLINK_IsHalted()
T3260 293:560.992 - 0.720ms returns FALSE
T3260 293:671.328 JLINK_IsHalted()
T3260 293:672.224 - 0.869ms returns FALSE
T3260 293:672.256 JLINK_IsHalted()
T3260 293:673.152 - 0.899ms returns FALSE
T3260 293:783.648 JLINK_IsHalted()
T3260 293:784.608 - 0.959ms returns FALSE
T3260 293:784.672 JLINK_IsHalted()
T3260 293:785.504 - 0.837ms returns FALSE
T3260 293:879.328 JLINK_IsHalted()
T3260 293:880.384 - 1.075ms returns FALSE
T3260 293:880.416 JLINK_IsHalted()
T3260 293:881.152 - 0.745ms returns FALSE
T3260 293:990.336 JLINK_IsHalted()
T3260 293:991.232 - 0.879ms returns FALSE
T3260 293:991.232 JLINK_IsHalted()
T3260 293:992.000 - 0.721ms returns FALSE
T87C0 294:006.432 JLINK_IsHalted()
T87C0 294:007.232 - 0.789ms returns FALSE
T87C0 294:007.232 JLINK_IsHalted()
T87C0 294:007.872 - 0.667ms returns FALSE
T3260 294:100.928 JLINK_IsHalted()
T3260 294:101.792 - 0.886ms returns FALSE
T3260 294:101.824 JLINK_IsHalted()
T3260 294:102.560 - 0.736ms returns FALSE
T3260 294:211.584 JLINK_IsHalted()
T3260 294:212.960 - 1.376ms returns FALSE
T3260 294:212.992 JLINK_IsHalted()
T3260 294:213.952 - 0.928ms returns FALSE
T3260 294:323.296 JLINK_IsHalted()
T3260 294:324.000 - 0.688ms returns FALSE
T3260 294:324.032 JLINK_IsHalted()
T3260 294:324.736 - 0.727ms returns FALSE
T3260 294:434.240 JLINK_IsHalted()
T3260 294:435.104 - 0.881ms returns FALSE
T3260 294:435.136 JLINK_IsHalted()
T3260 294:435.904 - 0.763ms returns FALSE
T3260 294:545.440 JLINK_IsHalted()
T3260 294:546.368 - 0.938ms returns FALSE
T3260 294:546.400 JLINK_IsHalted()
T3260 294:547.072 - 0.655ms returns FALSE
T3260 294:655.680 JLINK_IsHalted()
T3260 294:656.608 - 0.937ms returns FALSE
T3260 294:656.640 JLINK_IsHalted()
T3260 294:657.536 - 0.902ms returns FALSE
T3260 294:766.496 JLINK_IsHalted()
T3260 294:767.424 - 0.933ms returns FALSE
T3260 294:767.424 JLINK_IsHalted()
T3260 294:768.320 - 0.880ms returns FALSE
T3260 294:878.176 JLINK_IsHalted()
T3260 294:879.040 - 0.837ms returns FALSE
T3260 294:879.040 JLINK_IsHalted()
T3260 294:879.872 - 0.827ms returns FALSE
T3260 294:989.920 JLINK_IsHalted()
T3260 294:990.656 - 0.729ms returns FALSE
T3260 294:990.688 JLINK_IsHalted()
T3260 294:991.392 - 0.690ms returns FALSE
T87C0 295:022.240 JLINK_IsHalted()
T87C0 295:023.072 - 0.838ms returns FALSE
T87C0 295:023.072 JLINK_IsHalted()
T87C0 295:023.808 - 0.738ms returns FALSE
T3260 295:102.144 JLINK_IsHalted()
T3260 295:102.848 - 0.708ms returns FALSE
T3260 295:102.880 JLINK_IsHalted()
T3260 295:103.552 - 0.669ms returns FALSE
T3260 295:214.016 JLINK_IsHalted()
T3260 295:214.976 - 0.969ms returns FALSE
T3260 295:215.040 JLINK_IsHalted()
T3260 295:215.808 - 0.797ms returns FALSE
T3260 295:326.016 JLINK_IsHalted()
T3260 295:326.688 - 0.683ms returns FALSE
T3260 295:326.720 JLINK_IsHalted()
T3260 295:327.392 - 0.662ms returns FALSE
T3260 295:438.080 JLINK_IsHalted()
T3260 295:438.656 - 0.580ms returns FALSE
T3260 295:438.656 JLINK_IsHalted()
T3260 295:439.584 - 0.910ms returns FALSE
T3260 295:550.176 JLINK_IsHalted()
T3260 295:551.168 - 0.987ms returns FALSE
T3260 295:551.168 JLINK_IsHalted()
T3260 295:552.192 - 1.028ms returns FALSE
T3260 295:662.080 JLINK_IsHalted()
T3260 295:662.912 - 0.817ms returns FALSE
T3260 295:662.944 JLINK_IsHalted()
T3260 295:663.776 - 0.817ms returns FALSE
T3260 295:774.016 JLINK_IsHalted()
T3260 295:774.912 - 0.918ms returns FALSE
T3260 295:774.976 JLINK_IsHalted()
T3260 295:775.680 - 0.720ms returns FALSE
T3260 295:886.592 JLINK_IsHalted()
T3260 295:887.552 - 0.948ms returns FALSE
T3260 295:887.584 JLINK_IsHalted()
T3260 295:888.416 - 0.811ms returns FALSE
T3260 295:998.048 JLINK_IsHalted()
T3260 295:999.456 - 1.417ms returns FALSE
T3260 295:999.520 JLINK_IsHalted()
T3260 296:000.192 - 0.673ms returns FALSE
T87C0 296:030.208 JLINK_IsHalted()
T87C0 296:031.040 - 0.823ms returns FALSE
T87C0 296:031.040 JLINK_IsHalted()
T87C0 296:031.712 - 0.683ms returns FALSE
T3260 296:109.888 JLINK_IsHalted()
T3260 296:110.880 - 0.949ms returns FALSE
T3260 296:110.912 JLINK_IsHalted()
T3260 296:111.776 - 0.836ms returns FALSE
T3260 296:222.432 JLINK_IsHalted()
T3260 296:223.360 - 0.935ms returns FALSE
T3260 296:223.424 JLINK_IsHalted()
T3260 296:224.352 - 0.935ms returns FALSE
T3260 296:334.144 JLINK_IsHalted()
T3260 296:334.976 - 0.854ms returns FALSE
T3260 296:335.008 JLINK_IsHalted()
T3260 296:335.808 - 0.784ms returns FALSE
T3260 296:445.984 JLINK_IsHalted()
T3260 296:446.976 - 0.996ms returns FALSE
T3260 296:447.008 JLINK_IsHalted()
T3260 296:447.808 - 0.830ms returns FALSE
T3260 296:558.656 JLINK_IsHalted()
T3260 296:559.584 - 0.928ms returns FALSE
T3260 296:559.680 JLINK_IsHalted()
T3260 296:560.480 - 0.824ms returns FALSE
T3260 296:670.176 JLINK_IsHalted()
T3260 296:671.072 - 0.911ms returns FALSE
T3260 296:671.104 JLINK_IsHalted()
T3260 296:671.936 - 0.847ms returns FALSE
T3260 296:781.888 JLINK_IsHalted()
T3260 296:782.816 - 0.936ms returns FALSE
T3260 296:782.848 JLINK_IsHalted()
T3260 296:783.712 - 0.863ms returns FALSE
T3260 296:892.544 JLINK_IsHalted()
T3260 296:893.632 - 1.079ms returns FALSE
T3260 296:899.104 JLINK_IsHalted()
T3260 296:900.384 - 1.265ms returns FALSE
T3260 296:988.352 JLINK_IsHalted()
T3260 296:989.248 - 0.892ms returns FALSE
T3260 296:989.248 JLINK_IsHalted()
T3260 296:990.048 - 0.799ms returns FALSE
T87C0 297:036.640 JLINK_IsHalted()
T87C0 297:037.472 - 0.816ms returns FALSE
T87C0 297:037.472 JLINK_IsHalted()
T87C0 297:038.144 - 0.678ms returns FALSE
T3260 297:100.352 JLINK_IsHalted()
T3260 297:101.376 - 1.020ms returns FALSE
T3260 297:101.408 JLINK_IsHalted()
T3260 297:102.368 - 0.962ms returns FALSE
T3260 297:212.448 JLINK_IsHalted()
T3260 297:213.600 - 1.158ms returns FALSE
T3260 297:213.632 JLINK_IsHalted()
T3260 297:214.624 - 0.956ms returns FALSE
T3260 297:324.640 JLINK_IsHalted()
T3260 297:325.408 - 0.784ms returns FALSE
T3260 297:325.440 JLINK_IsHalted()
T3260 297:326.176 - 0.744ms returns FALSE
T3260 297:436.544 JLINK_IsHalted()
T3260 297:437.344 - 0.802ms returns FALSE
T3260 297:437.376 JLINK_IsHalted()
T3260 297:438.112 - 0.738ms returns FALSE
T3260 297:548.832 JLINK_IsHalted()
T3260 297:549.856 - 1.017ms returns FALSE
T3260 297:549.888 JLINK_IsHalted()
T3260 297:550.848 - 0.948ms returns FALSE
T3260 297:644.416 JLINK_IsHalted()
T3260 297:645.280 - 0.871ms returns FALSE
T3260 297:645.280 JLINK_IsHalted()
T3260 297:646.016 - 0.695ms returns FALSE
T3260 297:756.352 JLINK_IsHalted()
T3260 297:757.280 - 0.941ms returns FALSE
T3260 297:757.312 JLINK_IsHalted()
T3260 297:758.016 - 0.732ms returns FALSE
T3260 297:868.448 JLINK_IsHalted()
T3260 297:868.992 - 0.555ms returns FALSE
T3260 297:869.024 JLINK_IsHalted()
T3260 297:869.888 - 0.881ms returns FALSE
T3260 297:979.328 JLINK_IsHalted()
T3260 297:980.160 - 0.839ms returns FALSE
T3260 297:980.192 JLINK_IsHalted()
T3260 297:980.928 - 0.727ms returns FALSE
T87C0 298:043.200 JLINK_IsHalted()
T87C0 298:044.032 - 0.855ms returns FALSE
T87C0 298:044.064 JLINK_IsHalted()
T87C0 298:044.832 - 0.772ms returns FALSE
T3260 298:090.496 JLINK_IsHalted()
T3260 298:091.264 - 0.768ms returns FALSE
T3260 298:091.296 JLINK_IsHalted()
T3260 298:092.000 - 0.711ms returns FALSE
T3260 298:201.792 JLINK_IsHalted()
T3260 298:202.784 - 1.018ms returns FALSE
T3260 298:202.816 JLINK_IsHalted()
T3260 298:203.904 - 1.076ms returns FALSE
T3260 298:313.216 JLINK_IsHalted()
T3260 298:314.176 - 0.990ms returns FALSE
T3260 298:314.240 JLINK_IsHalted()
T3260 298:315.008 - 0.748ms returns FALSE
T3260 298:425.088 JLINK_IsHalted()
T3260 298:425.856 - 0.783ms returns FALSE
T3260 298:425.888 JLINK_IsHalted()
T3260 298:426.560 - 0.668ms returns FALSE
T3260 298:536.960 JLINK_IsHalted()
T3260 298:537.792 - 0.819ms returns FALSE
T3260 298:537.792 JLINK_IsHalted()
T3260 298:538.592 - 0.798ms returns FALSE
T3260 298:649.152 JLINK_IsHalted()
T3260 298:649.920 - 0.783ms returns FALSE
T3260 298:649.952 JLINK_IsHalted()
T3260 298:650.752 - 0.809ms returns FALSE
T3260 298:760.704 JLINK_IsHalted()
T3260 298:761.632 - 0.917ms returns FALSE
T3260 298:761.664 JLINK_IsHalted()
T3260 298:762.496 - 0.824ms returns FALSE
T3260 298:871.264 JLINK_IsHalted()
T3260 298:872.160 - 0.892ms returns FALSE
T3260 298:872.192 JLINK_IsHalted()
T3260 298:873.056 - 0.871ms returns FALSE
T3260 298:982.720 JLINK_IsHalted()
T3260 298:983.744 - 1.009ms returns FALSE
T3260 298:983.744 JLINK_IsHalted()
T3260 298:984.768 - 1.025ms returns FALSE
T87C0 299:046.176 JLINK_IsHalted()
T87C0 299:046.976 - 0.807ms returns FALSE
T87C0 299:046.976 JLINK_IsHalted()
T87C0 299:047.840 - 0.831ms returns FALSE
T3260 299:093.312 JLINK_IsHalted()
T3260 299:094.080 - 0.747ms returns FALSE
T3260 299:094.080 JLINK_IsHalted()
T3260 299:094.976 - 0.891ms returns FALSE
T3260 299:203.008 JLINK_IsHalted()
T3260 299:203.968 - 0.956ms returns FALSE
T3260 299:204.000 JLINK_IsHalted()
T3260 299:204.960 - 0.969ms returns FALSE
T3260 299:314.112 JLINK_IsHalted()
T3260 299:315.072 - 0.953ms returns FALSE
T3260 299:315.072 JLINK_IsHalted()
T3260 299:315.808 - 0.742ms returns FALSE
T3260 299:409.952 JLINK_IsHalted()
T3260 299:411.008 - 1.036ms returns FALSE
T3260 299:411.008 JLINK_IsHalted()
T3260 299:411.872 - 0.845ms returns FALSE
T3260 299:520.256 JLINK_IsHalted()
T3260 299:521.120 - 0.867ms returns FALSE
T3260 299:521.152 JLINK_IsHalted()
T3260 299:522.016 - 0.875ms returns FALSE
T3260 299:631.872 JLINK_IsHalted()
T3260 299:632.896 - 1.025ms returns FALSE
T3260 299:632.960 JLINK_IsHalted()
T3260 299:633.952 - 1.010ms returns FALSE
T3260 299:742.912 JLINK_IsHalted()
T3260 299:743.680 - 0.788ms returns FALSE
T3260 299:743.744 JLINK_IsHalted()
T3260 299:744.544 - 0.805ms returns FALSE
T3260 299:854.720 JLINK_IsHalted()
T3260 299:855.616 - 0.886ms returns FALSE
T3260 299:855.648 JLINK_IsHalted()
T3260 299:856.384 - 0.751ms returns FALSE
T3260 299:966.304 JLINK_IsHalted()
T3260 299:967.296 - 0.967ms returns FALSE
T3260 299:967.296 JLINK_IsHalted()
T3260 299:968.256 - 0.936ms returns FALSE
T87C0 300:062.400 JLINK_IsHalted()
T87C0 300:063.104 - 0.719ms returns FALSE
T87C0 300:063.136 JLINK_IsHalted()
T87C0 300:063.840 - 0.708ms returns FALSE
T3260 300:078.144 JLINK_IsHalted()
T3260 300:078.912 - 0.750ms returns FALSE
T3260 300:078.944 JLINK_IsHalted()
T3260 300:079.680 - 0.746ms returns FALSE
T3260 300:190.272 JLINK_IsHalted()
T3260 300:191.232 - 0.949ms returns FALSE
T3260 300:191.264 JLINK_IsHalted()
T3260 300:192.000 - 0.759ms returns FALSE
T3260 300:286.016 JLINK_IsHalted()
T3260 300:287.136 - 1.086ms returns FALSE
T3260 300:287.136 JLINK_IsHalted()
T3260 300:287.936 - 0.799ms returns FALSE
T3260 300:398.080 JLINK_IsHalted()
T3260 300:399.008 - 0.901ms returns FALSE
T3260 300:399.040 JLINK_IsHalted()
T3260 300:399.904 - 0.870ms returns FALSE
T3260 300:510.816 JLINK_IsHalted()
T3260 300:511.616 - 0.786ms returns FALSE
T3260 300:511.648 JLINK_IsHalted()
T3260 300:512.480 - 0.855ms returns FALSE
T3260 300:621.920 JLINK_IsHalted()
T3260 300:623.040 - 1.107ms returns FALSE
T3260 300:623.040 JLINK_IsHalted()
T3260 300:624.064 - 1.032ms returns FALSE
T3260 300:734.240 JLINK_IsHalted()
T3260 300:734.944 - 0.722ms returns FALSE
T3260 300:735.008 JLINK_IsHalted()
T3260 300:735.712 - 0.706ms returns FALSE
T3260 300:846.080 JLINK_IsHalted()
T3260 300:847.040 - 0.942ms returns FALSE
T3260 300:847.040 JLINK_IsHalted()
T3260 300:847.968 - 0.917ms returns FALSE
T3260 300:942.176 JLINK_IsHalted()
T3260 300:943.168 - 0.954ms returns FALSE
T3260 300:943.168 JLINK_IsHalted()
T3260 300:944.160 - 0.980ms returns FALSE
T3260 301:054.144 JLINK_IsHalted()
T3260 301:055.232 - 1.111ms returns FALSE
T3260 301:055.296 JLINK_IsHalted()
T3260 301:056.160 - 0.882ms returns FALSE
T87C0 301:070.272 JLINK_IsHalted()
T87C0 301:071.200 - 0.943ms returns FALSE
T87C0 301:071.232 JLINK_IsHalted()
T87C0 301:072.096 - 0.885ms returns FALSE
T3260 301:165.888 JLINK_IsHalted()
T3260 301:166.848 - 0.984ms returns FALSE
T3260 301:166.880 JLINK_IsHalted()
T3260 301:167.840 - 0.989ms returns FALSE
T3260 301:278.272 JLINK_IsHalted()
T3260 301:279.328 - 1.038ms returns FALSE
T3260 301:279.328 JLINK_IsHalted()
T3260 301:280.288 - 0.933ms returns FALSE
T3260 301:390.144 JLINK_IsHalted()
T3260 301:390.976 - 0.826ms returns FALSE
T3260 301:391.008 JLINK_IsHalted()
T3260 301:391.680 - 0.675ms returns FALSE
T3260 301:501.440 JLINK_IsHalted()
T3260 301:502.144 - 0.673ms returns FALSE
T3260 301:502.144 JLINK_IsHalted()
T3260 301:503.040 - 0.852ms returns FALSE
T3260 301:612.160 JLINK_IsHalted()
T3260 301:612.960 - 0.793ms returns FALSE
T3260 301:612.992 JLINK_IsHalted()
T3260 301:613.664 - 0.693ms returns FALSE
T3260 301:708.736 JLINK_IsHalted()
T3260 301:709.760 - 1.054ms returns FALSE
T3260 301:709.824 JLINK_IsHalted()
T3260 301:711.008 - 1.189ms returns FALSE
T3260 301:820.352 JLINK_IsHalted()
T3260 301:821.088 - 0.748ms returns FALSE
T3260 301:821.120 JLINK_IsHalted()
T3260 301:821.856 - 0.730ms returns FALSE
T3260 301:932.384 JLINK_IsHalted()
T3260 301:933.344 - 0.961ms returns FALSE
T3260 301:933.376 JLINK_IsHalted()
T3260 301:934.080 - 0.708ms returns FALSE
T3260 302:044.256 JLINK_IsHalted()
T3260 302:045.152 - 0.895ms returns FALSE
T3260 302:045.184 JLINK_IsHalted()
T3260 302:046.048 - 0.855ms returns FALSE
T87C0 302:076.960 JLINK_IsHalted()
T87C0 302:077.984 - 1.034ms returns FALSE
T87C0 302:078.016 JLINK_IsHalted()
T87C0 302:078.816 - 0.805ms returns FALSE
T3260 302:156.352 JLINK_IsHalted()
T3260 302:157.408 - 1.068ms returns FALSE
T3260 302:157.440 JLINK_IsHalted()
T3260 302:158.368 - 0.917ms returns FALSE
T3260 302:268.384 JLINK_IsHalted()
T3260 302:269.120 - 0.710ms returns FALSE
T3260 302:269.120 JLINK_IsHalted()
T3260 302:269.824 - 0.701ms returns FALSE
T3260 302:363.168 JLINK_IsHalted()
T3260 302:364.320 - 1.146ms returns FALSE
T3260 302:364.352 JLINK_IsHalted()
T3260 302:365.472 - 1.094ms returns FALSE
T3260 302:473.792 JLINK_IsHalted()
T3260 302:474.528 - 0.719ms returns FALSE
T3260 302:474.528 JLINK_IsHalted()
T3260 302:475.200 - 0.682ms returns FALSE
T3260 302:584.896 JLINK_IsHalted()
T3260 302:585.664 - 0.766ms returns FALSE
T3260 302:585.664 JLINK_IsHalted()
T3260 302:586.464 - 0.776ms returns FALSE
T3260 302:697.312 JLINK_IsHalted()
T3260 302:698.528 - 1.203ms returns FALSE
T3260 302:698.592 JLINK_IsHalted()
T3260 302:699.552 - 0.937ms returns FALSE
T3260 302:808.992 JLINK_IsHalted()
T3260 302:809.792 - 0.814ms returns FALSE
T3260 302:809.824 JLINK_IsHalted()
T3260 302:810.816 - 0.958ms returns FALSE
T3260 302:920.928 JLINK_IsHalted()
T3260 302:921.824 - 0.883ms returns FALSE
T3260 302:921.824 JLINK_IsHalted()
T3260 302:922.496 - 0.662ms returns FALSE
T3260 303:031.232 JLINK_IsHalted()
T3260 303:032.256 - 1.055ms returns FALSE
T3260 303:032.352 JLINK_IsHalted()
T3260 303:033.408 - 1.034ms returns FALSE
T87C0 303:079.712 JLINK_IsHalted()
T87C0 303:080.672 - 0.956ms returns FALSE
T87C0 303:080.736 JLINK_IsHalted()
T87C0 303:081.504 - 0.773ms returns FALSE
T3260 303:143.328 JLINK_IsHalted()
T3260 303:144.224 - 0.909ms returns FALSE
T3260 303:144.256 JLINK_IsHalted()
T3260 303:145.088 - 0.813ms returns FALSE
T3260 303:239.264 JLINK_IsHalted()
T3260 303:240.192 - 0.920ms returns FALSE
T3260 303:240.256 JLINK_IsHalted()
T3260 303:241.024 - 0.784ms returns FALSE
T3260 303:351.712 JLINK_IsHalted()
T3260 303:352.736 - 1.018ms returns FALSE
T3260 303:352.768 JLINK_IsHalted()
T3260 303:353.792 - 1.002ms returns FALSE
T3260 303:463.360 JLINK_IsHalted()
T3260 303:464.128 - 0.771ms returns FALSE
T3260 303:464.160 JLINK_IsHalted()
T3260 303:464.832 - 0.641ms returns FALSE
T3260 303:575.232 JLINK_IsHalted()
T3260 303:576.032 - 0.818ms returns FALSE
T3260 303:576.064 JLINK_IsHalted()
T3260 303:576.896 - 0.836ms returns FALSE
T3260 303:687.424 JLINK_IsHalted()
T3260 303:688.256 - 0.816ms returns FALSE
T3260 303:688.256 JLINK_IsHalted()
T3260 303:689.120 - 0.836ms returns FALSE
T3260 303:799.200 JLINK_IsHalted()
T3260 303:800.192 - 0.982ms returns FALSE
T3260 303:800.192 JLINK_IsHalted()
T3260 303:801.152 - 0.949ms returns FALSE
T3260 303:895.264 JLINK_IsHalted()
T3260 303:896.032 - 0.763ms returns FALSE
T3260 303:896.064 JLINK_IsHalted()
T3260 303:896.704 - 0.640ms returns FALSE
T3260 304:007.488 JLINK_IsHalted()
T3260 304:008.352 - 0.874ms returns FALSE
T3260 304:008.384 JLINK_IsHalted()
T3260 304:009.216 - 0.840ms returns FALSE
T87C0 304:087.680 JLINK_IsHalted()
T87C0 304:088.512 - 0.854ms returns FALSE
T87C0 304:088.544 JLINK_IsHalted()
T87C0 304:089.472 - 0.918ms returns FALSE
T3260 304:119.264 JLINK_IsHalted()
T3260 304:120.128 - 0.849ms returns FALSE
T3260 304:120.192 JLINK_IsHalted()
T3260 304:120.992 - 0.789ms returns FALSE
T3260 304:231.360 JLINK_IsHalted()
T3260 304:232.384 - 1.030ms returns FALSE
T3260 304:232.416 JLINK_IsHalted()
T3260 304:233.120 - 0.693ms returns FALSE
T3260 304:343.232 JLINK_IsHalted()
T3260 304:344.128 - 0.929ms returns FALSE
T3260 304:344.128 JLINK_IsHalted()
T3260 304:345.024 - 0.847ms returns FALSE
T3260 304:455.168 JLINK_IsHalted()
T3260 304:455.904 - 0.756ms returns FALSE
T3260 304:455.936 JLINK_IsHalted()
T3260 304:456.736 - 0.804ms returns FALSE
T3260 304:551.264 JLINK_IsHalted()
T3260 304:552.000 - 0.730ms returns FALSE
T3260 304:552.000 JLINK_IsHalted()
T3260 304:552.704 - 0.679ms returns FALSE
T3260 304:663.232 JLINK_IsHalted()
T3260 304:664.128 - 0.867ms returns FALSE
T3260 304:664.128 JLINK_IsHalted()
T3260 304:664.928 - 0.798ms returns FALSE
T3260 304:775.328 JLINK_IsHalted()
T3260 304:776.256 - 0.933ms returns FALSE
T3260 304:776.288 JLINK_IsHalted()
T3260 304:777.344 - 1.056ms returns FALSE
T3260 304:887.232 JLINK_IsHalted()
T3260 304:888.032 - 0.781ms returns FALSE
T3260 304:888.064 JLINK_IsHalted()
T3260 304:888.896 - 0.819ms returns FALSE
T3260 304:997.344 JLINK_IsHalted()
T3260 304:998.080 - 0.712ms returns FALSE
T3260 304:998.080 JLINK_IsHalted()
T3260 304:998.848 - 0.734ms returns FALSE
T87C0 305:092.672 JLINK_IsHalted()
T87C0 305:093.440 - 0.770ms returns FALSE
T87C0 305:093.440 JLINK_IsHalted()
T87C0 305:094.144 - 0.688ms returns FALSE
T3260 305:108.192 JLINK_IsHalted()
T3260 305:109.088 - 0.895ms returns FALSE
T3260 305:109.120 JLINK_IsHalted()
T3260 305:109.984 - 0.874ms returns FALSE
T3260 305:219.008 JLINK_IsHalted()
T3260 305:220.064 - 1.050ms returns FALSE
T3260 305:220.096 JLINK_IsHalted()
T3260 305:220.928 - 0.840ms returns FALSE
T3260 305:329.632 JLINK_IsHalted()
T3260 305:330.432 - 0.802ms returns FALSE
T3260 305:330.464 JLINK_IsHalted()
T3260 305:331.136 - 0.707ms returns FALSE
T3260 305:440.448 JLINK_IsHalted()
T3260 305:441.472 - 1.021ms returns FALSE
T3260 305:441.504 JLINK_IsHalted()
T3260 305:442.432 - 0.925ms returns FALSE
T3260 305:535.232 JLINK_IsHalted()
T3260 305:536.096 - 0.858ms returns FALSE
T3260 305:536.096 JLINK_IsHalted()
T3260 305:536.864 - 0.765ms returns FALSE
T3260 305:646.016 JLINK_IsHalted()
T3260 305:646.752 - 0.704ms returns FALSE
T3260 305:646.784 JLINK_IsHalted()
T3260 305:647.424 - 0.665ms returns FALSE
T3260 305:757.696 JLINK_IsHalted()
T3260 305:758.400 - 0.722ms returns FALSE
T3260 305:758.432 JLINK_IsHalted()
T3260 305:759.200 - 0.767ms returns FALSE
T3260 305:869.888 JLINK_IsHalted()
T3260 305:870.688 - 0.837ms returns FALSE
T3260 305:870.784 JLINK_IsHalted()
T3260 305:871.584 - 0.825ms returns FALSE
T3260 305:980.608 JLINK_IsHalted()
T3260 305:981.504 - 0.896ms returns FALSE
T3260 305:981.504 JLINK_IsHalted()
T3260 305:982.272 - 0.751ms returns FALSE
T3260 306:092.384 JLINK_IsHalted()
T3260 306:093.120 - 0.723ms returns FALSE
T3260 306:093.152 JLINK_IsHalted()
T3260 306:093.888 - 0.751ms returns FALSE
T87C0 306:094.016 JLINK_IsHalted()
T87C0 306:094.656 - 0.649ms returns FALSE
T87C0 306:094.656 JLINK_IsHalted()
T87C0 306:095.328 - 0.659ms returns FALSE
T3260 306:204.864 JLINK_IsHalted()
T3260 306:205.952 - 1.093ms returns FALSE
T3260 306:206.016 JLINK_IsHalted()
T3260 306:206.976 - 0.977ms returns FALSE
T3260 306:300.160 JLINK_IsHalted()
T3260 306:300.928 - 0.788ms returns FALSE
T3260 306:300.960 JLINK_IsHalted()
T3260 306:301.760 - 0.807ms returns FALSE
T3260 306:412.320 JLINK_IsHalted()
T3260 306:413.248 - 0.908ms returns FALSE
T3260 306:413.248 JLINK_IsHalted()
T3260 306:413.984 - 0.728ms returns FALSE
T3260 306:524.736 JLINK_IsHalted()
T3260 306:525.760 - 0.999ms returns FALSE
T3260 306:525.792 JLINK_IsHalted()
T3260 306:526.816 - 1.045ms returns FALSE
T3260 306:636.576 JLINK_IsHalted()
T3260 306:637.408 - 0.835ms returns FALSE
T3260 306:637.440 JLINK_IsHalted()
T3260 306:638.144 - 0.693ms returns FALSE
T3260 306:748.416 JLINK_IsHalted()
T3260 306:749.312 - 0.910ms returns FALSE
T3260 306:749.344 JLINK_IsHalted()
T3260 306:750.208 - 0.853ms returns FALSE
T3260 306:860.672 JLINK_IsHalted()
T3260 306:861.888 - 1.206ms returns FALSE
T3260 306:861.952 JLINK_IsHalted()
T3260 306:862.912 - 0.982ms returns FALSE
T3260 306:956.992 JLINK_IsHalted()
T3260 306:957.952 - 0.940ms returns FALSE
T3260 306:957.984 JLINK_IsHalted()
T3260 306:958.656 - 0.687ms returns FALSE
T3260 307:068.320 JLINK_IsHalted()
T3260 307:069.312 - 0.991ms returns FALSE
T3260 307:069.344 JLINK_IsHalted()
T3260 307:070.176 - 0.847ms returns FALSE
T87C0 307:100.800 JLINK_IsHalted()
T87C0 307:101.472 - 0.672ms returns FALSE
T87C0 307:101.472 JLINK_IsHalted()
T87C0 307:102.208 - 0.726ms returns FALSE
T3260 307:180.704 JLINK_IsHalted()
T3260 307:181.728 - 1.033ms returns FALSE
T3260 307:181.760 JLINK_IsHalted()
T3260 307:182.624 - 0.846ms returns FALSE
T3260 307:292.192 JLINK_IsHalted()
T3260 307:293.024 - 0.824ms returns FALSE
T3260 307:293.056 JLINK_IsHalted()
T3260 307:293.824 - 0.782ms returns FALSE
T3260 307:404.352 JLINK_IsHalted()
T3260 307:405.216 - 0.843ms returns FALSE
T3260 307:405.248 JLINK_IsHalted()
T3260 307:406.016 - 0.764ms returns FALSE
T3260 307:516.704 JLINK_IsHalted()
T3260 307:517.760 - 1.066ms returns FALSE
T3260 307:517.792 JLINK_IsHalted()
T3260 307:518.784 - 1.001ms returns FALSE
T3260 307:628.352 JLINK_IsHalted()
T3260 307:629.120 - 0.800ms returns FALSE
T3260 307:629.184 JLINK_IsHalted()
T3260 307:630.016 - 0.858ms returns FALSE
T3260 307:740.288 JLINK_IsHalted()
T3260 307:741.120 - 0.812ms returns FALSE
T3260 307:741.120 JLINK_IsHalted()
T3260 307:741.984 - 0.867ms returns FALSE
T3260 307:852.384 JLINK_IsHalted()
T3260 307:853.280 - 0.874ms returns FALSE
T3260 307:853.280 JLINK_IsHalted()
T3260 307:854.144 - 0.856ms returns FALSE
T3260 307:964.416 JLINK_IsHalted()
T3260 307:965.376 - 0.938ms returns FALSE
T3260 307:965.376 JLINK_IsHalted()
T3260 307:966.240 - 0.837ms returns FALSE
T3260 308:076.480 JLINK_IsHalted()
T3260 308:077.568 - 1.071ms returns FALSE
T3260 308:077.600 JLINK_IsHalted()
T3260 308:078.336 - 0.737ms returns FALSE
T87C0 308:108.768 JLINK_IsHalted()
T87C0 308:109.600 - 0.831ms returns FALSE
T87C0 308:109.632 JLINK_IsHalted()
T87C0 308:110.400 - 0.753ms returns FALSE
T3260 308:188.512 JLINK_IsHalted()
T3260 308:189.376 - 0.862ms returns FALSE
T3260 308:189.376 JLINK_IsHalted()
T3260 308:190.336 - 0.946ms returns FALSE
T3260 308:284.832 JLINK_IsHalted()
T3260 308:285.952 - 1.143ms returns FALSE
T3260 308:286.016 JLINK_IsHalted()
T3260 308:286.976 - 0.965ms returns FALSE
T3260 308:396.320 JLINK_IsHalted()
T3260 308:397.216 - 0.875ms returns FALSE
T3260 308:397.216 JLINK_IsHalted()
T3260 308:398.272 - 1.049ms returns FALSE
T3260 308:507.552 JLINK_IsHalted()
T3260 308:508.608 - 1.060ms returns FALSE
T3260 308:508.608 JLINK_IsHalted()
T3260 308:509.472 - 0.842ms returns FALSE
T3260 308:619.488 JLINK_IsHalted()
T3260 308:620.256 - 0.766ms returns FALSE
T3260 308:620.288 JLINK_IsHalted()
T3260 308:620.960 - 0.671ms returns FALSE
T3260 308:729.280 JLINK_IsHalted()
T3260 308:730.048 - 0.765ms returns FALSE
T3260 308:730.080 JLINK_IsHalted()
T3260 308:730.848 - 0.749ms returns FALSE
T3260 308:840.128 JLINK_IsHalted()
T3260 308:840.992 - 0.832ms returns FALSE
T3260 308:841.024 JLINK_IsHalted()
T3260 308:841.824 - 0.816ms returns FALSE
T3260 308:951.872 JLINK_IsHalted()
T3260 308:952.992 - 1.090ms returns FALSE
T3260 308:953.024 JLINK_IsHalted()
T3260 308:954.080 - 1.062ms returns FALSE
T3260 309:063.392 JLINK_IsHalted()
T3260 309:064.128 - 0.749ms returns FALSE
T3260 309:064.160 JLINK_IsHalted()
T3260 309:064.896 - 0.709ms returns FALSE
T87C0 309:111.424 JLINK_IsHalted()
T87C0 309:112.192 - 0.771ms returns FALSE
T87C0 309:112.192 JLINK_IsHalted()
T87C0 309:112.896 - 0.696ms returns FALSE
T3260 309:175.136 JLINK_IsHalted()
T3260 309:175.968 - 0.824ms returns FALSE
T3260 309:181.216 JLINK_IsHalted()
T3260 309:181.920 - 0.717ms returns FALSE
T3260 309:287.712 JLINK_IsHalted()
T3260 309:288.832 - 1.111ms returns FALSE
T3260 309:288.832 JLINK_IsHalted()
T3260 309:289.664 - 0.806ms returns FALSE
T3260 309:399.360 JLINK_IsHalted()
T3260 309:400.128 - 0.782ms returns FALSE
T3260 309:400.160 JLINK_IsHalted()
T3260 309:400.928 - 0.769ms returns FALSE
T3260 309:511.360 JLINK_IsHalted()
T3260 309:512.128 - 0.738ms returns FALSE
T3260 309:512.128 JLINK_IsHalted()
T3260 309:512.896 - 0.777ms returns FALSE
T3260 309:623.712 JLINK_IsHalted()
T3260 309:624.576 - 0.869ms returns FALSE
T3260 309:624.640 JLINK_IsHalted()
T3260 309:625.408 - 0.768ms returns FALSE
T3260 309:735.232 JLINK_IsHalted()
T3260 309:735.936 - 0.708ms returns FALSE
T3260 309:736.000 JLINK_IsHalted()
T3260 309:736.736 - 0.761ms returns FALSE
T3260 309:831.552 JLINK_IsHalted()
T3260 309:832.416 - 0.861ms returns FALSE
T3260 309:832.448 JLINK_IsHalted()
T3260 309:833.152 - 0.705ms returns FALSE
T3260 309:943.488 JLINK_IsHalted()
T3260 309:944.352 - 0.836ms returns FALSE
T3260 309:944.384 JLINK_IsHalted()
T3260 309:945.120 - 0.728ms returns FALSE
T3260 310:053.632 JLINK_IsHalted()
T3260 310:054.656 - 1.022ms returns FALSE
T3260 310:054.688 JLINK_IsHalted()
T3260 310:055.424 - 0.733ms returns FALSE
T87C0 310:117.408 JLINK_IsHalted()
T87C0 310:118.144 - 0.746ms returns FALSE
T87C0 310:118.176 JLINK_IsHalted()
T87C0 310:118.880 - 0.725ms returns FALSE
T3260 310:164.192 JLINK_IsHalted()
T3260 310:164.992 - 0.773ms returns FALSE
T3260 310:165.024 JLINK_IsHalted()
T3260 310:165.824 - 0.837ms returns FALSE
T3260 310:275.520 JLINK_IsHalted()
T3260 310:276.640 - 1.094ms returns FALSE
T3260 310:276.672 JLINK_IsHalted()
T3260 310:277.632 - 0.957ms returns FALSE
T3260 310:386.432 JLINK_IsHalted()
T3260 310:387.200 - 0.765ms returns FALSE
T3260 310:387.232 JLINK_IsHalted()
T3260 310:387.904 - 0.684ms returns FALSE
T3260 310:496.576 JLINK_IsHalted()
T3260 310:497.376 - 0.787ms returns FALSE
T3260 310:497.408 JLINK_IsHalted()
T3260 310:498.272 - 0.849ms returns FALSE
T3260 310:607.936 JLINK_IsHalted()
T3260 310:608.960 - 1.013ms returns FALSE
T3260 310:608.960 JLINK_IsHalted()
T3260 310:609.984 - 1.021ms returns FALSE
T3260 310:719.008 JLINK_IsHalted()
T3260 310:719.904 - 0.907ms returns FALSE
T3260 310:719.936 JLINK_IsHalted()
T3260 310:720.704 - 0.750ms returns FALSE
T3260 310:830.176 JLINK_IsHalted()
T3260 310:830.944 - 0.768ms returns FALSE
T3260 310:830.976 JLINK_IsHalted()
T3260 310:831.712 - 0.724ms returns FALSE
T3260 310:926.048 JLINK_IsHalted()
T3260 310:926.912 - 0.847ms returns FALSE
T3260 310:926.912 JLINK_IsHalted()
T3260 310:927.712 - 0.800ms returns FALSE
T3260 311:038.912 JLINK_IsHalted()
T3260 311:039.712 - 0.795ms returns FALSE
T3260 311:039.744 JLINK_IsHalted()
T3260 311:040.448 - 0.685ms returns FALSE
T87C0 311:118.272 JLINK_IsHalted()
T87C0 311:118.944 - 0.703ms returns FALSE
T87C0 311:118.976 JLINK_IsHalted()
T87C0 311:119.648 - 0.665ms returns FALSE
T3260 311:149.888 JLINK_IsHalted()
T3260 311:150.688 - 0.809ms returns FALSE
T3260 311:150.720 JLINK_IsHalted()
T3260 311:151.488 - 0.778ms returns FALSE
T3260 311:262.080 JLINK_IsHalted()
T3260 311:262.880 - 0.785ms returns FALSE
T3260 311:262.880 JLINK_IsHalted()
T3260 311:263.712 - 0.844ms returns FALSE
T3260 311:374.144 JLINK_IsHalted()
T3260 311:374.944 - 0.811ms returns FALSE
T3260 311:375.008 JLINK_IsHalted()
T3260 311:375.680 - 0.657ms returns FALSE
T3260 311:486.272 JLINK_IsHalted()
T3260 311:486.944 - 0.678ms returns FALSE
T3260 311:486.976 JLINK_IsHalted()
T3260 311:487.680 - 0.675ms returns FALSE
T3260 311:582.208 JLINK_IsHalted()
T3260 311:583.040 - 0.812ms returns FALSE
T3260 311:583.040 JLINK_IsHalted()
T3260 311:583.904 - 0.838ms returns FALSE
T3260 311:694.080 JLINK_IsHalted()
T3260 311:694.912 - 0.819ms returns FALSE
T3260 311:694.912 JLINK_IsHalted()
T3260 311:695.680 - 0.741ms returns FALSE
T3260 311:805.952 JLINK_IsHalted()
T3260 311:806.976 - 1.004ms returns FALSE
T3260 311:806.976 JLINK_IsHalted()
T3260 311:807.680 - 0.686ms returns FALSE
T3260 311:918.080 JLINK_IsHalted()
T3260 311:919.008 - 0.932ms returns FALSE
T3260 311:919.040 JLINK_IsHalted()
T3260 311:919.904 - 0.860ms returns FALSE
T3260 312:030.016 JLINK_IsHalted()
T3260 312:030.944 - 0.918ms returns FALSE
T3260 312:030.976 JLINK_IsHalted()
T3260 312:031.712 - 0.744ms returns FALSE
T87C0 312:126.112 JLINK_IsHalted()
T87C0 312:126.912 - 0.799ms returns FALSE
T87C0 312:126.912 JLINK_IsHalted()
T87C0 312:127.552 - 0.638ms returns FALSE
T3260 312:142.016 JLINK_IsHalted()
T3260 312:142.784 - 0.804ms returns FALSE
T3260 312:142.816 JLINK_IsHalted()
T3260 312:143.552 - 0.725ms returns FALSE
T3260 312:238.240 JLINK_IsHalted()
T3260 312:238.912 - 0.672ms returns FALSE
T3260 312:238.912 JLINK_IsHalted()
T3260 312:239.680 - 0.762ms returns FALSE
T3260 312:350.720 JLINK_IsHalted()
T3260 312:351.712 - 0.985ms returns FALSE
T3260 312:351.776 JLINK_IsHalted()
T3260 312:352.704 - 0.941ms returns FALSE
T3260 312:462.144 JLINK_IsHalted()
T3260 312:462.912 - 0.758ms returns FALSE
T3260 312:462.912 JLINK_IsHalted()
T3260 312:463.904 - 0.968ms returns FALSE
T3260 312:573.952 JLINK_IsHalted()
T3260 312:574.656 - 0.717ms returns FALSE
T3260 312:574.688 JLINK_IsHalted()
T3260 312:575.392 - 0.688ms returns FALSE
T3260 312:685.920 JLINK_IsHalted()
T3260 312:686.784 - 0.875ms returns FALSE
T3260 312:686.816 JLINK_IsHalted()
T3260 312:687.552 - 0.750ms returns FALSE
T3260 312:797.376 JLINK_IsHalted()
T3260 312:798.144 - 0.739ms returns FALSE
T3260 312:798.144 JLINK_IsHalted()
T3260 312:798.912 - 0.784ms returns FALSE
T3260 312:908.416 JLINK_IsHalted()
T3260 312:909.216 - 0.802ms returns FALSE
T3260 312:909.248 JLINK_IsHalted()
T3260 312:909.920 - 0.702ms returns FALSE
T3260 313:004.608 JLINK_IsHalted()
T3260 313:005.504 - 0.912ms returns FALSE
T3260 313:005.536 JLINK_IsHalted()
T3260 313:006.368 - 0.803ms returns FALSE
T3260 313:116.576 JLINK_IsHalted()
T3260 313:117.344 - 0.750ms returns FALSE
T3260 313:117.344 JLINK_IsHalted()
T3260 313:118.176 - 0.829ms returns FALSE
T87C0 313:132.480 JLINK_IsHalted()
T87C0 313:133.184 - 0.721ms returns FALSE
T87C0 313:133.216 JLINK_IsHalted()
T87C0 313:133.888 - 0.673ms returns FALSE
T3260 313:228.352 JLINK_IsHalted()
T3260 313:229.088 - 0.744ms returns FALSE
T3260 313:229.120 JLINK_IsHalted()
T3260 313:229.856 - 0.738ms returns FALSE
T3260 313:340.480 JLINK_IsHalted()
T3260 313:341.408 - 0.937ms returns FALSE
T3260 313:341.440 JLINK_IsHalted()
T3260 313:342.144 - 0.714ms returns FALSE
T3260 313:452.352 JLINK_IsHalted()
T3260 313:453.056 - 0.731ms returns FALSE
T3260 313:453.088 JLINK_IsHalted()
T3260 313:453.856 - 0.761ms returns FALSE
T3260 313:564.352 JLINK_IsHalted()
T3260 313:565.312 - 0.972ms returns FALSE
T3260 313:565.344 JLINK_IsHalted()
T3260 313:566.016 - 0.667ms returns FALSE
T3260 313:660.640 JLINK_IsHalted()
T3260 313:661.632 - 0.994ms returns FALSE
T3260 313:661.696 JLINK_IsHalted()
T3260 313:662.688 - 0.986ms returns FALSE
T3260 313:772.256 JLINK_IsHalted()
T3260 313:772.992 - 0.724ms returns FALSE
T3260 313:772.992 JLINK_IsHalted()
T3260 313:773.632 - 0.644ms returns FALSE
T3260 313:884.192 JLINK_IsHalted()
T3260 313:884.992 - 0.807ms returns FALSE
T3260 313:884.992 JLINK_IsHalted()
T3260 313:885.728 - 0.701ms returns FALSE
T3260 313:996.352 JLINK_IsHalted()
T3260 313:997.120 - 0.733ms returns FALSE
T3260 313:997.120 JLINK_IsHalted()
T3260 313:998.016 - 0.887ms returns FALSE
T3260 314:108.544 JLINK_IsHalted()
T3260 314:109.376 - 0.840ms returns FALSE
T3260 314:109.408 JLINK_IsHalted()
T3260 314:110.144 - 0.703ms returns FALSE
T87C0 314:140.448 JLINK_IsHalted()
T87C0 314:141.344 - 0.893ms returns FALSE
T87C0 314:141.376 JLINK_IsHalted()
T87C0 314:142.112 - 0.750ms returns FALSE
T3260 314:220.256 JLINK_IsHalted()
T3260 314:220.896 - 0.641ms returns FALSE
T3260 314:220.896 JLINK_IsHalted()
T3260 314:221.600 - 0.669ms returns FALSE
T3260 314:316.384 JLINK_IsHalted()
T3260 314:317.568 - 1.170ms returns FALSE
T3260 314:317.600 JLINK_IsHalted()
T3260 314:318.656 - 1.055ms returns FALSE
T3260 314:428.224 JLINK_IsHalted()
T3260 314:428.864 - 0.665ms returns FALSE
T3260 314:428.864 JLINK_IsHalted()
T3260 314:429.568 - 0.680ms returns FALSE
T3260 314:540.576 JLINK_IsHalted()
T3260 314:541.344 - 0.771ms returns FALSE
T3260 314:541.376 JLINK_IsHalted()
T3260 314:542.144 - 0.753ms returns FALSE
T3260 314:652.512 JLINK_IsHalted()
T3260 314:653.440 - 0.917ms returns FALSE
T3260 314:653.504 JLINK_IsHalted()
T3260 314:654.560 - 1.081ms returns FALSE
T3260 314:764.416 JLINK_IsHalted()
T3260 314:765.120 - 0.700ms returns FALSE
T3260 314:765.120 JLINK_IsHalted()
T3260 314:765.888 - 0.763ms returns FALSE
T3260 314:876.480 JLINK_IsHalted()
T3260 314:877.248 - 0.752ms returns FALSE
T3260 314:877.248 JLINK_IsHalted()
T3260 314:877.888 - 0.650ms returns FALSE
T3260 314:972.608 JLINK_IsHalted()
T3260 314:973.344 - 0.715ms returns FALSE
T3260 314:973.344 JLINK_IsHalted()
T3260 314:974.016 - 0.672ms returns FALSE
T3260 315:084.448 JLINK_IsHalted()
T3260 315:085.216 - 0.760ms returns FALSE
T3260 315:085.248 JLINK_IsHalted()
T3260 315:085.920 - 0.694ms returns FALSE
T87C0 315:148.832 JLINK_IsHalted()
T87C0 315:149.536 - 0.724ms returns FALSE
T87C0 315:149.568 JLINK_IsHalted()
T87C0 315:150.240 - 0.663ms returns FALSE
T3260 315:196.416 JLINK_IsHalted()
T3260 315:197.248 - 0.812ms returns FALSE
T3260 315:197.248 JLINK_IsHalted()
T3260 315:198.048 - 0.794ms returns FALSE
T3260 315:308.608 JLINK_IsHalted()
T3260 315:309.600 - 0.969ms returns FALSE
T3260 315:309.632 JLINK_IsHalted()
T3260 315:310.752 - 1.097ms returns FALSE
T3260 315:420.352 JLINK_IsHalted()
T3260 315:421.088 - 0.718ms returns FALSE
T3260 315:421.120 JLINK_IsHalted()
T3260 315:421.760 - 0.654ms returns FALSE
T3260 315:532.448 JLINK_IsHalted()
T3260 315:533.216 - 0.755ms returns FALSE
T3260 315:533.248 JLINK_IsHalted()
T3260 315:534.080 - 0.841ms returns FALSE
T3260 315:628.512 JLINK_IsHalted()
T3260 315:629.440 - 0.918ms returns FALSE
T3260 315:629.472 JLINK_IsHalted()
T3260 315:630.368 - 0.904ms returns FALSE
T3260 315:740.384 JLINK_IsHalted()
T3260 315:741.184 - 0.772ms returns FALSE
T3260 315:741.184 JLINK_IsHalted()
T3260 315:741.888 - 0.703ms returns FALSE
T3260 315:852.384 JLINK_IsHalted()
T3260 315:853.248 - 0.858ms returns FALSE
T3260 315:853.248 JLINK_IsHalted()
T3260 315:853.952 - 0.686ms returns FALSE
T3260 315:964.320 JLINK_IsHalted()
T3260 315:965.280 - 0.958ms returns FALSE
T3260 315:965.344 JLINK_IsHalted()
T3260 315:966.272 - 0.949ms returns FALSE
T3260 316:076.640 JLINK_IsHalted()
T3260 316:077.408 - 0.764ms returns FALSE
T3260 316:077.440 JLINK_IsHalted()
T3260 316:078.144 - 0.686ms returns FALSE
T87C0 316:156.768 JLINK_IsHalted()
T87C0 316:157.504 - 0.734ms returns FALSE
T87C0 316:157.536 JLINK_IsHalted()
T87C0 316:158.176 - 0.647ms returns FALSE
T3260 316:188.384 JLINK_IsHalted()
T3260 316:189.088 - 0.687ms returns FALSE
T3260 316:189.120 JLINK_IsHalted()
T3260 316:189.888 - 0.781ms returns FALSE
T3260 316:300.544 JLINK_IsHalted()
T3260 316:301.632 - 1.084ms returns FALSE
T3260 316:301.632 JLINK_IsHalted()
T3260 316:302.400 - 0.773ms returns FALSE
T3260 316:412.160 JLINK_IsHalted()
T3260 316:412.928 - 0.764ms returns FALSE
T3260 316:412.960 JLINK_IsHalted()
T3260 316:413.760 - 0.780ms returns FALSE
T3260 316:524.288 JLINK_IsHalted()
T3260 316:525.024 - 0.727ms returns FALSE
T3260 316:525.056 JLINK_IsHalted()
T3260 316:525.760 - 0.710ms returns FALSE
T3260 316:636.480 JLINK_IsHalted()
T3260 316:637.312 - 0.845ms returns FALSE
T3260 316:637.344 JLINK_IsHalted()
T3260 316:638.016 - 0.696ms returns FALSE
T3260 316:748.384 JLINK_IsHalted()
T3260 316:749.184 - 0.810ms returns FALSE
T3260 316:749.216 JLINK_IsHalted()
T3260 316:749.984 - 0.756ms returns FALSE
T3260 316:860.416 JLINK_IsHalted()
T3260 316:861.312 - 0.902ms returns FALSE
T3260 316:861.344 JLINK_IsHalted()
T3260 316:862.176 - 0.823ms returns FALSE
T3260 316:972.704 JLINK_IsHalted()
T3260 316:973.856 - 1.159ms returns FALSE
T3260 316:973.920 JLINK_IsHalted()
T3260 316:975.072 - 1.153ms returns FALSE
T3260 317:084.224 JLINK_IsHalted()
T3260 317:084.992 - 0.772ms returns FALSE
T3260 317:085.024 JLINK_IsHalted()
T3260 317:085.696 - 0.684ms returns FALSE
T87C0 317:164.608 JLINK_IsHalted()
T87C0 317:165.280 - 0.712ms returns FALSE
T87C0 317:165.312 JLINK_IsHalted()
T87C0 317:166.048 - 0.744ms returns FALSE
T3260 317:196.448 JLINK_IsHalted()
T3260 317:197.184 - 0.737ms returns FALSE
T3260 317:197.216 JLINK_IsHalted()
T3260 317:197.888 - 0.692ms returns FALSE
T3260 317:308.480 JLINK_IsHalted()
T3260 317:309.536 - 1.072ms returns FALSE
T3260 317:309.536 JLINK_IsHalted()
T3260 317:310.400 - 0.847ms returns FALSE
T3260 317:420.320 JLINK_IsHalted()
T3260 317:421.216 - 0.911ms returns FALSE
T3260 317:421.248 JLINK_IsHalted()
T3260 317:421.952 - 0.701ms returns FALSE
T3260 317:532.640 JLINK_IsHalted()
T3260 317:533.472 - 0.804ms returns FALSE
T3260 317:533.504 JLINK_IsHalted()
T3260 317:534.272 - 0.782ms returns FALSE
T3260 317:628.352 JLINK_IsHalted()
T3260 317:629.536 - 1.177ms returns FALSE
T3260 317:629.568 JLINK_IsHalted()
T3260 317:630.560 - 0.993ms returns FALSE
T3260 317:740.416 JLINK_IsHalted()
T3260 317:741.280 - 0.865ms returns FALSE
T3260 317:741.280 JLINK_IsHalted()
T3260 317:742.016 - 0.705ms returns FALSE
T3260 317:852.352 JLINK_IsHalted()
T3260 317:853.120 - 0.737ms returns FALSE
T3260 317:853.120 JLINK_IsHalted()
T3260 317:853.920 - 0.794ms returns FALSE
T3260 317:964.704 JLINK_IsHalted()
T3260 317:965.632 - 0.923ms returns FALSE
T3260 317:965.664 JLINK_IsHalted()
T3260 317:966.624 - 0.934ms returns FALSE
T3260 318:076.288 JLINK_IsHalted()
T3260 318:077.088 - 0.795ms returns FALSE
T3260 318:077.120 JLINK_IsHalted()
T3260 318:077.920 - 0.792ms returns FALSE
T87C0 318:172.480 JLINK_IsHalted()
T87C0 318:173.216 - 0.716ms returns FALSE
T87C0 318:173.216 JLINK_IsHalted()
T87C0 318:173.952 - 0.731ms returns FALSE
T3260 318:188.416 JLINK_IsHalted()
T3260 318:189.312 - 0.899ms returns FALSE
T3260 318:189.312 JLINK_IsHalted()
T3260 318:190.208 - 0.885ms returns FALSE
T3260 318:300.768 JLINK_IsHalted()
T3260 318:301.664 - 0.920ms returns FALSE
T3260 318:301.696 JLINK_IsHalted()
T3260 318:302.496 - 0.779ms returns FALSE
T3260 318:412.416 JLINK_IsHalted()
T3260 318:413.184 - 0.769ms returns FALSE
T3260 318:413.216 JLINK_IsHalted()
T3260 318:413.888 - 0.692ms returns FALSE
T3260 318:524.544 JLINK_IsHalted()
T3260 318:525.344 - 0.789ms returns FALSE
T3260 318:525.344 JLINK_IsHalted()
T3260 318:526.016 - 0.688ms returns FALSE
T3260 318:636.512 JLINK_IsHalted()
T3260 318:637.728 - 1.197ms returns FALSE
T3260 318:637.792 JLINK_IsHalted()
T3260 318:638.784 - 1.015ms returns FALSE
T3260 318:748.448 JLINK_IsHalted()
T3260 318:749.184 - 0.756ms returns FALSE
T3260 318:749.216 JLINK_IsHalted()
T3260 318:749.888 - 0.692ms returns FALSE
T3260 318:860.192 JLINK_IsHalted()
T3260 318:861.120 - 0.956ms returns FALSE
T3260 318:861.152 JLINK_IsHalted()
T3260 318:862.048 - 0.882ms returns FALSE
T3260 318:956.544 JLINK_IsHalted()
T3260 318:957.568 - 1.035ms returns FALSE
T3260 318:957.600 JLINK_IsHalted()
T3260 318:958.464 - 0.882ms returns FALSE
T3260 319:066.560 JLINK_IsHalted()
T3260 319:067.616 - 1.073ms returns FALSE
T3260 319:067.616 JLINK_IsHalted()
T3260 319:068.704 - 1.061ms returns FALSE
T87C0 319:173.888 JLINK_IsHalted()
T87C0 319:174.816 - 0.920ms returns FALSE
T87C0 319:174.848 JLINK_IsHalted()
T87C0 319:175.808 - 0.972ms returns FALSE
T3260 319:175.872 JLINK_IsHalted()
T3260 319:176.768 - 0.898ms returns FALSE
T3260 319:176.768 JLINK_IsHalted()
T3260 319:177.536 - 0.736ms returns FALSE
T3260 319:284.544 JLINK_IsHalted()
T3260 319:285.568 - 1.020ms returns FALSE
T3260 319:285.632 JLINK_IsHalted()
T3260 319:286.688 - 1.058ms returns FALSE
T3260 319:393.792 JLINK_IsHalted()
T3260 319:394.688 - 0.900ms returns FALSE
T3260 319:394.720 JLINK_IsHalted()
T3260 319:395.520 - 0.822ms returns FALSE
T3260 319:503.712 JLINK_IsHalted()
T3260 319:504.480 - 0.752ms returns FALSE
T3260 319:504.480 JLINK_IsHalted()
T3260 319:505.216 - 0.707ms returns FALSE
T3260 319:612.608 JLINK_IsHalted()
T3260 319:613.536 - 0.930ms returns FALSE
T3260 319:613.536 JLINK_IsHalted()
T3260 319:614.400 - 0.846ms returns FALSE
T3260 319:722.784 JLINK_IsHalted()
T3260 319:723.488 - 0.726ms returns FALSE
T3260 319:723.520 JLINK_IsHalted()
T3260 319:724.192 - 0.675ms returns FALSE
T3260 319:831.264 JLINK_IsHalted()
T3260 319:832.224 - 0.943ms returns FALSE
T3260 319:832.224 JLINK_IsHalted()
T3260 319:833.024 - 0.781ms returns FALSE
T3260 319:941.280 JLINK_IsHalted()
T3260 319:942.080 - 0.814ms returns FALSE
T3260 319:942.080 JLINK_IsHalted()
T3260 319:942.976 - 0.863ms returns FALSE
T3260 320:050.304 JLINK_IsHalted()
T3260 320:051.040 - 0.768ms returns FALSE
T3260 320:051.072 JLINK_IsHalted()
T3260 320:051.744 - 0.670ms returns FALSE
T3260 320:159.680 JLINK_IsHalted()
T3260 320:160.736 - 1.066ms returns FALSE
T3260 320:160.768 JLINK_IsHalted()
T3260 320:161.568 - 0.812ms returns FALSE
T87C0 320:176.256 JLINK_IsHalted()
T87C0 320:177.152 - 0.902ms returns FALSE
T87C0 320:177.184 JLINK_IsHalted()
T87C0 320:178.048 - 0.877ms returns FALSE
T3260 320:269.344 JLINK_IsHalted()
T3260 320:270.336 - 0.974ms returns FALSE
T3260 320:270.336 JLINK_IsHalted()
T3260 320:271.168 - 0.841ms returns FALSE
T3260 320:378.784 JLINK_IsHalted()
T3260 320:379.616 - 0.840ms returns FALSE
T3260 320:379.616 JLINK_IsHalted()
T3260 320:380.352 - 0.748ms returns FALSE
T3260 320:488.160 JLINK_IsHalted()
T3260 320:488.992 - 0.816ms returns FALSE
T3260 320:489.024 JLINK_IsHalted()
T3260 320:489.856 - 0.844ms returns FALSE
T3260 320:597.504 JLINK_IsHalted()
T3260 320:598.464 - 0.978ms returns FALSE
T3260 320:598.464 JLINK_IsHalted()
T3260 320:599.392 - 0.929ms returns FALSE
T3260 320:706.560 JLINK_IsHalted()
T3260 320:707.552 - 0.989ms returns FALSE
T3260 320:707.584 JLINK_IsHalted()
T3260 320:708.544 - 0.950ms returns FALSE
T3260 320:815.936 JLINK_IsHalted()
T3260 320:816.768 - 0.850ms returns FALSE
T3260 320:816.768 JLINK_IsHalted()
T3260 320:817.600 - 0.817ms returns FALSE
T3260 320:925.344 JLINK_IsHalted()
T3260 320:926.144 - 0.816ms returns FALSE
T3260 320:926.176 JLINK_IsHalted()
T3260 320:926.656 - 0.498ms returns FALSE
T3260 321:035.200 JLINK_IsHalted()
T3260 321:035.968 - 0.733ms returns FALSE
T3260 321:035.968 JLINK_IsHalted()
T3260 321:036.704 - 0.733ms returns FALSE
T3260 321:143.744 JLINK_IsHalted()
T3260 321:144.576 - 0.832ms returns FALSE
T3260 321:144.576 JLINK_IsHalted()
T3260 321:145.376 - 0.792ms returns FALSE
T87C0 321:178.400 JLINK_IsHalted()
T87C0 321:179.200 - 0.804ms returns FALSE
T87C0 321:179.200 JLINK_IsHalted()
T87C0 321:180.000 - 0.790ms returns FALSE
T3260 321:253.952 JLINK_IsHalted()
T3260 321:254.880 - 0.929ms returns FALSE
T3260 321:254.880 JLINK_IsHalted()
T3260 321:255.712 - 0.821ms returns FALSE
T3260 321:363.392 JLINK_IsHalted()
T3260 321:364.192 - 0.830ms returns FALSE
T3260 321:364.224 JLINK_IsHalted()
T3260 321:364.992 - 0.775ms returns FALSE
T3260 321:472.128 JLINK_IsHalted()
T3260 321:473.120 - 1.003ms returns FALSE
T3260 321:473.120 JLINK_IsHalted()
T3260 321:474.048 - 0.921ms returns FALSE
T3260 321:582.144 JLINK_IsHalted()
T3260 321:582.912 - 0.785ms returns FALSE
T3260 321:582.912 JLINK_IsHalted()
T3260 321:583.680 - 0.757ms returns FALSE
T3260 321:690.688 JLINK_IsHalted()
T3260 321:691.456 - 0.745ms returns FALSE
T3260 321:691.456 JLINK_IsHalted()
T3260 321:692.096 - 0.644ms returns FALSE
T3260 321:800.608 JLINK_IsHalted()
T3260 321:801.504 - 0.883ms returns FALSE
T3260 321:801.504 JLINK_IsHalted()
T3260 321:802.432 - 0.906ms returns FALSE
T3260 321:909.824 JLINK_IsHalted()
T3260 321:910.624 - 0.794ms returns FALSE
T3260 321:910.656 JLINK_IsHalted()
T3260 321:911.360 - 0.707ms returns FALSE
T3260 322:019.264 JLINK_IsHalted()
T3260 322:020.032 - 0.780ms returns FALSE
T3260 322:020.032 JLINK_IsHalted()
T3260 322:020.768 - 0.730ms returns FALSE
T3260 322:128.704 JLINK_IsHalted()
T3260 322:129.792 - 1.094ms returns FALSE
T3260 322:129.792 JLINK_IsHalted()
T3260 322:130.688 - 0.886ms returns FALSE
T87C0 322:181.568 JLINK_IsHalted()
T87C0 322:182.528 - 0.981ms returns FALSE
T87C0 322:182.592 JLINK_IsHalted()
T87C0 322:183.584 - 1.000ms returns FALSE
T3260 322:237.952 JLINK_IsHalted()
T3260 322:238.784 - 0.803ms returns FALSE
T3260 322:238.784 JLINK_IsHalted()
T3260 322:239.552 - 0.760ms returns FALSE
T3260 322:347.424 JLINK_IsHalted()
T3260 322:348.480 - 1.029ms returns FALSE
T3260 322:348.480 JLINK_IsHalted()
T3260 322:349.472 - 0.991ms returns FALSE
T3260 322:456.512 JLINK_IsHalted()
T3260 322:457.280 - 0.757ms returns FALSE
T3260 322:457.280 JLINK_IsHalted()
T3260 322:457.920 - 0.649ms returns FALSE
T3260 322:565.888 JLINK_IsHalted()
T3260 322:566.688 - 0.790ms returns FALSE
T3260 322:566.720 JLINK_IsHalted()
T3260 322:567.424 - 0.723ms returns FALSE
T3260 322:675.712 JLINK_IsHalted()
T3260 322:676.608 - 0.896ms returns FALSE
T3260 322:676.608 JLINK_IsHalted()
T3260 322:677.536 - 0.933ms returns FALSE
T3260 322:785.056 JLINK_IsHalted()
T3260 322:786.048 - 0.998ms returns FALSE
T3260 322:786.048 JLINK_IsHalted()
T3260 322:787.008 - 0.954ms returns FALSE
T3260 322:894.432 JLINK_IsHalted()
T3260 322:895.168 - 0.710ms returns FALSE
T3260 322:895.168 JLINK_IsHalted()
T3260 322:895.840 - 0.693ms returns FALSE
T3260 323:003.584 JLINK_IsHalted()
T3260 323:004.576 - 1.004ms returns FALSE
T3260 323:004.576 JLINK_IsHalted()
T3260 323:005.376 - 0.802ms returns FALSE
T3260 323:112.768 JLINK_IsHalted()
T3260 323:113.728 - 0.941ms returns FALSE
T3260 323:113.728 JLINK_IsHalted()
T3260 323:114.592 - 0.868ms returns FALSE
T87C0 323:184.768 JLINK_IsHalted()
T87C0 323:185.824 - 1.051ms returns FALSE
T87C0 323:185.824 JLINK_IsHalted()
T87C0 323:186.816 - 0.992ms returns FALSE
T3260 323:222.208 JLINK_IsHalted()
T3260 323:223.040 - 0.852ms returns FALSE
T3260 323:223.040 JLINK_IsHalted()
T3260 323:223.712 - 0.667ms returns FALSE
T3260 323:331.648 JLINK_IsHalted()
T3260 323:332.352 - 0.712ms returns FALSE
T3260 323:332.384 JLINK_IsHalted()
T3260 323:333.056 - 0.691ms returns FALSE
T3260 323:440.704 JLINK_IsHalted()
T3260 323:441.664 - 0.976ms returns FALSE
T3260 323:441.664 JLINK_IsHalted()
T3260 323:442.624 - 0.946ms returns FALSE
T3260 323:550.144 JLINK_IsHalted()
T3260 323:550.976 - 0.862ms returns FALSE
T3260 323:551.008 JLINK_IsHalted()
T3260 323:551.808 - 0.787ms returns FALSE
T3260 323:659.520 JLINK_IsHalted()
T3260 323:660.224 - 0.682ms returns FALSE
T3260 323:660.224 JLINK_IsHalted()
T3260 323:660.928 - 0.711ms returns FALSE
T3260 323:769.088 JLINK_IsHalted()
T3260 323:770.112 - 1.022ms returns FALSE
T3260 323:770.144 JLINK_IsHalted()
T3260 323:771.072 - 0.918ms returns FALSE
T3260 323:879.424 JLINK_IsHalted()
T3260 323:880.128 - 0.717ms returns FALSE
T3260 323:880.128 JLINK_IsHalted()
T3260 323:880.864 - 0.708ms returns FALSE
T3260 323:987.840 JLINK_IsHalted()
T3260 323:988.672 - 0.834ms returns FALSE
T3260 323:988.672 JLINK_IsHalted()
T3260 323:989.376 - 0.677ms returns FALSE
T3260 324:097.440 JLINK_IsHalted()
T3260 324:098.432 - 0.988ms returns FALSE
T3260 324:098.432 JLINK_IsHalted()
T3260 324:099.328 - 0.882ms returns FALSE
T87C0 324:187.584 JLINK_IsHalted()
T87C0 324:188.352 - 0.756ms returns FALSE
T87C0 324:188.352 JLINK_IsHalted()
T87C0 324:189.120 - 0.747ms returns FALSE
T3260 324:206.880 JLINK_IsHalted()
T3260 324:207.680 - 0.840ms returns FALSE
T3260 324:207.712 JLINK_IsHalted()
T3260 324:208.352 - 0.655ms returns FALSE
T3260 324:316.544 JLINK_IsHalted()
T3260 324:317.376 - 0.844ms returns FALSE
T3260 324:317.376 JLINK_IsHalted()
T3260 324:318.048 - 0.660ms returns FALSE
T3260 324:425.984 JLINK_IsHalted()
T3260 324:426.944 - 0.956ms returns FALSE
T3260 324:426.944 JLINK_IsHalted()
T3260 324:427.872 - 0.941ms returns FALSE
T3260 324:535.104 JLINK_IsHalted()
T3260 324:536.000 - 0.873ms returns FALSE
T3260 324:536.000 JLINK_IsHalted()
T3260 324:536.832 - 0.816ms returns FALSE
T3260 324:644.416 JLINK_IsHalted()
T3260 324:645.312 - 0.890ms returns FALSE
T3260 324:645.312 JLINK_IsHalted()
T3260 324:646.208 - 0.886ms returns FALSE
T3260 324:753.408 JLINK_IsHalted()
T3260 324:754.400 - 0.996ms returns FALSE
T3260 324:754.400 JLINK_IsHalted()
T3260 324:755.328 - 0.924ms returns FALSE
T3260 324:863.552 JLINK_IsHalted()
T3260 324:864.640 - 1.086ms returns FALSE
T3260 324:864.672 JLINK_IsHalted()
T3260 324:865.632 - 0.976ms returns FALSE
T3260 324:972.480 JLINK_IsHalted()
T3260 324:973.312 - 0.852ms returns FALSE
T3260 324:973.376 JLINK_IsHalted()
T3260 324:974.176 - 0.825ms returns FALSE
T3260 325:081.696 JLINK_IsHalted()
T3260 325:082.688 - 0.979ms returns FALSE
T3260 325:082.688 JLINK_IsHalted()
T3260 325:083.520 - 0.835ms returns FALSE
T87C0 325:189.952 JLINK_IsHalted()
T87C0 325:191.104 - 1.139ms returns FALSE
T87C0 325:191.104 JLINK_IsHalted()
T87C0 325:192.096 - 0.968ms returns FALSE
T3260 325:192.128 JLINK_IsHalted()
T3260 325:192.864 - 0.708ms returns FALSE
T3260 325:192.864 JLINK_IsHalted()
T3260 325:193.664 - 0.820ms returns FALSE
T3260 325:300.544 JLINK_IsHalted()
T3260 325:301.600 - 1.040ms returns FALSE
T3260 325:301.600 JLINK_IsHalted()
T3260 325:302.400 - 0.784ms returns FALSE
T3260 325:409.440 JLINK_IsHalted()
T3260 325:410.240 - 0.778ms returns FALSE
T3260 325:410.240 JLINK_IsHalted()
T3260 325:410.880 - 0.676ms returns FALSE
T3260 325:518.816 JLINK_IsHalted()
T3260 325:524.672 - 5.851ms returns FALSE
T3260 325:524.672 JLINK_IsHalted()
T3260 325:525.376 - 0.691ms returns FALSE
T3260 325:629.184 JLINK_IsHalted()
T3260 325:630.144 - 0.971ms returns FALSE
T3260 325:630.144 JLINK_IsHalted()
T3260 325:631.040 - 0.870ms returns FALSE
T3260 325:738.144 JLINK_IsHalted()
T3260 325:738.944 - 0.801ms returns FALSE
T3260 325:738.944 JLINK_IsHalted()
T3260 325:739.584 - 0.639ms returns FALSE
T3260 325:847.360 JLINK_IsHalted()
T3260 325:848.320 - 0.948ms returns FALSE
T3260 325:848.352 JLINK_IsHalted()
T3260 325:849.152 - 0.825ms returns FALSE
T3260 325:956.832 JLINK_IsHalted()
T3260 325:957.792 - 0.927ms returns FALSE
T3260 325:957.792 JLINK_IsHalted()
T3260 325:958.720 - 0.954ms returns FALSE
T3260 326:066.240 JLINK_IsHalted()
T3260 326:067.104 - 0.861ms returns FALSE
T3260 326:067.104 JLINK_IsHalted()
T3260 326:067.872 - 0.753ms returns FALSE
T3260 326:175.616 JLINK_IsHalted()
T3260 326:176.576 - 0.972ms returns FALSE
T3260 326:176.576 JLINK_IsHalted()
T3260 326:177.504 - 0.902ms returns FALSE
T87C0 326:192.800 JLINK_IsHalted()
T87C0 326:193.984 - 1.221ms returns FALSE
T87C0 326:194.016 JLINK_IsHalted()
T87C0 326:194.752 - 0.698ms returns FALSE
T3260 326:285.152 JLINK_IsHalted()
T3260 326:285.984 - 0.807ms returns FALSE
T3260 326:285.984 JLINK_IsHalted()
T3260 326:286.880 - 0.896ms returns FALSE
T3260 326:394.144 JLINK_IsHalted()
T3260 326:395.072 - 0.960ms returns FALSE
T3260 326:395.072 JLINK_IsHalted()
T3260 326:395.968 - 0.851ms returns FALSE
T3260 326:503.104 JLINK_IsHalted()
T3260 326:503.872 - 0.773ms returns FALSE
T3260 326:503.872 JLINK_IsHalted()
T3260 326:504.512 - 0.635ms returns FALSE
T3260 326:612.832 JLINK_IsHalted()
T3260 326:613.600 - 0.765ms returns FALSE
T3260 326:613.600 JLINK_IsHalted()
T3260 326:614.432 - 0.812ms returns FALSE
T3260 326:722.304 JLINK_IsHalted()
T3260 326:723.008 - 0.714ms returns FALSE
T3260 326:723.008 JLINK_IsHalted()
T3260 326:723.712 - 0.668ms returns FALSE
T3260 326:832.096 JLINK_IsHalted()
T3260 326:833.024 - 0.920ms returns FALSE
T3260 326:833.056 JLINK_IsHalted()
T3260 326:833.792 - 0.733ms returns FALSE
T3260 326:941.568 JLINK_IsHalted()
T3260 326:942.624 - 1.051ms returns FALSE
T3260 326:942.656 JLINK_IsHalted()
T3260 326:943.456 - 0.827ms returns FALSE
T3260 327:050.560 JLINK_IsHalted()
T3260 327:051.328 - 0.758ms returns FALSE
T3260 327:051.328 JLINK_IsHalted()
T3260 327:052.032 - 0.674ms returns FALSE
T3260 327:159.456 JLINK_IsHalted()
T3260 327:160.384 - 0.903ms returns FALSE
T3260 327:160.384 JLINK_IsHalted()
T3260 327:161.280 - 0.916ms returns FALSE
T87C0 327:195.200 JLINK_IsHalted()
T87C0 327:195.968 - 0.791ms returns FALSE
T87C0 327:195.968 JLINK_IsHalted()
T87C0 327:196.832 - 0.843ms returns FALSE
T3260 327:269.280 JLINK_IsHalted()
T3260 327:270.240 - 0.990ms returns FALSE
T3260 327:270.272 JLINK_IsHalted()
T3260 327:271.168 - 0.915ms returns FALSE
T3260 327:378.144 JLINK_IsHalted()
T3260 327:379.072 - 0.942ms returns FALSE
T3260 327:379.104 JLINK_IsHalted()
T3260 327:379.872 - 0.769ms returns FALSE
T3260 327:488.320 JLINK_IsHalted()
T3260 327:489.024 - 0.690ms returns FALSE
T3260 327:489.024 JLINK_IsHalted()
T3260 327:489.696 - 0.655ms returns FALSE
T3260 327:597.248 JLINK_IsHalted()
T3260 327:598.208 - 0.954ms returns FALSE
T3260 327:598.208 JLINK_IsHalted()
T3260 327:599.104 - 0.878ms returns FALSE
T3260 327:706.496 JLINK_IsHalted()
T3260 327:707.328 - 0.843ms returns FALSE
T3260 327:707.328 JLINK_IsHalted()
T3260 327:708.032 - 0.687ms returns FALSE
T3260 327:816.512 JLINK_IsHalted()
T3260 327:817.504 - 0.962ms returns FALSE
T3260 327:817.504 JLINK_IsHalted()
T3260 327:818.464 - 0.964ms returns FALSE
T3260 327:925.312 JLINK_IsHalted()
T3260 327:926.176 - 0.861ms returns FALSE
T3260 327:926.176 JLINK_IsHalted()
T3260 327:927.040 - 0.849ms returns FALSE
T3260 328:035.104 JLINK_IsHalted()
T3260 328:035.904 - 0.806ms returns FALSE
T3260 328:035.904 JLINK_IsHalted()
T3260 328:036.576 - 0.677ms returns FALSE
T3260 328:143.936 JLINK_IsHalted()
T3260 328:144.800 - 0.865ms returns FALSE
T3260 328:144.800 JLINK_IsHalted()
T3260 328:145.728 - 0.923ms returns FALSE
T87C0 328:196.896 JLINK_IsHalted()
T87C0 328:197.728 - 0.852ms returns FALSE
T87C0 328:197.728 JLINK_IsHalted()
T87C0 328:198.592 - 0.854ms returns FALSE
T3260 328:254.016 JLINK_IsHalted()
T3260 328:255.072 - 1.044ms returns FALSE
T3260 328:255.072 JLINK_IsHalted()
T3260 328:255.904 - 0.814ms returns FALSE
T3260 328:363.072 JLINK_IsHalted()
T3260 328:363.904 - 0.822ms returns FALSE
T3260 328:363.904 JLINK_IsHalted()
T3260 328:364.608 - 0.704ms returns FALSE
T3260 328:472.128 JLINK_IsHalted()
T3260 328:473.024 - 0.902ms returns FALSE
T3260 328:473.056 JLINK_IsHalted()
T3260 328:473.824 - 0.761ms returns FALSE
T3260 328:581.312 JLINK_IsHalted()
T3260 328:582.368 - 1.049ms returns FALSE
T3260 328:582.368 JLINK_IsHalted()
T3260 328:583.200 - 0.807ms returns FALSE
T3260 328:691.520 JLINK_IsHalted()
T3260 328:692.224 - 0.688ms returns FALSE
T3260 328:692.224 JLINK_IsHalted()
T3260 328:692.864 - 0.625ms returns FALSE
T3260 328:800.224 JLINK_IsHalted()
T3260 328:801.024 - 0.768ms returns FALSE
T3260 328:801.024 JLINK_IsHalted()
T3260 328:801.728 - 0.712ms returns FALSE
T3260 328:909.632 JLINK_IsHalted()
T3260 328:910.560 - 0.930ms returns FALSE
T3260 328:910.592 JLINK_IsHalted()
T3260 328:911.520 - 0.929ms returns FALSE
T3260 329:020.096 JLINK_IsHalted()
T3260 329:021.024 - 0.908ms returns FALSE
T3260 329:021.024 JLINK_IsHalted()
T3260 329:021.824 - 0.797ms returns FALSE
T3260 329:128.960 JLINK_IsHalted()
T3260 329:129.856 - 0.905ms returns FALSE
T3260 329:129.888 JLINK_IsHalted()
T3260 329:130.720 - 0.832ms returns FALSE
T87C0 329:198.656 JLINK_IsHalted()
T87C0 329:199.552 - 0.897ms returns FALSE
T87C0 329:199.552 JLINK_IsHalted()
T87C0 329:200.448 - 0.886ms returns FALSE
T3260 329:237.696 JLINK_IsHalted()
T3260 329:238.720 - 1.044ms returns FALSE
T3260 329:238.720 JLINK_IsHalted()
T3260 329:239.616 - 0.887ms returns FALSE
T3260 329:347.424 JLINK_IsHalted()
T3260 329:348.416 - 0.983ms returns FALSE
T3260 329:348.416 JLINK_IsHalted()
T3260 329:349.184 - 0.765ms returns FALSE
T3260 329:456.832 JLINK_IsHalted()
T3260 329:457.600 - 0.796ms returns FALSE
T3260 329:457.632 JLINK_IsHalted()
T3260 329:458.368 - 0.725ms returns FALSE
T3260 329:565.760 JLINK_IsHalted()
T3260 329:566.720 - 0.960ms returns FALSE
T3260 329:566.720 JLINK_IsHalted()
T3260 329:567.648 - 0.902ms returns FALSE
T3260 329:675.040 JLINK_IsHalted()
T3260 329:675.904 - 0.863ms returns FALSE
T3260 329:675.904 JLINK_IsHalted()
T3260 329:676.736 - 0.827ms returns FALSE
T3260 329:784.896 JLINK_IsHalted()
T3260 329:785.696 - 0.800ms returns FALSE
T3260 329:785.696 JLINK_IsHalted()
T3260 329:786.400 - 0.691ms returns FALSE
T3260 329:895.168 JLINK_IsHalted()
T3260 329:896.192 - 1.011ms returns FALSE
T3260 329:896.192 JLINK_IsHalted()
T3260 329:897.056 - 0.855ms returns FALSE
T3260 330:003.488 JLINK_IsHalted()
T3260 330:004.480 - 1.006ms returns FALSE
T3260 330:004.480 JLINK_IsHalted()
T3260 330:005.312 - 0.821ms returns FALSE
T3260 330:112.544 JLINK_IsHalted()
T3260 330:113.440 - 0.898ms returns FALSE
T3260 330:113.472 JLINK_IsHalted()
T3260 330:114.176 - 0.713ms returns FALSE
T87C0 330:201.152 JLINK_IsHalted()
T87C0 330:202.176 - 1.016ms returns FALSE
T87C0 330:202.176 JLINK_IsHalted()
T87C0 330:203.104 - 0.922ms returns FALSE
T3260 330:222.368 JLINK_IsHalted()
T3260 330:223.168 - 0.812ms returns FALSE
T3260 330:223.168 JLINK_IsHalted()
T3260 330:223.936 - 0.757ms returns FALSE
T3260 330:331.360 JLINK_IsHalted()
T3260 330:332.320 - 0.935ms returns FALSE
T3260 330:332.320 JLINK_IsHalted()
T3260 330:333.152 - 0.838ms returns FALSE
T3260 330:441.280 JLINK_IsHalted()
T3260 330:442.304 - 0.999ms returns FALSE
T3260 330:442.336 JLINK_IsHalted()
T3260 330:443.328 - 1.000ms returns FALSE
T3260 330:549.984 JLINK_IsHalted()
T3260 330:550.912 - 0.910ms returns FALSE
T3260 330:550.912 JLINK_IsHalted()
T3260 330:551.872 - 0.986ms returns FALSE
T3260 330:659.392 JLINK_IsHalted()
T3260 330:660.096 - 0.708ms returns FALSE
T3260 330:660.128 JLINK_IsHalted()
T3260 330:660.800 - 0.672ms returns FALSE
T3260 330:769.376 JLINK_IsHalted()
T3260 330:770.336 - 0.930ms returns FALSE
T3260 330:770.336 JLINK_IsHalted()
T3260 330:771.168 - 0.846ms returns FALSE
T3260 330:878.560 JLINK_IsHalted()
T3260 330:879.488 - 0.902ms returns FALSE
T3260 330:879.488 JLINK_IsHalted()
T3260 330:880.224 - 0.757ms returns FALSE
T3260 330:988.480 JLINK_IsHalted()
T3260 330:989.312 - 0.842ms returns FALSE
T3260 330:989.344 JLINK_IsHalted()
T3260 330:990.144 - 0.834ms returns FALSE
T3260 331:097.760 JLINK_IsHalted()
T3260 331:098.816 - 1.073ms returns FALSE
T3260 331:098.816 JLINK_IsHalted()
T3260 331:099.744 - 0.927ms returns FALSE
T87C0 331:203.648 JLINK_IsHalted()
T87C0 331:204.704 - 1.032ms returns FALSE
T87C0 331:204.704 JLINK_IsHalted()
T87C0 331:205.728 - 1.001ms returns FALSE
T3260 331:206.208 JLINK_IsHalted()
T3260 331:207.200 - 0.963ms returns FALSE
T3260 331:207.232 JLINK_IsHalted()
T3260 331:207.936 - 0.682ms returns FALSE
T3260 331:316.160 JLINK_IsHalted()
T3260 331:317.088 - 0.926ms returns FALSE
T3260 331:317.088 JLINK_IsHalted()
T3260 331:317.984 - 0.887ms returns FALSE
T3260 331:425.632 JLINK_IsHalted()
T3260 331:426.624 - 0.969ms returns FALSE
T3260 331:426.624 JLINK_IsHalted()
T3260 331:427.584 - 0.971ms returns FALSE
T3260 331:534.912 JLINK_IsHalted()
T3260 331:535.584 - 0.669ms returns FALSE
T3260 331:535.616 JLINK_IsHalted()
T3260 331:536.256 - 0.640ms returns FALSE
T3260 331:644.320 JLINK_IsHalted()
T3260 331:645.120 - 0.821ms returns FALSE
T3260 331:645.120 JLINK_IsHalted()
T3260 331:645.920 - 0.797ms returns FALSE
T3260 331:753.184 JLINK_IsHalted()
T3260 331:754.176 - 0.989ms returns FALSE
T3260 331:754.176 JLINK_IsHalted()
T3260 331:755.104 - 0.924ms returns FALSE
T3260 331:863.296 JLINK_IsHalted()
T3260 331:864.128 - 0.845ms returns FALSE
T3260 331:864.160 JLINK_IsHalted()
T3260 331:864.896 - 0.757ms returns FALSE
T3260 331:972.640 JLINK_IsHalted()
T3260 331:973.472 - 0.853ms returns FALSE
T3260 331:973.472 JLINK_IsHalted()
T3260 331:974.368 - 0.893ms returns FALSE
T3260 332:081.440 JLINK_IsHalted()
T3260 332:082.496 - 1.037ms returns FALSE
T3260 332:082.496 JLINK_IsHalted()
T3260 332:083.392 - 0.920ms returns FALSE
T3260 332:190.784 JLINK_IsHalted()
T3260 332:191.712 - 0.913ms returns FALSE
T3260 332:191.712 JLINK_IsHalted()
T3260 332:192.576 - 0.869ms returns FALSE
T87C0 332:206.272 JLINK_IsHalted()
T87C0 332:207.168 - 0.888ms returns FALSE
T87C0 332:207.200 JLINK_IsHalted()
T87C0 332:208.064 - 0.868ms returns FALSE
T3260 332:300.160 JLINK_IsHalted()
T3260 332:300.992 - 0.815ms returns FALSE
T3260 332:300.992 JLINK_IsHalted()
T3260 332:301.664 - 0.696ms returns FALSE
T3260 332:410.304 JLINK_IsHalted()
T3260 332:411.200 - 0.938ms returns FALSE
T3260 332:411.232 JLINK_IsHalted()
T3260 332:412.128 - 0.889ms returns FALSE
T3260 332:519.136 JLINK_IsHalted()
T3260 332:519.904 - 0.752ms returns FALSE
T3260 332:519.904 JLINK_IsHalted()
T3260 332:520.608 - 0.678ms returns FALSE
T3260 332:628.896 JLINK_IsHalted()
T3260 332:629.728 - 0.830ms returns FALSE
T3260 332:629.728 JLINK_IsHalted()
T3260 332:630.560 - 0.817ms returns FALSE
T3260 332:738.400 JLINK_IsHalted()
T3260 332:739.264 - 0.854ms returns FALSE
T3260 332:739.264 JLINK_IsHalted()
T3260 332:740.032 - 0.786ms returns FALSE
T3260 332:847.328 JLINK_IsHalted()
T3260 332:848.160 - 0.836ms returns FALSE
T3260 332:848.192 JLINK_IsHalted()
T3260 332:848.896 - 0.736ms returns FALSE
T3260 332:956.256 JLINK_IsHalted()
T3260 332:957.152 - 0.873ms returns FALSE
T3260 332:957.152 JLINK_IsHalted()
T3260 332:957.984 - 0.831ms returns FALSE
T3260 333:066.560 JLINK_IsHalted()
T3260 333:067.584 - 1.026ms returns FALSE
T3260 333:067.584 JLINK_IsHalted()
T3260 333:068.352 - 0.758ms returns FALSE
T3260 333:175.488 JLINK_IsHalted()
T3260 333:176.416 - 0.959ms returns FALSE
T3260 333:176.416 JLINK_IsHalted()
T3260 333:177.344 - 0.899ms returns FALSE
T87C0 333:208.384 JLINK_IsHalted()
T87C0 333:209.376 - 1.001ms returns FALSE
T87C0 333:209.408 JLINK_IsHalted()
T87C0 333:210.304 - 0.902ms returns FALSE
T3260 333:285.312 JLINK_IsHalted()
T3260 333:286.048 - 0.725ms returns FALSE
T3260 333:286.048 JLINK_IsHalted()
T3260 333:286.720 - 0.677ms returns FALSE
T3260 333:394.656 JLINK_IsHalted()
T3260 333:395.680 - 1.006ms returns FALSE
T3260 333:395.680 JLINK_IsHalted()
T3260 333:396.608 - 0.929ms returns FALSE
T3260 333:503.424 JLINK_IsHalted()
T3260 333:504.384 - 0.978ms returns FALSE
T3260 333:504.416 JLINK_IsHalted()
T3260 333:505.472 - 1.044ms returns FALSE
T3260 333:612.544 JLINK_IsHalted()
T3260 333:613.248 - 0.732ms returns FALSE
T3260 333:613.280 JLINK_IsHalted()
T3260 333:614.080 - 0.793ms returns FALSE
T3260 333:721.920 JLINK_IsHalted()
T3260 333:722.944 - 0.993ms returns FALSE
T3260 333:722.944 JLINK_IsHalted()
T3260 333:723.776 - 0.827ms returns FALSE
T3260 333:831.360 JLINK_IsHalted()
T3260 333:832.224 - 0.880ms returns FALSE
T3260 333:832.256 JLINK_IsHalted()
T3260 333:832.992 - 0.742ms returns FALSE
T3260 333:941.088 JLINK_IsHalted()
T3260 333:941.888 - 0.800ms returns FALSE
T3260 333:941.888 JLINK_IsHalted()
T3260 333:942.688 - 0.780ms returns FALSE
T3260 334:050.304 JLINK_IsHalted()
T3260 334:051.328 - 1.025ms returns FALSE
T3260 334:051.360 JLINK_IsHalted()
T3260 334:052.384 - 1.015ms returns FALSE
T3260 334:159.968 JLINK_IsHalted()
T3260 334:160.704 - 0.717ms returns FALSE
T3260 334:160.704 JLINK_IsHalted()
T3260 334:161.408 - 0.690ms returns FALSE
T87C0 334:211.360 JLINK_IsHalted()
T87C0 334:212.416 - 1.051ms returns FALSE
T87C0 334:212.416 JLINK_IsHalted()
T87C0 334:213.312 - 0.869ms returns FALSE
T3260 334:268.736 JLINK_IsHalted()
T3260 334:269.504 - 0.775ms returns FALSE
T3260 334:269.504 JLINK_IsHalted()
T3260 334:270.336 - 0.834ms returns FALSE
T3260 334:378.304 JLINK_IsHalted()
T3260 334:379.200 - 0.913ms returns FALSE
T3260 334:379.200 JLINK_IsHalted()
T3260 334:379.968 - 0.755ms returns FALSE
T3260 334:487.712 JLINK_IsHalted()
T3260 334:488.704 - 0.980ms returns FALSE
T3260 334:488.704 JLINK_IsHalted()
T3260 334:489.472 - 0.772ms returns FALSE
T3260 334:597.568 JLINK_IsHalted()
T3260 334:598.432 - 0.836ms returns FALSE
T3260 334:598.432 JLINK_IsHalted()
T3260 334:599.232 - 0.823ms returns FALSE
T3260 334:706.240 JLINK_IsHalted()
T3260 334:707.168 - 0.939ms returns FALSE
T3260 334:707.168 JLINK_IsHalted()
T3260 334:708.000 - 0.810ms returns FALSE
T3260 334:816.576 JLINK_IsHalted()
T3260 334:817.408 - 0.819ms returns FALSE
T3260 334:817.440 JLINK_IsHalted()
T3260 334:818.208 - 0.778ms returns FALSE
T3260 334:925.568 JLINK_IsHalted()
T3260 334:926.464 - 0.909ms returns FALSE
T3260 334:926.496 JLINK_IsHalted()
T3260 334:927.360 - 0.871ms returns FALSE
T3260 335:034.560 JLINK_IsHalted()
T3260 335:035.392 - 0.837ms returns FALSE
T3260 335:035.392 JLINK_IsHalted()
T3260 335:036.352 - 0.964ms returns FALSE
T3260 335:143.904 JLINK_IsHalted()
T3260 335:144.736 - 0.821ms returns FALSE
T3260 335:144.736 JLINK_IsHalted()
T3260 335:145.440 - 0.704ms returns FALSE
T87C0 335:213.536 JLINK_IsHalted()
T87C0 335:214.400 - 0.874ms returns FALSE
T87C0 335:214.432 JLINK_IsHalted()
T87C0 335:215.168 - 0.743ms returns FALSE
T3260 335:253.312 JLINK_IsHalted()
T3260 335:254.272 - 0.958ms returns FALSE
T3260 335:254.304 JLINK_IsHalted()
T3260 335:255.200 - 0.910ms returns FALSE
T3260 335:362.656 JLINK_IsHalted()
T3260 335:363.520 - 0.855ms returns FALSE
T3260 335:363.520 JLINK_IsHalted()
T3260 335:364.320 - 0.813ms returns FALSE
T3260 335:472.416 JLINK_IsHalted()
T3260 335:473.120 - 0.717ms returns FALSE
T3260 335:473.120 JLINK_IsHalted()
T3260 335:473.792 - 0.659ms returns FALSE
T3260 335:582.112 JLINK_IsHalted()
T3260 335:583.104 - 1.002ms returns FALSE
T3260 335:583.104 JLINK_IsHalted()
T3260 335:583.936 - 0.844ms returns FALSE
T3260 335:691.584 JLINK_IsHalted()
T3260 335:692.416 - 0.827ms returns FALSE
T3260 335:692.448 JLINK_IsHalted()
T3260 335:693.216 - 0.780ms returns FALSE
T3260 335:800.320 JLINK_IsHalted()
T3260 335:801.056 - 0.736ms returns FALSE
T3260 335:801.056 JLINK_IsHalted()
T3260 335:801.792 - 0.717ms returns FALSE
T3260 335:909.856 JLINK_IsHalted()
T3260 335:910.752 - 0.884ms returns FALSE
T3260 335:910.752 JLINK_IsHalted()
T3260 335:911.712 - 0.932ms returns FALSE
T3260 336:019.616 JLINK_IsHalted()
T3260 336:020.448 - 0.856ms returns FALSE
T3260 336:020.448 JLINK_IsHalted()
T3260 336:021.248 - 0.784ms returns FALSE
T3260 336:129.024 JLINK_IsHalted()
T3260 336:129.664 - 0.637ms returns FALSE
T3260 336:129.664 JLINK_IsHalted()
T3260 336:130.400 - 0.745ms returns FALSE
T87C0 336:215.616 JLINK_IsHalted()
T87C0 336:216.640 - 1.025ms returns FALSE
T87C0 336:216.640 JLINK_IsHalted()
T87C0 336:217.568 - 0.944ms returns FALSE
T3260 336:237.888 JLINK_IsHalted()
T3260 336:238.848 - 0.946ms returns FALSE
T3260 336:238.848 JLINK_IsHalted()
T3260 336:239.712 - 0.861ms returns FALSE
T3260 336:348.320 JLINK_IsHalted()
T3260 336:349.088 - 0.765ms returns FALSE
T3260 336:349.088 JLINK_IsHalted()
T3260 336:349.760 - 0.701ms returns FALSE
T3260 336:456.288 JLINK_IsHalted()
T3260 336:457.248 - 0.966ms returns FALSE
T3260 336:457.280 JLINK_IsHalted()
T3260 336:458.048 - 0.813ms returns FALSE
T3260 336:565.696 JLINK_IsHalted()
T3260 336:566.816 - 1.108ms returns FALSE
T3260 336:566.848 JLINK_IsHalted()
T3260 336:567.744 - 0.925ms returns FALSE
T3260 336:675.936 JLINK_IsHalted()
T3260 336:676.896 - 0.953ms returns FALSE
T3260 336:676.928 JLINK_IsHalted()
T3260 336:677.856 - 0.965ms returns FALSE
T3260 336:785.088 JLINK_IsHalted()
T3260 336:785.920 - 0.818ms returns FALSE
T3260 336:785.920 JLINK_IsHalted()
T3260 336:786.688 - 0.764ms returns FALSE
T3260 336:894.016 JLINK_IsHalted()
T3260 336:894.912 - 0.896ms returns FALSE
T3260 336:894.912 JLINK_IsHalted()
T3260 336:895.712 - 0.784ms returns FALSE
T3260 337:004.352 JLINK_IsHalted()
T3260 337:005.280 - 0.916ms returns FALSE
T3260 337:005.280 JLINK_IsHalted()
T3260 337:006.144 - 0.866ms returns FALSE
T3260 337:112.768 JLINK_IsHalted()
T3260 337:113.600 - 0.819ms returns FALSE
T3260 337:113.632 JLINK_IsHalted()
T3260 337:114.432 - 0.802ms returns FALSE
T87C0 337:218.272 JLINK_IsHalted()
T87C0 337:219.488 - 1.187ms returns FALSE
T87C0 337:219.488 JLINK_IsHalted()
T87C0 337:220.384 - 0.902ms returns FALSE
T3260 337:222.368 JLINK_IsHalted()
T3260 337:223.296 - 0.933ms returns FALSE
T3260 337:223.328 JLINK_IsHalted()
T3260 337:224.128 - 0.806ms returns FALSE
T3260 337:331.776 JLINK_IsHalted()
T3260 337:332.608 - 0.820ms returns FALSE
T3260 337:332.640 JLINK_IsHalted()
T3260 337:333.344 - 0.734ms returns FALSE
T3260 337:441.280 JLINK_IsHalted()
T3260 337:442.240 - 0.971ms returns FALSE
T3260 337:442.272 JLINK_IsHalted()
T3260 337:443.168 - 0.893ms returns FALSE
T3260 337:550.272 JLINK_IsHalted()
T3260 337:551.040 - 0.748ms returns FALSE
T3260 337:551.040 JLINK_IsHalted()
T3260 337:551.680 - 0.647ms returns FALSE
T3260 337:660.576 JLINK_IsHalted()
T3260 337:661.344 - 0.775ms returns FALSE
T3260 337:661.376 JLINK_IsHalted()
T3260 337:662.016 - 0.686ms returns FALSE
T3260 337:769.664 JLINK_IsHalted()
T3260 337:770.752 - 1.090ms returns FALSE
T3260 337:770.784 JLINK_IsHalted()
T3260 337:771.616 - 0.854ms returns FALSE
T3260 337:878.144 JLINK_IsHalted()
T3260 337:878.880 - 0.733ms returns FALSE
T3260 337:878.880 JLINK_IsHalted()
T3260 337:879.616 - 0.699ms returns FALSE
T3260 337:987.616 JLINK_IsHalted()
T3260 337:988.416 - 0.829ms returns FALSE
T3260 337:988.448 JLINK_IsHalted()
T3260 337:989.216 - 0.762ms returns FALSE
T3260 338:097.472 JLINK_IsHalted()
T3260 338:098.432 - 0.952ms returns FALSE
T3260 338:098.464 JLINK_IsHalted()
T3260 338:099.264 - 0.817ms returns FALSE
T3260 338:206.656 JLINK_IsHalted()
T3260 338:207.744 - 1.072ms returns FALSE
T3260 338:207.776 JLINK_IsHalted()
T3260 338:208.704 - 0.943ms returns FALSE
T87C0 338:220.608 JLINK_IsHalted()
T87C0 338:221.504 - 0.898ms returns FALSE
T87C0 338:221.504 JLINK_IsHalted()
T87C0 338:222.400 - 0.894ms returns FALSE
T3260 338:316.480 JLINK_IsHalted()
T3260 338:317.312 - 0.854ms returns FALSE
T3260 338:317.344 JLINK_IsHalted()
T3260 338:318.048 - 0.739ms returns FALSE
T3260 338:425.632 JLINK_IsHalted()
T3260 338:426.688 - 1.088ms returns FALSE
T3260 338:426.720 JLINK_IsHalted()
T3260 338:427.584 - 0.884ms returns FALSE
T3260 338:535.360 JLINK_IsHalted()
T3260 338:536.256 - 0.868ms returns FALSE
T3260 338:536.256 JLINK_IsHalted()
T3260 338:537.120 - 0.870ms returns FALSE
T3260 338:644.320 JLINK_IsHalted()
T3260 338:645.184 - 0.877ms returns FALSE
T3260 338:645.184 JLINK_IsHalted()
T3260 338:645.984 - 0.791ms returns FALSE
T3260 338:753.184 JLINK_IsHalted()
T3260 338:753.984 - 0.814ms returns FALSE
T3260 338:753.984 JLINK_IsHalted()
T3260 338:754.816 - 0.826ms returns FALSE
T3260 338:862.528 JLINK_IsHalted()
T3260 338:863.328 - 0.790ms returns FALSE
T3260 338:863.328 JLINK_IsHalted()
T3260 338:864.032 - 0.695ms returns FALSE
T3260 338:972.224 JLINK_IsHalted()
T3260 338:972.960 - 0.749ms returns FALSE
T3260 338:972.992 JLINK_IsHalted()
T3260 338:973.760 - 0.774ms returns FALSE
T3260 339:081.504 JLINK_IsHalted()
T3260 339:082.432 - 0.930ms returns FALSE
T3260 339:082.432 JLINK_IsHalted()
T3260 339:083.264 - 0.823ms returns FALSE
T3260 339:191.520 JLINK_IsHalted()
T3260 339:192.352 - 0.819ms returns FALSE
T3260 339:192.384 JLINK_IsHalted()
T3260 339:193.120 - 0.748ms returns FALSE
T87C0 339:223.808 JLINK_IsHalted()
T87C0 339:224.672 - 0.868ms returns FALSE
T87C0 339:224.672 JLINK_IsHalted()
T87C0 339:225.536 - 0.839ms returns FALSE
T3260 339:300.672 JLINK_IsHalted()
T3260 339:301.376 - 0.708ms returns FALSE
T3260 339:301.376 JLINK_IsHalted()
T3260 339:302.080 - 0.694ms returns FALSE
T3260 339:409.568 JLINK_IsHalted()
T3260 339:410.496 - 0.969ms returns FALSE
T3260 339:410.528 JLINK_IsHalted()
T3260 339:411.424 - 0.917ms returns FALSE
T3260 339:519.520 JLINK_IsHalted()
T3260 339:520.224 - 0.702ms returns FALSE
T3260 339:520.224 JLINK_IsHalted()
T3260 339:520.960 - 0.717ms returns FALSE
T3260 339:628.416 JLINK_IsHalted()
T3260 339:629.376 - 0.957ms returns FALSE
T3260 339:629.376 JLINK_IsHalted()
T3260 339:630.464 - 1.083ms returns FALSE
T3260 339:738.240 JLINK_IsHalted()
T3260 339:739.168 - 0.922ms returns FALSE
T3260 339:739.168 JLINK_IsHalted()
T3260 339:740.064 - 0.889ms returns FALSE
T3260 339:847.488 JLINK_IsHalted()
T3260 339:848.320 - 0.842ms returns FALSE
T3260 339:848.352 JLINK_IsHalted()
T3260 339:849.216 - 0.879ms returns FALSE
T3260 339:956.864 JLINK_IsHalted()
T3260 339:957.600 - 0.737ms returns FALSE
T3260 339:957.600 JLINK_IsHalted()
T3260 339:958.464 - 0.862ms returns FALSE
T3260 340:066.624 JLINK_IsHalted()
T3260 340:067.616 - 1.007ms returns FALSE
T3260 340:067.616 JLINK_IsHalted()
T3260 340:068.544 - 0.937ms returns FALSE
T3260 340:174.976 JLINK_IsHalted()
T3260 340:175.808 - 0.835ms returns FALSE
T3260 340:175.808 JLINK_IsHalted()
T3260 340:176.704 - 0.881ms returns FALSE
T87C0 340:225.472 JLINK_IsHalted()
T87C0 340:226.368 - 0.914ms returns FALSE
T87C0 340:226.368 JLINK_IsHalted()
T87C0 340:227.264 - 0.866ms returns FALSE
T3260 340:284.736 JLINK_IsHalted()
T3260 340:285.696 - 0.970ms returns FALSE
T3260 340:285.728 JLINK_IsHalted()
T3260 340:286.560 - 0.842ms returns FALSE
T3260 340:394.176 JLINK_IsHalted()
T3260 340:395.136 - 0.970ms returns FALSE
T3260 340:395.136 JLINK_IsHalted()
T3260 340:396.032 - 0.886ms returns FALSE
T3260 340:503.520 JLINK_IsHalted()
T3260 340:504.256 - 0.749ms returns FALSE
T3260 340:504.256 JLINK_IsHalted()
T3260 340:504.896 - 0.636ms returns FALSE
T3260 340:612.768 JLINK_IsHalted()
T3260 340:613.504 - 0.756ms returns FALSE
T3260 340:613.536 JLINK_IsHalted()
T3260 340:614.272 - 0.740ms returns FALSE
T3260 340:721.952 JLINK_IsHalted()
T3260 340:722.976 - 1.002ms returns FALSE
T3260 340:722.976 JLINK_IsHalted()
T3260 340:723.840 - 0.875ms returns FALSE
T3260 340:831.296 JLINK_IsHalted()
T3260 340:832.320 - 1.026ms returns FALSE
T3260 340:832.352 JLINK_IsHalted()
T3260 340:833.312 - 0.958ms returns FALSE
T3260 340:940.896 JLINK_IsHalted()
T3260 340:941.792 - 0.898ms returns FALSE
T3260 340:941.792 JLINK_IsHalted()
T3260 340:942.528 - 0.739ms returns FALSE
T3260 341:050.496 JLINK_IsHalted()
T3260 341:051.488 - 0.988ms returns FALSE
T3260 341:051.488 JLINK_IsHalted()
T3260 341:052.352 - 0.843ms returns FALSE
T3260 341:160.416 JLINK_IsHalted()
T3260 341:161.216 - 0.787ms returns FALSE
T3260 341:161.216 JLINK_IsHalted()
T3260 341:161.952 - 0.734ms returns FALSE
T87C0 341:228.640 JLINK_IsHalted()
T87C0 341:229.504 - 0.824ms returns FALSE
T87C0 341:229.504 JLINK_IsHalted()
T87C0 341:230.176 - 0.693ms returns FALSE
T3260 341:269.088 JLINK_IsHalted()
T3260 341:269.824 - 0.742ms returns FALSE
T3260 341:269.824 JLINK_IsHalted()
T3260 341:270.464 - 0.613ms returns FALSE
T3260 341:378.272 JLINK_IsHalted()
T3260 341:379.360 - 1.079ms returns FALSE
T3260 341:379.392 JLINK_IsHalted()
T3260 341:380.288 - 0.900ms returns FALSE
T3260 341:487.936 JLINK_IsHalted()
T3260 341:488.992 - 1.041ms returns FALSE
T3260 341:488.992 JLINK_IsHalted()
T3260 341:489.984 - 1.002ms returns FALSE
T3260 341:597.408 JLINK_IsHalted()
T3260 341:598.336 - 0.915ms returns FALSE
T3260 341:598.336 JLINK_IsHalted()
T3260 341:599.168 - 0.813ms returns FALSE
T3260 341:707.072 JLINK_IsHalted()
T3260 341:707.840 - 0.771ms returns FALSE
T3260 341:707.872 JLINK_IsHalted()
T3260 341:708.544 - 0.663ms returns FALSE
T3260 341:816.544 JLINK_IsHalted()
T3260 341:817.344 - 0.802ms returns FALSE
T3260 341:817.376 JLINK_IsHalted()
T3260 341:818.080 - 0.715ms returns FALSE
T3260 341:925.504 JLINK_IsHalted()
T3260 341:926.592 - 1.080ms returns FALSE
T3260 341:926.592 JLINK_IsHalted()
T3260 341:927.488 - 0.918ms returns FALSE
T3260 342:034.496 JLINK_IsHalted()
T3260 342:035.488 - 0.982ms returns FALSE
T3260 342:035.488 JLINK_IsHalted()
T3260 342:036.384 - 0.884ms returns FALSE
T3260 342:143.840 JLINK_IsHalted()
T3260 342:144.768 - 0.908ms returns FALSE
T3260 342:144.768 JLINK_IsHalted()
T3260 342:145.536 - 0.772ms returns FALSE
T87C0 342:230.048 JLINK_IsHalted()
T87C0 342:231.040 - 0.987ms returns FALSE
T87C0 342:231.040 JLINK_IsHalted()
T87C0 342:231.840 - 0.791ms returns FALSE
T3260 342:253.792 JLINK_IsHalted()
T3260 342:254.784 - 0.988ms returns FALSE
T3260 342:254.784 JLINK_IsHalted()
T3260 342:255.680 - 0.891ms returns FALSE
T3260 342:363.360 JLINK_IsHalted()
T3260 342:364.192 - 0.811ms returns FALSE
T3260 342:364.192 JLINK_IsHalted()
T3260 342:364.992 - 0.802ms returns FALSE
T3260 342:472.320 JLINK_IsHalted()
T3260 342:473.248 - 0.924ms returns FALSE
T3260 342:473.280 JLINK_IsHalted()
T3260 342:474.208 - 0.957ms returns FALSE
T3260 342:582.048 JLINK_IsHalted()
T3260 342:582.944 - 0.878ms returns FALSE
T3260 342:582.944 JLINK_IsHalted()
T3260 342:583.744 - 0.777ms returns FALSE
T3260 342:691.392 JLINK_IsHalted()
T3260 342:692.416 - 1.003ms returns FALSE
T3260 342:692.416 JLINK_IsHalted()
T3260 342:693.280 - 0.847ms returns FALSE
T3260 342:800.768 JLINK_IsHalted()
T3260 342:801.504 - 0.747ms returns FALSE
T3260 342:801.536 JLINK_IsHalted()
T3260 342:802.208 - 0.662ms returns FALSE
T3260 342:909.664 JLINK_IsHalted()
T3260 342:910.720 - 1.048ms returns FALSE
T3260 342:910.752 JLINK_IsHalted()
T3260 342:911.680 - 0.964ms returns FALSE
T3260 343:019.456 JLINK_IsHalted()
T3260 343:020.352 - 0.884ms returns FALSE
T3260 343:020.352 JLINK_IsHalted()
T3260 343:021.152 - 0.810ms returns FALSE
T3260 343:128.352 JLINK_IsHalted()
T3260 343:129.216 - 0.872ms returns FALSE
T3260 343:129.216 JLINK_IsHalted()
T3260 343:130.016 - 0.789ms returns FALSE
T87C0 343:232.160 JLINK_IsHalted()
T87C0 343:232.992 - 0.845ms returns FALSE
T87C0 343:233.024 JLINK_IsHalted()
T87C0 343:233.856 - 0.827ms returns FALSE
T3260 343:237.920 JLINK_IsHalted()
T3260 343:238.848 - 0.910ms returns FALSE
T3260 343:238.848 JLINK_IsHalted()
T3260 343:239.680 - 0.844ms returns FALSE
T3260 343:347.328 JLINK_IsHalted()
T3260 343:348.320 - 1.003ms returns FALSE
T3260 343:348.352 JLINK_IsHalted()
T3260 343:349.280 - 0.934ms returns FALSE
T3260 343:456.576 JLINK_IsHalted()
T3260 343:457.216 - 0.660ms returns FALSE
T3260 343:457.216 JLINK_IsHalted()
T3260 343:457.856 - 0.610ms returns FALSE
T3260 343:566.368 JLINK_IsHalted()
T3260 343:567.200 - 0.858ms returns FALSE
T3260 343:567.200 JLINK_IsHalted()
T3260 343:567.936 - 0.727ms returns FALSE
T3260 343:675.328 JLINK_IsHalted()
T3260 343:676.160 - 0.811ms returns FALSE
T3260 343:676.160 JLINK_IsHalted()
T3260 343:676.992 - 0.805ms returns FALSE
T3260 343:785.120 JLINK_IsHalted()
T3260 343:785.984 - 0.868ms returns FALSE
T3260 343:785.984 JLINK_IsHalted()
T3260 343:786.816 - 0.811ms returns FALSE
T3260 343:893.888 JLINK_IsHalted()
T3260 343:894.848 - 0.957ms returns FALSE
T3260 343:894.848 JLINK_IsHalted()
T3260 343:895.744 - 0.876ms returns FALSE
T3260 344:003.360 JLINK_IsHalted()
T3260 344:004.288 - 0.957ms returns FALSE
T3260 344:004.288 JLINK_IsHalted()
T3260 344:005.056 - 0.758ms returns FALSE
T3260 344:112.736 JLINK_IsHalted()
T3260 344:113.536 - 0.776ms returns FALSE
T3260 344:113.536 JLINK_IsHalted()
T3260 344:114.144 - 0.614ms returns FALSE
T3260 344:222.208 JLINK_IsHalted()
T3260 344:223.136 - 0.925ms returns FALSE
T3260 344:223.168 JLINK_IsHalted()
T3260 344:224.032 - 0.886ms returns FALSE
T87C0 344:234.816 JLINK_IsHalted()
T87C0 344:235.744 - 0.943ms returns FALSE
T87C0 344:235.744 JLINK_IsHalted()
T87C0 344:236.736 - 0.968ms returns FALSE
T3260 344:332.576 JLINK_IsHalted()
T3260 344:333.408 - 0.826ms returns FALSE
T3260 344:333.408 JLINK_IsHalted()
T3260 344:334.080 - 0.676ms returns FALSE
T3260 344:441.280 JLINK_IsHalted()
T3260 344:442.048 - 0.773ms returns FALSE
T3260 344:442.048 JLINK_IsHalted()
T3260 344:442.688 - 0.648ms returns FALSE
T3260 344:551.328 JLINK_IsHalted()
T3260 344:552.320 - 0.980ms returns FALSE
T3260 344:552.320 JLINK_IsHalted()
T3260 344:553.280 - 0.942ms returns FALSE
T3260 344:660.224 JLINK_IsHalted()
T3260 344:661.216 - 1.017ms returns FALSE
T3260 344:661.248 JLINK_IsHalted()
T3260 344:662.176 - 0.914ms returns FALSE
T3260 344:769.088 JLINK_IsHalted()
T3260 344:769.920 - 0.841ms returns FALSE
T3260 344:769.952 JLINK_IsHalted()
T3260 344:770.688 - 0.743ms returns FALSE
T3260 344:878.208 JLINK_IsHalted()
T3260 344:879.168 - 0.960ms returns FALSE
T3260 344:879.168 JLINK_IsHalted()
T3260 344:880.064 - 0.875ms returns FALSE
T3260 344:988.576 JLINK_IsHalted()
T3260 344:989.536 - 0.979ms returns FALSE
T3260 344:989.568 JLINK_IsHalted()
T3260 344:990.464 - 0.913ms returns FALSE
T3260 345:097.632 JLINK_IsHalted()
T3260 345:098.560 - 0.916ms returns FALSE
T3260 345:098.592 JLINK_IsHalted()
T3260 345:099.552 - 0.951ms returns FALSE
T3260 345:207.104 JLINK_IsHalted()
T3260 345:208.064 - 0.979ms returns FALSE
T3260 345:208.064 JLINK_IsHalted()
T3260 345:208.992 - 0.910ms returns FALSE
T87C0 345:237.152 JLINK_IsHalted()
T87C0 345:238.080 - 0.954ms returns FALSE
T87C0 345:238.112 JLINK_IsHalted()
T87C0 345:239.040 - 0.943ms returns FALSE
T3260 345:315.936 JLINK_IsHalted()
T3260 345:316.704 - 0.758ms returns FALSE
T3260 345:316.704 JLINK_IsHalted()
T3260 345:317.440 - 0.713ms returns FALSE
T3260 345:425.856 JLINK_IsHalted()
T3260 345:426.592 - 0.716ms returns FALSE
T3260 345:426.592 JLINK_IsHalted()
T3260 345:427.232 - 0.634ms returns FALSE
T3260 345:534.432 JLINK_IsHalted()
T3260 345:535.328 - 0.888ms returns FALSE
T3260 345:535.328 JLINK_IsHalted()
T3260 345:536.192 - 0.875ms returns FALSE
T3260 345:644.192 JLINK_IsHalted()
T3260 345:644.928 - 0.744ms returns FALSE
T3260 345:644.928 JLINK_IsHalted()
T3260 345:645.696 - 0.752ms returns FALSE
T3260 345:753.856 JLINK_IsHalted()
T3260 345:754.752 - 0.890ms returns FALSE
T3260 345:754.752 JLINK_IsHalted()
T3260 345:755.616 - 0.862ms returns FALSE
T3260 345:863.392 JLINK_IsHalted()
T3260 345:864.288 - 0.893ms returns FALSE
T3260 345:864.288 JLINK_IsHalted()
T3260 345:865.024 - 0.736ms returns FALSE
T3260 345:972.832 JLINK_IsHalted()
T3260 345:974.560 - 1.735ms returns FALSE
T3260 345:974.592 JLINK_IsHalted()
T3260 345:975.264 - 0.695ms returns FALSE
T3260 346:081.792 JLINK_IsHalted()
T3260 346:082.624 - 0.831ms returns FALSE
T3260 346:082.624 JLINK_IsHalted()
T3260 346:083.360 - 0.725ms returns FALSE
T3260 346:191.552 JLINK_IsHalted()
T3260 346:192.576 - 0.996ms returns FALSE
T3260 346:192.576 JLINK_IsHalted()
T3260 346:193.472 - 0.895ms returns FALSE
T87C0 346:239.680 JLINK_IsHalted()
T87C0 346:240.608 - 0.937ms returns FALSE
T87C0 346:240.640 JLINK_IsHalted()
T87C0 346:241.568 - 0.916ms returns FALSE
T3260 346:300.448 JLINK_IsHalted()
T3260 346:301.120 - 0.684ms returns FALSE
T3260 346:301.120 JLINK_IsHalted()
T3260 346:301.888 - 0.750ms returns FALSE
T3260 346:409.632 JLINK_IsHalted()
T3260 346:410.304 - 0.713ms returns FALSE
T3260 346:410.336 JLINK_IsHalted()
T3260 346:411.104 - 0.776ms returns FALSE
T3260 346:519.392 JLINK_IsHalted()
T3260 346:520.288 - 0.891ms returns FALSE
T3260 346:520.288 JLINK_IsHalted()
T3260 346:521.056 - 0.771ms returns FALSE
T3260 346:628.448 JLINK_IsHalted()
T3260 346:629.472 - 1.015ms returns FALSE
T3260 346:629.472 JLINK_IsHalted()
T3260 346:630.208 - 0.721ms returns FALSE
T3260 346:738.016 JLINK_IsHalted()
T3260 346:738.816 - 0.800ms returns FALSE
T3260 346:738.816 JLINK_IsHalted()
T3260 346:739.744 - 0.905ms returns FALSE
T3260 346:847.424 JLINK_IsHalted()
T3260 346:848.512 - 1.095ms returns FALSE
T3260 346:848.512 JLINK_IsHalted()
T3260 346:849.472 - 0.963ms returns FALSE
T3260 346:956.736 JLINK_IsHalted()
T3260 346:957.504 - 0.783ms returns FALSE
T3260 346:957.504 JLINK_IsHalted()
T3260 346:958.240 - 0.711ms returns FALSE
T3260 347:065.888 JLINK_IsHalted()
T3260 347:066.912 - 1.020ms returns FALSE
T3260 347:066.912 JLINK_IsHalted()
T3260 347:067.680 - 0.771ms returns FALSE
T3260 347:175.040 JLINK_IsHalted()
T3260 347:175.904 - 0.859ms returns FALSE
T3260 347:175.904 JLINK_IsHalted()
T3260 347:176.832 - 0.925ms returns FALSE
T87C0 347:241.664 JLINK_IsHalted()
T87C0 347:242.816 - 1.108ms returns FALSE
T87C0 347:242.816 JLINK_IsHalted()
T87C0 347:243.776 - 0.964ms returns FALSE
T3260 347:284.448 JLINK_IsHalted()
T3260 347:285.504 - 1.057ms returns FALSE
T3260 347:285.536 JLINK_IsHalted()
T3260 347:286.336 - 0.798ms returns FALSE
T3260 347:394.336 JLINK_IsHalted()
T3260 347:395.296 - 0.969ms returns FALSE
T3260 347:395.360 JLINK_IsHalted()
T3260 347:396.064 - 0.728ms returns FALSE
T3260 347:503.712 JLINK_IsHalted()
T3260 347:504.704 - 0.993ms returns FALSE
T3260 347:504.704 JLINK_IsHalted()
T3260 347:505.600 - 0.861ms returns FALSE
T3260 347:613.792 JLINK_IsHalted()
T3260 347:614.816 - 1.023ms returns FALSE
T3260 347:614.848 JLINK_IsHalted()
T3260 347:615.648 - 0.794ms returns FALSE
T3260 347:722.816 JLINK_IsHalted()
T3260 347:723.840 - 1.051ms returns FALSE
T3260 347:723.840 JLINK_IsHalted()
T3260 347:724.736 - 0.905ms returns FALSE
T3260 347:832.128 JLINK_IsHalted()
T3260 347:833.248 - 1.117ms returns FALSE
T3260 347:833.248 JLINK_IsHalted()
T3260 347:834.144 - 0.907ms returns FALSE
T3260 347:941.312 JLINK_IsHalted()
T3260 347:942.400 - 1.058ms returns FALSE
T3260 347:942.400 JLINK_IsHalted()
T3260 347:943.360 - 0.949ms returns FALSE
T3260 348:050.176 JLINK_IsHalted()
T3260 348:051.104 - 0.916ms returns FALSE
T3260 348:051.104 JLINK_IsHalted()
T3260 348:051.968 - 0.845ms returns FALSE
T3260 348:159.616 JLINK_IsHalted()
T3260 348:160.480 - 0.861ms returns FALSE
T3260 348:160.480 JLINK_IsHalted()
T3260 348:161.312 - 0.823ms returns FALSE
T87C0 348:244.192 JLINK_IsHalted()
T87C0 348:245.088 - 0.904ms returns FALSE
T87C0 348:245.120 JLINK_IsHalted()
T87C0 348:246.016 - 0.902ms returns FALSE
T3260 348:268.896 JLINK_IsHalted()
T3260 348:269.920 - 1.004ms returns FALSE
T3260 348:269.920 JLINK_IsHalted()
T3260 348:270.784 - 0.859ms returns FALSE
T3260 348:378.752 JLINK_IsHalted()
T3260 348:379.648 - 0.907ms returns FALSE
T3260 348:379.680 JLINK_IsHalted()
T3260 348:380.480 - 0.792ms returns FALSE
T3260 348:488.480 JLINK_IsHalted()
T3260 348:489.312 - 0.827ms returns FALSE
T3260 348:489.312 JLINK_IsHalted()
T3260 348:490.240 - 0.903ms returns FALSE
T3260 348:597.152 JLINK_IsHalted()
T3260 348:598.048 - 0.888ms returns FALSE
T3260 348:598.080 JLINK_IsHalted()
T3260 348:598.976 - 0.894ms returns FALSE
T3260 348:706.336 JLINK_IsHalted()
T3260 348:707.264 - 0.938ms returns FALSE
T3260 348:707.264 JLINK_IsHalted()
T3260 348:708.128 - 0.823ms returns FALSE
T3260 348:816.160 JLINK_IsHalted()
T3260 348:817.152 - 1.001ms returns FALSE
T3260 348:817.184 JLINK_IsHalted()
T3260 348:818.112 - 0.960ms returns FALSE
T3260 348:924.992 JLINK_IsHalted()
T3260 348:925.984 - 0.972ms returns FALSE
T3260 348:925.984 JLINK_IsHalted()
T3260 348:926.848 - 0.869ms returns FALSE
T3260 349:034.400 JLINK_IsHalted()
T3260 349:035.264 - 0.872ms returns FALSE
T3260 349:035.264 JLINK_IsHalted()
T3260 349:036.032 - 0.759ms returns FALSE
T3260 349:144.448 JLINK_IsHalted()
T3260 349:145.472 - 1.028ms returns FALSE
T3260 349:145.472 JLINK_IsHalted()
T3260 349:146.304 - 0.835ms returns FALSE
T87C0 349:246.336 JLINK_IsHalted()
T87C0 349:247.168 - 0.823ms returns FALSE
T87C0 349:247.168 JLINK_IsHalted()
T87C0 349:248.000 - 0.834ms returns FALSE
T3260 349:253.952 JLINK_IsHalted()
T3260 349:254.912 - 0.969ms returns FALSE
T3260 349:254.912 JLINK_IsHalted()
T3260 349:255.776 - 0.853ms returns FALSE
T3260 349:362.880 JLINK_IsHalted()
T3260 349:364.000 - 1.096ms returns FALSE
T3260 349:364.000 JLINK_IsHalted()
T3260 349:364.800 - 0.795ms returns FALSE
T3260 349:472.288 JLINK_IsHalted()
T3260 349:473.344 - 1.072ms returns FALSE
T3260 349:473.344 JLINK_IsHalted()
T3260 349:474.240 - 0.883ms returns FALSE
T3260 349:581.344 JLINK_IsHalted()
T3260 349:582.144 - 0.800ms returns FALSE
T3260 349:582.144 JLINK_IsHalted()
T3260 349:582.912 - 0.780ms returns FALSE
T3260 349:691.584 JLINK_IsHalted()
T3260 349:692.544 - 0.955ms returns FALSE
T3260 349:692.544 JLINK_IsHalted()
T3260 349:693.504 - 0.949ms returns FALSE
T3260 349:800.128 JLINK_IsHalted()
T3260 349:800.992 - 0.869ms returns FALSE
T3260 349:801.024 JLINK_IsHalted()
T3260 349:801.792 - 0.795ms returns FALSE
T3260 349:910.080 JLINK_IsHalted()
T3260 349:910.784 - 0.707ms returns FALSE
T3260 349:910.784 JLINK_IsHalted()
T3260 349:911.552 - 0.765ms returns FALSE
T3260 350:019.424 JLINK_IsHalted()
T3260 350:020.448 - 1.011ms returns FALSE
T3260 350:020.448 JLINK_IsHalted()
T3260 350:021.312 - 0.886ms returns FALSE
T3260 350:128.480 JLINK_IsHalted()
T3260 350:129.216 - 0.757ms returns FALSE
T3260 350:129.248 JLINK_IsHalted()
T3260 350:129.920 - 0.684ms returns FALSE
T3260 350:238.336 JLINK_IsHalted()
T3260 350:239.040 - 0.722ms returns FALSE
T3260 350:239.072 JLINK_IsHalted()
T3260 350:239.776 - 0.694ms returns FALSE
T87C0 350:249.184 JLINK_IsHalted()
T87C0 350:249.952 - 0.766ms returns FALSE
T87C0 350:249.952 JLINK_IsHalted()
T87C0 350:250.784 - 0.803ms returns FALSE
T3260 350:347.200 JLINK_IsHalted()
T3260 350:348.128 - 0.950ms returns FALSE
T3260 350:348.128 JLINK_IsHalted()
T3260 350:349.120 - 0.980ms returns FALSE
T3260 350:456.768 JLINK_IsHalted()
T3260 350:457.632 - 0.894ms returns FALSE
T3260 350:457.664 JLINK_IsHalted()
T3260 350:458.464 - 0.823ms returns FALSE
T3260 350:566.272 JLINK_IsHalted()
T3260 350:567.200 - 0.902ms returns FALSE
T3260 350:567.200 JLINK_IsHalted()
T3260 350:568.128 - 0.921ms returns FALSE
T3260 350:675.904 JLINK_IsHalted()
T3260 350:676.704 - 0.814ms returns FALSE
T3260 350:676.704 JLINK_IsHalted()
T3260 350:677.408 - 0.701ms returns FALSE
T3260 350:784.832 JLINK_IsHalted()
T3260 350:785.568 - 0.742ms returns FALSE
T3260 350:785.600 JLINK_IsHalted()
T3260 350:786.208 - 0.631ms returns FALSE
T3260 350:894.272 JLINK_IsHalted()
T3260 350:895.200 - 0.904ms returns FALSE
T3260 350:895.200 JLINK_IsHalted()
T3260 350:896.000 - 0.801ms returns FALSE
T3260 351:004.448 JLINK_IsHalted()
T3260 351:005.248 - 0.794ms returns FALSE
T3260 351:005.248 JLINK_IsHalted()
T3260 351:005.888 - 0.651ms returns FALSE
T3260 351:113.184 JLINK_IsHalted()
T3260 351:114.048 - 0.842ms returns FALSE
T3260 351:114.048 JLINK_IsHalted()
T3260 351:114.784 - 0.731ms returns FALSE
T3260 351:222.240 JLINK_IsHalted()
T3260 351:223.168 - 0.910ms returns FALSE
T3260 351:223.168 JLINK_IsHalted()
T3260 351:223.968 - 0.785ms returns FALSE
T87C0 351:251.200 JLINK_IsHalted()
T87C0 351:252.160 - 0.942ms returns FALSE
T87C0 351:252.160 JLINK_IsHalted()
T87C0 351:253.056 - 0.902ms returns FALSE
T3260 351:331.776 JLINK_IsHalted()
T3260 351:332.608 - 0.807ms returns FALSE
T3260 351:332.608 JLINK_IsHalted()
T3260 351:333.248 - 0.632ms returns FALSE
T3260 351:441.184 JLINK_IsHalted()
T3260 351:442.112 - 0.920ms returns FALSE
T3260 351:442.112 JLINK_IsHalted()
T3260 351:442.848 - 0.750ms returns FALSE
T3260 351:550.208 JLINK_IsHalted()
T3260 351:551.168 - 0.949ms returns FALSE
T3260 351:551.168 JLINK_IsHalted()
T3260 351:552.064 - 0.891ms returns FALSE
T3260 351:660.128 JLINK_IsHalted()
T3260 351:661.152 - 1.025ms returns FALSE
T3260 351:661.184 JLINK_IsHalted()
T3260 351:662.144 - 0.945ms returns FALSE
T3260 351:769.120 JLINK_IsHalted()
T3260 351:769.856 - 0.757ms returns FALSE
T3260 351:769.888 JLINK_IsHalted()
T3260 351:770.560 - 0.670ms returns FALSE
T3260 351:879.200 JLINK_IsHalted()
T3260 351:880.224 - 1.024ms returns FALSE
T3260 351:880.256 JLINK_IsHalted()
T3260 351:881.152 - 0.927ms returns FALSE
T3260 351:988.032 JLINK_IsHalted()
T3260 351:988.800 - 0.785ms returns FALSE
T3260 351:988.832 JLINK_IsHalted()
T3260 351:989.472 - 0.661ms returns FALSE
T3260 352:097.664 JLINK_IsHalted()
T3260 352:098.592 - 0.914ms returns FALSE
T3260 352:098.592 JLINK_IsHalted()
T3260 352:099.392 - 0.803ms returns FALSE
T3260 352:206.752 JLINK_IsHalted()
T3260 352:207.680 - 0.916ms returns FALSE
T3260 352:207.680 JLINK_IsHalted()
T3260 352:208.544 - 0.885ms returns FALSE
T87C0 352:253.664 JLINK_IsHalted()
T87C0 352:254.624 - 0.950ms returns FALSE
T87C0 352:254.656 JLINK_IsHalted()
T87C0 352:255.488 - 0.837ms returns FALSE
T3260 352:316.576 JLINK_IsHalted()
T3260 352:317.408 - 0.837ms returns FALSE
T3260 352:317.408 JLINK_IsHalted()
T3260 352:318.176 - 0.761ms returns FALSE
T3260 352:425.728 JLINK_IsHalted()
T3260 352:426.592 - 0.844ms returns FALSE
T3260 352:426.592 JLINK_IsHalted()
T3260 352:427.424 - 0.821ms returns FALSE
T3260 352:535.264 JLINK_IsHalted()
T3260 352:536.224 - 0.947ms returns FALSE
T3260 352:536.224 JLINK_IsHalted()
T3260 352:537.120 - 0.889ms returns FALSE
T3260 352:644.768 JLINK_IsHalted()
T3260 352:645.504 - 0.741ms returns FALSE
T3260 352:645.504 JLINK_IsHalted()
T3260 352:646.208 - 0.724ms returns FALSE
T3260 352:753.504 JLINK_IsHalted()
T3260 352:754.496 - 1.007ms returns FALSE
T3260 352:754.528 JLINK_IsHalted()
T3260 352:755.520 - 0.971ms returns FALSE
T3260 352:863.072 JLINK_IsHalted()
T3260 352:863.904 - 0.814ms returns FALSE
T3260 352:863.936 JLINK_IsHalted()
T3260 352:864.704 - 0.796ms returns FALSE
T3260 352:972.160 JLINK_IsHalted()
T3260 352:972.896 - 0.735ms returns FALSE
T3260 352:972.896 JLINK_IsHalted()
T3260 352:973.568 - 0.663ms returns FALSE
T3260 353:082.080 JLINK_IsHalted()
T3260 353:083.072 - 0.973ms returns FALSE
T3260 353:083.072 JLINK_IsHalted()
T3260 353:084.032 - 0.950ms returns FALSE
T3260 353:191.360 JLINK_IsHalted()
T3260 353:192.128 - 0.722ms returns FALSE
T3260 353:192.128 JLINK_IsHalted()
T3260 353:192.768 - 0.669ms returns FALSE
T87C0 353:255.776 JLINK_IsHalted()
T87C0 353:256.576 - 0.790ms returns FALSE
T87C0 353:256.576 JLINK_IsHalted()
T87C0 353:257.280 - 0.677ms returns FALSE
T3260 353:300.704 JLINK_IsHalted()
T3260 353:301.664 - 0.933ms returns FALSE
T3260 353:301.664 JLINK_IsHalted()
T3260 353:302.560 - 0.899ms returns FALSE
T3260 353:409.376 JLINK_IsHalted()
T3260 353:410.368 - 1.010ms returns FALSE
T3260 353:410.400 JLINK_IsHalted()
T3260 353:411.360 - 0.952ms returns FALSE
T3260 353:519.136 JLINK_IsHalted()
T3260 353:520.064 - 0.929ms returns FALSE
T3260 353:520.064 JLINK_IsHalted()
T3260 353:520.800 - 0.728ms returns FALSE
T3260 353:628.480 JLINK_IsHalted()
T3260 353:629.408 - 0.962ms returns FALSE
T3260 353:629.408 JLINK_IsHalted()
T3260 353:630.240 - 0.796ms returns FALSE
T3260 353:738.560 JLINK_IsHalted()
T3260 353:739.296 - 0.747ms returns FALSE
T3260 353:739.328 JLINK_IsHalted()
T3260 353:740.000 - 0.690ms returns FALSE
T3260 353:847.360 JLINK_IsHalted()
T3260 353:848.256 - 0.869ms returns FALSE
T3260 353:848.256 JLINK_IsHalted()
T3260 353:849.024 - 0.747ms returns FALSE
T3260 353:957.056 JLINK_IsHalted()
T3260 353:957.984 - 0.958ms returns FALSE
T3260 353:958.016 JLINK_IsHalted()
T3260 353:958.976 - 0.946ms returns FALSE
T3260 354:066.048 JLINK_IsHalted()
T3260 354:066.944 - 0.905ms returns FALSE
T3260 354:066.944 JLINK_IsHalted()
T3260 354:067.616 - 0.668ms returns FALSE
T3260 354:175.424 JLINK_IsHalted()
T3260 354:176.128 - 0.723ms returns FALSE
T3260 354:176.160 JLINK_IsHalted()
T3260 354:176.800 - 0.649ms returns FALSE
T87C0 354:256.704 JLINK_IsHalted()
T87C0 354:257.440 - 0.724ms returns FALSE
T87C0 354:257.472 JLINK_IsHalted()
T87C0 354:258.176 - 0.716ms returns FALSE
T3260 354:284.832 JLINK_IsHalted()
T3260 354:285.568 - 0.742ms returns FALSE
T3260 354:285.568 JLINK_IsHalted()
T3260 354:286.272 - 0.694ms returns FALSE
T3260 354:393.920 JLINK_IsHalted()
T3260 354:394.784 - 0.848ms returns FALSE
T3260 354:394.848 JLINK_IsHalted()
T3260 354:395.584 - 0.729ms returns FALSE
T3260 354:503.168 JLINK_IsHalted()
T3260 354:503.840 - 0.676ms returns FALSE
T3260 354:503.872 JLINK_IsHalted()
T3260 354:504.512 - 0.669ms returns FALSE
T3260 354:613.184 JLINK_IsHalted()
T3260 354:614.240 - 1.072ms returns FALSE
T3260 354:614.272 JLINK_IsHalted()
T3260 354:615.072 - 0.798ms returns FALSE
T3260 354:722.208 JLINK_IsHalted()
T3260 354:722.880 - 0.689ms returns FALSE
T3260 354:722.912 JLINK_IsHalted()
T3260 354:723.520 - 0.632ms returns FALSE
T3260 354:832.064 JLINK_IsHalted()
T3260 354:832.800 - 0.746ms returns FALSE
T3260 354:832.832 JLINK_IsHalted()
T3260 354:833.504 - 0.709ms returns FALSE
T3260 354:940.928 JLINK_IsHalted()
T3260 354:942.016 - 1.072ms returns FALSE
T3260 354:942.016 JLINK_IsHalted()
T3260 354:942.976 - 0.982ms returns FALSE
T3260 355:050.496 JLINK_IsHalted()
T3260 355:051.296 - 0.781ms returns FALSE
T3260 355:051.296 JLINK_IsHalted()
T3260 355:052.000 - 0.716ms returns FALSE
T3260 355:159.520 JLINK_IsHalted()
T3260 355:160.352 - 0.823ms returns FALSE
T3260 355:160.384 JLINK_IsHalted()
T3260 355:161.024 - 0.670ms returns FALSE
T87C0 355:258.816 JLINK_IsHalted()
T87C0 355:259.776 - 0.950ms returns FALSE
T87C0 355:259.776 JLINK_IsHalted()
T87C0 355:260.576 - 0.780ms returns FALSE
T3260 355:268.928 JLINK_IsHalted()
T3260 355:269.824 - 0.861ms returns FALSE
T3260 355:269.824 JLINK_IsHalted()
T3260 355:270.656 - 0.845ms returns FALSE
T3260 355:378.784 JLINK_IsHalted()
T3260 355:379.520 - 0.731ms returns FALSE
T3260 355:379.520 JLINK_IsHalted()
T3260 355:380.224 - 0.698ms returns FALSE
T3260 355:488.064 JLINK_IsHalted()
T3260 355:488.928 - 0.865ms returns FALSE
T3260 355:488.928 JLINK_IsHalted()
T3260 355:489.664 - 0.735ms returns FALSE
T3260 355:597.472 JLINK_IsHalted()
T3260 355:598.496 - 1.038ms returns FALSE
T3260 355:598.496 JLINK_IsHalted()
T3260 355:599.456 - 0.951ms returns FALSE
T3260 355:706.272 JLINK_IsHalted()
T3260 355:707.072 - 0.808ms returns FALSE
T3260 355:707.072 JLINK_IsHalted()
T3260 355:707.904 - 0.824ms returns FALSE
T3260 355:816.384 JLINK_IsHalted()
T3260 355:817.152 - 0.801ms returns FALSE
T3260 355:817.152 JLINK_IsHalted()
T3260 355:817.952 - 0.801ms returns FALSE
T3260 355:925.376 JLINK_IsHalted()
T3260 355:926.336 - 0.975ms returns FALSE
T3260 355:926.336 JLINK_IsHalted()
T3260 355:927.232 - 0.861ms returns FALSE
T3260 356:034.496 JLINK_IsHalted()
T3260 356:035.424 - 0.912ms returns FALSE
T3260 356:035.424 JLINK_IsHalted()
T3260 356:036.160 - 0.705ms returns FALSE
T3260 356:144.384 JLINK_IsHalted()
T3260 356:145.216 - 0.823ms returns FALSE
T3260 356:145.216 JLINK_IsHalted()
T3260 356:146.048 - 0.830ms returns FALSE
T3260 356:253.824 JLINK_IsHalted()
T3260 356:254.784 - 0.934ms returns FALSE
T3260 356:254.784 JLINK_IsHalted()
T3260 356:255.776 - 0.986ms returns FALSE
T87C0 356:261.440 JLINK_IsHalted()
T87C0 356:262.272 - 0.818ms returns FALSE
T87C0 356:262.304 JLINK_IsHalted()
T87C0 356:262.976 - 0.687ms returns FALSE
T3260 356:363.104 JLINK_IsHalted()
T3260 356:363.968 - 0.874ms returns FALSE
T3260 356:363.968 JLINK_IsHalted()
T3260 356:364.800 - 0.812ms returns FALSE
T3260 356:472.544 JLINK_IsHalted()
T3260 356:473.440 - 0.890ms returns FALSE
T3260 356:473.440 JLINK_IsHalted()
T3260 356:474.240 - 0.799ms returns FALSE
T3260 356:581.504 JLINK_IsHalted()
T3260 356:582.464 - 0.986ms returns FALSE
T3260 356:582.464 JLINK_IsHalted()
T3260 356:583.424 - 0.924ms returns FALSE
T3260 356:691.616 JLINK_IsHalted()
T3260 356:692.352 - 0.732ms returns FALSE
T3260 356:692.352 JLINK_IsHalted()
T3260 356:693.056 - 0.711ms returns FALSE
T3260 356:800.192 JLINK_IsHalted()
T3260 356:801.216 - 0.992ms returns FALSE
T3260 356:801.216 JLINK_IsHalted()
T3260 356:801.984 - 0.777ms returns FALSE
T3260 356:909.568 JLINK_IsHalted()
T3260 356:910.496 - 0.916ms returns FALSE
T3260 356:910.496 JLINK_IsHalted()
T3260 356:911.296 - 0.808ms returns FALSE
T3260 357:019.616 JLINK_IsHalted()
T3260 357:020.384 - 0.778ms returns FALSE
T3260 357:020.416 JLINK_IsHalted()
T3260 357:021.120 - 0.718ms returns FALSE
T3260 357:128.896 JLINK_IsHalted()
T3260 357:129.792 - 0.879ms returns FALSE
T3260 357:129.792 JLINK_IsHalted()
T3260 357:130.624 - 0.829ms returns FALSE
T3260 357:238.400 JLINK_IsHalted()
T3260 357:239.200 - 0.779ms returns FALSE
T3260 357:239.200 JLINK_IsHalted()
T3260 357:239.840 - 0.649ms returns FALSE
T87C0 357:264.224 JLINK_IsHalted()
T87C0 357:265.152 - 0.914ms returns FALSE
T87C0 357:265.184 JLINK_IsHalted()
T87C0 357:265.984 - 0.824ms returns FALSE
T3260 357:346.912 JLINK_IsHalted()
T3260 357:347.840 - 0.924ms returns FALSE
T3260 357:347.840 JLINK_IsHalted()
T3260 357:348.608 - 0.754ms returns FALSE
T3260 357:457.120 JLINK_IsHalted()
T3260 357:458.144 - 1.005ms returns FALSE
T3260 357:458.144 JLINK_IsHalted()
T3260 357:459.136 - 0.968ms returns FALSE
T3260 357:565.952 JLINK_IsHalted()
T3260 357:566.688 - 0.741ms returns FALSE
T3260 357:566.720 JLINK_IsHalted()
T3260 357:567.424 - 0.689ms returns FALSE
T3260 357:675.232 JLINK_IsHalted()
T3260 357:675.968 - 0.723ms returns FALSE
T3260 357:675.968 JLINK_IsHalted()
T3260 357:676.736 - 0.769ms returns FALSE
T3260 357:784.736 JLINK_IsHalted()
T3260 357:785.728 - 0.990ms returns FALSE
T3260 357:785.728 JLINK_IsHalted()
T3260 357:786.560 - 0.822ms returns FALSE
T3260 357:895.200 JLINK_IsHalted()
T3260 357:895.936 - 0.749ms returns FALSE
T3260 357:895.968 JLINK_IsHalted()
T3260 357:896.544 - 0.596ms returns FALSE
T3260 358:003.392 JLINK_IsHalted()
T3260 358:004.128 - 0.737ms returns FALSE
T3260 358:004.128 JLINK_IsHalted()
T3260 358:004.768 - 0.631ms returns FALSE
T3260 358:112.992 JLINK_IsHalted()
T3260 358:113.728 - 0.747ms returns FALSE
T3260 358:113.728 JLINK_IsHalted()
T3260 358:114.464 - 0.695ms returns FALSE
T3260 358:222.432 JLINK_IsHalted()
T3260 358:223.200 - 0.761ms returns FALSE
T3260 358:223.200 JLINK_IsHalted()
T3260 358:223.936 - 0.723ms returns FALSE
T87C0 358:266.624 JLINK_IsHalted()
T87C0 358:267.456 - 0.804ms returns FALSE
T87C0 358:267.456 JLINK_IsHalted()
T87C0 358:268.128 - 0.683ms returns FALSE
T3260 358:332.096 JLINK_IsHalted()
T3260 358:332.832 - 0.748ms returns FALSE
T3260 358:332.864 JLINK_IsHalted()
T3260 358:333.504 - 0.668ms returns FALSE
T3260 358:441.440 JLINK_IsHalted()
T3260 358:442.528 - 1.056ms returns FALSE
T3260 358:442.560 JLINK_IsHalted()
T3260 358:443.232 - 0.712ms returns FALSE
T3260 358:550.016 JLINK_IsHalted()
T3260 358:550.848 - 0.846ms returns FALSE
T3260 358:550.880 JLINK_IsHalted()
T3260 358:551.648 - 0.766ms returns FALSE
T3260 358:659.840 JLINK_IsHalted()
T3260 358:660.736 - 0.894ms returns FALSE
T3260 358:660.736 JLINK_IsHalted()
T3260 358:661.536 - 0.773ms returns FALSE
T3260 358:769.408 JLINK_IsHalted()
T3260 358:770.368 - 0.979ms returns FALSE
T3260 358:770.368 JLINK_IsHalted()
T3260 358:771.232 - 0.829ms returns FALSE
T3260 358:878.464 JLINK_IsHalted()
T3260 358:879.328 - 0.870ms returns FALSE
T3260 358:879.328 JLINK_IsHalted()
T3260 358:880.064 - 0.736ms returns FALSE
T3260 358:988.544 JLINK_IsHalted()
T3260 358:989.376 - 0.844ms returns FALSE
T3260 358:989.408 JLINK_IsHalted()
T3260 358:990.112 - 0.691ms returns FALSE
T3260 359:097.472 JLINK_IsHalted()
T3260 359:098.176 - 0.732ms returns FALSE
T3260 359:098.208 JLINK_IsHalted()
T3260 359:098.944 - 0.736ms returns FALSE
T3260 359:207.104 JLINK_IsHalted()
T3260 359:207.872 - 0.774ms returns FALSE
T3260 359:207.872 JLINK_IsHalted()
T3260 359:208.576 - 0.679ms returns FALSE
T87C0 359:267.648 JLINK_IsHalted()
T87C0 359:268.416 - 0.778ms returns FALSE
T87C0 359:268.416 JLINK_IsHalted()
T87C0 359:269.184 - 0.742ms returns FALSE
T3260 359:316.544 JLINK_IsHalted()
T3260 359:317.376 - 0.814ms returns FALSE
T3260 359:317.408 JLINK_IsHalted()
T3260 359:318.208 - 0.812ms returns FALSE
T3260 359:425.760 JLINK_IsHalted()
T3260 359:426.496 - 0.722ms returns FALSE
T3260 359:426.496 JLINK_IsHalted()
T3260 359:427.360 - 0.847ms returns FALSE
T3260 359:535.040 JLINK_IsHalted()
T3260 359:535.776 - 0.742ms returns FALSE
T3260 359:535.808 JLINK_IsHalted()
T3260 359:536.448 - 0.675ms returns FALSE
T3260 359:643.968 JLINK_IsHalted()
T3260 359:644.736 - 0.743ms returns FALSE
T3260 359:644.736 JLINK_IsHalted()
T3260 359:645.344 - 0.605ms returns FALSE
T3260 359:753.952 JLINK_IsHalted()
T3260 359:754.976 - 1.012ms returns FALSE
T3260 359:755.008 JLINK_IsHalted()
T3260 359:755.968 - 0.975ms returns FALSE
T3260 359:862.560 JLINK_IsHalted()
T3260 359:863.328 - 0.783ms returns FALSE
T3260 359:863.360 JLINK_IsHalted()
T3260 359:863.936 - 0.593ms returns FALSE
T3260 359:972.416 JLINK_IsHalted()
T3260 359:973.152 - 0.725ms returns FALSE
T3260 359:973.152 JLINK_IsHalted()
T3260 359:973.856 - 0.707ms returns FALSE
T3260 360:081.408 JLINK_IsHalted()
T3260 360:082.144 - 0.731ms returns FALSE
T3260 360:082.144 JLINK_IsHalted()
T3260 360:082.816 - 0.649ms returns FALSE
T3260 360:190.848 JLINK_IsHalted()
T3260 360:191.616 - 0.777ms returns FALSE
T3260 360:191.648 JLINK_IsHalted()
T3260 360:192.320 - 0.701ms returns FALSE
T87C0 360:268.800 JLINK_IsHalted()
T87C0 360:269.504 - 0.702ms returns FALSE
T87C0 360:269.504 JLINK_IsHalted()
T87C0 360:270.176 - 0.679ms returns FALSE
T3260 360:300.128 JLINK_IsHalted()
T3260 360:300.928 - 0.779ms returns FALSE
T3260 360:300.928 JLINK_IsHalted()
T3260 360:301.536 - 0.619ms returns FALSE
T3260 360:409.920 JLINK_IsHalted()
T3260 360:410.688 - 0.758ms returns FALSE
T3260 360:410.720 JLINK_IsHalted()
T3260 360:411.392 - 0.675ms returns FALSE
T3260 360:519.520 JLINK_IsHalted()
T3260 360:520.192 - 0.662ms returns FALSE
T3260 360:520.224 JLINK_IsHalted()
T3260 360:520.896 - 0.711ms returns FALSE
T3260 360:628.576 JLINK_IsHalted()
T3260 360:629.280 - 0.701ms returns FALSE
T3260 360:629.280 JLINK_IsHalted()
T3260 360:629.952 - 0.683ms returns FALSE
T3260 360:738.272 JLINK_IsHalted()
T3260 360:739.232 - 0.953ms returns FALSE
T3260 360:739.232 JLINK_IsHalted()
T3260 360:740.000 - 0.768ms returns FALSE
T3260 360:847.296 JLINK_IsHalted()
T3260 360:848.160 - 0.849ms returns FALSE
T3260 360:848.192 JLINK_IsHalted()
T3260 360:848.896 - 0.718ms returns FALSE
T3260 360:956.672 JLINK_IsHalted()
T3260 360:957.472 - 0.785ms returns FALSE
T3260 360:957.472 JLINK_IsHalted()
T3260 360:958.144 - 0.676ms returns FALSE
T3260 361:065.856 JLINK_IsHalted()
T3260 361:066.592 - 0.744ms returns FALSE
T3260 361:066.624 JLINK_IsHalted()
T3260 361:067.264 - 0.655ms returns FALSE
T3260 361:175.520 JLINK_IsHalted()
T3260 361:176.192 - 0.643ms returns FALSE
T3260 361:176.192 JLINK_IsHalted()
T3260 361:176.896 - 0.685ms returns FALSE
T87C0 361:270.176 JLINK_IsHalted()
T87C0 361:271.168 - 1.000ms returns FALSE
T87C0 361:271.200 JLINK_IsHalted()
T87C0 361:272.000 - 0.815ms returns FALSE
T3260 361:284.960 JLINK_IsHalted()
T3260 361:285.696 - 0.747ms returns FALSE
T3260 361:285.728 JLINK_IsHalted()
T3260 361:286.432 - 0.693ms returns FALSE
T3260 361:394.304 JLINK_IsHalted()
T3260 361:395.136 - 0.812ms returns FALSE
T3260 361:395.136 JLINK_IsHalted()
T3260 361:395.904 - 0.760ms returns FALSE
T3260 361:503.744 JLINK_IsHalted()
T3260 361:504.608 - 0.875ms returns FALSE
T3260 361:504.640 JLINK_IsHalted()
T3260 361:505.472 - 0.853ms returns FALSE
T3260 361:612.576 JLINK_IsHalted()
T3260 361:613.376 - 0.814ms returns FALSE
T3260 361:613.376 JLINK_IsHalted()
T3260 361:614.144 - 0.726ms returns FALSE
T3260 361:722.848 JLINK_IsHalted()
T3260 361:723.808 - 0.947ms returns FALSE
T3260 361:723.808 JLINK_IsHalted()
T3260 361:724.672 - 0.873ms returns FALSE
T3260 361:831.360 JLINK_IsHalted()
T3260 361:832.384 - 1.039ms returns FALSE
T3260 361:832.384 JLINK_IsHalted()
T3260 361:833.344 - 0.945ms returns FALSE
T3260 361:940.928 JLINK_IsHalted()
T3260 361:941.696 - 0.752ms returns FALSE
T3260 361:941.696 JLINK_IsHalted()
T3260 361:942.336 - 0.629ms returns FALSE
T3260 362:050.240 JLINK_IsHalted()
T3260 362:051.232 - 0.951ms returns FALSE
T3260 362:051.232 JLINK_IsHalted()
T3260 362:052.160 - 0.937ms returns FALSE
T3260 362:159.552 JLINK_IsHalted()
T3260 362:160.384 - 0.847ms returns FALSE
T3260 362:160.384 JLINK_IsHalted()
T3260 362:161.216 - 0.855ms returns FALSE
T3260 362:268.864 JLINK_IsHalted()
T3260 362:269.696 - 0.832ms returns FALSE
T3260 362:269.728 JLINK_IsHalted()
T3260 362:270.368 - 0.651ms returns FALSE
T87C0 362:272.192 JLINK_IsHalted()
T87C0 362:272.960 - 0.789ms returns FALSE
T87C0 362:272.992 JLINK_IsHalted()
T87C0 362:273.728 - 0.751ms returns FALSE
T3260 362:378.368 JLINK_IsHalted()
T3260 362:379.200 - 0.844ms returns FALSE
T3260 362:379.200 JLINK_IsHalted()
T3260 362:379.968 - 0.732ms returns FALSE
T3260 362:488.224 JLINK_IsHalted()
T3260 362:488.960 - 0.729ms returns FALSE
T3260 362:488.960 JLINK_IsHalted()
T3260 362:489.696 - 0.732ms returns FALSE
T3260 362:612.672 JLINK_IsHalted()
T3260 362:613.664 - 0.973ms returns FALSE
T3260 362:613.696 JLINK_IsHalted()
T3260 362:614.528 - 0.845ms returns FALSE
T3260 362:722.752 JLINK_IsHalted()
T3260 362:723.488 - 0.706ms returns FALSE
T3260 362:723.520 JLINK_IsHalted()
T3260 362:724.288 - 0.775ms returns FALSE
T3260 362:832.992 JLINK_IsHalted()
T3260 362:833.888 - 0.881ms returns FALSE
T3260 362:833.920 JLINK_IsHalted()
T3260 362:834.848 - 0.916ms returns FALSE
T3260 362:943.552 JLINK_IsHalted()
T3260 362:944.512 - 0.972ms returns FALSE
T3260 362:944.544 JLINK_IsHalted()
T3260 362:945.472 - 0.935ms returns FALSE
T3260 363:054.272 JLINK_IsHalted()
T3260 363:054.912 - 0.636ms returns FALSE
T3260 363:054.912 JLINK_IsHalted()
T3260 363:055.776 - 0.833ms returns FALSE
T3260 363:166.144 JLINK_IsHalted()
T3260 363:167.008 - 0.885ms returns FALSE
T3260 363:167.040 JLINK_IsHalted()
T3260 363:167.936 - 0.917ms returns FALSE
T3260 363:278.272 JLINK_IsHalted()
T3260 363:279.296 - 1.007ms returns FALSE
T3260 363:279.328 JLINK_IsHalted()
T3260 363:280.288 - 0.944ms returns FALSE
T87C0 363:280.352 JLINK_IsHalted()
T87C0 363:281.344 - 0.961ms returns FALSE
T87C0 363:281.344 JLINK_IsHalted()
T87C0 363:282.368 - 1.008ms returns FALSE
T3260 363:389.888 JLINK_IsHalted()
T3260 363:390.688 - 0.791ms returns FALSE
T3260 363:390.720 JLINK_IsHalted()
T3260 363:391.424 - 0.702ms returns FALSE
T3260 363:497.344 JLINK_IsHalted()
T3260 363:498.048 - 0.703ms returns FALSE
T3260 363:498.048 JLINK_IsHalted()
T3260 363:498.720 - 0.662ms returns FALSE
T3260 363:598.176 JLINK_IsHalted()
T3260 363:599.136 - 0.939ms returns FALSE
T3260 363:599.136 JLINK_IsHalted()
T3260 363:600.032 - 0.893ms returns FALSE
T3260 363:710.080 JLINK_IsHalted()
T3260 363:711.040 - 0.933ms returns FALSE
T3260 363:711.040 JLINK_IsHalted()
T3260 363:711.936 - 0.870ms returns FALSE
T3260 363:822.144 JLINK_IsHalted()
T3260 363:822.912 - 0.778ms returns FALSE
T3260 363:822.944 JLINK_IsHalted()
T3260 363:823.616 - 0.655ms returns FALSE
T3260 363:934.496 JLINK_IsHalted()
T3260 363:935.424 - 0.918ms returns FALSE
T3260 363:935.424 JLINK_IsHalted()
T3260 363:936.352 - 0.934ms returns FALSE
T3260 364:046.208 JLINK_IsHalted()
T3260 364:047.040 - 0.848ms returns FALSE
T3260 364:047.040 JLINK_IsHalted()
T3260 364:047.680 - 0.664ms returns FALSE
T3260 364:158.272 JLINK_IsHalted()
T3260 364:159.264 - 0.958ms returns FALSE
T3260 364:159.264 JLINK_IsHalted()
T3260 364:160.032 - 0.774ms returns FALSE
T3260 364:254.176 JLINK_IsHalted()
T3260 364:255.200 - 1.017ms returns FALSE
T3260 364:255.232 JLINK_IsHalted()
T3260 364:256.096 - 0.890ms returns FALSE
T87C0 364:286.336 JLINK_IsHalted()
T87C0 364:287.232 - 0.908ms returns FALSE
T87C0 364:287.296 JLINK_IsHalted()
T87C0 364:288.192 - 0.931ms returns FALSE
T3260 364:365.984 JLINK_IsHalted()
T3260 364:367.008 - 1.037ms returns FALSE
T3260 364:367.072 JLINK_IsHalted()
T3260 364:367.936 - 0.859ms returns FALSE
T3260 364:476.480 JLINK_IsHalted()
T3260 364:477.312 - 0.847ms returns FALSE
T3260 364:477.344 JLINK_IsHalted()
T3260 364:478.016 - 0.670ms returns FALSE
T3260 364:588.448 JLINK_IsHalted()
T3260 364:589.312 - 0.864ms returns FALSE
T3260 364:589.344 JLINK_IsHalted()
T3260 364:590.016 - 0.681ms returns FALSE
T3260 364:699.680 JLINK_IsHalted()
T3260 364:700.608 - 0.909ms returns FALSE
T3260 364:700.640 JLINK_IsHalted()
T3260 364:701.504 - 0.857ms returns FALSE
T3260 364:811.008 JLINK_IsHalted()
T3260 364:812.000 - 1.008ms returns FALSE
T3260 364:812.032 JLINK_IsHalted()
T3260 364:812.736 - 0.700ms returns FALSE
T3260 364:922.464 JLINK_IsHalted()
T3260 364:923.328 - 0.878ms returns FALSE
T3260 364:923.360 JLINK_IsHalted()
T3260 364:924.192 - 0.821ms returns FALSE
T3260 365:034.432 JLINK_IsHalted()
T3260 365:035.296 - 0.868ms returns FALSE
T3260 365:035.328 JLINK_IsHalted()
T3260 365:036.064 - 0.741ms returns FALSE
T3260 365:129.152 JLINK_IsHalted()
T3260 365:130.176 - 0.987ms returns FALSE
T3260 365:130.176 JLINK_IsHalted()
T3260 365:131.136 - 0.955ms returns FALSE
T3260 365:240.928 JLINK_IsHalted()
T3260 365:241.920 - 0.999ms returns FALSE
T3260 365:241.952 JLINK_IsHalted()
T3260 365:242.784 - 0.803ms returns FALSE
T87C0 365:289.216 JLINK_IsHalted()
T87C0 365:290.112 - 0.895ms returns FALSE
T87C0 365:290.144 JLINK_IsHalted()
T87C0 365:291.040 - 0.905ms returns FALSE
T3260 365:353.312 JLINK_IsHalted()
T3260 365:354.432 - 1.101ms returns FALSE
T3260 365:354.432 JLINK_IsHalted()
T3260 365:355.520 - 1.077ms returns FALSE
T3260 365:465.024 JLINK_IsHalted()
T3260 365:466.048 - 1.036ms returns FALSE
T3260 365:466.112 JLINK_IsHalted()
T3260 365:466.880 - 0.760ms returns FALSE
T3260 365:576.832 JLINK_IsHalted()
T3260 365:577.664 - 0.821ms returns FALSE
T3260 365:577.664 JLINK_IsHalted()
T3260 365:578.560 - 0.889ms returns FALSE
T3260 365:688.736 JLINK_IsHalted()
T3260 365:689.664 - 0.944ms returns FALSE
T3260 365:689.728 JLINK_IsHalted()
T3260 365:690.560 - 0.825ms returns FALSE
T3260 365:800.320 JLINK_IsHalted()
T3260 365:800.992 - 0.678ms returns FALSE
T3260 365:801.024 JLINK_IsHalted()
T3260 365:801.696 - 0.680ms returns FALSE
T3260 365:911.392 JLINK_IsHalted()
T3260 365:912.224 - 0.806ms returns FALSE
T3260 365:912.256 JLINK_IsHalted()
T3260 365:913.024 - 0.781ms returns FALSE
T3260 366:023.680 JLINK_IsHalted()
T3260 366:024.608 - 0.927ms returns FALSE
T3260 366:024.640 JLINK_IsHalted()
T3260 366:025.792 - 1.113ms returns FALSE
T3260 366:135.552 JLINK_IsHalted()
T3260 366:136.384 - 0.841ms returns FALSE
T3260 366:136.416 JLINK_IsHalted()
T3260 366:137.376 - 0.940ms returns FALSE
T3260 366:247.104 JLINK_IsHalted()
T3260 366:248.032 - 0.941ms returns FALSE
T3260 366:248.064 JLINK_IsHalted()
T3260 366:248.768 - 0.698ms returns FALSE
T87C0 366:295.552 JLINK_IsHalted()
T87C0 366:296.384 - 0.839ms returns FALSE
T87C0 366:296.384 JLINK_IsHalted()
T87C0 366:297.120 - 0.714ms returns FALSE
T3260 366:359.584 JLINK_IsHalted()
T3260 366:360.768 - 1.199ms returns FALSE
T3260 366:360.832 JLINK_IsHalted()
T3260 366:361.952 - 1.120ms returns FALSE
T3260 366:471.520 JLINK_IsHalted()
T3260 366:472.448 - 0.907ms returns FALSE
T3260 366:472.480 JLINK_IsHalted()
T3260 366:473.248 - 0.777ms returns FALSE
T3260 366:576.608 JLINK_IsHalted()
T3260 366:577.344 - 0.744ms returns FALSE
T3260 366:577.376 JLINK_IsHalted()
T3260 366:578.112 - 0.709ms returns FALSE
T3260 366:687.328 JLINK_IsHalted()
T3260 366:688.256 - 0.923ms returns FALSE
T3260 366:688.288 JLINK_IsHalted()
T3260 366:689.088 - 0.786ms returns FALSE
T3260 366:798.560 JLINK_IsHalted()
T3260 366:799.488 - 0.918ms returns FALSE
T3260 366:799.552 JLINK_IsHalted()
T3260 366:800.320 - 0.800ms returns FALSE
T3260 366:893.920 JLINK_IsHalted()
T3260 366:894.880 - 0.942ms returns FALSE
T3260 366:894.912 JLINK_IsHalted()
T3260 366:895.552 - 0.654ms returns FALSE
T3260 367:006.144 JLINK_IsHalted()
T3260 367:006.848 - 0.709ms returns FALSE
T3260 367:006.880 JLINK_IsHalted()
T3260 367:007.552 - 0.691ms returns FALSE
T3260 367:116.736 JLINK_IsHalted()
T3260 367:117.664 - 0.946ms returns FALSE
T3260 367:117.728 JLINK_IsHalted()
T3260 367:118.656 - 0.948ms returns FALSE
T3260 367:228.352 JLINK_IsHalted()
T3260 367:229.216 - 0.834ms returns FALSE
T3260 367:229.248 JLINK_IsHalted()
T3260 367:230.144 - 0.882ms returns FALSE
T87C0 367:308.864 JLINK_IsHalted()
T87C0 367:309.632 - 0.731ms returns FALSE
T87C0 367:309.632 JLINK_IsHalted()
T87C0 367:310.304 - 0.674ms returns FALSE
T3260 367:340.256 JLINK_IsHalted()
T3260 367:341.216 - 0.953ms returns FALSE
T3260 367:341.248 JLINK_IsHalted()
T3260 367:342.016 - 0.788ms returns FALSE
T3260 367:451.968 JLINK_IsHalted()
T3260 367:452.960 - 1.003ms returns FALSE
T3260 367:452.992 JLINK_IsHalted()
T3260 367:454.080 - 1.070ms returns FALSE
T3260 367:562.592 JLINK_IsHalted()
T3260 367:563.456 - 0.839ms returns FALSE
T3260 367:563.488 JLINK_IsHalted()
T3260 367:564.256 - 0.777ms returns FALSE
T3260 367:674.016 JLINK_IsHalted()
T3260 367:674.784 - 0.783ms returns FALSE
T3260 367:674.816 JLINK_IsHalted()
T3260 367:675.584 - 0.801ms returns FALSE
T3260 367:769.664 JLINK_IsHalted()
T3260 367:770.560 - 0.882ms returns FALSE
T3260 367:770.592 JLINK_IsHalted()
T3260 367:771.552 - 0.938ms returns FALSE
T3260 367:880.896 JLINK_IsHalted()
T3260 367:881.632 - 0.735ms returns FALSE
T3260 367:881.664 JLINK_IsHalted()
T3260 367:882.400 - 0.749ms returns FALSE
T3260 367:993.120 JLINK_IsHalted()
T3260 367:994.016 - 0.897ms returns FALSE
T3260 367:994.048 JLINK_IsHalted()
T3260 367:994.976 - 0.925ms returns FALSE
T3260 368:104.768 JLINK_IsHalted()
T3260 368:105.888 - 1.094ms returns FALSE
T3260 368:105.888 JLINK_IsHalted()
T3260 368:106.752 - 0.870ms returns FALSE
T3260 368:216.256 JLINK_IsHalted()
T3260 368:217.408 - 1.153ms returns FALSE
T3260 368:217.440 JLINK_IsHalted()
T3260 368:218.304 - 0.860ms returns FALSE
T87C0 368:311.584 JLINK_IsHalted()
T87C0 368:312.384 - 0.787ms returns FALSE
T87C0 368:312.384 JLINK_IsHalted()
T87C0 368:313.088 - 0.682ms returns FALSE
T3260 368:327.360 JLINK_IsHalted()
T3260 368:328.160 - 0.787ms returns FALSE
T3260 368:328.192 JLINK_IsHalted()
T3260 368:328.896 - 0.713ms returns FALSE
T3260 368:439.648 JLINK_IsHalted()
T3260 368:440.736 - 1.055ms returns FALSE
T3260 368:440.768 JLINK_IsHalted()
T3260 368:441.760 - 0.979ms returns FALSE
T3260 368:552.352 JLINK_IsHalted()
T3260 368:553.024 - 0.693ms returns FALSE
T3260 368:553.056 JLINK_IsHalted()
T3260 368:553.696 - 0.642ms returns FALSE
T3260 368:663.488 JLINK_IsHalted()
T3260 368:664.416 - 0.916ms returns FALSE
T3260 368:664.448 JLINK_IsHalted()
T3260 368:665.344 - 0.902ms returns FALSE
T3260 368:775.776 JLINK_IsHalted()
T3260 368:777.024 - 1.232ms returns FALSE
T3260 368:777.088 JLINK_IsHalted()
T3260 368:778.080 - 1.017ms returns FALSE
T3260 368:887.360 JLINK_IsHalted()
T3260 368:888.128 - 0.784ms returns FALSE
T3260 368:888.384 JLINK_IsHalted()
T3260 368:889.120 - 0.758ms returns FALSE
T3260 368:999.168 JLINK_IsHalted()
T3260 368:999.968 - 0.809ms returns FALSE
T3260 369:000.064 JLINK_IsHalted()
T3260 369:000.960 - 0.896ms returns FALSE
T3260 369:111.456 JLINK_IsHalted()
T3260 369:112.416 - 0.986ms returns FALSE
T3260 369:112.448 JLINK_IsHalted()
T3260 369:113.440 - 0.999ms returns FALSE
T3260 369:207.392 JLINK_IsHalted()
T3260 369:208.288 - 0.912ms returns FALSE
T3260 369:208.352 JLINK_IsHalted()
T3260 369:209.280 - 0.918ms returns FALSE
T3260 369:319.200 JLINK_IsHalted()
T3260 369:320.032 - 0.839ms returns FALSE
T3260 369:320.064 JLINK_IsHalted()
T3260 369:321.024 - 0.960ms returns FALSE
T87C0 369:321.088 JLINK_IsHalted()
T87C0 369:321.920 - 0.845ms returns FALSE
T87C0 369:321.952 JLINK_IsHalted()
T87C0 369:322.752 - 0.800ms returns FALSE
T3260 369:431.328 JLINK_IsHalted()
T3260 369:432.160 - 0.837ms returns FALSE
T3260 369:432.192 JLINK_IsHalted()
T3260 369:433.056 - 0.876ms returns FALSE
T3260 369:543.232 JLINK_IsHalted()
T3260 369:544.256 - 1.011ms returns FALSE
T3260 369:544.256 JLINK_IsHalted()
T3260 369:545.248 - 0.975ms returns FALSE
T3260 369:655.232 JLINK_IsHalted()
T3260 369:656.064 - 0.836ms returns FALSE
T3260 369:656.128 JLINK_IsHalted()
T3260 369:657.088 - 0.961ms returns FALSE
T3260 369:767.520 JLINK_IsHalted()
T3260 369:768.384 - 0.847ms returns FALSE
T3260 369:768.384 JLINK_IsHalted()
T3260 369:769.216 - 0.825ms returns FALSE
T3260 369:863.552 JLINK_IsHalted()
T3260 369:864.416 - 0.878ms returns FALSE
T3260 369:864.448 JLINK_IsHalted()
T3260 369:865.280 - 0.847ms returns FALSE
T3260 369:975.232 JLINK_IsHalted()
T3260 369:975.968 - 0.749ms returns FALSE
T3260 369:975.968 JLINK_IsHalted()
T3260 369:976.768 - 0.773ms returns FALSE
T3260 370:087.392 JLINK_IsHalted()
T3260 370:088.256 - 0.833ms returns FALSE
T3260 370:088.256 JLINK_IsHalted()
T3260 370:088.992 - 0.708ms returns FALSE
T3260 370:199.552 JLINK_IsHalted()
T3260 370:200.544 - 0.992ms returns FALSE
T3260 370:200.576 JLINK_IsHalted()
T3260 370:201.536 - 0.943ms returns FALSE
T3260 370:311.200 JLINK_IsHalted()
T3260 370:311.904 - 0.713ms returns FALSE
T3260 370:311.904 JLINK_IsHalted()
T3260 370:312.704 - 0.790ms returns FALSE
T87C0 370:327.552 JLINK_IsHalted()
T87C0 370:328.416 - 0.854ms returns FALSE
T87C0 370:328.416 JLINK_IsHalted()
T87C0 370:329.088 - 0.658ms returns FALSE
T3260 370:423.168 JLINK_IsHalted()
T3260 370:423.904 - 0.750ms returns FALSE
T3260 370:423.936 JLINK_IsHalted()
T3260 370:424.736 - 0.804ms returns FALSE
T3260 370:519.520 JLINK_IsHalted()
T3260 370:520.640 - 1.097ms returns FALSE
T3260 370:520.704 JLINK_IsHalted()
T3260 370:521.600 - 0.911ms returns FALSE
T3260 370:631.296 JLINK_IsHalted()
T3260 370:631.968 - 0.665ms returns FALSE
T3260 370:631.968 JLINK_IsHalted()
T3260 370:632.928 - 0.974ms returns FALSE
T3260 370:743.360 JLINK_IsHalted()
T3260 370:744.288 - 0.937ms returns FALSE
T3260 370:744.320 JLINK_IsHalted()
T3260 370:745.216 - 0.881ms returns FALSE
T3260 370:855.360 JLINK_IsHalted()
T3260 370:856.512 - 1.146ms returns FALSE
T3260 370:856.544 JLINK_IsHalted()
T3260 370:857.632 - 1.091ms returns FALSE
T3260 370:967.424 JLINK_IsHalted()
T3260 370:968.416 - 1.019ms returns FALSE
T3260 370:968.448 JLINK_IsHalted()
T3260 370:969.440 - 0.989ms returns FALSE
T3260 371:079.136 JLINK_IsHalted()
T3260 371:079.904 - 0.776ms returns FALSE
T3260 371:079.936 JLINK_IsHalted()
T3260 371:080.576 - 0.646ms returns FALSE
T3260 371:190.592 JLINK_IsHalted()
T3260 371:191.648 - 1.067ms returns FALSE
T3260 371:191.712 JLINK_IsHalted()
T3260 371:192.992 - 1.300ms returns FALSE
T3260 371:302.080 JLINK_IsHalted()
T3260 371:303.104 - 1.001ms returns FALSE
T3260 371:303.136 JLINK_IsHalted()
T3260 371:304.032 - 0.909ms returns FALSE
T87C0 371:333.632 JLINK_IsHalted()
T87C0 371:334.464 - 0.862ms returns FALSE
T87C0 371:334.528 JLINK_IsHalted()
T87C0 371:335.232 - 0.715ms returns FALSE
T3260 371:412.032 JLINK_IsHalted()
T3260 371:412.896 - 0.866ms returns FALSE
T3260 371:412.928 JLINK_IsHalted()
T3260 371:413.696 - 0.789ms returns FALSE
T3260 371:522.272 JLINK_IsHalted()
T3260 371:523.104 - 0.819ms returns FALSE
T3260 371:523.136 JLINK_IsHalted()
T3260 371:523.936 - 0.832ms returns FALSE
T3260 371:633.344 JLINK_IsHalted()
T3260 371:634.240 - 0.916ms returns FALSE
T3260 371:634.304 JLINK_IsHalted()
T3260 371:635.200 - 0.886ms returns FALSE
T3260 371:743.424 JLINK_IsHalted()
T3260 371:744.192 - 0.754ms returns FALSE
T3260 371:744.192 JLINK_IsHalted()
T3260 371:744.960 - 0.741ms returns FALSE
T3260 371:854.880 JLINK_IsHalted()
T3260 371:855.808 - 0.947ms returns FALSE
T3260 371:855.808 JLINK_IsHalted()
T3260 371:856.576 - 0.740ms returns FALSE
T3260 371:966.272 JLINK_IsHalted()
T3260 371:967.328 - 1.072ms returns FALSE
T3260 371:967.360 JLINK_IsHalted()
T3260 371:968.384 - 1.019ms returns FALSE
T3260 372:077.984 JLINK_IsHalted()
T3260 372:078.976 - 0.998ms returns FALSE
T3260 372:079.008 JLINK_IsHalted()
T3260 372:079.840 - 0.851ms returns FALSE
T3260 372:190.336 JLINK_IsHalted()
T3260 372:191.232 - 0.901ms returns FALSE
T3260 372:191.264 JLINK_IsHalted()
T3260 372:192.000 - 0.754ms returns FALSE
T3260 372:285.664 JLINK_IsHalted()
T3260 372:286.624 - 0.949ms returns FALSE
T3260 372:286.656 JLINK_IsHalted()
T3260 372:287.552 - 0.878ms returns FALSE
T87C0 372:349.120 JLINK_IsHalted()
T87C0 372:350.016 - 0.919ms returns FALSE
T87C0 372:350.080 JLINK_IsHalted()
T87C0 372:350.912 - 0.832ms returns FALSE
T3260 372:396.128 JLINK_IsHalted()
T3260 372:396.992 - 0.854ms returns FALSE
T3260 372:397.024 JLINK_IsHalted()
T3260 372:397.952 - 0.940ms returns FALSE
T3260 372:508.192 JLINK_IsHalted()
T3260 372:509.120 - 0.936ms returns FALSE
T3260 372:509.184 JLINK_IsHalted()
T3260 372:509.920 - 0.757ms returns FALSE
T3260 372:620.768 JLINK_IsHalted()
T3260 372:621.760 - 1.002ms returns FALSE
T3260 372:621.792 JLINK_IsHalted()
T3260 372:622.656 - 0.861ms returns FALSE
T3260 372:732.256 JLINK_IsHalted()
T3260 372:733.120 - 0.886ms returns FALSE
T3260 372:733.184 JLINK_IsHalted()
T3260 372:734.080 - 0.893ms returns FALSE
T3260 372:844.352 JLINK_IsHalted()
T3260 372:845.184 - 0.826ms returns FALSE
T3260 372:845.216 JLINK_IsHalted()
T3260 372:845.984 - 0.771ms returns FALSE
T3260 372:956.608 JLINK_IsHalted()
T3260 372:957.632 - 1.054ms returns FALSE
T3260 372:957.664 JLINK_IsHalted()
T3260 372:958.720 - 1.050ms returns FALSE
T3260 373:068.128 JLINK_IsHalted()
T3260 373:068.928 - 0.808ms returns FALSE
T3260 373:068.960 JLINK_IsHalted()
T3260 373:069.664 - 0.725ms returns FALSE
T3260 373:180.544 JLINK_IsHalted()
T3260 373:181.344 - 0.787ms returns FALSE
T3260 373:181.344 JLINK_IsHalted()
T3260 373:181.952 - 0.619ms returns FALSE
T3260 373:292.736 JLINK_IsHalted()
T3260 373:293.696 - 0.963ms returns FALSE
T3260 373:293.728 JLINK_IsHalted()
T3260 373:294.528 - 0.801ms returns FALSE
T87C0 373:356.736 JLINK_IsHalted()
T87C0 373:357.504 - 0.771ms returns FALSE
T87C0 373:357.504 JLINK_IsHalted()
T87C0 373:358.240 - 0.706ms returns FALSE
T3260 373:404.320 JLINK_IsHalted()
T3260 373:405.120 - 0.834ms returns FALSE
T3260 373:405.184 JLINK_IsHalted()
T3260 373:405.888 - 0.692ms returns FALSE
T3260 373:516.512 JLINK_IsHalted()
T3260 373:517.248 - 0.729ms returns FALSE
T3260 373:517.248 JLINK_IsHalted()
T3260 373:518.016 - 0.763ms returns FALSE
T3260 373:612.640 JLINK_IsHalted()
T3260 373:613.504 - 0.873ms returns FALSE
T3260 373:613.536 JLINK_IsHalted()
T3260 373:614.400 - 0.877ms returns FALSE
T3260 373:724.448 JLINK_IsHalted()
T3260 373:725.376 - 0.926ms returns FALSE
T3260 373:725.376 JLINK_IsHalted()
T3260 373:726.176 - 0.808ms returns FALSE
T3260 373:836.352 JLINK_IsHalted()
T3260 373:837.216 - 0.865ms returns FALSE
T3260 373:837.248 JLINK_IsHalted()
T3260 373:837.984 - 0.722ms returns FALSE
T3260 373:948.416 JLINK_IsHalted()
T3260 373:949.312 - 0.875ms returns FALSE
T3260 373:949.312 JLINK_IsHalted()
T3260 373:950.144 - 0.839ms returns FALSE
T3260 374:059.328 JLINK_IsHalted()
T3260 374:060.096 - 0.786ms returns FALSE
T3260 374:060.128 JLINK_IsHalted()
T3260 374:060.928 - 0.797ms returns FALSE
T3260 374:169.792 JLINK_IsHalted()
T3260 374:170.688 - 0.856ms returns FALSE
T3260 374:170.720 JLINK_IsHalted()
T3260 374:171.520 - 0.804ms returns FALSE
T3260 374:281.120 JLINK_IsHalted()
T3260 374:281.952 - 0.838ms returns FALSE
T3260 374:281.984 JLINK_IsHalted()
T3260 374:282.688 - 0.722ms returns FALSE
T87C0 374:361.408 JLINK_IsHalted()
T87C0 374:362.336 - 0.920ms returns FALSE
T87C0 374:362.368 JLINK_IsHalted()
T87C0 374:363.328 - 0.951ms returns FALSE
T3260 374:393.024 JLINK_IsHalted()
T3260 374:394.016 - 0.989ms returns FALSE
T3260 374:394.048 JLINK_IsHalted()
T3260 374:395.168 - 1.103ms returns FALSE
T3260 374:504.384 JLINK_IsHalted()
T3260 374:505.280 - 0.876ms returns FALSE
T3260 374:505.280 JLINK_IsHalted()
T3260 374:506.176 - 0.873ms returns FALSE
T3260 374:616.256 JLINK_IsHalted()
T3260 374:617.280 - 1.017ms returns FALSE
T3260 374:617.280 JLINK_IsHalted()
T3260 374:618.048 - 0.761ms returns FALSE
T3260 374:727.744 JLINK_IsHalted()
T3260 374:728.832 - 1.066ms returns FALSE
T3260 374:728.896 JLINK_IsHalted()
T3260 374:729.728 - 0.831ms returns FALSE
T3260 374:839.328 JLINK_IsHalted()
T3260 374:840.192 - 0.864ms returns FALSE
T3260 374:840.224 JLINK_IsHalted()
T3260 374:840.928 - 0.705ms returns FALSE
T3260 374:949.632 JLINK_IsHalted()
T3260 374:950.496 - 0.859ms returns FALSE
T3260 374:950.496 JLINK_IsHalted()
T3260 374:951.264 - 0.770ms returns FALSE
T3260 375:061.376 JLINK_IsHalted()
T3260 375:062.464 - 1.063ms returns FALSE
T3260 375:062.496 JLINK_IsHalted()
T3260 375:063.488 - 0.955ms returns FALSE
T3260 375:171.488 JLINK_IsHalted()
T3260 375:172.256 - 0.770ms returns FALSE
T3260 375:172.288 JLINK_IsHalted()
T3260 375:173.088 - 0.796ms returns FALSE
T3260 375:282.112 JLINK_IsHalted()
T3260 375:282.880 - 0.804ms returns FALSE
T3260 375:282.912 JLINK_IsHalted()
T3260 375:283.712 - 0.786ms returns FALSE
T87C0 375:378.112 JLINK_IsHalted()
T87C0 375:379.136 - 1.000ms returns FALSE
T87C0 375:379.136 JLINK_IsHalted()
T87C0 375:380.288 - 1.134ms returns FALSE
T3260 375:394.016 JLINK_IsHalted()
T3260 375:395.168 - 1.157ms returns FALSE
T3260 375:395.264 JLINK_IsHalted()
T3260 375:396.384 - 1.144ms returns FALSE
T3260 375:505.312 JLINK_IsHalted()
T3260 375:506.016 - 0.721ms returns FALSE
T3260 375:506.048 JLINK_IsHalted()
T3260 375:506.752 - 0.700ms returns FALSE
T3260 375:615.488 JLINK_IsHalted()
T3260 375:616.320 - 0.814ms returns FALSE
T3260 375:616.320 JLINK_IsHalted()
T3260 375:617.024 - 0.687ms returns FALSE
T3260 375:727.168 JLINK_IsHalted()
T3260 375:728.192 - 0.994ms returns FALSE
T3260 375:728.192 JLINK_IsHalted()
T3260 375:729.056 - 0.861ms returns FALSE
T3260 375:838.464 JLINK_IsHalted()
T3260 375:839.360 - 0.904ms returns FALSE
T3260 375:839.392 JLINK_IsHalted()
T3260 375:840.192 - 0.807ms returns FALSE
T3260 375:950.144 JLINK_IsHalted()
T3260 375:950.880 - 0.710ms returns FALSE
T3260 375:950.912 JLINK_IsHalted()
T3260 375:951.584 - 0.692ms returns FALSE
T3260 376:062.592 JLINK_IsHalted()
T3260 376:063.680 - 1.075ms returns FALSE
T3260 376:063.744 JLINK_IsHalted()
T3260 376:064.800 - 1.039ms returns FALSE
T3260 376:174.368 JLINK_IsHalted()
T3260 376:175.104 - 0.748ms returns FALSE
T3260 376:175.136 JLINK_IsHalted()
T3260 376:175.872 - 0.741ms returns FALSE
T3260 376:269.344 JLINK_IsHalted()
T3260 376:270.144 - 0.810ms returns FALSE
T3260 376:270.144 JLINK_IsHalted()
T3260 376:270.912 - 0.765ms returns FALSE
T3260 376:380.672 JLINK_IsHalted()
T3260 376:381.632 - 0.984ms returns FALSE
T3260 376:381.664 JLINK_IsHalted()
T3260 376:382.400 - 0.752ms returns FALSE
T87C0 376:382.464 JLINK_IsHalted()
T87C0 376:383.264 - 0.791ms returns FALSE
T87C0 376:383.264 JLINK_IsHalted()
T87C0 376:383.936 - 0.678ms returns FALSE
T3260 376:492.160 JLINK_IsHalted()
T3260 376:492.960 - 0.812ms returns FALSE
T3260 376:492.992 JLINK_IsHalted()
T3260 376:493.728 - 0.723ms returns FALSE
T3260 376:604.576 JLINK_IsHalted()
T3260 376:605.376 - 0.794ms returns FALSE
T3260 376:605.376 JLINK_IsHalted()
T3260 376:606.144 - 0.753ms returns FALSE
T3260 376:716.672 JLINK_IsHalted()
T3260 376:717.664 - 0.984ms returns FALSE
T3260 376:717.696 JLINK_IsHalted()
T3260 376:718.624 - 0.916ms returns FALSE
T3260 376:828.576 JLINK_IsHalted()
T3260 376:829.568 - 0.989ms returns FALSE
T3260 376:829.600 JLINK_IsHalted()
T3260 376:830.432 - 0.834ms returns FALSE
T3260 376:940.320 JLINK_IsHalted()
T3260 376:941.184 - 0.886ms returns FALSE
T3260 376:941.216 JLINK_IsHalted()
T3260 376:942.016 - 0.779ms returns FALSE
T3260 377:036.352 JLINK_IsHalted()
T3260 377:037.184 - 0.832ms returns FALSE
T3260 377:037.216 JLINK_IsHalted()
T3260 377:038.240 - 1.026ms returns FALSE
T3260 377:148.384 JLINK_IsHalted()
T3260 377:149.152 - 0.762ms returns FALSE
T3260 377:149.184 JLINK_IsHalted()
T3260 377:149.888 - 0.722ms returns FALSE
T3260 377:260.576 JLINK_IsHalted()
T3260 377:261.312 - 0.739ms returns FALSE
T3260 377:261.376 JLINK_IsHalted()
T3260 377:262.048 - 0.691ms returns FALSE
T3260 377:372.384 JLINK_IsHalted()
T3260 377:373.152 - 0.766ms returns FALSE
T3260 377:373.184 JLINK_IsHalted()
T3260 377:373.888 - 0.702ms returns FALSE
T87C0 377:388.608 JLINK_IsHalted()
T87C0 377:389.408 - 0.825ms returns FALSE
T87C0 377:389.440 JLINK_IsHalted()
T87C0 377:390.144 - 0.694ms returns FALSE
T3260 377:484.832 JLINK_IsHalted()
T3260 377:485.728 - 0.908ms returns FALSE
T3260 377:485.760 JLINK_IsHalted()
T3260 377:486.656 - 0.906ms returns FALSE
T3260 377:596.512 JLINK_IsHalted()
T3260 377:597.312 - 0.807ms returns FALSE
T3260 377:597.344 JLINK_IsHalted()
T3260 377:597.984 - 0.639ms returns FALSE
T3260 377:692.608 JLINK_IsHalted()
T3260 377:693.376 - 0.773ms returns FALSE
T3260 377:693.408 JLINK_IsHalted()
T3260 377:694.080 - 0.657ms returns FALSE
T3260 377:804.480 JLINK_IsHalted()
T3260 377:805.312 - 0.812ms returns FALSE
T3260 377:805.344 JLINK_IsHalted()
T3260 377:806.048 - 0.736ms returns FALSE
T3260 377:916.160 JLINK_IsHalted()
T3260 377:917.120 - 0.958ms returns FALSE
T3260 377:917.120 JLINK_IsHalted()
T3260 377:917.984 - 0.826ms returns FALSE
T3260 378:029.376 JLINK_IsHalted()
T3260 378:030.176 - 0.827ms returns FALSE
T3260 378:030.208 JLINK_IsHalted()
T3260 378:031.104 - 0.906ms returns FALSE
T3260 378:140.544 JLINK_IsHalted()
T3260 378:141.376 - 0.828ms returns FALSE
T3260 378:141.376 JLINK_IsHalted()
T3260 378:142.240 - 0.831ms returns FALSE
T3260 378:252.448 JLINK_IsHalted()
T3260 378:253.216 - 0.764ms returns FALSE
T3260 378:253.248 JLINK_IsHalted()
T3260 378:254.080 - 0.827ms returns FALSE
T3260 378:348.320 JLINK_IsHalted()
T3260 378:349.120 - 0.817ms returns FALSE
T3260 378:349.152 JLINK_IsHalted()
T3260 378:349.856 - 0.711ms returns FALSE
T87C0 378:396.672 JLINK_IsHalted()
T87C0 378:397.376 - 0.729ms returns FALSE
T87C0 378:397.440 JLINK_IsHalted()
T87C0 378:398.176 - 0.757ms returns FALSE
T3260 378:460.480 JLINK_IsHalted()
T3260 378:461.440 - 0.954ms returns FALSE
T3260 378:461.440 JLINK_IsHalted()
T3260 378:462.272 - 0.834ms returns FALSE
T3260 378:572.352 JLINK_IsHalted()
T3260 378:573.184 - 0.860ms returns FALSE
T3260 378:573.216 JLINK_IsHalted()
T3260 378:573.888 - 0.668ms returns FALSE
T3260 378:683.232 JLINK_IsHalted()
T3260 378:684.032 - 0.786ms returns FALSE
T3260 378:689.344 JLINK_IsHalted()
T3260 378:690.144 - 0.818ms returns FALSE
T3260 378:794.688 JLINK_IsHalted()
T3260 378:795.776 - 1.117ms returns FALSE
T3260 378:795.840 JLINK_IsHalted()
T3260 378:796.768 - 0.951ms returns FALSE
T3260 378:905.088 JLINK_IsHalted()
T3260 378:906.016 - 0.932ms returns FALSE
T3260 378:906.048 JLINK_IsHalted()
T3260 378:907.008 - 0.963ms returns FALSE
T3260 379:015.328 JLINK_IsHalted()
T3260 379:016.128 - 0.816ms returns FALSE
T3260 379:016.160 JLINK_IsHalted()
T3260 379:016.960 - 0.780ms returns FALSE
T3260 379:127.456 JLINK_IsHalted()
T3260 379:128.128 - 0.696ms returns FALSE
T3260 379:128.384 JLINK_IsHalted()
T3260 379:129.248 - 0.844ms returns FALSE
T3260 379:223.648 JLINK_IsHalted()
T3260 379:224.576 - 0.913ms returns FALSE
T3260 379:224.608 JLINK_IsHalted()
T3260 379:225.440 - 0.824ms returns FALSE
T3260 379:334.112 JLINK_IsHalted()
T3260 379:334.976 - 0.882ms returns FALSE
T3260 379:335.008 JLINK_IsHalted()
T3260 379:335.712 - 0.694ms returns FALSE
T87C0 379:397.888 JLINK_IsHalted()
T87C0 379:398.752 - 0.861ms returns FALSE
T87C0 379:398.784 JLINK_IsHalted()
T87C0 379:399.488 - 0.701ms returns FALSE
T3260 379:444.800 JLINK_IsHalted()
T3260 379:445.664 - 0.841ms returns FALSE
T3260 379:445.696 JLINK_IsHalted()
T3260 379:446.464 - 0.779ms returns FALSE
T3260 379:556.928 JLINK_IsHalted()
T3260 379:557.696 - 0.780ms returns FALSE
T3260 379:557.728 JLINK_IsHalted()
T3260 379:558.400 - 0.662ms returns FALSE
T3260 379:668.256 JLINK_IsHalted()
T3260 379:669.120 - 0.866ms returns FALSE
T3260 379:669.152 JLINK_IsHalted()
T3260 379:670.016 - 0.870ms returns FALSE
T3260 379:779.040 JLINK_IsHalted()
T3260 379:779.872 - 0.825ms returns FALSE
T3260 379:779.904 JLINK_IsHalted()
T3260 379:780.640 - 0.747ms returns FALSE
T3260 379:889.472 JLINK_IsHalted()
T3260 379:890.528 - 1.072ms returns FALSE
T3260 379:890.560 JLINK_IsHalted()
T3260 379:891.424 - 0.864ms returns FALSE
T3260 380:000.896 JLINK_IsHalted()
T3260 380:001.600 - 0.720ms returns FALSE
T3260 380:001.600 JLINK_IsHalted()
T3260 380:002.304 - 0.686ms returns FALSE
T3260 380:111.968 JLINK_IsHalted()
T3260 380:112.896 - 0.928ms returns FALSE
T3260 380:112.928 JLINK_IsHalted()
T3260 380:113.632 - 0.709ms returns FALSE
T3260 380:207.264 JLINK_IsHalted()
T3260 380:208.064 - 0.800ms returns FALSE
T3260 380:208.096 JLINK_IsHalted()
T3260 380:208.960 - 0.864ms returns FALSE
T3260 380:318.784 JLINK_IsHalted()
T3260 380:319.424 - 0.680ms returns FALSE
T3260 380:319.456 JLINK_IsHalted()
T3260 380:320.224 - 0.761ms returns FALSE
T87C0 380:414.688 JLINK_IsHalted()
T87C0 380:415.552 - 0.890ms returns FALSE
T87C0 380:415.584 JLINK_IsHalted()
T87C0 380:416.320 - 0.718ms returns FALSE
T3260 380:430.144 JLINK_IsHalted()
T3260 380:431.040 - 0.903ms returns FALSE
T3260 380:431.072 JLINK_IsHalted()
T3260 380:431.936 - 0.848ms returns FALSE
T3260 380:542.592 JLINK_IsHalted()
T3260 380:543.680 - 1.079ms returns FALSE
T3260 380:543.712 JLINK_IsHalted()
T3260 380:544.704 - 0.994ms returns FALSE
T3260 380:654.336 JLINK_IsHalted()
T3260 380:655.232 - 0.889ms returns FALSE
T3260 380:655.264 JLINK_IsHalted()
T3260 380:656.096 - 0.837ms returns FALSE
T3260 380:766.016 JLINK_IsHalted()
T3260 380:766.880 - 0.869ms returns FALSE
T3260 380:766.912 JLINK_IsHalted()
T3260 380:767.616 - 0.703ms returns FALSE
T3260 380:876.352 JLINK_IsHalted()
T3260 380:877.120 - 0.770ms returns FALSE
T3260 380:877.152 JLINK_IsHalted()
T3260 380:877.888 - 0.704ms returns FALSE
T3260 380:972.224 JLINK_IsHalted()
T3260 380:973.120 - 0.936ms returns FALSE
T3260 380:973.152 JLINK_IsHalted()
T3260 380:973.888 - 0.715ms returns FALSE
T3260 381:081.408 JLINK_IsHalted()
T3260 381:082.176 - 0.779ms returns FALSE
T3260 381:082.176 JLINK_IsHalted()
T3260 381:082.944 - 0.745ms returns FALSE
T3260 381:192.832 JLINK_IsHalted()
T3260 381:193.568 - 0.730ms returns FALSE
T3260 381:193.600 JLINK_IsHalted()
T3260 381:194.304 - 0.703ms returns FALSE
T3260 381:304.384 JLINK_IsHalted()
T3260 381:305.312 - 0.922ms returns FALSE
T3260 381:305.376 JLINK_IsHalted()
T3260 381:306.048 - 0.679ms returns FALSE
T3260 381:415.296 JLINK_IsHalted()
T3260 381:416.064 - 0.773ms returns FALSE
T3260 381:421.440 JLINK_IsHalted()
T3260 381:422.144 - 0.740ms returns FALSE
T87C0 381:422.208 JLINK_IsHalted()
T87C0 381:422.912 - 0.694ms returns FALSE
T87C0 381:422.912 JLINK_IsHalted()
T87C0 381:423.552 - 0.647ms returns FALSE
T3260 381:527.488 JLINK_IsHalted()
T3260 381:528.160 - 0.677ms returns FALSE
T3260 381:528.192 JLINK_IsHalted()
T3260 381:528.896 - 0.697ms returns FALSE
T3260 381:639.648 JLINK_IsHalted()
T3260 381:640.512 - 0.877ms returns FALSE
T3260 381:640.544 JLINK_IsHalted()
T3260 381:641.408 - 0.856ms returns FALSE
T3260 381:751.392 JLINK_IsHalted()
T3260 381:752.288 - 0.899ms returns FALSE
T3260 381:752.320 JLINK_IsHalted()
T3260 381:753.152 - 0.851ms returns FALSE
T3260 381:847.456 JLINK_IsHalted()
T3260 381:848.480 - 1.027ms returns FALSE
T3260 381:848.512 JLINK_IsHalted()
T3260 381:849.408 - 0.901ms returns FALSE
T3260 381:959.872 JLINK_IsHalted()
T3260 381:960.992 - 1.117ms returns FALSE
T3260 381:961.056 JLINK_IsHalted()
T3260 381:962.016 - 0.964ms returns FALSE
T3260 382:071.424 JLINK_IsHalted()
T3260 382:072.192 - 0.765ms returns FALSE
T3260 382:072.256 JLINK_IsHalted()
T3260 382:072.960 - 0.731ms returns FALSE
T3260 382:183.488 JLINK_IsHalted()
T3260 382:184.320 - 0.843ms returns FALSE
T3260 382:184.352 JLINK_IsHalted()
T3260 382:185.024 - 0.670ms returns FALSE
T3260 382:295.328 JLINK_IsHalted()
T3260 382:296.352 - 1.025ms returns FALSE
T3260 382:296.384 JLINK_IsHalted()
T3260 382:297.376 - 0.988ms returns FALSE
T3260 382:407.424 JLINK_IsHalted()
T3260 382:408.192 - 0.768ms returns FALSE
T3260 382:408.224 JLINK_IsHalted()
T3260 382:409.056 - 0.841ms returns FALSE
T87C0 382:423.488 JLINK_IsHalted()
T87C0 382:424.256 - 0.786ms returns FALSE
T87C0 382:424.256 JLINK_IsHalted()
T87C0 382:425.120 - 0.837ms returns FALSE
T3260 382:503.296 JLINK_IsHalted()
T3260 382:504.128 - 0.810ms returns FALSE
T3260 382:504.128 JLINK_IsHalted()
T3260 382:504.928 - 0.783ms returns FALSE
T3260 382:615.776 JLINK_IsHalted()
T3260 382:616.864 - 1.074ms returns FALSE
T3260 382:616.896 JLINK_IsHalted()
T3260 382:617.856 - 0.976ms returns FALSE
T3260 382:727.328 JLINK_IsHalted()
T3260 382:728.256 - 0.938ms returns FALSE
T3260 382:728.288 JLINK_IsHalted()
T3260 382:729.088 - 0.780ms returns FALSE
T3260 382:839.360 JLINK_IsHalted()
T3260 382:840.256 - 0.864ms returns FALSE
T3260 382:840.256 JLINK_IsHalted()
T3260 382:841.088 - 0.829ms returns FALSE
T3260 382:950.048 JLINK_IsHalted()
T3260 382:950.816 - 0.756ms returns FALSE
T3260 382:950.816 JLINK_IsHalted()
T3260 382:951.488 - 0.682ms returns FALSE
T3260 383:061.472 JLINK_IsHalted()
T3260 383:062.368 - 0.892ms returns FALSE
T3260 383:062.400 JLINK_IsHalted()
T3260 383:063.072 - 0.660ms returns FALSE
T3260 383:172.160 JLINK_IsHalted()
T3260 383:172.960 - 0.807ms returns FALSE
T3260 383:172.992 JLINK_IsHalted()
T3260 383:174.016 - 1.022ms returns FALSE
T3260 383:283.584 JLINK_IsHalted()
T3260 383:284.288 - 0.713ms returns FALSE
T3260 383:284.320 JLINK_IsHalted()
T3260 383:284.928 - 0.614ms returns FALSE
T3260 383:379.072 JLINK_IsHalted()
T3260 383:380.032 - 0.935ms returns FALSE
T3260 383:380.064 JLINK_IsHalted()
T3260 383:380.960 - 0.912ms returns FALSE
T87C0 383:426.752 JLINK_IsHalted()
T87C0 383:427.520 - 0.769ms returns FALSE
T87C0 383:427.520 JLINK_IsHalted()
T87C0 383:428.256 - 0.711ms returns FALSE
T3260 383:489.472 JLINK_IsHalted()
T3260 383:490.304 - 0.846ms returns FALSE
T3260 383:490.336 JLINK_IsHalted()
T3260 383:490.976 - 0.654ms returns FALSE
T3260 383:600.288 JLINK_IsHalted()
T3260 383:601.184 - 0.905ms returns FALSE
T3260 383:601.216 JLINK_IsHalted()
T3260 383:601.984 - 0.788ms returns FALSE
T3260 383:711.200 JLINK_IsHalted()
T3260 383:712.288 - 1.097ms returns FALSE
T3260 383:712.320 JLINK_IsHalted()
T3260 383:713.152 - 0.849ms returns FALSE
T3260 383:822.880 JLINK_IsHalted()
T3260 383:823.776 - 0.889ms returns FALSE
T3260 383:823.808 JLINK_IsHalted()
T3260 383:824.576 - 0.760ms returns FALSE
T3260 383:934.144 JLINK_IsHalted()
T3260 383:934.880 - 0.759ms returns FALSE
T3260 383:934.912 JLINK_IsHalted()
T3260 383:935.552 - 0.666ms returns FALSE
T3260 384:046.528 JLINK_IsHalted()
T3260 384:047.616 - 1.106ms returns FALSE
T3260 384:047.648 JLINK_IsHalted()
T3260 384:048.448 - 0.812ms returns FALSE
T3260 384:158.240 JLINK_IsHalted()
T3260 384:158.976 - 0.760ms returns FALSE
T3260 384:159.008 JLINK_IsHalted()
T3260 384:159.712 - 0.716ms returns FALSE
T3260 384:254.080 JLINK_IsHalted()
T3260 384:255.008 - 0.915ms returns FALSE
T3260 384:255.040 JLINK_IsHalted()
T3260 384:255.744 - 0.717ms returns FALSE
T3260 384:366.432 JLINK_IsHalted()
T3260 384:367.296 - 0.862ms returns FALSE
T3260 384:367.328 JLINK_IsHalted()
T3260 384:368.256 - 0.903ms returns FALSE
T87C0 384:430.272 JLINK_IsHalted()
T87C0 384:431.040 - 0.748ms returns FALSE
T87C0 384:431.040 JLINK_IsHalted()
T87C0 384:431.808 - 0.737ms returns FALSE
T3260 384:477.728 JLINK_IsHalted()
T3260 384:478.784 - 1.061ms returns FALSE
T3260 384:478.784 JLINK_IsHalted()
T3260 384:479.616 - 0.822ms returns FALSE
T3260 384:588.640 JLINK_IsHalted()
T3260 384:589.536 - 0.878ms returns FALSE
T3260 384:589.536 JLINK_IsHalted()
T3260 384:590.400 - 0.825ms returns FALSE
T3260 384:700.512 JLINK_IsHalted()
T3260 384:701.632 - 1.096ms returns FALSE
T3260 384:701.632 JLINK_IsHalted()
T3260 384:702.624 - 0.977ms returns FALSE
T3260 384:812.192 JLINK_IsHalted()
T3260 384:812.960 - 0.788ms returns FALSE
T3260 384:812.992 JLINK_IsHalted()
T3260 384:813.888 - 0.901ms returns FALSE
T3260 384:924.288 JLINK_IsHalted()
T3260 384:925.088 - 0.803ms returns FALSE
T3260 384:925.120 JLINK_IsHalted()
T3260 384:925.760 - 0.666ms returns FALSE
T3260 385:020.480 JLINK_IsHalted()
T3260 385:021.248 - 0.802ms returns FALSE
T3260 385:021.280 JLINK_IsHalted()
T3260 385:022.176 - 0.889ms returns FALSE
T3260 385:132.448 JLINK_IsHalted()
T3260 385:133.248 - 0.808ms returns FALSE
T3260 385:133.248 JLINK_IsHalted()
T3260 385:134.048 - 0.790ms returns FALSE
T3260 385:243.200 JLINK_IsHalted()
T3260 385:243.968 - 0.765ms returns FALSE
T3260 385:243.968 JLINK_IsHalted()
T3260 385:244.608 - 0.650ms returns FALSE
T3260 385:353.024 JLINK_IsHalted()
T3260 385:353.824 - 0.801ms returns FALSE
T3260 385:353.856 JLINK_IsHalted()
T3260 385:354.784 - 0.920ms returns FALSE
T87C0 385:433.824 JLINK_IsHalted()
T87C0 385:434.624 - 0.783ms returns FALSE
T87C0 385:434.624 JLINK_IsHalted()
T87C0 385:435.488 - 0.858ms returns FALSE
T3260 385:465.056 JLINK_IsHalted()
T3260 385:466.176 - 1.099ms returns FALSE
T3260 385:466.176 JLINK_IsHalted()
T3260 385:466.944 - 0.734ms returns FALSE
T3260 385:577.024 JLINK_IsHalted()
T3260 385:577.920 - 0.853ms returns FALSE
T3260 385:577.920 JLINK_IsHalted()
T3260 385:578.688 - 0.764ms returns FALSE
T3260 385:689.024 JLINK_IsHalted()
T3260 385:690.016 - 0.983ms returns FALSE
T3260 385:690.048 JLINK_IsHalted()
T3260 385:690.944 - 0.881ms returns FALSE
T3260 385:784.480 JLINK_IsHalted()
T3260 385:785.312 - 0.844ms returns FALSE
T3260 385:785.376 JLINK_IsHalted()
T3260 385:786.176 - 0.796ms returns FALSE
T3260 385:895.328 JLINK_IsHalted()
T3260 385:896.128 - 0.829ms returns FALSE
T3260 385:896.160 JLINK_IsHalted()
T3260 385:897.056 - 0.879ms returns FALSE
T3260 386:007.168 JLINK_IsHalted()
T3260 386:008.000 - 0.846ms returns FALSE
T3260 386:008.032 JLINK_IsHalted()
T3260 386:009.312 - 1.272ms returns FALSE
T3260 386:119.584 JLINK_IsHalted()
T3260 386:120.736 - 0.931ms returns FALSE
T3260 386:120.800 JLINK_IsHalted()
T3260 386:121.760 - 0.957ms returns FALSE
T3260 386:231.296 JLINK_IsHalted()
T3260 386:232.160 - 0.863ms returns FALSE
T3260 386:232.192 JLINK_IsHalted()
T3260 386:232.928 - 0.744ms returns FALSE
T3260 386:342.080 JLINK_IsHalted()
T3260 386:342.944 - 0.860ms returns FALSE
T3260 386:342.976 JLINK_IsHalted()
T3260 386:343.776 - 0.802ms returns FALSE
T87C0 386:438.880 JLINK_IsHalted()
T87C0 386:440.000 - 1.131ms returns FALSE
T87C0 386:440.096 JLINK_IsHalted()
T87C0 386:441.152 - 1.078ms returns FALSE
T3260 386:453.728 JLINK_IsHalted()
T3260 386:454.880 - 1.155ms returns FALSE
T3260 386:454.976 JLINK_IsHalted()
T3260 386:455.904 - 0.957ms returns FALSE
T3260 386:564.608 JLINK_IsHalted()
T3260 386:565.408 - 0.784ms returns FALSE
T3260 386:565.440 JLINK_IsHalted()
T3260 386:566.144 - 0.715ms returns FALSE
T3260 386:675.008 JLINK_IsHalted()
T3260 386:675.776 - 0.772ms returns FALSE
T3260 386:675.776 JLINK_IsHalted()
T3260 386:676.448 - 0.678ms returns FALSE
T3260 386:786.496 JLINK_IsHalted()
T3260 386:787.424 - 0.957ms returns FALSE
T3260 386:787.488 JLINK_IsHalted()
T3260 386:788.416 - 0.955ms returns FALSE
T3260 386:897.184 JLINK_IsHalted()
T3260 386:897.920 - 0.753ms returns FALSE
T3260 386:897.952 JLINK_IsHalted()
T3260 386:898.720 - 0.762ms returns FALSE
T3260 387:007.936 JLINK_IsHalted()
T3260 387:008.960 - 1.002ms returns FALSE
T3260 387:008.992 JLINK_IsHalted()
T3260 387:009.824 - 0.823ms returns FALSE
T3260 387:118.528 JLINK_IsHalted()
T3260 387:119.552 - 1.037ms returns FALSE
T3260 387:119.616 JLINK_IsHalted()
T3260 387:120.512 - 0.919ms returns FALSE
T3260 387:229.376 JLINK_IsHalted()
T3260 387:230.144 - 0.763ms returns FALSE
T3260 387:230.144 JLINK_IsHalted()
T3260 387:230.912 - 0.779ms returns FALSE
T3260 387:340.352 JLINK_IsHalted()
T3260 387:341.312 - 0.961ms returns FALSE
T3260 387:341.344 JLINK_IsHalted()
T3260 387:342.272 - 0.938ms returns FALSE
T3260 387:452.992 JLINK_IsHalted()
T3260 387:454.048 - 1.057ms returns FALSE
T3260 387:454.112 JLINK_IsHalted()
T3260 387:455.008 - 0.887ms returns FALSE
T87C0 387:455.264 JLINK_IsHalted()
T87C0 387:456.448 - 1.168ms returns FALSE
T87C0 387:456.512 JLINK_IsHalted()
T87C0 387:457.536 - 1.029ms returns FALSE
T3260 387:564.352 JLINK_IsHalted()
T3260 387:565.088 - 0.734ms returns FALSE
T3260 387:565.088 JLINK_IsHalted()
T3260 387:565.888 - 0.775ms returns FALSE
T3260 387:676.640 JLINK_IsHalted()
T3260 387:677.504 - 0.842ms returns FALSE
T3260 387:677.536 JLINK_IsHalted()
T3260 387:678.400 - 0.880ms returns FALSE
T3260 387:788.480 JLINK_IsHalted()
T3260 387:789.408 - 0.937ms returns FALSE
T3260 387:789.472 JLINK_IsHalted()
T3260 387:790.272 - 0.785ms returns FALSE
T3260 387:900.192 JLINK_IsHalted()
T3260 387:901.056 - 0.893ms returns FALSE
T3260 387:901.088 JLINK_IsHalted()
T3260 387:901.920 - 0.842ms returns FALSE
T3260 388:012.544 JLINK_IsHalted()
T3260 388:013.248 - 0.711ms returns FALSE
T3260 388:013.280 JLINK_IsHalted()
T3260 388:014.080 - 0.793ms returns FALSE
T3260 388:124.928 JLINK_IsHalted()
T3260 388:125.760 - 0.856ms returns FALSE
T3260 388:125.792 JLINK_IsHalted()
T3260 388:126.784 - 1.010ms returns FALSE
T3260 388:236.480 JLINK_IsHalted()
T3260 388:237.248 - 0.759ms returns FALSE
T3260 388:242.496 JLINK_IsHalted()
T3260 388:243.136 - 0.686ms returns FALSE
T3260 388:348.608 JLINK_IsHalted()
T3260 388:349.376 - 0.778ms returns FALSE
T3260 388:349.408 JLINK_IsHalted()
T3260 388:350.112 - 0.678ms returns FALSE
T3260 388:460.640 JLINK_IsHalted()
T3260 388:461.632 - 1.000ms returns FALSE
T3260 388:461.664 JLINK_IsHalted()
T3260 388:462.656 - 1.004ms returns FALSE
T87C0 388:462.784 JLINK_IsHalted()
T87C0 388:463.840 - 1.063ms returns FALSE
T87C0 388:463.872 JLINK_IsHalted()
T87C0 388:464.768 - 0.893ms returns FALSE
T3260 388:572.288 JLINK_IsHalted()
T3260 388:573.024 - 0.754ms returns FALSE
T3260 388:573.056 JLINK_IsHalted()
T3260 388:573.760 - 0.689ms returns FALSE
T3260 388:684.352 JLINK_IsHalted()
T3260 388:685.248 - 0.879ms returns FALSE
T3260 388:685.280 JLINK_IsHalted()
T3260 388:686.144 - 0.855ms returns FALSE
T3260 388:796.736 JLINK_IsHalted()
T3260 388:797.600 - 0.868ms returns FALSE
T3260 388:797.632 JLINK_IsHalted()
T3260 388:798.720 - 1.075ms returns FALSE
T3260 388:908.256 JLINK_IsHalted()
T3260 388:909.024 - 0.748ms returns FALSE
T3260 388:909.024 JLINK_IsHalted()
T3260 388:909.760 - 0.699ms returns FALSE
T3260 389:020.224 JLINK_IsHalted()
T3260 389:021.120 - 0.888ms returns FALSE
T3260 389:021.120 JLINK_IsHalted()
T3260 389:021.888 - 0.746ms returns FALSE
T3260 389:132.608 JLINK_IsHalted()
T3260 389:133.760 - 1.145ms returns FALSE
T3260 389:133.824 JLINK_IsHalted()
T3260 389:134.784 - 0.948ms returns FALSE
T3260 389:244.448 JLINK_IsHalted()
T3260 389:245.408 - 0.967ms returns FALSE
T3260 389:245.440 JLINK_IsHalted()
T3260 389:246.208 - 0.747ms returns FALSE
T3260 389:356.320 JLINK_IsHalted()
T3260 389:357.056 - 0.744ms returns FALSE
T3260 389:357.088 JLINK_IsHalted()
T3260 389:357.856 - 0.761ms returns FALSE
T3260 389:468.736 JLINK_IsHalted()
T3260 389:469.600 - 0.875ms returns FALSE
T3260 389:469.632 JLINK_IsHalted()
T3260 389:470.528 - 0.887ms returns FALSE
T87C0 389:470.656 JLINK_IsHalted()
T87C0 389:471.424 - 0.785ms returns FALSE
T87C0 389:471.456 JLINK_IsHalted()
T87C0 389:472.256 - 0.790ms returns FALSE
T3260 389:580.736 JLINK_IsHalted()
T3260 389:581.568 - 0.832ms returns FALSE
T3260 389:581.568 JLINK_IsHalted()
T3260 389:582.208 - 0.631ms returns FALSE
T3260 389:676.320 JLINK_IsHalted()
T3260 389:677.152 - 0.836ms returns FALSE
T3260 389:677.152 JLINK_IsHalted()
T3260 389:677.888 - 0.699ms returns FALSE
T3260 389:788.320 JLINK_IsHalted()
T3260 389:789.024 - 0.725ms returns FALSE
T3260 389:789.088 JLINK_IsHalted()
T3260 389:789.760 - 0.675ms returns FALSE
T3260 389:900.384 JLINK_IsHalted()
T3260 389:901.120 - 0.725ms returns FALSE
T3260 389:901.120 JLINK_IsHalted()
T3260 389:901.792 - 0.674ms returns FALSE
T3260 390:012.608 JLINK_IsHalted()
T3260 390:014.176 - 1.576ms returns FALSE
T3260 390:014.208 JLINK_IsHalted()
T3260 390:014.976 - 0.767ms returns FALSE
T3260 390:124.352 JLINK_IsHalted()
T3260 390:125.184 - 0.820ms returns FALSE
T3260 390:125.216 JLINK_IsHalted()
T3260 390:125.856 - 0.649ms returns FALSE
T3260 390:236.864 JLINK_IsHalted()
T3260 390:237.824 - 0.958ms returns FALSE
T3260 390:237.888 JLINK_IsHalted()
T3260 390:238.912 - 1.040ms returns FALSE
T3260 390:332.480 JLINK_IsHalted()
T3260 390:333.440 - 0.962ms returns FALSE
T3260 390:333.472 JLINK_IsHalted()
T3260 390:334.400 - 0.930ms returns FALSE
T3260 390:444.416 JLINK_IsHalted()
T3260 390:445.408 - 0.996ms returns FALSE
T3260 390:445.408 JLINK_IsHalted()
T3260 390:446.144 - 0.699ms returns FALSE
T87C0 390:476.576 JLINK_IsHalted()
T87C0 390:477.248 - 0.689ms returns FALSE
T87C0 390:477.248 JLINK_IsHalted()
T87C0 390:477.888 - 0.620ms returns FALSE
T3260 390:556.768 JLINK_IsHalted()
T3260 390:557.760 - 0.991ms returns FALSE
T3260 390:557.824 JLINK_IsHalted()
T3260 390:558.656 - 0.848ms returns FALSE
T3260 390:668.416 JLINK_IsHalted()
T3260 390:669.120 - 0.704ms returns FALSE
T3260 390:669.152 JLINK_IsHalted()
T3260 390:670.016 - 0.880ms returns FALSE
T3260 390:780.384 JLINK_IsHalted()
T3260 390:781.120 - 0.729ms returns FALSE
T3260 390:781.152 JLINK_IsHalted()
T3260 390:781.920 - 0.767ms returns FALSE
T3260 390:892.512 JLINK_IsHalted()
T3260 390:893.568 - 1.041ms returns FALSE
T3260 390:893.600 JLINK_IsHalted()
T3260 390:894.464 - 0.884ms returns FALSE
T3260 390:988.416 JLINK_IsHalted()
T3260 390:989.248 - 0.823ms returns FALSE
T3260 390:989.248 JLINK_IsHalted()
T3260 390:989.888 - 0.618ms returns FALSE
T3260 391:100.416 JLINK_IsHalted()
T3260 391:101.248 - 0.834ms returns FALSE
T3260 391:101.248 JLINK_IsHalted()
T3260 391:102.048 - 0.797ms returns FALSE
T3260 391:212.800 JLINK_IsHalted()
T3260 391:213.824 - 1.039ms returns FALSE
T3260 391:213.824 JLINK_IsHalted()
T3260 391:214.720 - 0.889ms returns FALSE
T3260 391:324.160 JLINK_IsHalted()
T3260 391:325.088 - 0.915ms returns FALSE
T3260 391:325.120 JLINK_IsHalted()
T3260 391:325.920 - 0.826ms returns FALSE
T3260 391:436.352 JLINK_IsHalted()
T3260 391:437.280 - 0.930ms returns FALSE
T3260 391:437.312 JLINK_IsHalted()
T3260 391:438.048 - 0.754ms returns FALSE
T87C0 391:484.736 JLINK_IsHalted()
T87C0 391:485.472 - 0.733ms returns FALSE
T87C0 391:485.472 JLINK_IsHalted()
T87C0 391:486.144 - 0.694ms returns FALSE
T3260 391:548.704 JLINK_IsHalted()
T3260 391:549.568 - 0.862ms returns FALSE
T3260 391:549.568 JLINK_IsHalted()
T3260 391:550.400 - 0.817ms returns FALSE
T3260 391:644.480 JLINK_IsHalted()
T3260 391:645.376 - 0.903ms returns FALSE
T3260 391:645.408 JLINK_IsHalted()
T3260 391:646.304 - 0.890ms returns FALSE
T3260 391:756.480 JLINK_IsHalted()
T3260 391:757.248 - 0.769ms returns FALSE
T3260 391:757.248 JLINK_IsHalted()
T3260 391:758.016 - 0.757ms returns FALSE
T3260 391:868.352 JLINK_IsHalted()
T3260 391:869.088 - 0.726ms returns FALSE
T3260 391:869.088 JLINK_IsHalted()
T3260 391:869.888 - 0.785ms returns FALSE
T3260 391:980.224 JLINK_IsHalted()
T3260 391:981.120 - 0.853ms returns FALSE
T3260 391:981.120 JLINK_IsHalted()
T3260 391:981.920 - 0.793ms returns FALSE
T3260 392:092.480 JLINK_IsHalted()
T3260 392:093.216 - 0.727ms returns FALSE
T3260 392:093.248 JLINK_IsHalted()
T3260 392:094.016 - 0.776ms returns FALSE
T3260 392:204.480 JLINK_IsHalted()
T3260 392:205.344 - 0.841ms returns FALSE
T3260 392:205.376 JLINK_IsHalted()
T3260 392:206.240 - 0.867ms returns FALSE
T3260 392:300.960 JLINK_IsHalted()
T3260 392:302.016 - 1.046ms returns FALSE
T3260 392:302.048 JLINK_IsHalted()
T3260 392:302.944 - 0.879ms returns FALSE
T3260 392:412.384 JLINK_IsHalted()
T3260 392:413.120 - 0.735ms returns FALSE
T3260 392:413.152 JLINK_IsHalted()
T3260 392:413.952 - 0.791ms returns FALSE
T87C0 392:492.544 JLINK_IsHalted()
T87C0 392:493.248 - 0.709ms returns FALSE
T87C0 392:493.248 JLINK_IsHalted()
T87C0 392:494.144 - 0.867ms returns FALSE
T3260 392:524.576 JLINK_IsHalted()
T3260 392:525.376 - 0.815ms returns FALSE
T3260 392:525.408 JLINK_IsHalted()
T3260 392:526.208 - 0.785ms returns FALSE
T3260 392:636.736 JLINK_IsHalted()
T3260 392:637.856 - 1.108ms returns FALSE
T3260 392:637.952 JLINK_IsHalted()
T3260 392:639.008 - 1.040ms returns FALSE
T3260 392:748.352 JLINK_IsHalted()
T3260 392:749.248 - 0.912ms returns FALSE
T3260 392:749.280 JLINK_IsHalted()
T3260 392:750.016 - 0.734ms returns FALSE
T3260 392:860.416 JLINK_IsHalted()
T3260 392:861.216 - 0.794ms returns FALSE
T3260 392:861.216 JLINK_IsHalted()
T3260 392:862.016 - 0.810ms returns FALSE
T3260 392:956.832 JLINK_IsHalted()
T3260 392:957.792 - 0.980ms returns FALSE
T3260 392:957.888 JLINK_IsHalted()
T3260 392:958.720 - 0.854ms returns FALSE
T3260 393:068.224 JLINK_IsHalted()
T3260 393:069.088 - 0.869ms returns FALSE
T3260 393:069.120 JLINK_IsHalted()
T3260 393:069.824 - 0.701ms returns FALSE
T3260 393:180.352 JLINK_IsHalted()
T3260 393:181.216 - 0.833ms returns FALSE
T3260 393:181.248 JLINK_IsHalted()
T3260 393:181.952 - 0.704ms returns FALSE
T3260 393:292.448 JLINK_IsHalted()
T3260 393:293.376 - 0.930ms returns FALSE
T3260 393:293.408 JLINK_IsHalted()
T3260 393:294.272 - 0.831ms returns FALSE
T3260 393:403.840 JLINK_IsHalted()
T3260 393:404.608 - 0.747ms returns FALSE
T3260 393:404.608 JLINK_IsHalted()
T3260 393:405.536 - 0.904ms returns FALSE
T87C0 393:499.072 JLINK_IsHalted()
T87C0 393:499.872 - 0.818ms returns FALSE
T87C0 393:499.904 JLINK_IsHalted()
T87C0 393:500.800 - 0.897ms returns FALSE
T3260 393:514.720 JLINK_IsHalted()
T3260 393:515.520 - 0.796ms returns FALSE
T3260 393:515.520 JLINK_IsHalted()
T3260 393:516.480 - 0.967ms returns FALSE
T3260 393:626.176 JLINK_IsHalted()
T3260 393:627.200 - 1.001ms returns FALSE
T3260 393:627.232 JLINK_IsHalted()
T3260 393:628.256 - 1.032ms returns FALSE
T3260 393:737.184 JLINK_IsHalted()
T3260 393:737.984 - 0.779ms returns FALSE
T3260 393:738.016 JLINK_IsHalted()
T3260 393:738.784 - 0.761ms returns FALSE
T3260 393:833.024 JLINK_IsHalted()
T3260 393:833.856 - 0.810ms returns FALSE
T3260 393:833.888 JLINK_IsHalted()
T3260 393:834.624 - 0.739ms returns FALSE
T3260 393:945.152 JLINK_IsHalted()
T3260 393:946.112 - 0.975ms returns FALSE
T3260 393:946.144 JLINK_IsHalted()
T3260 393:947.040 - 0.900ms returns FALSE
T3260 394:056.896 JLINK_IsHalted()
T3260 394:057.792 - 0.894ms returns FALSE
T3260 394:057.824 JLINK_IsHalted()
T3260 394:058.592 - 0.780ms returns FALSE
T3260 394:168.416 JLINK_IsHalted()
T3260 394:169.152 - 0.740ms returns FALSE
T3260 394:169.152 JLINK_IsHalted()
T3260 394:169.920 - 0.778ms returns FALSE
T3260 394:279.296 JLINK_IsHalted()
T3260 394:280.256 - 0.954ms returns FALSE
T3260 394:280.256 JLINK_IsHalted()
T3260 394:281.024 - 0.760ms returns FALSE
T3260 394:391.200 JLINK_IsHalted()
T3260 394:392.128 - 0.918ms returns FALSE
T3260 394:392.128 JLINK_IsHalted()
T3260 394:393.024 - 0.896ms returns FALSE
T3260 394:503.616 JLINK_IsHalted()
T3260 394:504.384 - 0.796ms returns FALSE
T3260 394:504.416 JLINK_IsHalted()
T3260 394:505.120 - 0.689ms returns FALSE
T87C0 394:505.152 JLINK_IsHalted()
T87C0 394:505.888 - 0.721ms returns FALSE
T87C0 394:505.920 JLINK_IsHalted()
T87C0 394:506.592 - 0.683ms returns FALSE
T3260 394:615.648 JLINK_IsHalted()
T3260 394:616.448 - 0.792ms returns FALSE
T3260 394:616.480 JLINK_IsHalted()
T3260 394:617.120 - 0.649ms returns FALSE
T3260 394:727.744 JLINK_IsHalted()
T3260 394:728.832 - 1.093ms returns FALSE
T3260 394:728.864 JLINK_IsHalted()
T3260 394:729.824 - 0.961ms returns FALSE
T3260 394:839.232 JLINK_IsHalted()
T3260 394:840.096 - 0.850ms returns FALSE
T3260 394:840.128 JLINK_IsHalted()
T3260 394:840.928 - 0.795ms returns FALSE
T3260 394:951.264 JLINK_IsHalted()
T3260 394:952.064 - 0.789ms returns FALSE
T3260 394:952.096 JLINK_IsHalted()
T3260 394:952.864 - 0.767ms returns FALSE
T3260 395:063.744 JLINK_IsHalted()
T3260 395:064.608 - 0.855ms returns FALSE
T3260 395:064.640 JLINK_IsHalted()
T3260 395:065.504 - 0.874ms returns FALSE
T3260 395:174.240 JLINK_IsHalted()
T3260 395:175.168 - 0.936ms returns FALSE
T3260 395:175.232 JLINK_IsHalted()
T3260 395:176.128 - 0.889ms returns FALSE
T3260 395:285.440 JLINK_IsHalted()
T3260 395:286.368 - 0.934ms returns FALSE
T3260 395:286.400 JLINK_IsHalted()
T3260 395:287.136 - 0.728ms returns FALSE
T3260 395:396.672 JLINK_IsHalted()
T3260 395:397.632 - 0.942ms returns FALSE
T3260 395:397.696 JLINK_IsHalted()
T3260 395:398.528 - 0.856ms returns FALSE
T3260 395:506.624 JLINK_IsHalted()
T3260 395:507.456 - 0.826ms returns FALSE
T3260 395:507.488 JLINK_IsHalted()
T3260 395:508.288 - 0.819ms returns FALSE
T87C0 395:508.416 JLINK_IsHalted()
T87C0 395:509.216 - 0.802ms returns FALSE
T87C0 395:509.248 JLINK_IsHalted()
T87C0 395:510.080 - 0.832ms returns FALSE
T3260 395:617.472 JLINK_IsHalted()
T3260 395:618.208 - 0.715ms returns FALSE
T3260 395:618.240 JLINK_IsHalted()
T3260 395:618.976 - 0.755ms returns FALSE
T3260 395:728.576 JLINK_IsHalted()
T3260 395:729.536 - 0.956ms returns FALSE
T3260 395:729.600 JLINK_IsHalted()
T3260 395:730.560 - 0.976ms returns FALSE
T3260 395:838.496 JLINK_IsHalted()
T3260 395:839.200 - 0.734ms returns FALSE
T3260 395:839.232 JLINK_IsHalted()
T3260 395:839.936 - 0.703ms returns FALSE
T3260 395:949.984 JLINK_IsHalted()
T3260 395:950.784 - 0.801ms returns FALSE
T3260 395:950.816 JLINK_IsHalted()
T3260 395:951.552 - 0.758ms returns FALSE
T3260 396:061.728 JLINK_IsHalted()
T3260 396:062.784 - 1.076ms returns FALSE
T3260 396:062.880 JLINK_IsHalted()
T3260 396:063.776 - 0.905ms returns FALSE
T3260 396:172.224 JLINK_IsHalted()
T3260 396:173.120 - 0.883ms returns FALSE
T3260 396:173.120 JLINK_IsHalted()
T3260 396:173.888 - 0.721ms returns FALSE
T3260 396:284.672 JLINK_IsHalted()
T3260 396:285.728 - 1.049ms returns FALSE
T3260 396:285.760 JLINK_IsHalted()
T3260 396:286.528 - 0.765ms returns FALSE
T3260 396:396.640 JLINK_IsHalted()
T3260 396:397.664 - 1.035ms returns FALSE
T3260 396:397.760 JLINK_IsHalted()
T3260 396:398.656 - 0.891ms returns FALSE
T3260 396:508.320 JLINK_IsHalted()
T3260 396:509.152 - 0.839ms returns FALSE
T3260 396:509.184 JLINK_IsHalted()
T3260 396:509.888 - 0.698ms returns FALSE
T87C0 396:509.920 JLINK_IsHalted()
T87C0 396:510.624 - 0.686ms returns FALSE
T87C0 396:510.624 JLINK_IsHalted()
T87C0 396:511.296 - 0.680ms returns FALSE
T3260 396:620.640 JLINK_IsHalted()
T3260 396:621.728 - 1.077ms returns FALSE
T3260 396:621.760 JLINK_IsHalted()
T3260 396:622.656 - 0.910ms returns FALSE
T3260 396:732.608 JLINK_IsHalted()
T3260 396:733.536 - 0.945ms returns FALSE
T3260 396:733.568 JLINK_IsHalted()
T3260 396:734.560 - 0.991ms returns FALSE
T3260 396:844.512 JLINK_IsHalted()
T3260 396:845.344 - 0.819ms returns FALSE
T3260 396:845.344 JLINK_IsHalted()
T3260 396:846.080 - 0.718ms returns FALSE
T3260 396:956.192 JLINK_IsHalted()
T3260 396:956.960 - 0.757ms returns FALSE
T3260 396:956.960 JLINK_IsHalted()
T3260 396:957.824 - 0.864ms returns FALSE
T3260 397:052.768 JLINK_IsHalted()
T3260 397:053.696 - 0.937ms returns FALSE
T3260 397:053.728 JLINK_IsHalted()
T3260 397:054.688 - 0.961ms returns FALSE
T3260 397:164.352 JLINK_IsHalted()
T3260 397:165.312 - 0.959ms returns FALSE
T3260 397:165.376 JLINK_IsHalted()
T3260 397:166.144 - 0.766ms returns FALSE
T3260 397:276.480 JLINK_IsHalted()
T3260 397:277.216 - 0.737ms returns FALSE
T3260 397:277.248 JLINK_IsHalted()
T3260 397:277.920 - 0.691ms returns FALSE
T3260 397:388.480 JLINK_IsHalted()
T3260 397:389.536 - 1.031ms returns FALSE
T3260 397:389.568 JLINK_IsHalted()
T3260 397:390.400 - 0.822ms returns FALSE
T3260 397:500.608 JLINK_IsHalted()
T3260 397:501.600 - 0.966ms returns FALSE
T3260 397:501.632 JLINK_IsHalted()
T3260 397:502.432 - 0.815ms returns FALSE
T87C0 397:516.640 JLINK_IsHalted()
T87C0 397:517.344 - 0.704ms returns FALSE
T87C0 397:517.376 JLINK_IsHalted()
T87C0 397:518.112 - 0.746ms returns FALSE
T3260 397:612.352 JLINK_IsHalted()
T3260 397:613.280 - 0.920ms returns FALSE
T3260 397:613.312 JLINK_IsHalted()
T3260 397:614.112 - 0.797ms returns FALSE
T3260 397:708.384 JLINK_IsHalted()
T3260 397:709.344 - 0.959ms returns FALSE
T3260 397:709.376 JLINK_IsHalted()
T3260 397:710.272 - 0.925ms returns FALSE
T3260 397:820.576 JLINK_IsHalted()
T3260 397:821.408 - 0.836ms returns FALSE
T3260 397:821.440 JLINK_IsHalted()
T3260 397:822.304 - 0.875ms returns FALSE
T3260 397:932.256 JLINK_IsHalted()
T3260 397:933.152 - 0.901ms returns FALSE
T3260 397:933.184 JLINK_IsHalted()
T3260 397:934.016 - 0.839ms returns FALSE
T3260 398:044.480 JLINK_IsHalted()
T3260 398:045.472 - 0.953ms returns FALSE
T3260 398:045.504 JLINK_IsHalted()
T3260 398:046.496 - 0.982ms returns FALSE
T3260 398:156.480 JLINK_IsHalted()
T3260 398:157.312 - 0.853ms returns FALSE
T3260 398:157.376 JLINK_IsHalted()
T3260 398:158.176 - 0.823ms returns FALSE
T3260 398:268.320 JLINK_IsHalted()
T3260 398:269.088 - 0.762ms returns FALSE
T3260 398:269.120 JLINK_IsHalted()
T3260 398:269.824 - 0.723ms returns FALSE
T3260 398:364.352 JLINK_IsHalted()
T3260 398:365.152 - 0.791ms returns FALSE
T3260 398:365.184 JLINK_IsHalted()
T3260 398:365.920 - 0.743ms returns FALSE
T3260 398:475.264 JLINK_IsHalted()
T3260 398:476.192 - 0.923ms returns FALSE
T3260 398:476.224 JLINK_IsHalted()
T3260 398:476.960 - 0.736ms returns FALSE
T87C0 398:523.296 JLINK_IsHalted()
T87C0 398:524.064 - 0.765ms returns FALSE
T87C0 398:524.096 JLINK_IsHalted()
T87C0 398:524.992 - 0.906ms returns FALSE
T3260 398:586.400 JLINK_IsHalted()
T3260 398:587.328 - 0.907ms returns FALSE
T3260 398:587.328 JLINK_IsHalted()
T3260 398:588.096 - 0.784ms returns FALSE
T3260 398:697.248 JLINK_IsHalted()
T3260 398:697.952 - 0.722ms returns FALSE
T3260 398:697.984 JLINK_IsHalted()
T3260 398:698.688 - 0.719ms returns FALSE
T3260 398:808.960 JLINK_IsHalted()
T3260 398:809.920 - 0.981ms returns FALSE
T3260 398:809.952 JLINK_IsHalted()
T3260 398:810.752 - 0.804ms returns FALSE
T3260 398:921.024 JLINK_IsHalted()
T3260 398:921.792 - 0.769ms returns FALSE
T3260 398:921.792 JLINK_IsHalted()
T3260 398:922.592 - 0.796ms returns FALSE
T3260 399:032.480 JLINK_IsHalted()
T3260 399:033.280 - 0.822ms returns FALSE
T3260 399:033.280 JLINK_IsHalted()
T3260 399:034.048 - 0.755ms returns FALSE
T3260 399:128.480 JLINK_IsHalted()
T3260 399:129.440 - 0.958ms returns FALSE
T3260 399:134.688 JLINK_IsHalted()
T3260 399:135.680 - 0.986ms returns FALSE
T3260 399:239.328 JLINK_IsHalted()
T3260 399:240.192 - 0.875ms returns FALSE
T3260 399:240.224 JLINK_IsHalted()
T3260 399:240.960 - 0.743ms returns FALSE
T3260 399:351.488 JLINK_IsHalted()
T3260 399:352.256 - 0.754ms returns FALSE
T3260 399:352.288 JLINK_IsHalted()
T3260 399:352.928 - 0.648ms returns FALSE
T3260 399:463.872 JLINK_IsHalted()
T3260 399:465.056 - 1.202ms returns FALSE
T3260 399:465.152 JLINK_IsHalted()
T3260 399:466.016 - 0.873ms returns FALSE
T87C0 399:527.744 JLINK_IsHalted()
T87C0 399:528.480 - 0.719ms returns FALSE
T87C0 399:528.512 JLINK_IsHalted()
T87C0 399:529.152 - 0.671ms returns FALSE
T3260 399:575.296 JLINK_IsHalted()
T3260 399:576.096 - 0.805ms returns FALSE
T3260 399:576.128 JLINK_IsHalted()
T3260 399:576.800 - 0.694ms returns FALSE
T3260 399:687.136 JLINK_IsHalted()
T3260 399:688.000 - 0.868ms returns FALSE
T3260 399:688.064 JLINK_IsHalted()
T3260 399:688.864 - 0.784ms returns FALSE
T3260 399:799.424 JLINK_IsHalted()
T3260 399:800.544 - 1.119ms returns FALSE
T3260 399:800.640 JLINK_IsHalted()
T3260 399:801.664 - 1.066ms returns FALSE
T3260 399:911.328 JLINK_IsHalted()
T3260 399:912.096 - 0.752ms returns FALSE
T3260 399:912.096 JLINK_IsHalted()
T3260 399:913.024 - 0.926ms returns FALSE
T3260 400:023.584 JLINK_IsHalted()
T3260 400:024.480 - 0.902ms returns FALSE
T3260 400:024.512 JLINK_IsHalted()
T3260 400:025.344 - 0.821ms returns FALSE
T3260 400:137.152 JLINK_IsHalted()
T3260 400:138.176 - 0.983ms returns FALSE
T3260 400:138.208 JLINK_IsHalted()
T3260 400:139.168 - 0.940ms returns FALSE
T3260 400:247.328 JLINK_IsHalted()
T3260 400:248.160 - 0.836ms returns FALSE
T3260 400:248.256 JLINK_IsHalted()
T3260 400:248.960 - 0.721ms returns FALSE
T3260 400:359.136 JLINK_IsHalted()
T3260 400:359.968 - 0.820ms returns FALSE
T3260 400:360.000 JLINK_IsHalted()
T3260 400:360.864 - 0.874ms returns FALSE
T3260 400:471.520 JLINK_IsHalted()
T3260 400:472.448 - 0.922ms returns FALSE
T3260 400:472.512 JLINK_IsHalted()
T3260 400:473.440 - 0.963ms returns FALSE
T87C0 400:535.744 JLINK_IsHalted()
T87C0 400:536.608 - 0.877ms returns FALSE
T87C0 400:536.608 JLINK_IsHalted()
T87C0 400:537.536 - 0.911ms returns FALSE
T3260 400:567.360 JLINK_IsHalted()
T3260 400:568.160 - 0.779ms returns FALSE
T3260 400:568.192 JLINK_IsHalted()
T3260 400:568.896 - 0.714ms returns FALSE
T3260 400:679.328 JLINK_IsHalted()
T3260 400:680.160 - 0.840ms returns FALSE
T3260 400:680.192 JLINK_IsHalted()
T3260 400:680.928 - 0.750ms returns FALSE
T3260 400:791.488 JLINK_IsHalted()
T3260 400:792.320 - 0.822ms returns FALSE
T3260 400:792.320 JLINK_IsHalted()
T3260 400:793.024 - 0.686ms returns FALSE
T3260 400:903.232 JLINK_IsHalted()
T3260 400:903.968 - 0.740ms returns FALSE
T3260 400:904.000 JLINK_IsHalted()
T3260 400:904.768 - 0.780ms returns FALSE
T3260 401:015.552 JLINK_IsHalted()
T3260 401:016.480 - 0.921ms returns FALSE
T3260 401:016.512 JLINK_IsHalted()
T3260 401:017.312 - 0.837ms returns FALSE
T3260 401:127.424 JLINK_IsHalted()
T3260 401:128.256 - 0.826ms returns FALSE
T3260 401:128.256 JLINK_IsHalted()
T3260 401:128.992 - 0.720ms returns FALSE
T3260 401:223.360 JLINK_IsHalted()
T3260 401:224.288 - 0.940ms returns FALSE
T3260 401:224.352 JLINK_IsHalted()
T3260 401:225.088 - 0.741ms returns FALSE
T3260 401:335.232 JLINK_IsHalted()
T3260 401:336.192 - 0.958ms returns FALSE
T3260 401:336.224 JLINK_IsHalted()
T3260 401:337.088 - 0.859ms returns FALSE
T3260 401:447.680 JLINK_IsHalted()
T3260 401:448.608 - 0.931ms returns FALSE
T3260 401:448.640 JLINK_IsHalted()
T3260 401:449.600 - 0.932ms returns FALSE
T87C0 401:543.872 JLINK_IsHalted()
T87C0 401:544.896 - 0.993ms returns FALSE
T87C0 401:544.896 JLINK_IsHalted()
T87C0 401:545.856 - 0.940ms returns FALSE
T3260 401:559.296 JLINK_IsHalted()
T3260 401:560.000 - 0.710ms returns FALSE
T3260 401:560.000 JLINK_IsHalted()
T3260 401:560.768 - 0.774ms returns FALSE
T3260 401:671.328 JLINK_IsHalted()
T3260 401:672.256 - 0.967ms returns FALSE
T3260 401:672.352 JLINK_IsHalted()
T3260 401:673.184 - 0.848ms returns FALSE
T3260 401:783.488 JLINK_IsHalted()
T3260 401:784.512 - 1.047ms returns FALSE
T3260 401:784.576 JLINK_IsHalted()
T3260 401:785.664 - 1.059ms returns FALSE
T3260 401:879.360 JLINK_IsHalted()
T3260 401:880.128 - 0.785ms returns FALSE
T3260 401:880.160 JLINK_IsHalted()
T3260 401:881.024 - 0.855ms returns FALSE
T3260 401:991.360 JLINK_IsHalted()
T3260 401:992.256 - 0.921ms returns FALSE
T3260 401:992.320 JLINK_IsHalted()
T3260 401:993.056 - 0.752ms returns FALSE
T3260 402:103.584 JLINK_IsHalted()
T3260 402:104.480 - 0.914ms returns FALSE
T3260 402:104.512 JLINK_IsHalted()
T3260 402:105.376 - 0.878ms returns FALSE
T3260 402:215.360 JLINK_IsHalted()
T3260 402:216.128 - 0.735ms returns FALSE
T3260 402:216.384 JLINK_IsHalted()
T3260 402:217.056 - 0.688ms returns FALSE
T3260 402:327.296 JLINK_IsHalted()
T3260 402:328.256 - 0.931ms returns FALSE
T3260 402:328.256 JLINK_IsHalted()
T3260 402:328.960 - 0.693ms returns FALSE
T3260 402:439.872 JLINK_IsHalted()
T3260 402:440.832 - 0.948ms returns FALSE
T3260 402:440.896 JLINK_IsHalted()
T3260 402:441.920 - 1.024ms returns FALSE
T3260 402:535.488 JLINK_IsHalted()
T3260 402:536.448 - 0.974ms returns FALSE
T3260 402:536.480 JLINK_IsHalted()
T3260 402:537.280 - 0.791ms returns FALSE
T87C0 402:551.488 JLINK_IsHalted()
T87C0 402:552.352 - 0.848ms returns FALSE
T87C0 402:552.384 JLINK_IsHalted()
T87C0 402:553.056 - 0.690ms returns FALSE
T3260 402:647.296 JLINK_IsHalted()
T3260 402:648.224 - 0.924ms returns FALSE
T3260 402:648.256 JLINK_IsHalted()
T3260 402:649.120 - 0.874ms returns FALSE
T3260 402:759.904 JLINK_IsHalted()
T3260 402:760.768 - 0.881ms returns FALSE
T3260 402:760.832 JLINK_IsHalted()
T3260 402:761.824 - 0.987ms returns FALSE
T3260 402:871.328 JLINK_IsHalted()
T3260 402:872.352 - 1.015ms returns FALSE
T3260 402:872.416 JLINK_IsHalted()
T3260 402:873.344 - 0.918ms returns FALSE
T3260 402:983.264 JLINK_IsHalted()
T3260 402:984.000 - 0.747ms returns FALSE
T3260 402:984.032 JLINK_IsHalted()
T3260 402:984.768 - 0.709ms returns FALSE
T3260 403:095.456 JLINK_IsHalted()
T3260 403:096.384 - 0.932ms returns FALSE
T3260 403:096.384 JLINK_IsHalted()
T3260 403:097.248 - 0.842ms returns FALSE
T3260 403:191.776 JLINK_IsHalted()
T3260 403:192.960 - 1.168ms returns FALSE
T3260 403:193.024 JLINK_IsHalted()
T3260 403:194.048 - 1.034ms returns FALSE
T3260 403:304.512 JLINK_IsHalted()
T3260 403:305.408 - 0.919ms returns FALSE
T3260 403:305.440 JLINK_IsHalted()
T3260 403:306.304 - 0.832ms returns FALSE
T3260 403:415.328 JLINK_IsHalted()
T3260 403:416.160 - 0.856ms returns FALSE
T3260 403:416.224 JLINK_IsHalted()
T3260 403:416.960 - 0.752ms returns FALSE
T3260 403:527.360 JLINK_IsHalted()
T3260 403:528.256 - 0.913ms returns FALSE
T3260 403:528.320 JLINK_IsHalted()
T3260 403:529.248 - 0.909ms returns FALSE
T87C0 403:559.648 JLINK_IsHalted()
T87C0 403:560.480 - 0.816ms returns FALSE
T87C0 403:560.512 JLINK_IsHalted()
T87C0 403:561.280 - 0.783ms returns FALSE
T3260 403:639.328 JLINK_IsHalted()
T3260 403:640.256 - 0.925ms returns FALSE
T3260 403:640.288 JLINK_IsHalted()
T3260 403:641.024 - 0.736ms returns FALSE
T3260 403:751.520 JLINK_IsHalted()
T3260 403:752.512 - 0.965ms returns FALSE
T3260 403:752.512 JLINK_IsHalted()
T3260 403:753.152 - 0.652ms returns FALSE
T3260 403:847.616 JLINK_IsHalted()
T3260 403:848.768 - 1.186ms returns FALSE
T3260 403:848.832 JLINK_IsHalted()
T3260 403:850.080 - 1.241ms returns FALSE
T3260 403:959.168 JLINK_IsHalted()
T3260 403:959.968 - 0.788ms returns FALSE
T3260 403:959.968 JLINK_IsHalted()
T3260 403:960.640 - 0.665ms returns FALSE
T3260 404:071.360 JLINK_IsHalted()
T3260 404:072.128 - 0.773ms returns FALSE
T3260 404:072.192 JLINK_IsHalted()
T3260 404:072.960 - 0.765ms returns FALSE
T3260 404:183.392 JLINK_IsHalted()
T3260 404:184.416 - 1.030ms returns FALSE
T3260 404:184.480 JLINK_IsHalted()
T3260 404:185.312 - 0.856ms returns FALSE
T3260 404:295.360 JLINK_IsHalted()
T3260 404:296.032 - 0.694ms returns FALSE
T3260 404:296.096 JLINK_IsHalted()
T3260 404:296.704 - 0.631ms returns FALSE
T3260 404:407.520 JLINK_IsHalted()
T3260 404:408.448 - 0.935ms returns FALSE
T3260 404:408.512 JLINK_IsHalted()
T3260 404:409.312 - 0.816ms returns FALSE
T3260 404:503.360 JLINK_IsHalted()
T3260 404:504.416 - 1.061ms returns FALSE
T3260 404:504.448 JLINK_IsHalted()
T3260 404:505.344 - 0.874ms returns FALSE
T87C0 404:567.968 JLINK_IsHalted()
T87C0 404:568.736 - 0.788ms returns FALSE
T87C0 404:568.768 JLINK_IsHalted()
T87C0 404:569.504 - 0.714ms returns FALSE
T3260 404:615.232 JLINK_IsHalted()
T3260 404:615.968 - 0.703ms returns FALSE
T3260 404:615.968 JLINK_IsHalted()
T3260 404:616.704 - 0.738ms returns FALSE
T3260 404:727.072 JLINK_IsHalted()
T3260 404:727.936 - 0.877ms returns FALSE
T3260 404:727.968 JLINK_IsHalted()
T3260 404:728.768 - 0.806ms returns FALSE
T3260 404:839.360 JLINK_IsHalted()
T3260 404:840.416 - 1.059ms returns FALSE
T3260 404:840.416 JLINK_IsHalted()
T3260 404:841.376 - 0.921ms returns FALSE
T3260 404:951.264 JLINK_IsHalted()
T3260 404:952.128 - 0.850ms returns FALSE
T3260 404:952.128 JLINK_IsHalted()
T3260 404:952.896 - 0.768ms returns FALSE
T3260 405:063.296 JLINK_IsHalted()
T3260 405:064.256 - 0.952ms returns FALSE
T3260 405:064.256 JLINK_IsHalted()
T3260 405:065.024 - 0.749ms returns FALSE
T3260 405:175.584 JLINK_IsHalted()
T3260 405:176.512 - 0.934ms returns FALSE
T3260 405:176.512 JLINK_IsHalted()
T3260 405:177.216 - 0.686ms returns FALSE
T3260 405:287.328 JLINK_IsHalted()
T3260 405:288.128 - 0.776ms returns FALSE
T3260 405:288.128 JLINK_IsHalted()
T3260 405:288.896 - 0.754ms returns FALSE
T3260 405:399.360 JLINK_IsHalted()
T3260 405:400.128 - 0.804ms returns FALSE
T3260 405:400.160 JLINK_IsHalted()
T3260 405:400.896 - 0.718ms returns FALSE
T3260 405:511.456 JLINK_IsHalted()
T3260 405:512.512 - 1.055ms returns FALSE
T3260 405:512.512 JLINK_IsHalted()
T3260 405:513.472 - 0.960ms returns FALSE
T87C0 405:575.840 JLINK_IsHalted()
T87C0 405:576.736 - 0.886ms returns FALSE
T87C0 405:576.768 JLINK_IsHalted()
T87C0 405:577.440 - 0.683ms returns FALSE
T3260 405:623.360 JLINK_IsHalted()
T3260 405:624.096 - 0.728ms returns FALSE
T3260 405:624.128 JLINK_IsHalted()
T3260 405:624.768 - 0.649ms returns FALSE
T3260 405:735.392 JLINK_IsHalted()
T3260 405:736.160 - 0.768ms returns FALSE
T3260 405:736.192 JLINK_IsHalted()
T3260 405:736.896 - 0.708ms returns FALSE
T3260 405:831.360 JLINK_IsHalted()
T3260 405:832.256 - 0.885ms returns FALSE
T3260 405:832.256 JLINK_IsHalted()
T3260 405:833.088 - 0.836ms returns FALSE
T3260 405:943.296 JLINK_IsHalted()
T3260 405:944.032 - 0.736ms returns FALSE
T3260 405:949.472 JLINK_IsHalted()
T3260 405:950.272 - 0.808ms returns FALSE
T3260 406:055.488 JLINK_IsHalted()
T3260 406:056.352 - 0.854ms returns FALSE
T3260 406:056.384 JLINK_IsHalted()
T3260 406:057.120 - 0.723ms returns FALSE
T3260 406:167.616 JLINK_IsHalted()
T3260 406:168.512 - 0.853ms returns FALSE
T3260 406:168.512 JLINK_IsHalted()
T3260 406:169.408 - 0.880ms returns FALSE
T3260 406:279.232 JLINK_IsHalted()
T3260 406:280.064 - 0.823ms returns FALSE
T3260 406:280.096 JLINK_IsHalted()
T3260 406:281.024 - 0.916ms returns FALSE
T3260 406:391.328 JLINK_IsHalted()
T3260 406:392.096 - 0.756ms returns FALSE
T3260 406:392.128 JLINK_IsHalted()
T3260 406:392.768 - 0.676ms returns FALSE
T3260 406:503.360 JLINK_IsHalted()
T3260 406:504.384 - 1.014ms returns FALSE
T3260 406:504.384 JLINK_IsHalted()
T3260 406:505.408 - 1.005ms returns FALSE
T87C0 406:582.624 JLINK_IsHalted()
T87C0 406:583.616 - 0.990ms returns FALSE
T87C0 406:583.616 JLINK_IsHalted()
T87C0 406:584.544 - 0.905ms returns FALSE
T3260 406:613.952 JLINK_IsHalted()
T3260 406:614.944 - 0.977ms returns FALSE
T3260 406:614.976 JLINK_IsHalted()
T3260 406:615.840 - 0.854ms returns FALSE
T3260 406:723.648 JLINK_IsHalted()
T3260 406:724.416 - 0.767ms returns FALSE
T3260 406:724.416 JLINK_IsHalted()
T3260 406:725.056 - 0.661ms returns FALSE
T3260 406:834.656 JLINK_IsHalted()
T3260 406:835.680 - 1.008ms returns FALSE
T3260 406:835.712 JLINK_IsHalted()
T3260 406:836.608 - 0.911ms returns FALSE
T3260 406:945.568 JLINK_IsHalted()
T3260 406:946.304 - 0.756ms returns FALSE
T3260 406:946.336 JLINK_IsHalted()
T3260 406:947.072 - 0.728ms returns FALSE
T3260 407:055.776 JLINK_IsHalted()
T3260 407:056.704 - 0.916ms returns FALSE
T3260 407:056.736 JLINK_IsHalted()
T3260 407:057.568 - 0.825ms returns FALSE
T3260 407:168.160 JLINK_IsHalted()
T3260 407:169.056 - 0.900ms returns FALSE
T3260 407:169.088 JLINK_IsHalted()
T3260 407:170.048 - 0.941ms returns FALSE
T3260 407:279.488 JLINK_IsHalted()
T3260 407:280.256 - 0.754ms returns FALSE
T3260 407:280.288 JLINK_IsHalted()
T3260 407:280.960 - 0.706ms returns FALSE
T3260 407:390.080 JLINK_IsHalted()
T3260 407:390.912 - 0.830ms returns FALSE
T3260 407:390.912 JLINK_IsHalted()
T3260 407:391.680 - 0.767ms returns FALSE
T3260 407:502.016 JLINK_IsHalted()
T3260 407:503.072 - 1.029ms returns FALSE
T3260 407:503.072 JLINK_IsHalted()
T3260 407:504.032 - 0.948ms returns FALSE
T3260 407:597.952 JLINK_IsHalted()
T3260 407:598.720 - 0.758ms returns FALSE
T3260 407:598.752 JLINK_IsHalted()
T3260 407:599.424 - 0.695ms returns FALSE
T87C0 407:599.488 JLINK_IsHalted()
T87C0 407:600.224 - 0.737ms returns FALSE
T87C0 407:600.256 JLINK_IsHalted()
T87C0 407:600.960 - 0.720ms returns FALSE
T3260 407:709.824 JLINK_IsHalted()
T3260 407:710.784 - 0.959ms returns FALSE
T3260 407:710.816 JLINK_IsHalted()
T3260 407:711.648 - 0.827ms returns FALSE
T3260 407:822.144 JLINK_IsHalted()
T3260 407:823.200 - 1.045ms returns FALSE
T3260 407:823.200 JLINK_IsHalted()
T3260 407:824.128 - 0.931ms returns FALSE
T3260 407:934.144 JLINK_IsHalted()
T3260 407:935.040 - 0.896ms returns FALSE
T3260 407:935.040 JLINK_IsHalted()
T3260 407:935.808 - 0.764ms returns FALSE
T3260 408:045.600 JLINK_IsHalted()
T3260 408:046.336 - 0.748ms returns FALSE
T3260 408:046.368 JLINK_IsHalted()
T3260 408:047.040 - 0.660ms returns FALSE
T3260 408:156.384 JLINK_IsHalted()
T3260 408:157.376 - 0.988ms returns FALSE
T3260 408:157.408 JLINK_IsHalted()
T3260 408:158.304 - 0.888ms returns FALSE
T3260 408:268.416 JLINK_IsHalted()
T3260 408:269.248 - 0.831ms returns FALSE
T3260 408:269.280 JLINK_IsHalted()
T3260 408:269.984 - 0.697ms returns FALSE
T3260 408:364.224 JLINK_IsHalted()
T3260 408:365.024 - 0.785ms returns FALSE
T3260 408:365.056 JLINK_IsHalted()
T3260 408:365.728 - 0.664ms returns FALSE
T3260 408:476.448 JLINK_IsHalted()
T3260 408:477.248 - 0.787ms returns FALSE
T3260 408:477.248 JLINK_IsHalted()
T3260 408:477.920 - 0.672ms returns FALSE
T3260 408:588.640 JLINK_IsHalted()
T3260 408:589.504 - 0.868ms returns FALSE
T3260 408:589.536 JLINK_IsHalted()
T3260 408:590.336 - 0.784ms returns FALSE
T87C0 408:604.704 JLINK_IsHalted()
T87C0 408:605.632 - 0.914ms returns FALSE
T87C0 408:605.632 JLINK_IsHalted()
T87C0 408:606.656 - 1.012ms returns FALSE
T3260 408:700.576 JLINK_IsHalted()
T3260 408:701.376 - 0.786ms returns FALSE
T3260 408:701.376 JLINK_IsHalted()
T3260 408:702.144 - 0.735ms returns FALSE
T3260 408:812.640 JLINK_IsHalted()
T3260 408:813.440 - 0.793ms returns FALSE
T3260 408:813.472 JLINK_IsHalted()
T3260 408:814.208 - 0.744ms returns FALSE
T3260 408:924.544 JLINK_IsHalted()
T3260 408:925.312 - 0.766ms returns FALSE
T3260 408:925.312 JLINK_IsHalted()
T3260 408:926.016 - 0.683ms returns FALSE
T3260 409:020.192 JLINK_IsHalted()
T3260 409:020.928 - 0.737ms returns FALSE
T3260 409:020.960 JLINK_IsHalted()
T3260 409:021.600 - 0.653ms returns FALSE
T3260 409:132.672 JLINK_IsHalted()
T3260 409:133.760 - 1.082ms returns FALSE
T3260 409:133.824 JLINK_IsHalted()
T3260 409:134.784 - 0.977ms returns FALSE
T3260 409:244.352 JLINK_IsHalted()
T3260 409:245.120 - 0.732ms returns FALSE
T3260 409:245.120 JLINK_IsHalted()
T3260 409:245.760 - 0.643ms returns FALSE
T3260 409:356.608 JLINK_IsHalted()
T3260 409:357.376 - 0.734ms returns FALSE
T3260 409:357.376 JLINK_IsHalted()
T3260 409:358.112 - 0.717ms returns FALSE
T3260 409:468.448 JLINK_IsHalted()
T3260 409:469.184 - 0.748ms returns FALSE
T3260 409:469.216 JLINK_IsHalted()
T3260 409:469.856 - 0.641ms returns FALSE
T3260 409:580.576 JLINK_IsHalted()
T3260 409:581.600 - 1.025ms returns FALSE
T3260 409:581.632 JLINK_IsHalted()
T3260 409:582.496 - 0.886ms returns FALSE
T87C0 409:612.672 JLINK_IsHalted()
T87C0 409:613.376 - 0.720ms returns FALSE
T87C0 409:613.408 JLINK_IsHalted()
T87C0 409:614.208 - 0.812ms returns FALSE
T3260 409:676.544 JLINK_IsHalted()
T3260 409:677.248 - 0.705ms returns FALSE
T3260 409:677.248 JLINK_IsHalted()
T3260 409:678.016 - 0.752ms returns FALSE
T3260 409:787.456 JLINK_IsHalted()
T3260 409:788.384 - 0.942ms returns FALSE
T3260 409:788.384 JLINK_IsHalted()
T3260 409:789.152 - 0.766ms returns FALSE
T3260 409:899.520 JLINK_IsHalted()
T3260 409:900.288 - 0.746ms returns FALSE
T3260 409:900.320 JLINK_IsHalted()
T3260 409:901.024 - 0.709ms returns FALSE
T3260 410:011.360 JLINK_IsHalted()
T3260 410:012.160 - 0.801ms returns FALSE
T3260 410:012.192 JLINK_IsHalted()
T3260 410:012.864 - 0.671ms returns FALSE
T3260 410:122.688 JLINK_IsHalted()
T3260 410:123.840 - 1.161ms returns FALSE
T3260 410:123.904 JLINK_IsHalted()
T3260 410:124.768 - 0.890ms returns FALSE
T3260 410:233.664 JLINK_IsHalted()
T3260 410:234.400 - 0.719ms returns FALSE
T3260 410:234.400 JLINK_IsHalted()
T3260 410:235.136 - 0.738ms returns FALSE
T3260 410:345.056 JLINK_IsHalted()
T3260 410:345.856 - 0.791ms returns FALSE
T3260 410:345.888 JLINK_IsHalted()
T3260 410:346.624 - 0.734ms returns FALSE
T3260 410:441.280 JLINK_IsHalted()
T3260 410:442.304 - 0.999ms returns FALSE
T3260 410:442.304 JLINK_IsHalted()
T3260 410:442.976 - 0.677ms returns FALSE
T3260 410:551.360 JLINK_IsHalted()
T3260 410:552.480 - 1.139ms returns FALSE
T3260 410:552.512 JLINK_IsHalted()
T3260 410:553.440 - 0.949ms returns FALSE
T87C0 410:615.680 JLINK_IsHalted()
T87C0 410:616.416 - 0.753ms returns FALSE
T87C0 410:616.448 JLINK_IsHalted()
T87C0 410:617.120 - 0.661ms returns FALSE
T3260 410:660.320 JLINK_IsHalted()
T3260 410:661.184 - 0.868ms returns FALSE
T3260 410:661.216 JLINK_IsHalted()
T3260 410:661.920 - 0.693ms returns FALSE
T3260 410:769.376 JLINK_IsHalted()
T3260 410:770.304 - 0.916ms returns FALSE
T3260 410:770.304 JLINK_IsHalted()
T3260 410:771.136 - 0.826ms returns FALSE
T3260 410:878.784 JLINK_IsHalted()
T3260 410:879.648 - 0.877ms returns FALSE
T3260 410:879.648 JLINK_IsHalted()
T3260 410:880.512 - 0.860ms returns FALSE
T3260 410:988.256 JLINK_IsHalted()
T3260 410:989.216 - 0.931ms returns FALSE
T3260 410:989.216 JLINK_IsHalted()
T3260 410:990.048 - 0.841ms returns FALSE
T3260 411:096.960 JLINK_IsHalted()
T3260 411:097.792 - 0.834ms returns FALSE
T3260 411:097.792 JLINK_IsHalted()
T3260 411:098.624 - 0.825ms returns FALSE
T3260 411:207.072 JLINK_IsHalted()
T3260 411:207.744 - 0.688ms returns FALSE
T3260 411:207.776 JLINK_IsHalted()
T3260 411:208.480 - 0.695ms returns FALSE
T3260 411:316.096 JLINK_IsHalted()
T3260 411:316.896 - 0.795ms returns FALSE
T3260 411:316.928 JLINK_IsHalted()
T3260 411:317.568 - 0.684ms returns FALSE
T3260 411:425.600 JLINK_IsHalted()
T3260 411:426.304 - 0.695ms returns FALSE
T3260 411:426.304 JLINK_IsHalted()
T3260 411:427.008 - 0.696ms returns FALSE
T3260 411:534.656 JLINK_IsHalted()
T3260 411:535.584 - 0.921ms returns FALSE
T3260 411:535.584 JLINK_IsHalted()
T3260 411:536.416 - 0.806ms returns FALSE
T87C0 411:617.344 JLINK_IsHalted()
T87C0 411:618.336 - 0.979ms returns FALSE
T87C0 411:618.368 JLINK_IsHalted()
T87C0 411:619.424 - 1.074ms returns FALSE
T3260 411:644.480 JLINK_IsHalted()
T3260 411:645.408 - 0.920ms returns FALSE
T3260 411:645.408 JLINK_IsHalted()
T3260 411:646.144 - 0.717ms returns FALSE
T3260 411:753.664 JLINK_IsHalted()
T3260 411:754.752 - 1.079ms returns FALSE
T3260 411:754.784 JLINK_IsHalted()
T3260 411:755.840 - 1.049ms returns FALSE
T3260 411:863.552 JLINK_IsHalted()
T3260 411:864.480 - 0.898ms returns FALSE
T3260 411:864.480 JLINK_IsHalted()
T3260 411:865.312 - 0.858ms returns FALSE
T3260 411:972.672 JLINK_IsHalted()
T3260 411:973.600 - 0.948ms returns FALSE
T3260 411:973.664 JLINK_IsHalted()
T3260 411:974.496 - 0.839ms returns FALSE
T3260 412:081.472 JLINK_IsHalted()
T3260 412:082.208 - 0.719ms returns FALSE
T3260 412:082.208 JLINK_IsHalted()
T3260 412:082.880 - 0.688ms returns FALSE
T3260 412:191.616 JLINK_IsHalted()
T3260 412:192.480 - 0.862ms returns FALSE
T3260 412:192.480 JLINK_IsHalted()
T3260 412:193.344 - 0.836ms returns FALSE
T3260 412:300.096 JLINK_IsHalted()
T3260 412:300.992 - 0.874ms returns FALSE
T3260 412:300.992 JLINK_IsHalted()
T3260 412:301.728 - 0.731ms returns FALSE
T3260 412:410.240 JLINK_IsHalted()
T3260 412:410.944 - 0.715ms returns FALSE
T3260 412:410.944 JLINK_IsHalted()
T3260 412:411.584 - 0.647ms returns FALSE
T3260 412:519.456 JLINK_IsHalted()
T3260 412:520.416 - 0.965ms returns FALSE
T3260 412:520.416 JLINK_IsHalted()
T3260 412:521.216 - 0.784ms returns FALSE
T87C0 412:619.776 JLINK_IsHalted()
T87C0 412:620.608 - 0.854ms returns FALSE
T87C0 412:620.640 JLINK_IsHalted()
T87C0 412:621.504 - 0.855ms returns FALSE
T3260 412:628.928 JLINK_IsHalted()
T3260 412:629.824 - 0.907ms returns FALSE
T3260 412:629.824 JLINK_IsHalted()
T3260 412:630.624 - 0.796ms returns FALSE
T3260 412:737.760 JLINK_IsHalted()
T3260 412:738.560 - 0.797ms returns FALSE
T3260 412:738.560 JLINK_IsHalted()
T3260 412:739.360 - 0.771ms returns FALSE
T3260 412:847.808 JLINK_IsHalted()
T3260 412:848.800 - 0.988ms returns FALSE
T3260 412:848.800 JLINK_IsHalted()
T3260 412:849.664 - 0.863ms returns FALSE
T3260 412:956.352 JLINK_IsHalted()
T3260 412:957.504 - 1.125ms returns FALSE
T3260 412:957.504 JLINK_IsHalted()
T3260 412:958.528 - 1.022ms returns FALSE
T3260 413:066.176 JLINK_IsHalted()
T3260 413:067.136 - 0.936ms returns FALSE
T3260 413:067.136 JLINK_IsHalted()
T3260 413:067.968 - 0.805ms returns FALSE
T3260 413:175.360 JLINK_IsHalted()
T3260 413:176.384 - 1.054ms returns FALSE
T3260 413:176.416 JLINK_IsHalted()
T3260 413:177.120 - 0.690ms returns FALSE
T3260 413:285.312 JLINK_IsHalted()
T3260 413:286.144 - 0.822ms returns FALSE
T3260 413:286.144 JLINK_IsHalted()
T3260 413:286.976 - 0.813ms returns FALSE
T3260 413:393.728 JLINK_IsHalted()
T3260 413:394.624 - 0.933ms returns FALSE
T3260 413:394.656 JLINK_IsHalted()
T3260 413:395.488 - 0.815ms returns FALSE
T3260 413:503.328 JLINK_IsHalted()
T3260 413:504.288 - 0.943ms returns FALSE
T3260 413:504.288 JLINK_IsHalted()
T3260 413:505.216 - 0.920ms returns FALSE
T3260 413:613.120 JLINK_IsHalted()
T3260 413:614.080 - 0.974ms returns FALSE
T3260 413:614.080 JLINK_IsHalted()
T3260 413:615.040 - 0.932ms returns FALSE
T87C0 413:621.440 JLINK_IsHalted()
T87C0 413:622.432 - 0.983ms returns FALSE
T87C0 413:622.432 JLINK_IsHalted()
T87C0 413:623.264 - 0.842ms returns FALSE
T3260 413:722.016 JLINK_IsHalted()
T3260 413:722.752 - 0.731ms returns FALSE
T3260 413:722.752 JLINK_IsHalted()
T3260 413:723.424 - 0.673ms returns FALSE
T3260 413:832.128 JLINK_IsHalted()
T3260 413:833.056 - 0.923ms returns FALSE
T3260 413:833.056 JLINK_IsHalted()
T3260 413:833.920 - 0.881ms returns FALSE
T3260 413:940.800 JLINK_IsHalted()
T3260 413:941.696 - 0.875ms returns FALSE
T3260 413:941.696 JLINK_IsHalted()
T3260 413:942.400 - 0.695ms returns FALSE
T3260 414:050.144 JLINK_IsHalted()
T3260 414:050.912 - 0.768ms returns FALSE
T3260 414:050.912 JLINK_IsHalted()
T3260 414:051.648 - 0.728ms returns FALSE
T3260 414:159.968 JLINK_IsHalted()
T3260 414:160.960 - 0.990ms returns FALSE
T3260 414:160.960 JLINK_IsHalted()
T3260 414:161.984 - 0.982ms returns FALSE
T3260 414:269.280 JLINK_IsHalted()
T3260 414:270.144 - 0.825ms returns FALSE
T3260 414:270.144 JLINK_IsHalted()
T3260 414:270.912 - 0.801ms returns FALSE
T3260 414:379.040 JLINK_IsHalted()
T3260 414:380.096 - 1.075ms returns FALSE
T3260 414:380.096 JLINK_IsHalted()
T3260 414:381.088 - 0.971ms returns FALSE
T3260 414:487.488 JLINK_IsHalted()
T3260 414:488.512 - 1.026ms returns FALSE
T3260 414:488.512 JLINK_IsHalted()
T3260 414:489.440 - 0.924ms returns FALSE
T3260 414:597.440 JLINK_IsHalted()
T3260 414:598.400 - 0.946ms returns FALSE
T3260 414:598.400 JLINK_IsHalted()
T3260 414:599.232 - 0.828ms returns FALSE
T87C0 414:624.384 JLINK_IsHalted()
T87C0 414:625.152 - 0.755ms returns FALSE
T87C0 414:625.184 JLINK_IsHalted()
T87C0 414:625.952 - 0.783ms returns FALSE
T3260 414:706.752 JLINK_IsHalted()
T3260 414:707.424 - 0.672ms returns FALSE
T3260 414:707.424 JLINK_IsHalted()
T3260 414:708.096 - 0.674ms returns FALSE
T3260 414:815.744 JLINK_IsHalted()
T3260 414:816.832 - 1.074ms returns FALSE
T3260 414:816.832 JLINK_IsHalted()
T3260 414:817.888 - 1.053ms returns FALSE
T3260 414:924.992 JLINK_IsHalted()
T3260 414:925.984 - 0.961ms returns FALSE
T3260 414:925.984 JLINK_IsHalted()
T3260 414:926.848 - 0.864ms returns FALSE
T3260 415:034.944 JLINK_IsHalted()
T3260 415:035.616 - 0.695ms returns FALSE
T3260 415:035.616 JLINK_IsHalted()
T3260 415:036.352 - 0.706ms returns FALSE
T3260 415:144.640 JLINK_IsHalted()
T3260 415:145.536 - 0.931ms returns FALSE
T3260 415:145.568 JLINK_IsHalted()
T3260 415:146.368 - 0.790ms returns FALSE
T3260 415:253.664 JLINK_IsHalted()
T3260 415:254.624 - 0.976ms returns FALSE
T3260 415:254.624 JLINK_IsHalted()
T3260 415:255.328 - 0.694ms returns FALSE
T3260 415:363.328 JLINK_IsHalted()
T3260 415:364.448 - 1.119ms returns FALSE
T3260 415:364.480 JLINK_IsHalted()
T3260 415:365.440 - 0.986ms returns FALSE
T3260 415:472.320 JLINK_IsHalted()
T3260 415:473.152 - 0.862ms returns FALSE
T3260 415:473.184 JLINK_IsHalted()
T3260 415:473.984 - 0.816ms returns FALSE
T3260 415:581.920 JLINK_IsHalted()
T3260 415:582.816 - 0.892ms returns FALSE
T3260 415:582.816 JLINK_IsHalted()
T3260 415:583.584 - 0.754ms returns FALSE
T87C0 415:626.784 JLINK_IsHalted()
T87C0 415:627.584 - 0.831ms returns FALSE
T87C0 415:627.616 JLINK_IsHalted()
T87C0 415:628.384 - 0.768ms returns FALSE
T3260 415:691.232 JLINK_IsHalted()
T3260 415:691.968 - 0.746ms returns FALSE
T3260 415:692.000 JLINK_IsHalted()
T3260 415:692.608 - 0.618ms returns FALSE
T3260 415:800.768 JLINK_IsHalted()
T3260 415:801.824 - 1.045ms returns FALSE
T3260 415:801.824 JLINK_IsHalted()
T3260 415:802.688 - 0.874ms returns FALSE
T3260 415:909.760 JLINK_IsHalted()
T3260 415:910.720 - 0.958ms returns FALSE
T3260 415:910.720 JLINK_IsHalted()
T3260 415:911.488 - 0.761ms returns FALSE
T3260 416:019.072 JLINK_IsHalted()
T3260 416:019.936 - 0.887ms returns FALSE
T3260 416:019.968 JLINK_IsHalted()
T3260 416:020.800 - 0.815ms returns FALSE
T3260 416:128.576 JLINK_IsHalted()
T3260 416:129.504 - 0.915ms returns FALSE
T3260 416:129.504 JLINK_IsHalted()
T3260 416:130.336 - 0.808ms returns FALSE
T3260 416:237.632 JLINK_IsHalted()
T3260 416:238.560 - 0.937ms returns FALSE
T3260 416:238.592 JLINK_IsHalted()
T3260 416:239.392 - 0.794ms returns FALSE
T3260 416:347.360 JLINK_IsHalted()
T3260 416:348.224 - 0.822ms returns FALSE
T3260 416:348.224 JLINK_IsHalted()
T3260 416:348.992 - 0.785ms returns FALSE
T3260 416:457.184 JLINK_IsHalted()
T3260 416:458.240 - 1.050ms returns FALSE
T3260 416:458.240 JLINK_IsHalted()
T3260 416:459.104 - 0.870ms returns FALSE
T3260 416:565.760 JLINK_IsHalted()
T3260 416:566.624 - 0.869ms returns FALSE
T3260 416:566.624 JLINK_IsHalted()
T3260 416:567.488 - 0.854ms returns FALSE
T87C0 416:628.800 JLINK_IsHalted()
T87C0 416:629.824 - 0.997ms returns FALSE
T87C0 416:629.824 JLINK_IsHalted()
T87C0 416:630.784 - 0.962ms returns FALSE
T3260 416:675.712 JLINK_IsHalted()
T3260 416:676.384 - 0.671ms returns FALSE
T3260 416:676.384 JLINK_IsHalted()
T3260 416:677.056 - 0.682ms returns FALSE
T3260 416:785.344 JLINK_IsHalted()
T3260 416:786.400 - 1.082ms returns FALSE
T3260 416:786.400 JLINK_IsHalted()
T3260 416:787.392 - 0.985ms returns FALSE
T3260 416:893.856 JLINK_IsHalted()
T3260 416:894.784 - 0.953ms returns FALSE
T3260 416:894.784 JLINK_IsHalted()
T3260 416:895.680 - 0.878ms returns FALSE
T3260 417:003.456 JLINK_IsHalted()
T3260 417:004.320 - 0.845ms returns FALSE
T3260 417:004.352 JLINK_IsHalted()
T3260 417:005.024 - 0.678ms returns FALSE
T3260 417:112.992 JLINK_IsHalted()
T3260 417:114.048 - 1.055ms returns FALSE
T3260 417:114.048 JLINK_IsHalted()
T3260 417:114.816 - 0.778ms returns FALSE
T3260 417:222.112 JLINK_IsHalted()
T3260 417:223.008 - 0.890ms returns FALSE
T3260 417:223.040 JLINK_IsHalted()
T3260 417:223.776 - 0.747ms returns FALSE
T3260 417:331.776 JLINK_IsHalted()
T3260 417:332.480 - 0.701ms returns FALSE
T3260 417:332.512 JLINK_IsHalted()
T3260 417:333.184 - 0.673ms returns FALSE
T3260 417:441.152 JLINK_IsHalted()
T3260 417:442.272 - 1.136ms returns FALSE
T3260 417:442.304 JLINK_IsHalted()
T3260 417:443.232 - 0.928ms returns FALSE
T3260 417:550.496 JLINK_IsHalted()
T3260 417:551.360 - 0.865ms returns FALSE
T3260 417:551.392 JLINK_IsHalted()
T3260 417:552.096 - 0.720ms returns FALSE
T87C0 417:631.488 JLINK_IsHalted()
T87C0 417:632.192 - 0.701ms returns FALSE
T87C0 417:632.192 JLINK_IsHalted()
T87C0 417:632.896 - 0.711ms returns FALSE
T3260 417:659.584 JLINK_IsHalted()
T3260 417:660.288 - 0.720ms returns FALSE
T3260 417:660.288 JLINK_IsHalted()
T3260 417:660.928 - 0.639ms returns FALSE
T3260 417:769.792 JLINK_IsHalted()
T3260 417:770.816 - 1.017ms returns FALSE
T3260 417:770.816 JLINK_IsHalted()
T3260 417:771.808 - 0.981ms returns FALSE
T3260 417:878.336 JLINK_IsHalted()
T3260 417:879.136 - 0.816ms returns FALSE
T3260 417:879.136 JLINK_IsHalted()
T3260 417:880.064 - 0.913ms returns FALSE
T3260 417:988.480 JLINK_IsHalted()
T3260 417:989.184 - 0.684ms returns FALSE
T3260 417:989.184 JLINK_IsHalted()
T3260 417:989.728 - 0.562ms returns FALSE
T3260 418:097.472 JLINK_IsHalted()
T3260 418:098.528 - 1.035ms returns FALSE
T3260 418:098.528 JLINK_IsHalted()
T3260 418:099.488 - 0.941ms returns FALSE
T3260 418:206.432 JLINK_IsHalted()
T3260 418:207.200 - 0.759ms returns FALSE
T3260 418:207.200 JLINK_IsHalted()
T3260 418:207.904 - 0.691ms returns FALSE
T3260 418:316.448 JLINK_IsHalted()
T3260 418:317.504 - 1.058ms returns FALSE
T3260 418:317.504 JLINK_IsHalted()
T3260 418:318.272 - 0.756ms returns FALSE
T3260 418:425.920 JLINK_IsHalted()
T3260 418:426.720 - 0.817ms returns FALSE
T3260 418:426.720 JLINK_IsHalted()
T3260 418:427.552 - 0.820ms returns FALSE
T3260 418:535.168 JLINK_IsHalted()
T3260 418:536.128 - 0.965ms returns FALSE
T3260 418:536.128 JLINK_IsHalted()
T3260 418:536.960 - 0.823ms returns FALSE
T87C0 418:633.344 JLINK_IsHalted()
T87C0 418:634.240 - 0.896ms returns FALSE
T87C0 418:634.272 JLINK_IsHalted()
T87C0 418:635.328 - 1.059ms returns FALSE
T3260 418:644.672 JLINK_IsHalted()
T3260 418:645.568 - 0.873ms returns FALSE
T3260 418:645.568 JLINK_IsHalted()
T3260 418:646.464 - 0.868ms returns FALSE
T3260 418:753.312 JLINK_IsHalted()
T3260 418:753.984 - 0.674ms returns FALSE
T3260 418:753.984 JLINK_IsHalted()
T3260 418:754.816 - 0.825ms returns FALSE
T3260 418:863.392 JLINK_IsHalted()
T3260 418:864.224 - 0.851ms returns FALSE
T3260 418:864.256 JLINK_IsHalted()
T3260 418:864.992 - 0.761ms returns FALSE
T3260 418:972.224 JLINK_IsHalted()
T3260 418:973.248 - 1.043ms returns FALSE
T3260 418:973.248 JLINK_IsHalted()
T3260 418:974.208 - 0.957ms returns FALSE
T3260 419:081.568 JLINK_IsHalted()
T3260 419:082.272 - 0.699ms returns FALSE
T3260 419:082.304 JLINK_IsHalted()
T3260 419:082.944 - 0.640ms returns FALSE
T3260 419:191.456 JLINK_IsHalted()
T3260 419:192.128 - 0.702ms returns FALSE
T3260 419:192.160 JLINK_IsHalted()
T3260 419:192.832 - 0.682ms returns FALSE
T3260 419:300.800 JLINK_IsHalted()
T3260 419:301.760 - 0.962ms returns FALSE
T3260 419:301.760 JLINK_IsHalted()
T3260 419:302.496 - 0.729ms returns FALSE
T3260 419:409.536 JLINK_IsHalted()
T3260 419:410.464 - 0.909ms returns FALSE
T3260 419:410.464 JLINK_IsHalted()
T3260 419:411.200 - 0.739ms returns FALSE
T3260 419:519.328 JLINK_IsHalted()
T3260 419:520.256 - 0.910ms returns FALSE
T3260 419:520.256 JLINK_IsHalted()
T3260 419:521.056 - 0.795ms returns FALSE
T3260 419:628.352 JLINK_IsHalted()
T3260 419:629.312 - 0.975ms returns FALSE
T3260 419:629.344 JLINK_IsHalted()
T3260 419:630.272 - 0.924ms returns FALSE
T87C0 419:636.224 JLINK_IsHalted()
T87C0 419:637.248 - 1.030ms returns FALSE
T87C0 419:637.280 JLINK_IsHalted()
T87C0 419:638.304 - 1.023ms returns FALSE
T3260 419:738.400 JLINK_IsHalted()
T3260 419:739.264 - 0.875ms returns FALSE
T3260 419:739.296 JLINK_IsHalted()
T3260 419:740.160 - 0.877ms returns FALSE
T3260 419:847.232 JLINK_IsHalted()
T3260 419:848.000 - 0.772ms returns FALSE
T3260 419:848.000 JLINK_IsHalted()
T3260 419:848.736 - 0.735ms returns FALSE
T3260 419:956.352 JLINK_IsHalted()
T3260 419:957.376 - 1.004ms returns FALSE
T3260 419:957.376 JLINK_IsHalted()
T3260 419:958.304 - 0.913ms returns FALSE
T3260 420:066.112 JLINK_IsHalted()
T3260 420:066.848 - 0.730ms returns FALSE
T3260 420:066.880 JLINK_IsHalted()
T3260 420:067.648 - 0.794ms returns FALSE
T3260 420:175.072 JLINK_IsHalted()
T3260 420:175.808 - 0.735ms returns FALSE
T3260 420:175.840 JLINK_IsHalted()
T3260 420:176.576 - 0.743ms returns FALSE
T3260 420:285.376 JLINK_IsHalted()
T3260 420:286.496 - 1.090ms returns FALSE
T3260 420:286.528 JLINK_IsHalted()
T3260 420:287.552 - 1.030ms returns FALSE
T3260 420:393.920 JLINK_IsHalted()
T3260 420:394.816 - 0.936ms returns FALSE
T3260 420:394.816 JLINK_IsHalted()
T3260 420:395.648 - 0.796ms returns FALSE
T3260 420:503.456 JLINK_IsHalted()
T3260 420:504.352 - 0.898ms returns FALSE
T3260 420:504.352 JLINK_IsHalted()
T3260 420:505.184 - 0.822ms returns FALSE
T3260 420:612.544 JLINK_IsHalted()
T3260 420:613.344 - 0.813ms returns FALSE
T3260 420:613.344 JLINK_IsHalted()
T3260 420:614.080 - 0.742ms returns FALSE
T87C0 420:638.560 JLINK_IsHalted()
T87C0 420:639.552 - 0.988ms returns FALSE
T87C0 420:639.552 JLINK_IsHalted()
T87C0 420:640.448 - 0.871ms returns FALSE
T3260 420:721.920 JLINK_IsHalted()
T3260 420:722.848 - 0.923ms returns FALSE
T3260 420:722.848 JLINK_IsHalted()
T3260 420:723.552 - 0.704ms returns FALSE
T3260 420:831.840 JLINK_IsHalted()
T3260 420:832.544 - 0.680ms returns FALSE
T3260 420:832.544 JLINK_IsHalted()
T3260 420:833.152 - 0.623ms returns FALSE
T3260 420:941.120 JLINK_IsHalted()
T3260 420:942.144 - 1.033ms returns FALSE
T3260 420:942.176 JLINK_IsHalted()
T3260 420:943.168 - 1.007ms returns FALSE
T3260 421:050.432 JLINK_IsHalted()
T3260 421:051.200 - 0.783ms returns FALSE
T3260 421:051.200 JLINK_IsHalted()
T3260 421:051.968 - 0.753ms returns FALSE
T3260 421:160.416 JLINK_IsHalted()
T3260 421:161.248 - 0.806ms returns FALSE
T3260 421:161.280 JLINK_IsHalted()
T3260 421:161.952 - 0.678ms returns FALSE
T3260 421:269.216 JLINK_IsHalted()
T3260 421:270.080 - 0.848ms returns FALSE
T3260 421:270.080 JLINK_IsHalted()
T3260 421:270.720 - 0.643ms returns FALSE
T3260 421:378.688 JLINK_IsHalted()
T3260 421:379.488 - 0.784ms returns FALSE
T3260 421:379.488 JLINK_IsHalted()
T3260 421:380.160 - 0.665ms returns FALSE
T3260 421:487.584 JLINK_IsHalted()
T3260 421:488.320 - 0.738ms returns FALSE
T3260 421:488.320 JLINK_IsHalted()
T3260 421:489.120 - 0.794ms returns FALSE
T3260 421:596.928 JLINK_IsHalted()
T3260 421:597.984 - 1.061ms returns FALSE
T3260 421:598.016 JLINK_IsHalted()
T3260 421:598.880 - 0.874ms returns FALSE
T87C0 421:640.832 JLINK_IsHalted()
T87C0 421:641.792 - 0.950ms returns FALSE
T87C0 421:641.792 JLINK_IsHalted()
T87C0 421:642.560 - 0.752ms returns FALSE
T3260 421:706.336 JLINK_IsHalted()
T3260 421:707.296 - 0.955ms returns FALSE
T3260 421:707.328 JLINK_IsHalted()
T3260 421:708.096 - 0.786ms returns FALSE
T3260 421:815.872 JLINK_IsHalted()
T3260 421:816.928 - 1.089ms returns FALSE
T3260 421:816.960 JLINK_IsHalted()
T3260 421:817.856 - 0.901ms returns FALSE
T3260 421:924.960 JLINK_IsHalted()
T3260 421:925.888 - 0.923ms returns FALSE
T3260 421:925.920 JLINK_IsHalted()
T3260 421:926.656 - 0.739ms returns FALSE
T3260 422:034.976 JLINK_IsHalted()
T3260 422:035.776 - 0.817ms returns FALSE
T3260 422:035.776 JLINK_IsHalted()
T3260 422:036.416 - 0.625ms returns FALSE
T3260 422:144.320 JLINK_IsHalted()
T3260 422:145.280 - 0.937ms returns FALSE
T3260 422:145.280 JLINK_IsHalted()
T3260 422:146.144 - 0.847ms returns FALSE
T3260 422:253.696 JLINK_IsHalted()
T3260 422:254.432 - 0.740ms returns FALSE
T3260 422:254.432 JLINK_IsHalted()
T3260 422:255.136 - 0.703ms returns FALSE
T3260 422:362.944 JLINK_IsHalted()
T3260 422:363.968 - 1.008ms returns FALSE
T3260 422:363.968 JLINK_IsHalted()
T3260 422:364.736 - 0.730ms returns FALSE
T3260 422:472.256 JLINK_IsHalted()
T3260 422:473.152 - 0.901ms returns FALSE
T3260 422:473.184 JLINK_IsHalted()
T3260 422:473.984 - 0.789ms returns FALSE
T3260 422:581.344 JLINK_IsHalted()
T3260 422:582.336 - 0.986ms returns FALSE
T3260 422:582.336 JLINK_IsHalted()
T3260 422:583.328 - 0.988ms returns FALSE
T87C0 422:643.776 JLINK_IsHalted()
T87C0 422:644.800 - 0.980ms returns FALSE
T87C0 422:644.800 JLINK_IsHalted()
T87C0 422:645.696 - 0.888ms returns FALSE
T3260 422:690.656 JLINK_IsHalted()
T3260 422:691.488 - 0.823ms returns FALSE
T3260 422:691.520 JLINK_IsHalted()
T3260 422:692.416 - 0.911ms returns FALSE
T3260 422:800.352 JLINK_IsHalted()
T3260 422:801.376 - 1.037ms returns FALSE
T3260 422:801.408 JLINK_IsHalted()
T3260 422:802.240 - 0.846ms returns FALSE
T3260 422:910.048 JLINK_IsHalted()
T3260 422:910.720 - 0.658ms returns FALSE
T3260 422:910.720 JLINK_IsHalted()
T3260 422:911.360 - 0.630ms returns FALSE
T3260 423:019.584 JLINK_IsHalted()
T3260 423:020.256 - 0.694ms returns FALSE
T3260 423:020.288 JLINK_IsHalted()
T3260 423:020.992 - 0.697ms returns FALSE
T3260 423:128.128 JLINK_IsHalted()
T3260 423:129.024 - 0.885ms returns FALSE
T3260 423:129.024 JLINK_IsHalted()
T3260 423:129.792 - 0.764ms returns FALSE
T3260 423:237.568 JLINK_IsHalted()
T3260 423:238.624 - 1.054ms returns FALSE
T3260 423:238.624 JLINK_IsHalted()
T3260 423:239.584 - 0.953ms returns FALSE
T3260 423:347.008 JLINK_IsHalted()
T3260 423:347.776 - 0.745ms returns FALSE
T3260 423:347.776 JLINK_IsHalted()
T3260 423:348.448 - 0.695ms returns FALSE
T3260 423:456.608 JLINK_IsHalted()
T3260 423:457.600 - 0.981ms returns FALSE
T3260 423:457.600 JLINK_IsHalted()
T3260 423:458.496 - 0.915ms returns FALSE
T3260 423:566.080 JLINK_IsHalted()
T3260 423:566.784 - 0.699ms returns FALSE
T3260 423:566.784 JLINK_IsHalted()
T3260 423:567.456 - 0.665ms returns FALSE
T87C0 423:646.880 JLINK_IsHalted()
T87C0 423:647.744 - 0.862ms returns FALSE
T87C0 423:647.744 JLINK_IsHalted()
T87C0 423:648.448 - 0.699ms returns FALSE
T3260 423:675.584 JLINK_IsHalted()
T3260 423:676.288 - 0.716ms returns FALSE
T3260 423:676.320 JLINK_IsHalted()
T3260 423:676.992 - 0.646ms returns FALSE
T3260 423:785.312 JLINK_IsHalted()
T3260 423:786.240 - 0.926ms returns FALSE
T3260 423:786.272 JLINK_IsHalted()
T3260 423:787.168 - 0.895ms returns FALSE
T3260 423:894.496 JLINK_IsHalted()
T3260 423:895.360 - 0.846ms returns FALSE
T3260 423:895.360 JLINK_IsHalted()
T3260 423:896.160 - 0.805ms returns FALSE
T3260 424:003.328 JLINK_IsHalted()
T3260 424:004.192 - 0.870ms returns FALSE
T3260 424:004.224 JLINK_IsHalted()
T3260 424:004.960 - 0.751ms returns FALSE
T3260 424:112.672 JLINK_IsHalted()
T3260 424:113.696 - 1.011ms returns FALSE
T3260 424:113.696 JLINK_IsHalted()
T3260 424:114.656 - 0.969ms returns FALSE
T3260 424:222.656 JLINK_IsHalted()
T3260 424:223.712 - 1.028ms returns FALSE
T3260 424:223.744 JLINK_IsHalted()
T3260 424:224.608 - 0.878ms returns FALSE
T3260 424:332.320 JLINK_IsHalted()
T3260 424:333.184 - 0.867ms returns FALSE
T3260 424:333.184 JLINK_IsHalted()
T3260 424:333.984 - 0.798ms returns FALSE
T3260 424:441.632 JLINK_IsHalted()
T3260 424:442.848 - 1.231ms returns FALSE
T3260 424:442.880 JLINK_IsHalted()
T3260 424:443.840 - 0.956ms returns FALSE
T3260 424:551.040 JLINK_IsHalted()
T3260 424:551.904 - 0.868ms returns FALSE
T3260 424:551.904 JLINK_IsHalted()
T3260 424:552.704 - 0.782ms returns FALSE
T87C0 424:649.152 JLINK_IsHalted()
T87C0 424:649.952 - 0.780ms returns FALSE
T87C0 424:649.984 JLINK_IsHalted()
T87C0 424:650.816 - 0.844ms returns FALSE
T3260 424:659.488 JLINK_IsHalted()
T3260 424:660.224 - 0.756ms returns FALSE
T3260 424:660.224 JLINK_IsHalted()
T3260 424:660.960 - 0.742ms returns FALSE
T3260 424:769.248 JLINK_IsHalted()
T3260 424:770.272 - 1.016ms returns FALSE
T3260 424:770.272 JLINK_IsHalted()
T3260 424:771.104 - 0.813ms returns FALSE
T3260 424:878.176 JLINK_IsHalted()
T3260 424:879.072 - 0.906ms returns FALSE
T3260 424:879.104 JLINK_IsHalted()
T3260 424:879.776 - 0.677ms returns FALSE
T3260 424:987.552 JLINK_IsHalted()
T3260 424:988.288 - 0.740ms returns FALSE
T3260 424:988.288 JLINK_IsHalted()
T3260 424:988.992 - 0.689ms returns FALSE
T3260 425:097.536 JLINK_IsHalted()
T3260 425:098.528 - 0.980ms returns FALSE
T3260 425:098.528 JLINK_IsHalted()
T3260 425:099.424 - 0.891ms returns FALSE
T3260 425:207.424 JLINK_IsHalted()
T3260 425:208.192 - 0.775ms returns FALSE
T3260 425:208.192 JLINK_IsHalted()
T3260 425:208.928 - 0.749ms returns FALSE
T3260 425:316.352 JLINK_IsHalted()
T3260 425:317.376 - 1.008ms returns FALSE
T3260 425:317.408 JLINK_IsHalted()
T3260 425:318.336 - 0.944ms returns FALSE
T3260 425:425.984 JLINK_IsHalted()
T3260 425:427.008 - 1.043ms returns FALSE
T3260 425:427.040 JLINK_IsHalted()
T3260 425:428.000 - 0.945ms returns FALSE
T3260 425:534.400 JLINK_IsHalted()
T3260 425:535.360 - 0.976ms returns FALSE
T3260 425:535.360 JLINK_IsHalted()
T3260 425:536.256 - 0.891ms returns FALSE
T3260 425:644.128 JLINK_IsHalted()
T3260 425:645.024 - 0.888ms returns FALSE
T3260 425:645.024 JLINK_IsHalted()
T3260 425:645.824 - 0.793ms returns FALSE
T87C0 425:651.392 JLINK_IsHalted()
T87C0 425:652.064 - 0.697ms returns FALSE
T87C0 425:652.064 JLINK_IsHalted()
T87C0 425:652.800 - 0.700ms returns FALSE
T3260 425:753.760 JLINK_IsHalted()
T3260 425:754.464 - 0.732ms returns FALSE
T3260 425:754.496 JLINK_IsHalted()
T3260 425:755.168 - 0.657ms returns FALSE
T3260 425:863.584 JLINK_IsHalted()
T3260 425:864.448 - 0.879ms returns FALSE
T3260 425:864.448 JLINK_IsHalted()
T3260 425:865.248 - 0.781ms returns FALSE
T3260 425:972.672 JLINK_IsHalted()
T3260 425:973.664 - 1.001ms returns FALSE
T3260 425:973.696 JLINK_IsHalted()
T3260 425:974.592 - 0.935ms returns FALSE
T3260 426:081.376 JLINK_IsHalted()
T3260 426:082.240 - 0.860ms returns FALSE
T3260 426:082.272 JLINK_IsHalted()
T3260 426:083.040 - 0.770ms returns FALSE
T3260 426:190.784 JLINK_IsHalted()
T3260 426:191.872 - 1.088ms returns FALSE
T3260 426:191.872 JLINK_IsHalted()
T3260 426:192.896 - 1.006ms returns FALSE
T3260 426:300.448 JLINK_IsHalted()
T3260 426:301.376 - 0.949ms returns FALSE
T3260 426:301.440 JLINK_IsHalted()
T3260 426:302.240 - 0.784ms returns FALSE
T3260 426:410.080 JLINK_IsHalted()
T3260 426:410.848 - 0.754ms returns FALSE
T3260 426:410.848 JLINK_IsHalted()
T3260 426:411.584 - 0.754ms returns FALSE
T3260 426:519.488 JLINK_IsHalted()
T3260 426:520.448 - 0.976ms returns FALSE
T3260 426:520.480 JLINK_IsHalted()
T3260 426:521.408 - 0.937ms returns FALSE
T3260 426:628.544 JLINK_IsHalted()
T3260 426:629.280 - 0.729ms returns FALSE
T3260 426:629.312 JLINK_IsHalted()
T3260 426:630.016 - 0.718ms returns FALSE
T87C0 426:653.888 JLINK_IsHalted()
T87C0 426:654.688 - 0.812ms returns FALSE
T87C0 426:654.720 JLINK_IsHalted()
T87C0 426:655.488 - 0.764ms returns FALSE
T3260 426:738.432 JLINK_IsHalted()
T3260 426:739.200 - 0.752ms returns FALSE
T3260 426:739.200 JLINK_IsHalted()
T3260 426:739.936 - 0.745ms returns FALSE
T3260 426:847.808 JLINK_IsHalted()
T3260 426:848.640 - 0.839ms returns FALSE
T3260 426:848.672 JLINK_IsHalted()
T3260 426:849.376 - 0.719ms returns FALSE
T3260 426:956.576 JLINK_IsHalted()
T3260 426:957.280 - 0.713ms returns FALSE
T3260 426:957.312 JLINK_IsHalted()
T3260 426:958.016 - 0.709ms returns FALSE
T3260 427:065.664 JLINK_IsHalted()
T3260 427:066.560 - 0.868ms returns FALSE
T3260 427:066.560 JLINK_IsHalted()
T3260 427:067.392 - 0.824ms returns FALSE
T3260 427:175.104 JLINK_IsHalted()
T3260 427:175.936 - 0.846ms returns FALSE
T3260 427:175.936 JLINK_IsHalted()
T3260 427:176.928 - 0.980ms returns FALSE
T3260 427:284.448 JLINK_IsHalted()
T3260 427:285.184 - 0.730ms returns FALSE
T3260 427:285.184 JLINK_IsHalted()
T3260 427:285.888 - 0.682ms returns FALSE
T3260 427:394.240 JLINK_IsHalted()
T3260 427:395.264 - 0.989ms returns FALSE
T3260 427:395.264 JLINK_IsHalted()
T3260 427:396.192 - 0.952ms returns FALSE
T3260 427:503.520 JLINK_IsHalted()
T3260 427:504.256 - 0.746ms returns FALSE
T3260 427:504.256 JLINK_IsHalted()
T3260 427:504.960 - 0.714ms returns FALSE
T3260 427:612.864 JLINK_IsHalted()
T3260 427:613.632 - 0.778ms returns FALSE
T3260 427:613.664 JLINK_IsHalted()
T3260 427:614.400 - 0.756ms returns FALSE
T87C0 427:656.128 JLINK_IsHalted()
T87C0 427:656.960 - 0.847ms returns FALSE
T87C0 427:656.992 JLINK_IsHalted()
T87C0 427:657.760 - 0.749ms returns FALSE
T3260 427:723.360 JLINK_IsHalted()
T3260 427:724.128 - 0.781ms returns FALSE
T3260 427:724.128 JLINK_IsHalted()
T3260 427:724.896 - 0.762ms returns FALSE
T3260 427:831.680 JLINK_IsHalted()
T3260 427:832.736 - 1.066ms returns FALSE
T3260 427:832.768 JLINK_IsHalted()
T3260 427:833.504 - 0.732ms returns FALSE
T3260 427:941.600 JLINK_IsHalted()
T3260 427:942.336 - 0.742ms returns FALSE
T3260 427:942.336 JLINK_IsHalted()
T3260 427:943.040 - 0.686ms returns FALSE
T3260 428:050.752 JLINK_IsHalted()
T3260 428:051.840 - 1.067ms returns FALSE
T3260 428:051.840 JLINK_IsHalted()
T3260 428:052.640 - 0.799ms returns FALSE
T3260 428:159.808 JLINK_IsHalted()
T3260 428:160.800 - 0.967ms returns FALSE
T3260 428:160.800 JLINK_IsHalted()
T3260 428:161.536 - 0.733ms returns FALSE
T3260 428:269.312 JLINK_IsHalted()
T3260 428:270.144 - 0.830ms returns FALSE
T3260 428:270.144 JLINK_IsHalted()
T3260 428:270.944 - 0.798ms returns FALSE
T3260 428:378.432 JLINK_IsHalted()
T3260 428:379.136 - 0.719ms returns FALSE
T3260 428:379.136 JLINK_IsHalted()
T3260 428:379.744 - 0.618ms returns FALSE
T3260 428:488.128 JLINK_IsHalted()
T3260 428:489.024 - 0.854ms returns FALSE
T3260 428:489.024 JLINK_IsHalted()
T3260 428:489.888 - 0.862ms returns FALSE
T3260 428:597.184 JLINK_IsHalted()
T3260 428:598.144 - 0.974ms returns FALSE
T3260 428:598.208 JLINK_IsHalted()
T3260 428:598.976 - 0.775ms returns FALSE
T87C0 428:658.976 JLINK_IsHalted()
T87C0 428:659.776 - 0.809ms returns FALSE
T87C0 428:659.776 JLINK_IsHalted()
T87C0 428:660.576 - 0.787ms returns FALSE
T3260 428:706.432 JLINK_IsHalted()
T3260 428:707.392 - 0.927ms returns FALSE
T3260 428:707.392 JLINK_IsHalted()
T3260 428:708.384 - 0.992ms returns FALSE
T3260 428:815.936 JLINK_IsHalted()
T3260 428:816.768 - 0.814ms returns FALSE
T3260 428:816.800 JLINK_IsHalted()
T3260 428:817.504 - 0.713ms returns FALSE
T3260 428:925.504 JLINK_IsHalted()
T3260 428:926.400 - 0.899ms returns FALSE
T3260 428:926.400 JLINK_IsHalted()
T3260 428:927.200 - 0.799ms returns FALSE
T3260 429:034.560 JLINK_IsHalted()
T3260 429:035.648 - 1.093ms returns FALSE
T3260 429:035.680 JLINK_IsHalted()
T3260 429:036.608 - 0.957ms returns FALSE
T3260 429:144.384 JLINK_IsHalted()
T3260 429:145.120 - 0.727ms returns FALSE
T3260 429:145.120 JLINK_IsHalted()
T3260 429:145.920 - 0.807ms returns FALSE
T3260 429:253.152 JLINK_IsHalted()
T3260 429:254.048 - 0.890ms returns FALSE
T3260 429:254.048 JLINK_IsHalted()
T3260 429:254.784 - 0.739ms returns FALSE
T3260 429:363.424 JLINK_IsHalted()
T3260 429:364.512 - 1.071ms returns FALSE
T3260 429:364.512 JLINK_IsHalted()
T3260 429:365.440 - 0.951ms returns FALSE
T3260 429:472.704 JLINK_IsHalted()
T3260 429:473.472 - 0.768ms returns FALSE
T3260 429:473.504 JLINK_IsHalted()
T3260 429:474.336 - 0.841ms returns FALSE
T3260 429:581.760 JLINK_IsHalted()
T3260 429:582.688 - 0.929ms returns FALSE
T3260 429:582.688 JLINK_IsHalted()
T3260 429:583.520 - 0.817ms returns FALSE
T87C0 429:661.376 JLINK_IsHalted()
T87C0 429:662.272 - 0.849ms returns FALSE
T87C0 429:662.272 JLINK_IsHalted()
T87C0 429:663.168 - 0.898ms returns FALSE
T3260 429:690.688 JLINK_IsHalted()
T3260 429:691.552 - 0.875ms returns FALSE
T3260 429:691.552 JLINK_IsHalted()
T3260 429:692.480 - 0.908ms returns FALSE
T3260 429:800.000 JLINK_IsHalted()
T3260 429:800.768 - 0.761ms returns FALSE
T3260 429:800.768 JLINK_IsHalted()
T3260 429:801.472 - 0.732ms returns FALSE
T3260 429:909.440 JLINK_IsHalted()
T3260 429:910.464 - 1.042ms returns FALSE
T3260 429:910.528 JLINK_IsHalted()
T3260 429:911.456 - 0.949ms returns FALSE
T3260 430:019.648 JLINK_IsHalted()
T3260 430:020.608 - 0.974ms returns FALSE
T3260 430:020.608 JLINK_IsHalted()
T3260 430:021.472 - 0.868ms returns FALSE
T3260 430:128.992 JLINK_IsHalted()
T3260 430:130.016 - 0.978ms returns FALSE
T3260 430:130.016 JLINK_IsHalted()
T3260 430:130.784 - 0.804ms returns FALSE
T3260 430:237.856 JLINK_IsHalted()
T3260 430:238.784 - 0.962ms returns FALSE
T3260 430:238.816 JLINK_IsHalted()
T3260 430:239.552 - 0.732ms returns FALSE
T3260 430:347.168 JLINK_IsHalted()
T3260 430:348.192 - 1.030ms returns FALSE
T3260 430:348.192 JLINK_IsHalted()
T3260 430:349.120 - 0.923ms returns FALSE
T3260 430:457.152 JLINK_IsHalted()
T3260 430:457.920 - 0.775ms returns FALSE
T3260 430:457.920 JLINK_IsHalted()
T3260 430:458.528 - 0.613ms returns FALSE
T3260 430:566.080 JLINK_IsHalted()
T3260 430:566.976 - 0.916ms returns FALSE
T3260 430:567.008 JLINK_IsHalted()
T3260 430:567.776 - 0.774ms returns FALSE
T87C0 430:663.776 JLINK_IsHalted()
T87C0 430:664.800 - 1.039ms returns FALSE
T87C0 430:664.864 JLINK_IsHalted()
T87C0 430:665.824 - 0.985ms returns FALSE
T3260 430:675.552 JLINK_IsHalted()
T3260 430:676.320 - 0.751ms returns FALSE
T3260 430:676.320 JLINK_IsHalted()
T3260 430:676.992 - 0.690ms returns FALSE
T3260 430:784.352 JLINK_IsHalted()
T3260 430:785.088 - 0.727ms returns FALSE
T3260 430:785.120 JLINK_IsHalted()
T3260 430:785.792 - 0.683ms returns FALSE
T3260 430:893.760 JLINK_IsHalted()
T3260 430:894.528 - 0.769ms returns FALSE
T3260 430:894.592 JLINK_IsHalted()
T3260 430:895.264 - 0.691ms returns FALSE
T3260 431:004.352 JLINK_IsHalted()
T3260 431:005.184 - 0.793ms returns FALSE
T3260 431:005.184 JLINK_IsHalted()
T3260 431:005.760 - 0.545ms returns FALSE
T3260 431:113.216 JLINK_IsHalted()
T3260 431:113.920 - 0.709ms returns FALSE
T3260 431:113.920 JLINK_IsHalted()
T3260 431:114.752 - 0.842ms returns FALSE
T3260 431:223.232 JLINK_IsHalted()
T3260 431:224.064 - 0.836ms returns FALSE
T3260 431:224.064 JLINK_IsHalted()
T3260 431:224.928 - 0.877ms returns FALSE
T3260 431:331.840 JLINK_IsHalted()
T3260 431:332.960 - 1.125ms returns FALSE
T3260 431:332.960 JLINK_IsHalted()
T3260 431:333.952 - 0.951ms returns FALSE
T3260 431:441.408 JLINK_IsHalted()
T3260 431:442.272 - 0.902ms returns FALSE
T3260 431:442.336 JLINK_IsHalted()
T3260 431:443.008 - 0.702ms returns FALSE
T3260 431:550.720 JLINK_IsHalted()
T3260 431:551.552 - 0.833ms returns FALSE
T3260 431:551.552 JLINK_IsHalted()
T3260 431:552.416 - 0.843ms returns FALSE
T3260 431:660.224 JLINK_IsHalted()
T3260 431:660.992 - 0.778ms returns FALSE
T3260 431:660.992 JLINK_IsHalted()
T3260 431:661.728 - 0.705ms returns FALSE
T87C0 431:667.136 JLINK_IsHalted()
T87C0 431:668.032 - 0.904ms returns FALSE
T87C0 431:668.064 JLINK_IsHalted()
T87C0 431:668.832 - 0.793ms returns FALSE
T3260 431:769.600 JLINK_IsHalted()
T3260 431:770.624 - 0.980ms returns FALSE
T3260 431:770.624 JLINK_IsHalted()
T3260 431:771.456 - 0.830ms returns FALSE
T3260 431:878.240 JLINK_IsHalted()
T3260 431:879.232 - 0.941ms returns FALSE
T3260 431:879.232 JLINK_IsHalted()
T3260 431:880.096 - 0.878ms returns FALSE
T3260 431:987.808 JLINK_IsHalted()
T3260 431:988.736 - 0.909ms returns FALSE
T3260 431:988.736 JLINK_IsHalted()
T3260 431:989.504 - 0.727ms returns FALSE
T3260 432:096.928 JLINK_IsHalted()
T3260 432:097.728 - 0.838ms returns FALSE
T3260 432:097.728 JLINK_IsHalted()
T3260 432:098.464 - 0.693ms returns FALSE
T3260 432:206.688 JLINK_IsHalted()
T3260 432:207.680 - 0.960ms returns FALSE
T3260 432:207.680 JLINK_IsHalted()
T3260 432:208.576 - 0.922ms returns FALSE
T3260 432:316.576 JLINK_IsHalted()
T3260 432:317.280 - 0.730ms returns FALSE
T3260 432:317.344 JLINK_IsHalted()
T3260 432:317.952 - 0.653ms returns FALSE
T3260 432:426.240 JLINK_IsHalted()
T3260 432:426.944 - 0.712ms returns FALSE
T3260 432:426.944 JLINK_IsHalted()
T3260 432:427.776 - 0.773ms returns FALSE
T3260 432:534.368 JLINK_IsHalted()
T3260 432:535.392 - 1.007ms returns FALSE
T3260 432:535.392 JLINK_IsHalted()
T3260 432:536.256 - 0.854ms returns FALSE
T3260 432:644.256 JLINK_IsHalted()
T3260 432:645.024 - 0.776ms returns FALSE
T3260 432:645.056 JLINK_IsHalted()
T3260 432:645.728 - 0.679ms returns FALSE
T87C0 432:669.888 JLINK_IsHalted()
T87C0 432:670.880 - 0.970ms returns FALSE
T87C0 432:670.880 JLINK_IsHalted()
T87C0 432:671.584 - 0.698ms returns FALSE
T3260 432:753.344 JLINK_IsHalted()
T3260 432:754.240 - 0.916ms returns FALSE
T3260 432:754.272 JLINK_IsHalted()
T3260 432:755.008 - 0.749ms returns FALSE
T3260 432:862.560 JLINK_IsHalted()
T3260 432:863.392 - 0.810ms returns FALSE
T3260 432:863.392 JLINK_IsHalted()
T3260 432:864.192 - 0.826ms returns FALSE
T3260 432:972.384 JLINK_IsHalted()
T3260 432:973.152 - 0.745ms returns FALSE
T3260 432:973.152 JLINK_IsHalted()
T3260 432:973.824 - 0.688ms returns FALSE
T3260 433:082.176 JLINK_IsHalted()
T3260 433:083.040 - 0.882ms returns FALSE
T3260 433:083.040 JLINK_IsHalted()
T3260 433:083.904 - 0.870ms returns FALSE
T3260 433:191.168 JLINK_IsHalted()
T3260 433:192.096 - 0.941ms returns FALSE
T3260 433:192.096 JLINK_IsHalted()
T3260 433:192.960 - 0.869ms returns FALSE
T3260 433:300.672 JLINK_IsHalted()
T3260 433:301.408 - 0.726ms returns FALSE
T3260 433:301.440 JLINK_IsHalted()
T3260 433:302.176 - 0.754ms returns FALSE
T3260 433:410.208 JLINK_IsHalted()
T3260 433:410.976 - 0.757ms returns FALSE
T3260 433:410.976 JLINK_IsHalted()
T3260 433:411.680 - 0.692ms returns FALSE
T3260 433:519.680 JLINK_IsHalted()
T3260 433:520.832 - 1.168ms returns FALSE
T3260 433:520.832 JLINK_IsHalted()
T3260 433:521.760 - 0.912ms returns FALSE
T3260 433:628.480 JLINK_IsHalted()
T3260 433:629.376 - 0.934ms returns FALSE
T3260 433:629.376 JLINK_IsHalted()
T3260 433:630.272 - 0.842ms returns FALSE
T87C0 433:673.280 JLINK_IsHalted()
T87C0 433:674.176 - 0.917ms returns FALSE
T87C0 433:674.176 JLINK_IsHalted()
T87C0 433:674.944 - 0.788ms returns FALSE
T3260 433:738.432 JLINK_IsHalted()
T3260 433:739.168 - 0.734ms returns FALSE
T3260 433:739.168 JLINK_IsHalted()
T3260 433:739.936 - 0.719ms returns FALSE
T3260 433:847.456 JLINK_IsHalted()
T3260 433:848.480 - 1.017ms returns FALSE
T3260 433:848.480 JLINK_IsHalted()
T3260 433:849.440 - 0.956ms returns FALSE
T3260 433:956.928 JLINK_IsHalted()
T3260 433:957.888 - 0.986ms returns FALSE
T3260 433:957.952 JLINK_IsHalted()
T3260 433:959.008 - 1.098ms returns FALSE
T3260 434:066.272 JLINK_IsHalted()
T3260 434:067.040 - 0.763ms returns FALSE
T3260 434:067.040 JLINK_IsHalted()
T3260 434:067.776 - 0.719ms returns FALSE
T3260 434:175.040 JLINK_IsHalted()
T3260 434:175.904 - 0.871ms returns FALSE
T3260 434:175.904 JLINK_IsHalted()
T3260 434:176.704 - 0.835ms returns FALSE
T3260 434:284.480 JLINK_IsHalted()
T3260 434:285.376 - 0.870ms returns FALSE
T3260 434:285.376 JLINK_IsHalted()
T3260 434:286.016 - 0.657ms returns FALSE
T3260 434:394.368 JLINK_IsHalted()
T3260 434:395.296 - 0.903ms returns FALSE
T3260 434:395.296 JLINK_IsHalted()
T3260 434:396.224 - 0.904ms returns FALSE
T3260 434:503.680 JLINK_IsHalted()
T3260 434:504.768 - 1.051ms returns FALSE
T3260 434:504.800 JLINK_IsHalted()
T3260 434:505.728 - 0.938ms returns FALSE
T3260 434:613.312 JLINK_IsHalted()
T3260 434:614.016 - 0.694ms returns FALSE
T3260 434:614.016 JLINK_IsHalted()
T3260 434:614.720 - 0.723ms returns FALSE
T87C0 434:675.776 JLINK_IsHalted()
T87C0 434:676.544 - 0.734ms returns FALSE
T87C0 434:676.544 JLINK_IsHalted()
T87C0 434:677.408 - 0.861ms returns FALSE
T3260 434:722.624 JLINK_IsHalted()
T3260 434:723.648 - 1.022ms returns FALSE
T3260 434:723.680 JLINK_IsHalted()
T3260 434:724.544 - 0.907ms returns FALSE
T3260 434:831.520 JLINK_IsHalted()
T3260 434:832.480 - 0.975ms returns FALSE
T3260 434:832.480 JLINK_IsHalted()
T3260 434:833.344 - 0.848ms returns FALSE
T3260 434:940.864 JLINK_IsHalted()
T3260 434:941.632 - 0.784ms returns FALSE
T3260 434:941.632 JLINK_IsHalted()
T3260 434:942.304 - 0.690ms returns FALSE
T3260 435:050.048 JLINK_IsHalted()
T3260 435:050.912 - 0.867ms returns FALSE
T3260 435:050.944 JLINK_IsHalted()
T3260 435:051.616 - 0.676ms returns FALSE
T3260 435:159.648 JLINK_IsHalted()
T3260 435:160.672 - 0.994ms returns FALSE
T3260 435:160.672 JLINK_IsHalted()
T3260 435:161.440 - 0.794ms returns FALSE
T3260 435:269.184 JLINK_IsHalted()
T3260 435:270.080 - 0.914ms returns FALSE
T3260 435:270.080 JLINK_IsHalted()
T3260 435:270.816 - 0.730ms returns FALSE
T3260 435:378.496 JLINK_IsHalted()
T3260 435:379.360 - 0.893ms returns FALSE
T3260 435:379.392 JLINK_IsHalted()
T3260 435:380.224 - 0.827ms returns FALSE
T3260 435:488.000 JLINK_IsHalted()
T3260 435:488.768 - 0.760ms returns FALSE
T3260 435:488.768 JLINK_IsHalted()
T3260 435:489.440 - 0.643ms returns FALSE
T3260 435:597.408 JLINK_IsHalted()
T3260 435:598.144 - 0.748ms returns FALSE
T3260 435:598.144 JLINK_IsHalted()
T3260 435:598.912 - 0.754ms returns FALSE
T87C0 435:677.888 JLINK_IsHalted()
T87C0 435:678.784 - 0.850ms returns FALSE
T87C0 435:678.784 JLINK_IsHalted()
T87C0 435:679.424 - 0.671ms returns FALSE
T3260 435:706.208 JLINK_IsHalted()
T3260 435:707.232 - 0.982ms returns FALSE
T3260 435:707.232 JLINK_IsHalted()
T3260 435:708.064 - 0.827ms returns FALSE
T3260 435:816.096 JLINK_IsHalted()
T3260 435:816.960 - 0.878ms returns FALSE
T3260 435:816.960 JLINK_IsHalted()
T3260 435:817.888 - 0.915ms returns FALSE
T3260 435:925.440 JLINK_IsHalted()
T3260 435:926.272 - 0.777ms returns FALSE
T3260 435:926.272 JLINK_IsHalted()
T3260 435:926.944 - 0.661ms returns FALSE
T3260 436:034.976 JLINK_IsHalted()
T3260 436:036.000 - 1.001ms returns FALSE
T3260 436:036.000 JLINK_IsHalted()
T3260 436:036.800 - 0.820ms returns FALSE
T3260 436:144.736 JLINK_IsHalted()
T3260 436:145.600 - 0.899ms returns FALSE
T3260 436:145.600 JLINK_IsHalted()
T3260 436:146.432 - 0.820ms returns FALSE
T3260 436:254.048 JLINK_IsHalted()
T3260 436:255.168 - 1.105ms returns FALSE
T3260 436:255.168 JLINK_IsHalted()
T3260 436:256.192 - 1.001ms returns FALSE
T3260 436:362.912 JLINK_IsHalted()
T3260 436:363.936 - 1.048ms returns FALSE
T3260 436:363.936 JLINK_IsHalted()
T3260 436:364.800 - 0.843ms returns FALSE
T3260 436:472.480 JLINK_IsHalted()
T3260 436:473.440 - 0.979ms returns FALSE
T3260 436:473.440 JLINK_IsHalted()
T3260 436:474.176 - 0.735ms returns FALSE
T3260 436:582.144 JLINK_IsHalted()
T3260 436:583.072 - 0.943ms returns FALSE
T3260 436:583.072 JLINK_IsHalted()
T3260 436:584.000 - 0.917ms returns FALSE
T87C0 436:679.488 JLINK_IsHalted()
T87C0 436:680.256 - 0.812ms returns FALSE
T87C0 436:680.288 JLINK_IsHalted()
T87C0 436:681.056 - 0.774ms returns FALSE
T3260 436:691.392 JLINK_IsHalted()
T3260 436:692.064 - 0.702ms returns FALSE
T3260 436:692.128 JLINK_IsHalted()
T3260 436:692.736 - 0.654ms returns FALSE
T3260 436:800.768 JLINK_IsHalted()
T3260 436:801.600 - 0.843ms returns FALSE
T3260 436:801.600 JLINK_IsHalted()
T3260 436:802.368 - 0.755ms returns FALSE
T3260 436:910.240 JLINK_IsHalted()
T3260 436:911.296 - 1.040ms returns FALSE
T3260 436:911.296 JLINK_IsHalted()
T3260 436:912.224 - 0.942ms returns FALSE
T3260 437:020.096 JLINK_IsHalted()
T3260 437:021.184 - 1.095ms returns FALSE
T3260 437:021.184 JLINK_IsHalted()
T3260 437:022.112 - 0.901ms returns FALSE
T3260 437:128.864 JLINK_IsHalted()
T3260 437:129.824 - 0.954ms returns FALSE
T3260 437:129.824 JLINK_IsHalted()
T3260 437:130.816 - 0.944ms returns FALSE
T3260 437:238.112 JLINK_IsHalted()
T3260 437:239.040 - 0.907ms returns FALSE
T3260 437:239.040 JLINK_IsHalted()
T3260 437:239.744 - 0.704ms returns FALSE
T3260 437:347.584 JLINK_IsHalted()
T3260 437:348.288 - 0.713ms returns FALSE
T3260 437:348.288 JLINK_IsHalted()
T3260 437:349.024 - 0.689ms returns FALSE
T3260 437:456.736 JLINK_IsHalted()
T3260 437:457.664 - 0.883ms returns FALSE
T3260 437:457.664 JLINK_IsHalted()
T3260 437:458.496 - 0.827ms returns FALSE
T3260 437:566.208 JLINK_IsHalted()
T3260 437:567.328 - 1.151ms returns FALSE
T3260 437:567.328 JLINK_IsHalted()
T3260 437:568.256 - 0.910ms returns FALSE
T3260 437:675.584 JLINK_IsHalted()
T3260 437:676.352 - 0.787ms returns FALSE
T3260 437:676.384 JLINK_IsHalted()
T3260 437:677.056 - 0.692ms returns FALSE
T87C0 437:682.176 JLINK_IsHalted()
T87C0 437:682.944 - 0.741ms returns FALSE
T87C0 437:682.944 JLINK_IsHalted()
T87C0 437:683.616 - 0.661ms returns FALSE
T3260 437:785.408 JLINK_IsHalted()
T3260 437:786.112 - 0.718ms returns FALSE
T3260 437:786.112 JLINK_IsHalted()
T3260 437:786.944 - 0.797ms returns FALSE
T3260 437:893.728 JLINK_IsHalted()
T3260 437:894.560 - 0.797ms returns FALSE
T3260 437:894.560 JLINK_IsHalted()
T3260 437:895.232 - 0.677ms returns FALSE
T3260 438:003.360 JLINK_IsHalted()
T3260 438:004.032 - 0.656ms returns FALSE
T3260 438:004.032 JLINK_IsHalted()
T3260 438:004.640 - 0.608ms returns FALSE
T3260 438:113.024 JLINK_IsHalted()
T3260 438:113.984 - 0.974ms returns FALSE
T3260 438:113.984 JLINK_IsHalted()
T3260 438:114.816 - 0.799ms returns FALSE
T3260 438:222.496 JLINK_IsHalted()
T3260 438:223.520 - 1.057ms returns FALSE
T3260 438:223.552 JLINK_IsHalted()
T3260 438:224.448 - 0.903ms returns FALSE
T3260 438:332.320 JLINK_IsHalted()
T3260 438:333.088 - 0.763ms returns FALSE
T3260 438:333.088 JLINK_IsHalted()
T3260 438:333.760 - 0.669ms returns FALSE
T3260 438:441.568 JLINK_IsHalted()
T3260 438:442.560 - 0.976ms returns FALSE
T3260 438:442.560 JLINK_IsHalted()
T3260 438:443.264 - 0.716ms returns FALSE
T3260 438:551.488 JLINK_IsHalted()
T3260 438:552.480 - 0.989ms returns FALSE
T3260 438:552.512 JLINK_IsHalted()
T3260 438:553.344 - 0.831ms returns FALSE
T3260 438:659.904 JLINK_IsHalted()
T3260 438:666.176 - 6.254ms returns FALSE
T3260 438:666.176 JLINK_IsHalted()
T3260 438:666.912 - 0.713ms returns FALSE
T87C0 438:683.744 JLINK_IsHalted()
T87C0 438:684.512 - 0.771ms returns FALSE
T87C0 438:684.512 JLINK_IsHalted()
T87C0 438:685.248 - 0.686ms returns FALSE
T3260 438:768.736 JLINK_IsHalted()
T3260 438:769.824 - 1.061ms returns FALSE
T3260 438:769.824 JLINK_IsHalted()
T3260 438:770.944 - 1.120ms returns FALSE
T3260 438:878.304 JLINK_IsHalted()
T3260 438:879.168 - 0.868ms returns FALSE
T3260 438:879.168 JLINK_IsHalted()
T3260 438:880.000 - 0.805ms returns FALSE
T3260 438:988.192 JLINK_IsHalted()
T3260 438:989.056 - 0.854ms returns FALSE
T3260 438:989.056 JLINK_IsHalted()
T3260 438:989.728 - 0.665ms returns FALSE
T3260 439:097.088 JLINK_IsHalted()
T3260 439:098.176 - 1.097ms returns FALSE
T3260 439:098.176 JLINK_IsHalted()
T3260 439:099.136 - 0.968ms returns FALSE
T3260 439:207.072 JLINK_IsHalted()
T3260 439:207.840 - 0.757ms returns FALSE
T3260 439:207.840 JLINK_IsHalted()
T3260 439:208.448 - 0.582ms returns FALSE
T3260 439:316.416 JLINK_IsHalted()
T3260 439:317.344 - 0.926ms returns FALSE
T3260 439:317.344 JLINK_IsHalted()
T3260 439:318.176 - 0.793ms returns FALSE
T3260 439:425.952 JLINK_IsHalted()
T3260 439:426.752 - 0.795ms returns FALSE
T3260 439:426.752 JLINK_IsHalted()
T3260 439:427.424 - 0.690ms returns FALSE
T3260 439:535.008 JLINK_IsHalted()
T3260 439:535.776 - 0.789ms returns FALSE
T3260 439:535.776 JLINK_IsHalted()
T3260 439:536.480 - 0.693ms returns FALSE
T3260 439:644.320 JLINK_IsHalted()
T3260 439:645.088 - 0.764ms returns FALSE
T3260 439:645.088 JLINK_IsHalted()
T3260 439:645.760 - 0.641ms returns FALSE
T87C0 439:685.280 JLINK_IsHalted()
T87C0 439:686.336 - 1.079ms returns FALSE
T87C0 439:686.336 JLINK_IsHalted()
T87C0 439:687.264 - 0.903ms returns FALSE
T3260 439:753.536 JLINK_IsHalted()
T3260 439:754.496 - 0.951ms returns FALSE
T3260 439:754.496 JLINK_IsHalted()
T3260 439:755.360 - 0.857ms returns FALSE
T3260 439:863.104 JLINK_IsHalted()
T3260 439:863.808 - 0.711ms returns FALSE
T3260 439:863.808 JLINK_IsHalted()
T3260 439:864.480 - 0.689ms returns FALSE
T3260 439:971.904 JLINK_IsHalted()
T3260 439:972.608 - 0.727ms returns FALSE
T3260 439:972.608 JLINK_IsHalted()
T3260 439:973.216 - 0.634ms returns FALSE
T3260 440:081.248 JLINK_IsHalted()
T3260 440:082.272 - 0.994ms returns FALSE
T3260 440:082.272 JLINK_IsHalted()
T3260 440:083.200 - 0.907ms returns FALSE
T3260 440:190.656 JLINK_IsHalted()
T3260 440:191.584 - 0.907ms returns FALSE
T3260 440:191.584 JLINK_IsHalted()
T3260 440:192.352 - 0.782ms returns FALSE
T3260 440:300.544 JLINK_IsHalted()
T3260 440:301.408 - 0.895ms returns FALSE
T3260 440:301.472 JLINK_IsHalted()
T3260 440:302.176 - 0.755ms returns FALSE
T3260 440:409.344 JLINK_IsHalted()
T3260 440:410.304 - 0.935ms returns FALSE
T3260 440:410.304 JLINK_IsHalted()
T3260 440:411.136 - 0.845ms returns FALSE
T3260 440:519.488 JLINK_IsHalted()
T3260 440:520.352 - 0.838ms returns FALSE
T3260 440:520.352 JLINK_IsHalted()
T3260 440:521.152 - 0.826ms returns FALSE
T3260 440:628.160 JLINK_IsHalted()
T3260 440:628.928 - 0.731ms returns FALSE
T3260 440:628.928 JLINK_IsHalted()
T3260 440:629.600 - 0.685ms returns FALSE
T87C0 440:686.656 JLINK_IsHalted()
T87C0 440:687.424 - 0.761ms returns FALSE
T87C0 440:687.456 JLINK_IsHalted()
T87C0 440:688.192 - 0.738ms returns FALSE
T3260 440:738.144 JLINK_IsHalted()
T3260 440:739.232 - 1.067ms returns FALSE
T3260 440:739.232 JLINK_IsHalted()
T3260 440:740.096 - 0.850ms returns FALSE
T3260 440:847.456 JLINK_IsHalted()
T3260 440:848.288 - 0.842ms returns FALSE
T3260 440:848.288 JLINK_IsHalted()
T3260 440:849.056 - 0.747ms returns FALSE
T3260 440:956.416 JLINK_IsHalted()
T3260 440:957.120 - 0.742ms returns FALSE
T3260 440:957.184 JLINK_IsHalted()
T3260 440:957.856 - 0.697ms returns FALSE
T3260 441:066.496 JLINK_IsHalted()
T3260 441:067.456 - 0.946ms returns FALSE
T3260 441:067.456 JLINK_IsHalted()
T3260 441:068.480 - 1.018ms returns FALSE
T3260 441:175.392 JLINK_IsHalted()
T3260 441:176.160 - 0.800ms returns FALSE
T3260 441:176.224 JLINK_IsHalted()
T3260 441:176.928 - 0.719ms returns FALSE
T3260 441:284.928 JLINK_IsHalted()
T3260 441:285.728 - 0.846ms returns FALSE
T3260 441:285.728 JLINK_IsHalted()
T3260 441:286.464 - 0.685ms returns FALSE
T3260 441:393.920 JLINK_IsHalted()
T3260 441:394.784 - 0.886ms returns FALSE
T3260 441:394.784 JLINK_IsHalted()
T3260 441:395.776 - 0.987ms returns FALSE
T3260 441:503.584 JLINK_IsHalted()
T3260 441:504.320 - 0.706ms returns FALSE
T3260 441:504.320 JLINK_IsHalted()
T3260 441:505.024 - 0.694ms returns FALSE
T3260 441:612.704 JLINK_IsHalted()
T3260 441:613.472 - 0.755ms returns FALSE
T3260 441:613.472 JLINK_IsHalted()
T3260 441:614.144 - 0.632ms returns FALSE
T87C0 441:688.576 JLINK_IsHalted()
T87C0 441:689.408 - 0.844ms returns FALSE
T87C0 441:689.408 JLINK_IsHalted()
T87C0 441:690.304 - 0.880ms returns FALSE
T3260 441:722.464 JLINK_IsHalted()
T3260 441:723.200 - 0.728ms returns FALSE
T3260 441:723.200 JLINK_IsHalted()
T3260 441:723.904 - 0.706ms returns FALSE
T3260 441:831.328 JLINK_IsHalted()
T3260 441:832.032 - 0.703ms returns FALSE
T3260 441:832.032 JLINK_IsHalted()
T3260 441:832.768 - 0.692ms returns FALSE
T3260 441:941.440 JLINK_IsHalted()
T3260 441:942.272 - 0.867ms returns FALSE
T3260 441:942.336 JLINK_IsHalted()
T3260 441:943.104 - 0.801ms returns FALSE
T3260 442:050.240 JLINK_IsHalted()
T3260 442:051.136 - 0.893ms returns FALSE
T3260 442:051.168 JLINK_IsHalted()
T3260 442:052.160 - 0.966ms returns FALSE
T3260 442:159.456 JLINK_IsHalted()
T3260 442:160.288 - 0.854ms returns FALSE
T3260 442:160.288 JLINK_IsHalted()
T3260 442:161.088 - 0.785ms returns FALSE
T3260 442:269.632 JLINK_IsHalted()
T3260 442:270.400 - 0.767ms returns FALSE
T3260 442:270.464 JLINK_IsHalted()
T3260 442:271.136 - 0.702ms returns FALSE
T3260 442:378.336 JLINK_IsHalted()
T3260 442:379.360 - 1.018ms returns FALSE
T3260 442:379.360 JLINK_IsHalted()
T3260 442:380.480 - 1.095ms returns FALSE
T3260 442:487.648 JLINK_IsHalted()
T3260 442:488.640 - 0.939ms returns FALSE
T3260 442:488.640 JLINK_IsHalted()
T3260 442:489.440 - 0.821ms returns FALSE
T3260 442:597.024 JLINK_IsHalted()
T3260 442:598.080 - 1.078ms returns FALSE
T3260 442:598.080 JLINK_IsHalted()
T3260 442:599.072 - 0.934ms returns FALSE
T87C0 442:691.264 JLINK_IsHalted()
T87C0 442:692.288 - 1.018ms returns FALSE
T87C0 442:692.288 JLINK_IsHalted()
T87C0 442:693.216 - 0.912ms returns FALSE
T3260 442:707.008 JLINK_IsHalted()
T3260 442:707.872 - 0.847ms returns FALSE
T3260 442:707.872 JLINK_IsHalted()
T3260 442:708.640 - 0.790ms returns FALSE
T3260 442:816.352 JLINK_IsHalted()
T3260 442:817.216 - 0.873ms returns FALSE
T3260 442:817.216 JLINK_IsHalted()
T3260 442:818.112 - 0.905ms returns FALSE
T3260 442:925.728 JLINK_IsHalted()
T3260 442:926.656 - 0.885ms returns FALSE
T3260 442:926.656 JLINK_IsHalted()
T3260 442:927.520 - 0.861ms returns FALSE
T3260 443:034.432 JLINK_IsHalted()
T3260 443:035.392 - 0.988ms returns FALSE
T3260 443:035.392 JLINK_IsHalted()
T3260 443:036.352 - 0.935ms returns FALSE
T3260 443:144.704 JLINK_IsHalted()
T3260 443:145.408 - 0.695ms returns FALSE
T3260 443:145.408 JLINK_IsHalted()
T3260 443:146.144 - 0.706ms returns FALSE
T3260 443:253.856 JLINK_IsHalted()
T3260 443:254.784 - 0.924ms returns FALSE
T3260 443:254.784 JLINK_IsHalted()
T3260 443:255.712 - 0.920ms returns FALSE
T3260 443:363.328 JLINK_IsHalted()
T3260 443:364.288 - 0.956ms returns FALSE
T3260 443:364.288 JLINK_IsHalted()
T3260 443:365.312 - 1.010ms returns FALSE
T3260 443:472.224 JLINK_IsHalted()
T3260 443:472.896 - 0.700ms returns FALSE
T3260 443:472.896 JLINK_IsHalted()
T3260 443:473.568 - 0.627ms returns FALSE
T3260 443:581.632 JLINK_IsHalted()
T3260 443:582.528 - 0.865ms returns FALSE
T3260 443:582.528 JLINK_IsHalted()
T3260 443:583.424 - 0.880ms returns FALSE
T3260 443:691.200 JLINK_IsHalted()
T3260 443:692.192 - 0.968ms returns FALSE
T3260 443:692.192 JLINK_IsHalted()
T3260 443:692.960 - 0.766ms returns FALSE
T87C0 443:694.144 JLINK_IsHalted()
T87C0 443:694.944 - 0.815ms returns FALSE
T87C0 443:695.008 JLINK_IsHalted()
T87C0 443:695.712 - 0.752ms returns FALSE
T3260 443:800.064 JLINK_IsHalted()
T3260 443:800.928 - 0.881ms returns FALSE
T3260 443:800.992 JLINK_IsHalted()
T3260 443:801.760 - 0.780ms returns FALSE
T3260 443:910.144 JLINK_IsHalted()
T3260 443:911.072 - 0.921ms returns FALSE
T3260 443:911.072 JLINK_IsHalted()
T3260 443:911.936 - 0.877ms returns FALSE
T3260 444:019.552 JLINK_IsHalted()
T3260 444:020.384 - 0.831ms returns FALSE
T3260 444:020.384 JLINK_IsHalted()
T3260 444:021.184 - 0.814ms returns FALSE
T3260 444:128.320 JLINK_IsHalted()
T3260 444:129.280 - 0.937ms returns FALSE
T3260 444:129.280 JLINK_IsHalted()
T3260 444:130.112 - 0.844ms returns FALSE
T3260 444:237.888 JLINK_IsHalted()
T3260 444:238.784 - 0.930ms returns FALSE
T3260 444:238.848 JLINK_IsHalted()
T3260 444:239.808 - 0.978ms returns FALSE
T3260 444:347.456 JLINK_IsHalted()
T3260 444:348.160 - 0.739ms returns FALSE
T3260 444:348.160 JLINK_IsHalted()
T3260 444:348.832 - 0.638ms returns FALSE
T3260 444:456.864 JLINK_IsHalted()
T3260 444:457.632 - 0.717ms returns FALSE
T3260 444:457.632 JLINK_IsHalted()
T3260 444:458.304 - 0.668ms returns FALSE
T3260 444:567.136 JLINK_IsHalted()
T3260 444:568.000 - 0.917ms returns FALSE
T3260 444:568.064 JLINK_IsHalted()
T3260 444:568.928 - 0.882ms returns FALSE
T3260 444:675.648 JLINK_IsHalted()
T3260 444:676.512 - 0.852ms returns FALSE
T3260 444:676.512 JLINK_IsHalted()
T3260 444:677.216 - 0.703ms returns FALSE
T87C0 444:696.576 JLINK_IsHalted()
T87C0 444:697.600 - 0.983ms returns FALSE
T87C0 444:697.600 JLINK_IsHalted()
T87C0 444:698.368 - 0.802ms returns FALSE
T3260 444:784.704 JLINK_IsHalted()
T3260 444:785.600 - 0.928ms returns FALSE
T3260 444:785.600 JLINK_IsHalted()
T3260 444:786.624 - 0.986ms returns FALSE
T3260 444:893.952 JLINK_IsHalted()
T3260 444:894.880 - 0.912ms returns FALSE
T3260 444:894.880 JLINK_IsHalted()
T3260 444:895.808 - 0.916ms returns FALSE
T3260 445:004.096 JLINK_IsHalted()
T3260 445:004.992 - 0.910ms returns FALSE
T3260 445:004.992 JLINK_IsHalted()
T3260 445:005.760 - 0.778ms returns FALSE
T3260 445:112.896 JLINK_IsHalted()
T3260 445:113.664 - 0.772ms returns FALSE
T3260 445:113.664 JLINK_IsHalted()
T3260 445:114.464 - 0.815ms returns FALSE
T3260 445:222.560 JLINK_IsHalted()
T3260 445:223.520 - 0.972ms returns FALSE
T3260 445:223.520 JLINK_IsHalted()
T3260 445:224.608 - 1.082ms returns FALSE
T3260 445:332.032 JLINK_IsHalted()
T3260 445:332.992 - 0.963ms returns FALSE
T3260 445:332.992 JLINK_IsHalted()
T3260 445:333.920 - 0.890ms returns FALSE
T3260 445:441.440 JLINK_IsHalted()
T3260 445:442.496 - 1.071ms returns FALSE
T3260 445:442.496 JLINK_IsHalted()
T3260 445:443.488 - 1.002ms returns FALSE
T3260 445:550.848 JLINK_IsHalted()
T3260 445:551.776 - 0.939ms returns FALSE
T3260 445:551.808 JLINK_IsHalted()
T3260 445:552.704 - 0.911ms returns FALSE
T3260 445:660.480 JLINK_IsHalted()
T3260 445:661.536 - 1.087ms returns FALSE
T3260 445:661.536 JLINK_IsHalted()
T3260 445:662.464 - 0.923ms returns FALSE
T87C0 445:699.264 JLINK_IsHalted()
T87C0 445:700.256 - 0.935ms returns FALSE
T87C0 445:700.256 JLINK_IsHalted()
T87C0 445:701.056 - 0.816ms returns FALSE
T3260 445:769.120 JLINK_IsHalted()
T3260 445:769.984 - 0.876ms returns FALSE
T3260 445:769.984 JLINK_IsHalted()
T3260 445:770.848 - 0.860ms returns FALSE
T3260 445:879.360 JLINK_IsHalted()
T3260 445:880.320 - 0.942ms returns FALSE
T3260 445:880.320 JLINK_IsHalted()
T3260 445:881.184 - 0.883ms returns FALSE
T3260 445:988.288 JLINK_IsHalted()
T3260 445:989.216 - 0.959ms returns FALSE
T3260 445:989.280 JLINK_IsHalted()
T3260 445:990.240 - 0.976ms returns FALSE
T3260 446:097.664 JLINK_IsHalted()
T3260 446:098.592 - 0.924ms returns FALSE
T3260 446:098.624 JLINK_IsHalted()
T3260 446:099.360 - 0.753ms returns FALSE
T3260 446:206.560 JLINK_IsHalted()
T3260 446:207.040 - 0.497ms returns FALSE
T3260 446:207.040 JLINK_IsHalted()
T3260 446:207.744 - 0.671ms returns FALSE
T3260 446:316.352 JLINK_IsHalted()
T3260 446:317.120 - 0.811ms returns FALSE
T3260 446:317.152 JLINK_IsHalted()
T3260 446:317.920 - 0.805ms returns FALSE
T3260 446:425.760 JLINK_IsHalted()
T3260 446:426.528 - 0.763ms returns FALSE
T3260 446:426.528 JLINK_IsHalted()
T3260 446:427.232 - 0.696ms returns FALSE
T3260 446:535.104 JLINK_IsHalted()
T3260 446:536.032 - 0.876ms returns FALSE
T3260 446:536.032 JLINK_IsHalted()
T3260 446:536.768 - 0.714ms returns FALSE
T3260 446:643.872 JLINK_IsHalted()
T3260 446:644.736 - 0.881ms returns FALSE
T3260 446:644.736 JLINK_IsHalted()
T3260 446:645.568 - 0.810ms returns FALSE
T87C0 446:702.080 JLINK_IsHalted()
T87C0 446:702.784 - 0.718ms returns FALSE
T87C0 446:702.784 JLINK_IsHalted()
T87C0 446:703.520 - 0.695ms returns FALSE
T3260 446:754.048 JLINK_IsHalted()
T3260 446:755.008 - 0.985ms returns FALSE
T3260 446:755.008 JLINK_IsHalted()
T3260 446:756.032 - 1.004ms returns FALSE
T3260 446:863.104 JLINK_IsHalted()
T3260 446:863.936 - 0.830ms returns FALSE
T3260 446:863.968 JLINK_IsHalted()
T3260 446:864.640 - 0.693ms returns FALSE
T3260 446:972.576 JLINK_IsHalted()
T3260 446:973.600 - 1.034ms returns FALSE
T3260 446:973.600 JLINK_IsHalted()
T3260 446:974.528 - 0.886ms returns FALSE
T3260 447:082.080 JLINK_IsHalted()
T3260 447:083.008 - 0.942ms returns FALSE
T3260 447:083.072 JLINK_IsHalted()
T3260 447:083.968 - 0.929ms returns FALSE
T3260 447:191.136 JLINK_IsHalted()
T3260 447:192.064 - 0.935ms returns FALSE
T3260 447:192.128 JLINK_IsHalted()
T3260 447:192.928 - 0.826ms returns FALSE
T3260 447:300.160 JLINK_IsHalted()
T3260 447:300.928 - 0.758ms returns FALSE
T3260 447:300.928 JLINK_IsHalted()
T3260 447:301.632 - 0.684ms returns FALSE
T3260 447:409.856 JLINK_IsHalted()
T3260 447:410.880 - 1.000ms returns FALSE
T3260 447:410.880 JLINK_IsHalted()
T3260 447:411.808 - 0.927ms returns FALSE
T3260 447:519.584 JLINK_IsHalted()
T3260 447:520.352 - 0.780ms returns FALSE
T3260 447:520.416 JLINK_IsHalted()
T3260 447:521.184 - 0.765ms returns FALSE
T3260 447:628.288 JLINK_IsHalted()
T3260 447:628.992 - 0.742ms returns FALSE
T3260 447:628.992 JLINK_IsHalted()
T3260 447:629.664 - 0.625ms returns FALSE
T87C0 447:703.616 JLINK_IsHalted()
T87C0 447:704.576 - 0.981ms returns FALSE
T87C0 447:704.576 JLINK_IsHalted()
T87C0 447:705.440 - 0.871ms returns FALSE
T3260 447:737.920 JLINK_IsHalted()
T3260 447:738.816 - 0.873ms returns FALSE
T3260 447:738.816 JLINK_IsHalted()
T3260 447:739.712 - 0.883ms returns FALSE
T3260 447:847.360 JLINK_IsHalted()
T3260 447:848.256 - 0.876ms returns FALSE
T3260 447:848.256 JLINK_IsHalted()
T3260 447:848.960 - 0.729ms returns FALSE
T3260 447:956.736 JLINK_IsHalted()
T3260 447:957.824 - 1.074ms returns FALSE
T3260 447:957.824 JLINK_IsHalted()
T3260 447:958.848 - 1.027ms returns FALSE
T3260 448:065.984 JLINK_IsHalted()
T3260 448:067.136 - 1.095ms returns FALSE
T3260 448:067.136 JLINK_IsHalted()
T3260 448:067.936 - 0.810ms returns FALSE
T3260 448:175.520 JLINK_IsHalted()
T3260 448:176.320 - 0.786ms returns FALSE
T3260 448:176.320 JLINK_IsHalted()
T3260 448:177.056 - 0.716ms returns FALSE
T3260 448:285.248 JLINK_IsHalted()
T3260 448:286.112 - 0.834ms returns FALSE
T3260 448:286.112 JLINK_IsHalted()
T3260 448:286.976 - 0.887ms returns FALSE
T3260 448:394.816 JLINK_IsHalted()
T3260 448:395.712 - 0.910ms returns FALSE
T3260 448:395.712 JLINK_IsHalted()
T3260 448:396.544 - 0.814ms returns FALSE
T3260 448:503.104 JLINK_IsHalted()
T3260 448:503.968 - 0.820ms returns FALSE
T3260 448:503.968 JLINK_IsHalted()
T3260 448:504.640 - 0.687ms returns FALSE
T3260 448:612.928 JLINK_IsHalted()
T3260 448:613.632 - 0.731ms returns FALSE
T3260 448:613.632 JLINK_IsHalted()
T3260 448:614.304 - 0.687ms returns FALSE
T87C0 448:706.048 JLINK_IsHalted()
T87C0 448:707.072 - 1.011ms returns FALSE
T87C0 448:707.072 JLINK_IsHalted()
T87C0 448:707.904 - 0.794ms returns FALSE
T3260 448:722.784 JLINK_IsHalted()
T3260 448:723.776 - 0.972ms returns FALSE
T3260 448:723.776 JLINK_IsHalted()
T3260 448:724.672 - 0.916ms returns FALSE
T3260 448:831.584 JLINK_IsHalted()
T3260 448:832.448 - 0.887ms returns FALSE
T3260 448:832.448 JLINK_IsHalted()
T3260 448:833.344 - 0.842ms returns FALSE
T3260 448:941.760 JLINK_IsHalted()
T3260 448:942.528 - 0.757ms returns FALSE
T3260 448:942.528 JLINK_IsHalted()
T3260 448:943.264 - 0.683ms returns FALSE
T3260 449:050.432 JLINK_IsHalted()
T3260 449:051.296 - 0.845ms returns FALSE
T3260 449:051.296 JLINK_IsHalted()
T3260 449:052.000 - 0.740ms returns FALSE
T3260 449:160.096 JLINK_IsHalted()
T3260 449:160.896 - 0.808ms returns FALSE
T3260 449:160.896 JLINK_IsHalted()
T3260 449:161.632 - 0.730ms returns FALSE
T3260 449:269.408 JLINK_IsHalted()
T3260 449:270.272 - 0.851ms returns FALSE
T3260 449:270.272 JLINK_IsHalted()
T3260 449:270.944 - 0.689ms returns FALSE
T3260 449:378.368 JLINK_IsHalted()
T3260 449:379.264 - 0.944ms returns FALSE
T3260 449:379.328 JLINK_IsHalted()
T3260 449:380.160 - 0.841ms returns FALSE
T3260 449:487.552 JLINK_IsHalted()
T3260 449:488.480 - 0.944ms returns FALSE
T3260 449:488.480 JLINK_IsHalted()
T3260 449:489.344 - 0.832ms returns FALSE
T3260 449:597.792 JLINK_IsHalted()
T3260 449:598.528 - 0.736ms returns FALSE
T3260 449:598.528 JLINK_IsHalted()
T3260 449:599.232 - 0.691ms returns FALSE
T3260 449:706.304 JLINK_IsHalted()
T3260 449:707.200 - 0.948ms returns FALSE
T3260 449:707.200 JLINK_IsHalted()
T3260 449:707.968 - 0.757ms returns FALSE
T87C0 449:708.704 JLINK_IsHalted()
T87C0 449:709.824 - 1.106ms returns FALSE
T87C0 449:709.824 JLINK_IsHalted()
T87C0 449:710.688 - 0.897ms returns FALSE
T3260 449:816.416 JLINK_IsHalted()
T3260 449:817.152 - 0.714ms returns FALSE
T3260 449:817.152 JLINK_IsHalted()
T3260 449:817.856 - 0.694ms returns FALSE
T3260 449:925.376 JLINK_IsHalted()
T3260 449:926.240 - 0.850ms returns FALSE
T3260 449:926.240 JLINK_IsHalted()
T3260 449:927.008 - 0.742ms returns FALSE
T3260 450:034.784 JLINK_IsHalted()
T3260 450:035.552 - 0.767ms returns FALSE
T3260 450:035.552 JLINK_IsHalted()
T3260 450:036.224 - 0.658ms returns FALSE
T3260 450:143.840 JLINK_IsHalted()
T3260 450:144.768 - 0.906ms returns FALSE
T3260 450:144.768 JLINK_IsHalted()
T3260 450:145.440 - 0.637ms returns FALSE
T3260 450:253.824 JLINK_IsHalted()
T3260 450:254.688 - 0.828ms returns FALSE
T3260 450:254.688 JLINK_IsHalted()
T3260 450:255.520 - 0.815ms returns FALSE
T3260 450:363.072 JLINK_IsHalted()
T3260 450:364.000 - 0.918ms returns FALSE
T3260 450:364.000 JLINK_IsHalted()
T3260 450:364.928 - 0.923ms returns FALSE
T3260 450:472.288 JLINK_IsHalted()
T3260 450:473.280 - 0.925ms returns FALSE
T3260 450:473.280 JLINK_IsHalted()
T3260 450:474.080 - 0.830ms returns FALSE
T3260 450:581.824 JLINK_IsHalted()
T3260 450:582.784 - 0.962ms returns FALSE
T3260 450:582.784 JLINK_IsHalted()
T3260 450:583.808 - 1.008ms returns FALSE
T3260 450:690.656 JLINK_IsHalted()
T3260 450:691.648 - 0.952ms returns FALSE
T3260 450:691.648 JLINK_IsHalted()
T3260 450:692.512 - 0.867ms returns FALSE
T87C0 450:711.616 JLINK_IsHalted()
T87C0 450:712.512 - 0.904ms returns FALSE
T87C0 450:712.512 JLINK_IsHalted()
T87C0 450:713.248 - 0.748ms returns FALSE
T3260 450:800.704 JLINK_IsHalted()
T3260 450:801.504 - 0.830ms returns FALSE
T3260 450:801.504 JLINK_IsHalted()
T3260 450:802.336 - 0.780ms returns FALSE
T3260 450:909.632 JLINK_IsHalted()
T3260 450:910.528 - 0.904ms returns FALSE
T3260 450:910.528 JLINK_IsHalted()
T3260 450:911.488 - 0.923ms returns FALSE
T3260 451:019.200 JLINK_IsHalted()
T3260 451:020.032 - 0.831ms returns FALSE
T3260 451:020.032 JLINK_IsHalted()
T3260 451:020.864 - 0.797ms returns FALSE
T3260 451:128.672 JLINK_IsHalted()
T3260 451:129.408 - 0.735ms returns FALSE
T3260 451:129.408 JLINK_IsHalted()
T3260 451:130.048 - 0.671ms returns FALSE
T3260 451:238.336 JLINK_IsHalted()
T3260 451:239.264 - 0.889ms returns FALSE
T3260 451:239.264 JLINK_IsHalted()
T3260 451:240.192 - 0.952ms returns FALSE
T3260 451:347.360 JLINK_IsHalted()
T3260 451:348.224 - 0.867ms returns FALSE
T3260 451:348.224 JLINK_IsHalted()
T3260 451:348.928 - 0.722ms returns FALSE
T3260 451:456.768 JLINK_IsHalted()
T3260 451:457.696 - 0.940ms returns FALSE
T3260 451:457.728 JLINK_IsHalted()
T3260 451:458.624 - 0.894ms returns FALSE
T3260 451:566.528 JLINK_IsHalted()
T3260 451:567.616 - 1.057ms returns FALSE
T3260 451:567.680 JLINK_IsHalted()
T3260 451:568.480 - 0.815ms returns FALSE
T3260 451:675.488 JLINK_IsHalted()
T3260 451:676.320 - 0.840ms returns FALSE
T3260 451:676.320 JLINK_IsHalted()
T3260 451:677.088 - 0.767ms returns FALSE
T87C0 451:714.464 JLINK_IsHalted()
T87C0 451:715.520 - 1.035ms returns FALSE
T87C0 451:715.520 JLINK_IsHalted()
T87C0 451:716.544 - 1.017ms returns FALSE
T3260 451:785.280 JLINK_IsHalted()
T3260 451:786.304 - 0.980ms returns FALSE
T3260 451:786.304 JLINK_IsHalted()
T3260 451:787.200 - 0.920ms returns FALSE
T3260 451:894.176 JLINK_IsHalted()
T3260 451:894.976 - 0.823ms returns FALSE
T3260 451:894.976 JLINK_IsHalted()
T3260 451:895.904 - 0.951ms returns FALSE
T3260 452:004.032 JLINK_IsHalted()
T3260 452:004.928 - 0.847ms returns FALSE
T3260 452:004.928 JLINK_IsHalted()
T3260 452:005.536 - 0.652ms returns FALSE
T3260 452:113.088 JLINK_IsHalted()
T3260 452:113.824 - 0.682ms returns FALSE
T3260 452:113.824 JLINK_IsHalted()
T3260 452:114.496 - 0.663ms returns FALSE
T3260 452:222.368 JLINK_IsHalted()
T3260 452:223.424 - 1.074ms returns FALSE
T3260 452:223.424 JLINK_IsHalted()
T3260 452:224.352 - 0.905ms returns FALSE
T3260 452:331.328 JLINK_IsHalted()
T3260 452:331.968 - 0.657ms returns FALSE
T3260 452:331.968 JLINK_IsHalted()
T3260 452:332.864 - 0.856ms returns FALSE
T3260 452:440.832 JLINK_IsHalted()
T3260 452:441.536 - 0.736ms returns FALSE
T3260 452:441.536 JLINK_IsHalted()
T3260 452:442.304 - 0.718ms returns FALSE
T3260 452:551.264 JLINK_IsHalted()
T3260 452:552.352 - 1.072ms returns FALSE
T3260 452:552.352 JLINK_IsHalted()
T3260 452:553.280 - 0.935ms returns FALSE
T3260 452:659.904 JLINK_IsHalted()
T3260 452:660.800 - 0.840ms returns FALSE
T3260 452:660.800 JLINK_IsHalted()
T3260 452:661.504 - 0.714ms returns FALSE
T87C0 452:716.704 JLINK_IsHalted()
T87C0 452:717.664 - 0.945ms returns FALSE
T87C0 452:717.664 JLINK_IsHalted()
T87C0 452:718.496 - 0.836ms returns FALSE
T3260 452:769.696 JLINK_IsHalted()
T3260 452:770.624 - 0.934ms returns FALSE
T3260 452:770.624 JLINK_IsHalted()
T3260 452:771.392 - 0.786ms returns FALSE
T3260 452:878.944 JLINK_IsHalted()
T3260 452:880.032 - 1.050ms returns FALSE
T3260 452:880.032 JLINK_IsHalted()
T3260 452:880.896 - 0.874ms returns FALSE
T3260 452:988.224 JLINK_IsHalted()
T3260 452:989.120 - 0.901ms returns FALSE
T3260 452:989.120 JLINK_IsHalted()
T3260 452:989.952 - 0.807ms returns FALSE
T3260 453:097.632 JLINK_IsHalted()
T3260 453:098.400 - 0.781ms returns FALSE
T3260 453:098.400 JLINK_IsHalted()
T3260 453:099.264 - 0.857ms returns FALSE
T3260 453:207.136 JLINK_IsHalted()
T3260 453:208.064 - 0.908ms returns FALSE
T3260 453:208.064 JLINK_IsHalted()
T3260 453:208.896 - 0.810ms returns FALSE
T3260 453:315.648 JLINK_IsHalted()
T3260 453:316.352 - 0.726ms returns FALSE
T3260 453:316.352 JLINK_IsHalted()
T3260 453:317.056 - 0.676ms returns FALSE
T3260 453:425.728 JLINK_IsHalted()
T3260 453:426.496 - 0.796ms returns FALSE
T3260 453:426.496 JLINK_IsHalted()
T3260 453:427.136 - 0.642ms returns FALSE
T3260 453:534.976 JLINK_IsHalted()
T3260 453:536.000 - 0.982ms returns FALSE
T3260 453:536.000 JLINK_IsHalted()
T3260 453:536.928 - 0.915ms returns FALSE
T3260 453:644.384 JLINK_IsHalted()
T3260 453:645.216 - 0.833ms returns FALSE
T3260 453:645.248 JLINK_IsHalted()
T3260 453:646.144 - 0.912ms returns FALSE
T87C0 453:718.784 JLINK_IsHalted()
T87C0 453:719.808 - 1.032ms returns FALSE
T87C0 453:719.808 JLINK_IsHalted()
T87C0 453:720.640 - 0.775ms returns FALSE
T3260 453:753.088 JLINK_IsHalted()
T3260 453:754.016 - 0.905ms returns FALSE
T3260 453:754.016 JLINK_IsHalted()
T3260 453:754.784 - 0.741ms returns FALSE
T3260 453:863.072 JLINK_IsHalted()
T3260 453:864.096 - 1.025ms returns FALSE
T3260 453:864.096 JLINK_IsHalted()
T3260 453:864.960 - 0.857ms returns FALSE
T3260 453:972.576 JLINK_IsHalted()
T3260 453:973.344 - 0.756ms returns FALSE
T3260 453:973.344 JLINK_IsHalted()
T3260 453:974.016 - 0.676ms returns FALSE
T3260 454:081.984 JLINK_IsHalted()
T3260 454:083.008 - 1.025ms returns FALSE
T3260 454:083.008 JLINK_IsHalted()
T3260 454:084.000 - 0.952ms returns FALSE
T3260 454:190.848 JLINK_IsHalted()
T3260 454:191.680 - 0.817ms returns FALSE
T3260 454:191.680 JLINK_IsHalted()
T3260 454:192.448 - 0.778ms returns FALSE
T3260 454:300.160 JLINK_IsHalted()
T3260 454:301.280 - 1.124ms returns FALSE
T3260 454:301.344 JLINK_IsHalted()
T3260 454:302.272 - 0.957ms returns FALSE
T3260 454:410.240 JLINK_IsHalted()
T3260 454:411.104 - 0.853ms returns FALSE
T3260 454:411.104 JLINK_IsHalted()
T3260 454:412.032 - 0.883ms returns FALSE
T3260 454:519.296 JLINK_IsHalted()
T3260 454:520.064 - 0.762ms returns FALSE
T3260 454:520.064 JLINK_IsHalted()
T3260 454:520.736 - 0.689ms returns FALSE
T3260 454:629.056 JLINK_IsHalted()
T3260 454:629.952 - 0.832ms returns FALSE
T3260 454:629.952 JLINK_IsHalted()
T3260 454:630.592 - 0.668ms returns FALSE
T87C0 454:720.448 JLINK_IsHalted()
T87C0 454:721.344 - 0.831ms returns FALSE
T87C0 454:721.344 JLINK_IsHalted()
T87C0 454:722.048 - 0.736ms returns FALSE
T3260 454:738.368 JLINK_IsHalted()
T3260 454:739.104 - 0.709ms returns FALSE
T3260 454:739.104 JLINK_IsHalted()
T3260 454:739.808 - 0.711ms returns FALSE
T3260 454:847.040 JLINK_IsHalted()
T3260 454:847.904 - 0.856ms returns FALSE
T3260 454:847.904 JLINK_IsHalted()
T3260 454:848.672 - 0.758ms returns FALSE
T3260 454:956.384 JLINK_IsHalted()
T3260 454:957.216 - 0.789ms returns FALSE
T3260 454:957.216 JLINK_IsHalted()
T3260 454:958.080 - 0.861ms returns FALSE
T3260 455:066.688 JLINK_IsHalted()
T3260 455:067.744 - 1.059ms returns FALSE
T3260 455:067.744 JLINK_IsHalted()
T3260 455:068.512 - 0.753ms returns FALSE
T3260 455:175.488 JLINK_IsHalted()
T3260 455:176.352 - 0.831ms returns FALSE
T3260 455:176.352 JLINK_IsHalted()
T3260 455:177.056 - 0.748ms returns FALSE
T3260 455:284.992 JLINK_IsHalted()
T3260 455:286.016 - 1.021ms returns FALSE
T3260 455:286.016 JLINK_IsHalted()
T3260 455:286.976 - 0.993ms returns FALSE
T3260 455:393.856 JLINK_IsHalted()
T3260 455:394.816 - 0.992ms returns FALSE
T3260 455:394.816 JLINK_IsHalted()
T3260 455:395.776 - 0.974ms returns FALSE
T3260 455:503.712 JLINK_IsHalted()
T3260 455:504.480 - 0.732ms returns FALSE
T3260 455:504.480 JLINK_IsHalted()
T3260 455:505.152 - 0.703ms returns FALSE
T3260 455:613.248 JLINK_IsHalted()
T3260 455:614.144 - 0.910ms returns FALSE
T3260 455:614.144 JLINK_IsHalted()
T3260 455:615.040 - 0.862ms returns FALSE
T3260 455:722.144 JLINK_IsHalted()
T3260 455:723.104 - 1.011ms returns FALSE
T3260 455:723.168 JLINK_IsHalted()
T3260 455:724.192 - 1.027ms returns FALSE
T87C0 455:724.288 JLINK_IsHalted()
T87C0 455:725.312 - 1.006ms returns FALSE
T87C0 455:725.312 JLINK_IsHalted()
T87C0 455:726.176 - 0.883ms returns FALSE
T3260 455:831.488 JLINK_IsHalted()
T3260 455:832.416 - 0.900ms returns FALSE
T3260 455:832.416 JLINK_IsHalted()
T3260 455:833.184 - 0.785ms returns FALSE
T3260 455:941.184 JLINK_IsHalted()
T3260 455:942.080 - 0.933ms returns FALSE
T3260 455:942.080 JLINK_IsHalted()
T3260 455:942.976 - 0.848ms returns FALSE
T3260 456:050.240 JLINK_IsHalted()
T3260 456:051.008 - 0.749ms returns FALSE
T3260 456:051.008 JLINK_IsHalted()
T3260 456:051.648 - 0.661ms returns FALSE
T3260 456:160.160 JLINK_IsHalted()
T3260 456:160.864 - 0.718ms returns FALSE
T3260 456:160.864 JLINK_IsHalted()
T3260 456:161.472 - 0.624ms returns FALSE
T3260 456:269.056 JLINK_IsHalted()
T3260 456:270.176 - 1.105ms returns FALSE
T3260 456:270.176 JLINK_IsHalted()
T3260 456:271.264 - 1.046ms returns FALSE
T3260 456:378.976 JLINK_IsHalted()
T3260 456:379.744 - 0.813ms returns FALSE
T3260 456:379.808 JLINK_IsHalted()
T3260 456:380.480 - 0.670ms returns FALSE
T3260 456:488.256 JLINK_IsHalted()
T3260 456:489.152 - 0.880ms returns FALSE
T3260 456:489.152 JLINK_IsHalted()
T3260 456:489.920 - 0.762ms returns FALSE
T3260 456:596.992 JLINK_IsHalted()
T3260 456:598.080 - 1.042ms returns FALSE
T3260 456:598.080 JLINK_IsHalted()
T3260 456:599.040 - 0.991ms returns FALSE
T3260 456:706.368 JLINK_IsHalted()
T3260 456:707.520 - 1.211ms returns FALSE
T3260 456:707.584 JLINK_IsHalted()
T3260 456:708.352 - 0.763ms returns FALSE
T87C0 456:726.688 JLINK_IsHalted()
T87C0 456:727.392 - 0.734ms returns FALSE
T87C0 456:727.456 JLINK_IsHalted()
T87C0 456:728.128 - 0.682ms returns FALSE
T3260 456:815.712 JLINK_IsHalted()
T3260 456:816.736 - 1.007ms returns FALSE
T3260 456:816.736 JLINK_IsHalted()
T3260 456:817.664 - 0.902ms returns FALSE
T3260 456:925.440 JLINK_IsHalted()
T3260 456:926.464 - 1.060ms returns FALSE
T3260 456:926.528 JLINK_IsHalted()
T3260 456:927.328 - 0.843ms returns FALSE
T3260 457:034.752 JLINK_IsHalted()
T3260 457:035.712 - 1.005ms returns FALSE
T3260 457:035.776 JLINK_IsHalted()
T3260 457:036.704 - 0.920ms returns FALSE
T3260 457:144.576 JLINK_IsHalted()
T3260 457:145.664 - 1.092ms returns FALSE
T3260 457:145.664 JLINK_IsHalted()
T3260 457:146.624 - 0.955ms returns FALSE
T3260 457:253.184 JLINK_IsHalted()
T3260 457:254.240 - 1.108ms returns FALSE
T3260 457:254.304 JLINK_IsHalted()
T3260 457:255.168 - 0.896ms returns FALSE
T3260 457:362.784 JLINK_IsHalted()
T3260 457:363.648 - 0.908ms returns FALSE
T3260 457:363.712 JLINK_IsHalted()
T3260 457:364.672 - 0.996ms returns FALSE
T3260 457:471.936 JLINK_IsHalted()
T3260 457:473.120 - 1.166ms returns FALSE
T3260 457:473.120 JLINK_IsHalted()
T3260 457:474.112 - 0.946ms returns FALSE
T3260 457:581.568 JLINK_IsHalted()
T3260 457:582.496 - 0.960ms returns FALSE
T3260 457:582.528 JLINK_IsHalted()
T3260 457:583.296 - 0.763ms returns FALSE
T3260 457:691.488 JLINK_IsHalted()
T3260 457:692.320 - 0.816ms returns FALSE
T3260 457:692.320 JLINK_IsHalted()
T3260 457:692.992 - 0.673ms returns FALSE
T87C0 457:728.352 JLINK_IsHalted()
T87C0 457:729.216 - 0.880ms returns FALSE
T87C0 457:729.216 JLINK_IsHalted()
T87C0 457:730.112 - 0.880ms returns FALSE
T3260 457:800.512 JLINK_IsHalted()
T3260 457:801.568 - 1.082ms returns FALSE
T3260 457:801.632 JLINK_IsHalted()
T3260 457:802.560 - 0.966ms returns FALSE
T3260 457:909.408 JLINK_IsHalted()
T3260 457:910.368 - 0.971ms returns FALSE
T3260 457:910.368 JLINK_IsHalted()
T3260 457:911.360 - 0.937ms returns FALSE
T3260 458:019.392 JLINK_IsHalted()
T3260 458:020.352 - 0.947ms returns FALSE
T3260 458:020.352 JLINK_IsHalted()
T3260 458:021.216 - 0.877ms returns FALSE
T3260 458:128.192 JLINK_IsHalted()
T3260 458:128.992 - 0.793ms returns FALSE
T3260 458:128.992 JLINK_IsHalted()
T3260 458:129.920 - 0.891ms returns FALSE
T3260 458:237.632 JLINK_IsHalted()
T3260 458:238.656 - 1.028ms returns FALSE
T3260 458:238.656 JLINK_IsHalted()
T3260 458:239.552 - 0.862ms returns FALSE
T3260 458:347.072 JLINK_IsHalted()
T3260 458:347.840 - 0.753ms returns FALSE
T3260 458:347.840 JLINK_IsHalted()
T3260 458:348.544 - 0.721ms returns FALSE
T3260 458:456.736 JLINK_IsHalted()
T3260 458:457.440 - 0.746ms returns FALSE
T3260 458:457.440 JLINK_IsHalted()
T3260 458:458.208 - 0.727ms returns FALSE
T3260 458:566.336 JLINK_IsHalted()
T3260 458:567.328 - 1.008ms returns FALSE
T3260 458:567.360 JLINK_IsHalted()
T3260 458:568.288 - 0.926ms returns FALSE
T3260 458:675.264 JLINK_IsHalted()
T3260 458:675.968 - 0.725ms returns FALSE
T3260 458:675.968 JLINK_IsHalted()
T3260 458:676.640 - 0.664ms returns FALSE
T87C0 458:730.560 JLINK_IsHalted()
T87C0 458:731.360 - 0.859ms returns FALSE
T87C0 458:731.424 JLINK_IsHalted()
T87C0 458:732.224 - 0.857ms returns FALSE
T3260 458:784.576 JLINK_IsHalted()
T3260 458:785.600 - 1.063ms returns FALSE
T3260 458:785.600 JLINK_IsHalted()
T3260 458:786.560 - 0.951ms returns FALSE
T3260 458:894.432 JLINK_IsHalted()
T3260 458:895.424 - 0.943ms returns FALSE
T3260 458:895.424 JLINK_IsHalted()
T3260 458:896.320 - 0.923ms returns FALSE
T3260 459:003.200 JLINK_IsHalted()
T3260 459:004.000 - 0.809ms returns FALSE
T3260 459:004.000 JLINK_IsHalted()
T3260 459:004.672 - 0.654ms returns FALSE
T3260 459:113.216 JLINK_IsHalted()
T3260 459:114.048 - 0.816ms returns FALSE
T3260 459:114.080 JLINK_IsHalted()
T3260 459:114.848 - 0.761ms returns FALSE
T3260 459:223.200 JLINK_IsHalted()
T3260 459:223.968 - 0.770ms returns FALSE
T3260 459:223.968 JLINK_IsHalted()
T3260 459:224.672 - 0.705ms returns FALSE
T3260 459:332.096 JLINK_IsHalted()
T3260 459:332.928 - 0.809ms returns FALSE
T3260 459:332.928 JLINK_IsHalted()
T3260 459:333.696 - 0.762ms returns FALSE
T3260 459:440.800 JLINK_IsHalted()
T3260 459:441.760 - 0.951ms returns FALSE
T3260 459:441.760 JLINK_IsHalted()
T3260 459:442.528 - 0.756ms returns FALSE
T3260 459:550.144 JLINK_IsHalted()
T3260 459:551.136 - 0.944ms returns FALSE
T3260 459:551.136 JLINK_IsHalted()
T3260 459:552.000 - 0.869ms returns FALSE
T3260 459:660.384 JLINK_IsHalted()
T3260 459:661.248 - 0.888ms returns FALSE
T3260 459:661.248 JLINK_IsHalted()
T3260 459:662.080 - 0.825ms returns FALSE
T87C0 459:733.056 JLINK_IsHalted()
T87C0 459:733.856 - 0.816ms returns FALSE
T87C0 459:733.856 JLINK_IsHalted()
T87C0 459:734.848 - 0.927ms returns FALSE
T3260 459:768.832 JLINK_IsHalted()
T3260 459:769.536 - 0.697ms returns FALSE
T3260 459:769.536 JLINK_IsHalted()
T3260 459:770.208 - 0.680ms returns FALSE
T3260 459:878.144 JLINK_IsHalted()
T3260 459:879.168 - 1.051ms returns FALSE
T3260 459:879.168 JLINK_IsHalted()
T3260 459:880.128 - 0.955ms returns FALSE
T3260 459:987.616 JLINK_IsHalted()
T3260 459:988.480 - 0.884ms returns FALSE
T3260 459:988.544 JLINK_IsHalted()
T3260 459:989.344 - 0.861ms returns FALSE
T3260 460:097.440 JLINK_IsHalted()
T3260 460:098.208 - 0.772ms returns FALSE
T3260 460:098.208 JLINK_IsHalted()
T3260 460:098.912 - 0.718ms returns FALSE
T3260 460:206.336 JLINK_IsHalted()
T3260 460:207.360 - 1.034ms returns FALSE
T3260 460:207.424 JLINK_IsHalted()
T3260 460:208.448 - 1.007ms returns FALSE
T3260 460:316.096 JLINK_IsHalted()
T3260 460:316.832 - 0.713ms returns FALSE
T3260 460:316.832 JLINK_IsHalted()
T3260 460:317.376 - 0.546ms returns FALSE
T3260 460:425.280 JLINK_IsHalted()
T3260 460:426.176 - 0.932ms returns FALSE
T3260 460:426.240 JLINK_IsHalted()
T3260 460:427.072 - 0.799ms returns FALSE
T3260 460:535.296 JLINK_IsHalted()
T3260 460:536.320 - 1.000ms returns FALSE
T3260 460:536.320 JLINK_IsHalted()
T3260 460:537.248 - 0.921ms returns FALSE
T3260 460:644.544 JLINK_IsHalted()
T3260 460:645.568 - 1.020ms returns FALSE
T3260 460:645.632 JLINK_IsHalted()
T3260 460:646.496 - 0.871ms returns FALSE
T87C0 460:734.656 JLINK_IsHalted()
T87C0 460:735.424 - 0.755ms returns FALSE
T87C0 460:735.424 JLINK_IsHalted()
T87C0 460:736.096 - 0.648ms returns FALSE
T3260 460:754.016 JLINK_IsHalted()
T3260 460:754.752 - 0.724ms returns FALSE
T3260 460:754.784 JLINK_IsHalted()
T3260 460:755.392 - 0.663ms returns FALSE
T3260 460:862.880 JLINK_IsHalted()
T3260 460:863.648 - 0.785ms returns FALSE
T3260 460:863.648 JLINK_IsHalted()
T3260 460:864.448 - 0.825ms returns FALSE
T3260 460:972.128 JLINK_IsHalted()
T3260 460:972.864 - 0.746ms returns FALSE
T3260 460:972.896 JLINK_IsHalted()
T3260 460:973.568 - 0.674ms returns FALSE
T3260 461:082.016 JLINK_IsHalted()
T3260 461:082.976 - 0.991ms returns FALSE
T3260 461:082.976 JLINK_IsHalted()
T3260 461:084.000 - 1.026ms returns FALSE
T3260 461:191.520 JLINK_IsHalted()
T3260 461:192.544 - 1.033ms returns FALSE
T3260 461:192.544 JLINK_IsHalted()
T3260 461:193.472 - 0.917ms returns FALSE
T3260 461:300.128 JLINK_IsHalted()
T3260 461:300.992 - 0.874ms returns FALSE
T3260 461:300.992 JLINK_IsHalted()
T3260 461:301.920 - 0.923ms returns FALSE
T3260 461:410.144 JLINK_IsHalted()
T3260 461:410.976 - 0.799ms returns FALSE
T3260 461:410.976 JLINK_IsHalted()
T3260 461:411.776 - 0.796ms returns FALSE
T3260 461:519.552 JLINK_IsHalted()
T3260 461:520.544 - 0.958ms returns FALSE
T3260 461:520.544 JLINK_IsHalted()
T3260 461:521.248 - 0.724ms returns FALSE
T3260 461:628.352 JLINK_IsHalted()
T3260 461:629.120 - 0.737ms returns FALSE
T3260 461:629.120 JLINK_IsHalted()
T3260 461:629.792 - 0.668ms returns FALSE
T87C0 461:735.776 JLINK_IsHalted()
T87C0 461:736.544 - 0.763ms returns FALSE
T87C0 461:736.608 JLINK_IsHalted()
T87C0 461:737.216 - 0.650ms returns FALSE
T3260 461:737.568 JLINK_IsHalted()
T3260 461:738.304 - 0.713ms returns FALSE
T3260 461:738.304 JLINK_IsHalted()
T3260 461:738.944 - 0.663ms returns FALSE
T3260 461:847.456 JLINK_IsHalted()
T3260 461:848.512 - 1.059ms returns FALSE
T3260 461:848.512 JLINK_IsHalted()
T3260 461:849.440 - 0.903ms returns FALSE
T3260 461:956.704 JLINK_IsHalted()
T3260 461:957.472 - 0.768ms returns FALSE
T3260 461:957.472 JLINK_IsHalted()
T3260 461:958.208 - 0.715ms returns FALSE
T3260 462:066.016 JLINK_IsHalted()
T3260 462:066.848 - 0.819ms returns FALSE
T3260 462:066.848 JLINK_IsHalted()
T3260 462:067.648 - 0.791ms returns FALSE
T3260 462:175.072 JLINK_IsHalted()
T3260 462:176.096 - 1.008ms returns FALSE
T3260 462:176.096 JLINK_IsHalted()
T3260 462:176.864 - 0.783ms returns FALSE
T3260 462:284.544 JLINK_IsHalted()
T3260 462:285.408 - 0.893ms returns FALSE
T3260 462:285.472 JLINK_IsHalted()
T3260 462:286.336 - 0.906ms returns FALSE
T3260 462:393.760 JLINK_IsHalted()
T3260 462:394.528 - 0.754ms returns FALSE
T3260 462:394.528 JLINK_IsHalted()
T3260 462:395.136 - 0.603ms returns FALSE
T3260 462:503.488 JLINK_IsHalted()
T3260 462:504.384 - 0.936ms returns FALSE
T3260 462:504.384 JLINK_IsHalted()
T3260 462:505.312 - 0.917ms returns FALSE
T3260 462:612.672 JLINK_IsHalted()
T3260 462:613.408 - 0.747ms returns FALSE
T3260 462:613.408 JLINK_IsHalted()
T3260 462:614.080 - 0.664ms returns FALSE
T3260 462:722.464 JLINK_IsHalted()
T3260 462:723.328 - 0.888ms returns FALSE
T3260 462:723.392 JLINK_IsHalted()
T3260 462:724.192 - 0.833ms returns FALSE
T87C0 462:829.056 JLINK_IsHalted()
T87C0 462:829.888 - 0.793ms returns FALSE
T87C0 462:829.888 JLINK_IsHalted()
T87C0 462:830.688 - 0.801ms returns FALSE
T3260 462:831.872 JLINK_IsHalted()
T3260 462:832.640 - 0.767ms returns FALSE
T3260 462:832.640 JLINK_IsHalted()
T3260 462:833.344 - 0.698ms returns FALSE
T3260 462:941.120 JLINK_IsHalted()
T3260 462:941.856 - 0.728ms returns FALSE
T3260 462:941.856 JLINK_IsHalted()
T3260 462:942.560 - 0.683ms returns FALSE
T3260 463:050.144 JLINK_IsHalted()
T3260 463:051.168 - 1.044ms returns FALSE
T3260 463:051.200 JLINK_IsHalted()
T3260 463:051.968 - 0.810ms returns FALSE
T3260 463:159.744 JLINK_IsHalted()
T3260 463:160.768 - 1.014ms returns FALSE
T3260 463:160.768 JLINK_IsHalted()
T3260 463:161.664 - 0.831ms returns FALSE
T3260 463:269.056 JLINK_IsHalted()
T3260 463:269.792 - 0.751ms returns FALSE
T3260 463:269.792 JLINK_IsHalted()
T3260 463:270.496 - 0.679ms returns FALSE
T3260 463:378.336 JLINK_IsHalted()
T3260 463:379.392 - 1.060ms returns FALSE
T3260 463:379.392 JLINK_IsHalted()
T3260 463:380.416 - 1.019ms returns FALSE
T3260 463:488.160 JLINK_IsHalted()
T3260 463:489.216 - 1.038ms returns FALSE
T3260 463:489.216 JLINK_IsHalted()
T3260 463:490.240 - 1.006ms returns FALSE
T3260 463:597.472 JLINK_IsHalted()
T3260 463:598.240 - 0.767ms returns FALSE
T3260 463:598.240 JLINK_IsHalted()
T3260 463:598.944 - 0.705ms returns FALSE
T3260 463:707.232 JLINK_IsHalted()
T3260 463:708.224 - 0.968ms returns FALSE
T3260 463:708.224 JLINK_IsHalted()
T3260 463:709.248 - 1.015ms returns FALSE
T3260 463:816.512 JLINK_IsHalted()
T3260 463:817.152 - 0.683ms returns FALSE
T3260 463:817.152 JLINK_IsHalted()
T3260 463:817.824 - 0.626ms returns FALSE
T87C0 463:831.232 JLINK_IsHalted()
T87C0 463:831.968 - 0.730ms returns FALSE
T87C0 463:832.000 JLINK_IsHalted()
T87C0 463:832.640 - 0.639ms returns FALSE
T3260 463:925.504 JLINK_IsHalted()
T3260 463:926.528 - 1.013ms returns FALSE
T3260 463:926.528 JLINK_IsHalted()
T3260 463:927.488 - 0.977ms returns FALSE
T3260 464:035.232 JLINK_IsHalted()
T3260 464:036.256 - 1.034ms returns FALSE
T3260 464:036.256 JLINK_IsHalted()
T3260 464:037.184 - 0.899ms returns FALSE
T3260 464:144.288 JLINK_IsHalted()
T3260 464:145.248 - 0.946ms returns FALSE
T3260 464:145.248 JLINK_IsHalted()
T3260 464:146.016 - 0.768ms returns FALSE
T3260 464:253.248 JLINK_IsHalted()
T3260 464:254.144 - 0.896ms returns FALSE
T3260 464:254.144 JLINK_IsHalted()
T3260 464:254.976 - 0.831ms returns FALSE
T3260 464:362.912 JLINK_IsHalted()
T3260 464:363.968 - 1.057ms returns FALSE
T3260 464:363.968 JLINK_IsHalted()
T3260 464:364.960 - 1.009ms returns FALSE
T3260 464:472.480 JLINK_IsHalted()
T3260 464:473.408 - 0.881ms returns FALSE
T3260 464:473.408 JLINK_IsHalted()
T3260 464:474.176 - 0.770ms returns FALSE
T3260 464:581.280 JLINK_IsHalted()
T3260 464:582.208 - 0.930ms returns FALSE
T3260 464:582.208 JLINK_IsHalted()
T3260 464:582.976 - 0.788ms returns FALSE
T3260 464:691.360 JLINK_IsHalted()
T3260 464:692.384 - 1.013ms returns FALSE
T3260 464:692.384 JLINK_IsHalted()
T3260 464:693.344 - 0.959ms returns FALSE
T3260 464:800.160 JLINK_IsHalted()
T3260 464:800.864 - 0.708ms returns FALSE
T3260 464:800.864 JLINK_IsHalted()
T3260 464:801.472 - 0.610ms returns FALSE
T87C0 464:833.600 JLINK_IsHalted()
T87C0 464:834.240 - 0.648ms returns FALSE
T87C0 464:834.240 JLINK_IsHalted()
T87C0 464:834.976 - 0.700ms returns FALSE
T3260 464:909.568 JLINK_IsHalted()
T3260 464:910.592 - 1.018ms returns FALSE
T3260 464:910.656 JLINK_IsHalted()
T3260 464:911.520 - 0.906ms returns FALSE
T3260 465:019.232 JLINK_IsHalted()
T3260 465:020.096 - 0.910ms returns FALSE
T3260 465:020.160 JLINK_IsHalted()
T3260 465:021.024 - 0.865ms returns FALSE
T3260 465:128.512 JLINK_IsHalted()
T3260 465:129.280 - 0.762ms returns FALSE
T3260 465:129.280 JLINK_IsHalted()
T3260 465:129.984 - 0.715ms returns FALSE
T3260 465:237.696 JLINK_IsHalted()
T3260 465:238.528 - 0.783ms returns FALSE
T3260 465:238.528 JLINK_IsHalted()
T3260 465:239.200 - 0.696ms returns FALSE
T3260 465:346.912 JLINK_IsHalted()
T3260 465:347.776 - 0.869ms returns FALSE
T3260 465:347.776 JLINK_IsHalted()
T3260 465:348.608 - 0.784ms returns FALSE
T3260 465:456.288 JLINK_IsHalted()
T3260 465:457.216 - 0.931ms returns FALSE
T3260 465:457.248 JLINK_IsHalted()
T3260 465:457.920 - 0.672ms returns FALSE
T3260 465:565.888 JLINK_IsHalted()
T3260 465:566.720 - 0.834ms returns FALSE
T3260 465:566.720 JLINK_IsHalted()
T3260 465:567.488 - 0.724ms returns FALSE
T3260 465:675.264 JLINK_IsHalted()
T3260 465:676.128 - 0.857ms returns FALSE
T3260 465:676.128 JLINK_IsHalted()
T3260 465:676.800 - 0.653ms returns FALSE
T3260 465:784.672 JLINK_IsHalted()
T3260 465:785.504 - 0.781ms returns FALSE
T3260 465:785.504 JLINK_IsHalted()
T3260 465:786.304 - 0.801ms returns FALSE
T87C0 465:834.656 JLINK_IsHalted()
T87C0 465:835.360 - 0.758ms returns FALSE
T87C0 465:835.424 JLINK_IsHalted()
T87C0 465:836.128 - 0.717ms returns FALSE
T3260 465:894.400 JLINK_IsHalted()
T3260 465:895.104 - 0.717ms returns FALSE
T3260 465:895.168 JLINK_IsHalted()
T3260 465:895.840 - 0.669ms returns FALSE
T3260 466:003.648 JLINK_IsHalted()
T3260 466:004.384 - 0.753ms returns FALSE
T3260 466:004.416 JLINK_IsHalted()
T3260 466:005.152 - 0.754ms returns FALSE
T3260 466:112.928 JLINK_IsHalted()
T3260 466:113.632 - 0.751ms returns FALSE
T3260 466:113.696 JLINK_IsHalted()
T3260 466:114.368 - 0.671ms returns FALSE
T3260 466:221.920 JLINK_IsHalted()
T3260 466:222.752 - 0.796ms returns FALSE
T3260 466:222.784 JLINK_IsHalted()
T3260 466:223.424 - 0.643ms returns FALSE
T3260 466:332.160 JLINK_IsHalted()
T3260 466:332.928 - 0.740ms returns FALSE
T3260 466:332.928 JLINK_IsHalted()
T3260 466:333.600 - 0.654ms returns FALSE
T3260 466:440.864 JLINK_IsHalted()
T3260 466:441.664 - 0.801ms returns FALSE
T3260 466:441.664 JLINK_IsHalted()
T3260 466:442.336 - 0.680ms returns FALSE
T3260 466:550.208 JLINK_IsHalted()
T3260 466:551.104 - 0.884ms returns FALSE
T3260 466:551.136 JLINK_IsHalted()
T3260 466:552.000 - 0.889ms returns FALSE
T3260 466:659.648 JLINK_IsHalted()
T3260 466:660.448 - 0.791ms returns FALSE
T3260 466:660.448 JLINK_IsHalted()
T3260 466:661.184 - 0.674ms returns FALSE
T1B7C 466:675.552 JLINK_Halt()
T1B7C 466:679.232 - 3.666ms returns 0x00
T1B7C 466:679.712 JLINK_ReadReg(XPSR)
T1B7C 466:679.744   CPU_ReadMem(4 bytes @ 0xE000EE08)
T1B7C 466:680.480 - 0.759ms returns 0x29000000
T1B7C 466:687.488 JLINK_Close()
T1B7C 466:699.936 - 12.429ms
T1B7C 466:699.968   
T1B7C 466:699.968   Closed
